{"generation": 356, "fitness": 21381418.607257664, "board_size": 10, "snake_size": 3, "input_direction_count": 4, "vision_return_type": "boolean", "network": [{"layer": "dense", "input_size": 16, "output_size": 24, "weights": [[-1.6273869282292595, -0.6882289723957942, -1.6572106743636992, -1.5960493822195128, -1.382326293476892, 4.341968846402845, 8.938854263094925, -2.777061771226349, 2.50889849695639, -6.481815646330597, 0.5153482702455039, -2.7989566362395175, 5.6486947276002955, -0.18037150638550914, -0.5514048978475464, 2.8150244652994902], [7.330000643498366, -6.406355197628767, 7.0974346840803415, 0.8352892660850846, 2.6869994050296464, 4.449856177945001, -4.464519825671845, 3.5931567213446476, 0.9045816382662556, -2.0719082939932663, -6.519676612285652, -1.7458214862121482, -2.415771658650425, -1.3234494131979888, 3.211369253773628, 0.16643722718036602], [5.05910503490425, 3.984583418261257, -4.395133104804378, -6.238012205308515, 5.202181194222276, -5.869915444653699, -6.952150887186137, -3.2139359658133784, -2.7679382720280556, 0.9018580302730412, -5.868031240705841, -3.2988817865213487, -7.195114099082716, -1.6911110716532864, -0.20683095514308214, 3.4243366997986935], [1.885136833286471, 0.6330359978725935, 0.1879950185392717, -3.565236273540799, -1.347732706378412, -1.701282518481885, -4.622345933675493, 0.35402244264753147, 0.8396320532786036, -1.501791098252296, 0.1588503883438927, -0.5514674634597706, -2.9263176130636044, -0.31627585528609564, 0.20873090224860275, -1.318100294071241], [8.027576509852528, -3.6431513683891525, 8.588576569616638, -2.6529178282325914, 0.4568401901098542, 4.428673485436973, -2.633917392468926, 4.679516311075431, -2.1872092167127546, -0.7658273993937201, 3.5747723442303023, -5.74592656978192, -7.799429322731445, -4.682943666328579, -8.593439751304807, 1.8747101941294995], [6.406878480253226, 5.290799045176937, -8.851385658858904, -5.468720635240715, -1.4438477693430085, -1.6594076851774882, -1.4736689471791733, 2.2580710508218242, -4.5232711774087555, 3.549839703665055, -2.9183454152336292, -2.8111513756184405, -0.6525706955140795, -0.32693474936291333, 3.725651384676765, -1.0208773914097724], [-3.446107464924678, 1.9152877104375619, -3.747924610846395, -5.506976540076192, -0.11875919686478842, 1.0614745747406753, -0.6343982733973359, -2.27419143954824, 0.6571215744982255, -4.411472619327963, -0.2279583750185684, 3.177327531019778, -7.215125481845802, 3.1363458813454024, 1.027333637577807, 2.9946951299961646], [-2.223887015201252, -1.6713229976030328, -1.8167210600294958, 2.247916578273599, 2.123279240091798, 1.0141420414753832, -1.193990727897571, 4.63729754305872, 0.07096222699985824, 5.324272186273268, 0.6527008780825099, 0.9397018931134361, 2.121683322147879, 0.09513856551230315, 2.679199628500056, -1.1777142761720638], [-1.9029739400147894, -5.506378097114908, 1.766784560140587, -0.8160633860459383, 2.4891676090314148, -1.4580731614777913, -1.2445433091324656, -6.694450480879986, -5.557833664212205, -0.07569266318930279, 0.24005510475880693, 1.1528826051078025, -1.435907832951174, -0.8289039663414801, -1.0131978892197078, -2.4773274574429247], [-4.6289853856933565, 2.66692050881716, -2.119671444425439, 6.234745806378628, -4.084552963636451, -1.2080850062948594, -4.4342529996407, -2.0323666378489844, 0.9409539948323589, 1.4388876577776286, -0.7795598097855365, -2.1062518125355743, 2.0766595256831186, 2.5100370035335113, 1.6446605276043713, -2.194905362100721], [-2.562232979579626, 6.9553948945534865, -2.1615073030199614, 1.8196792782115483, 1.7155611777454838, 1.6837539402031088, -3.787172803327287, 3.0708904122451064, -3.7891791918743145, -6.309044545225987, -5.530504265603359, -2.6560471929765255, 3.0118273039537504, -2.2998036161528708, -3.0792118366708374, 0.06590304162433402], [5.871487281136918, -3.053582739848373, -6.411214729389829, -2.460028772276614, -0.7040002621115847, -4.322850740621487, 0.5007314734407642, 1.3525538036781082, -0.9460046298195557, 0.2596995874307517, 1.1981389485975025, 2.697347048215675, 7.109985341829024, 7.76851866990073, 3.5479977782427428, -1.6336775664511223], [3.1242146752501485, 1.933330245712197, 6.593513851280362, 1.4104447489878167, -0.5636515947568231, 6.261585837720209, -2.74201312540158, -0.44279581744926794, 3.2409082527755833, 3.725803863843708, -2.094437454878635, 6.658965974320243, -2.3366740076069954, -2.8935577652260522, 3.480496705665536, -1.9621415615936824], [-1.406851778132852, -3.5298801507495288, -0.31317743013181265, -5.127153344372915, 6.610827863711808, -0.19406977589821928, -3.2853911904690474, -1.9404570058649306, -0.5571120195249393, 6.169422258853151, -5.502959174540355, -0.07804987913407457, -6.57147982747888, -1.2046184753215112, 4.086392380602576, 0.9184952265681863], [8.850928317891452, 8.496940424088066, 0.6670267042085403, 3.095016042709998, -1.246948491246906, -1.0953349705257502, 1.4364734377644621, -0.6770575110342595, 0.9267275110097404, -1.3460509471992184, 2.0571750663949695, -2.7728466865039376, 4.185742914572902, -2.5695644142838105, 2.9313557793882494, 2.3810117692094277], [-4.214389542297974, 4.663882827519152, -7.030995464443075, 4.491347144424714, -1.0146901894510645, 0.4297589200765095, -7.630354817501398, 2.2550556689351526, -1.1885644087438916, -0.9730723177941213, 4.121970063164081, -2.486063961051425, 1.2392064859250371, 0.12257475286365072, 2.320407328842655, -3.0358340120219944], [-3.0726534387758426, 0.6671484177613949, -0.5023223315446654, 6.346190579836062, -4.201164510233817, -1.388906336401616, 1.7242510714869876, -0.2507679300014678, -1.4870457802059383, 4.6457133687370815, -7.489013264584347, 0.22397437389241287, -0.32361804909024905, 1.1399691810335175, 1.3995619810575364, 0.5925057312017825], [2.0515086112203673, -2.445011541415524, 4.075655921958236, -3.4697413383723936, -0.7521897879584967, -3.2550544476742074, -4.556289778175422, 0.5296485031387825, 5.398242642216111, -1.1683300305029505, -0.25213975374761877, 1.0221084957669424, 0.0860962792509008, 4.493373662491885, 3.203645305208287, 1.1375825557597072], [0.19204514655694216, 0.7726569142481244, -0.9382225493898686, -0.5574493056144774, -0.7484521242460968, 3.3807722427433404, -1.4289828897747388, 1.3670348737247213, -2.0467441780023923, 1.5533939558456298, -6.152152772237999, -2.3098730156285723, 0.7157911478300305, -4.347830587820766, 4.774122835693365, 2.45681005496128], [1.370003593890257, 4.833057518292243, 0.4815759678631065, -0.7223992048997738, -3.84287574405647, -2.0176098555923296, -8.148388854314556, -0.41382677239366106, -5.8463683723188336, -4.062029957933364, 1.2659668634157841, -3.2509034350360313, -2.7145080286635492, -0.6094843742346229, 0.5355701514594002, 4.507651524932605], [-1.134463146843064, 1.8207106006185607, -3.2051064976180084, -3.69108665540625, 1.676895996781804, -4.111384335524283, -1.9507515939851343, 0.0026386957538306055, 1.5665886595622784, -3.764733240998942, -8.093466349201769, 0.42197939818379604, -1.720215155758355, 7.332005834745554, -0.11388941771985872, 1.1813857007096908], [-0.7685464272069954, 2.750681995638078, -2.81858418385852, 1.4155980995542436, -6.908628004990552, 1.278906985965035, 3.7439104488700625, -8.350530364274826, -2.0955774315268787, 0.8613821219099173, -0.8907848283491433, 1.6950640996022692, 2.9749904565229643, -6.569711887495994, -3.509296532497035, 0.7624161640605827], [-2.8408063336429845, 2.787414125345271, -1.1811076570508878, 3.869863300991001, 0.5999779402343212, 0.3830507468941796, 4.209289262797331, 1.553053890268371, 3.440248555743294, 7.123155686479994, -0.44548297819724403, 0.7169322512276919, -0.9173101277715621, -5.5467923692685375, -6.339261040321603, -4.543606924399673], [1.2264456000924664, -1.827469777469293, -0.3079032471469148, -5.300707086140532, -1.3339705893350513, -0.45871826154972295, 2.502603923239445, 1.970942520930347, 1.3264547899895605, -0.4129942463096844, 5.680148593286356, -1.8397011114271709, 2.60028083981109, 2.015358846361998, -1.7735258100336382, 