{"generation": 353, "fitness": 21391172.01251018, "board_size": 10, "snake_size": 3, "input_direction_count": 4, "vision_return_type": "boolean", "network": [{"layer": "dense", "input_size": 16, "output_size": 24, "weights": [[-1.7489149143679432, 0.4803533730440661, -3.0095877349117552, 0.7890968137592602, -1.382326293476892, 4.341968846402845, 8.198912208559642, -1.8124405246887092, 1.251484237092467, -4.9794589988356055, 3.181102634377484, -1.4995757769646116, 5.6486947276002955, 1.6816075480272095, 0.4459418417678597, 2.0814615011581425], [7.330000643498366, -6.412732920813914, 6.849479507705468, 1.844199653559964, 4.516559704715089, 1.9791572753429942, -3.8539877151541124, 1.7590752230299314, 1.0530038458299351, -3.0015384989566587, -2.6218985901495557, 0.4893668316207169, -2.4848109945927765, -0.2718082675346236, 4.605715982769284, 0.16643722718036602], [4.833162733474124, 4.278527861861597, -2.894382220796535, -5.861976270251221, 6.173243658257627, -5.869915444653699, -6.116977886137792, -3.2139359658133784, -5.165260641407902, 0.9018580302730412, -8.229385241840502, -1.7860155613242943, -8.060689330944495, -1.5977774041079567, 1.191832622938855, 1.8216115211063046], [1.1249384090028887, -0.4945216547568042, 0.8574008831601357, -3.5894491331524923, -1.6996886747029318, -2.1894101251774565, -4.906437223557187, 0.35402244264753147, 1.0410950989904881, -2.998679790588747, -1.3138064499747102, 1.2814843860319998, -2.6903293066557654, -0.6482761499654359, -0.946553867001347, -1.318100294071241], [8.85640558880349, -2.54446652076875, 6.8695696112123485, -2.6529178282325914, 0.38641246723825, 3.5301537567165644, -1.8900559901908613, 3.889497708653491, -0.4906335589690838, -0.7658273993937201, 2.5449493843474507, -4.034368644050518, -7.7696161233215175, -7.983564059323864, -7.548639363030608, -1.0709113139382793], [6.267756338161193, 5.684527697140611, -7.578620594751053, -2.8139607366377395, -1.4438477693430085, -1.65517610589196, -3.3356871881897443, 2.2580710508218242, -3.7097991355905835, 4.095695483216719, -2.209014867744548, -2.8158562493798898, -2.0159096980669484, 2.1546922933888215, 2.5065451016312394, -0.7755552584643893], [-2.265783472739222, 2.328046898122206, -3.810354554315723, -2.6794937332950393, 1.847864361143822, 1.9582209513214046, -0.07609641828289548, -2.7563023283189567, 0.6571215744982255, -3.5398843605749604, -0.1935750023441681, 3.495029357189453, -6.28783704056324, 3.288651514927101, -0.2981491528432396, 2.4173058222309467], [-2.6158012533213277, 0.31299777301155185, -2.568986880652046, 2.217873967446411, 2.123279240091798, 1.0141420414753832, -0.9228838382663922, 1.701827410458531, 0.05133243548605859, 5.324272186273268, 1.2539203048198044, 3.5545908299754814, 0.44754524545655106, -0.8730066552857038, 3.814281875089822, -1.8177972240176725], [-1.1645818434989743, -4.518979037442402, 1.1770161173327471, -2.017336769318329, 1.4854221653926678, 0.2591190673685225, -0.28654629204644655, -6.339098626797789, -3.2087571754134903, -0.07569266318930279, 0.24005510475880693, 1.6842561473331468, -1.435907832951174, -2.415527444421166, -0.28398165555116917, -2.4773274574429247], [-2.617698647389597, 0.975808676588926, -3.9981318323228923, 6.330986664417817, -4.329450707842165, -1.4694541340944114, -6.007969416920722, -1.3309844272156715, -0.7601917190181078, 2.371651843290604, -0.4669998837350363, -2.1062518125355743, 2.7342229067436414, 2.5100370035335113, 5.13665754015719, -0.843882193510274], [-1.175784279721877, 6.769852212958712, -1.9584144519013043, 2.553061497999825, 2.319064175789131, 2.6112882043834804, -3.2268555651595126, 3.3717651397668433, -4.270811130475613, -5.078984147067219, -3.9633012377346657, -1.656363243540073, 2.9803190185990296, -2.2998036161528708, -5.402452461637872, 0.7211520474294202], [3.7741915723955684, -4.062479997726016, -3.327313726262001, -3.31887592232375, 0.3286485025600945, -3.5681486524256565, 0.9227374416063394, 0.9309187142708097, -1.049382601907014, 0.2596995874307517, -1.0019312563149982, 2.2150314673687896, 6.538154242636448, 7.890561141265377, 3.5741382059470985, -2.4582885647540085], [2.753026349925158, 1.933330245712197, 7.885278520297288, 0.7909574694402318, -0.5636515947568231, 6.670507891342137, -2.74201312540158, 0.004882365346717654, -0.28783233657162277, 2.422275418325935, -2.8418933048815056, 6.368023577863569, -0.8093796054389503, -1.157795453946736, 1.0711609613421031, -2.512182055640352], [-1.1398343817393837, -4.189765777787792, 1.7577985113594163, -4.493407034066299, 7.800431206995398, 0.32915266951953936, -3.2853911904690474, -3.3829362370428036, -0.6676360179046895, 6.169422258853151, -2.552004006669606, -1.6870537427666583, -8.262298246621476, 1.709834396591038, 4.086392380602576, 0.9184952265681863], [9.019616629857214, 9.641675179862457, 0.4530003305427074, 3.1577637339377147, 0.8611570070743146, -0.8906635092786128, 0.3788603811792154, -0.6770575110342595, -0.5350274830486299, 0.11051433936708799, 2.778855195163834, -2.988404754669169, 4.185742914572902, -3.1431865050372916, 0.9828770009420335, 4.014868364751552], [-4.100269322212868, 5.954819868700711, -7.610472396421233, 4.037036984524629, -1.0146901894510645, 2.59462020832356, -8.671642420480953, 2.1233264890734667, -1.2726383424686065, -0.16646142501900218, 6.667150643170863, -2.3840740492753674, 1.2392064859250371, 0.12257475286365072, 1.2459231328852647, -2.8314777059264435], [-3.0726534387758426, 1.4339308327240965, 1.046047662725306, 8.348232050903016, -3.9403071754873698, -1.9685517597435327, 1.8542706452328637, -0.9296468024681636, -0.26119613343278003, 4.6388712613658525, -7.734092514303246, 0.22397437389241287, -0.32361804909024905, 1.1399691810335175, 1.3995619810575364, -0.7568649532975793], [2.438419384099051, -2.445011541415524, 3.5770782262542076, -3.1038243868634736, -0.16152633915427245, -3.721714972620871, -3.934364075081179, -1.8872557289803613, 3.929459443273461, -1.1060088938791508, -1.0145967591190312, 1.0221084957669424, 0.16707886536489283, 2.385447890054915, 0.44006776151378757, 1.1375825557597072], [-0.7316333895404847, 0.9076584094533674, 1.2848179285682164, -0.43320162767441295, -1.8868896792420409, 4.556735843579859, -0.7563571849190572, 1.049568451680005, -1.8576721969781906, 1.1745999856036977, -3.9784938455642562, -2.918969081304728, 0.3499219781750327, -3.6256288168834025, 3.240599804763362, 3.443776813419962], [1.370003593890257, 6.308593589207306, 0.3287328804249616, -1.982689894551084, -0.9780579151853499, -2.0176098555923296, -5.836402769924716, 0.7679450131612685, -4.198364654889748, -1.810481623812701, 0.9323102937229051, -3.5399369829079874, -2.5942706906192874, -0.7198132037216369, 0.319600417005826, 5.843064005181903], [-0.08294374579424635, 1.4976951172333366, -0.9765224273803266, -3.0394362947120093, -0.2741437520006107, -4.773353142944842, -0.660624327651341, 1.4062751448416186, 2.6517018870417814, 1.2851652174049262, -5.503903731931741, -1.650624158556242, -1.720215155758355, 9.00275182921605, 0.41887737863535246, 0.7686361312877348], [-1.1747759046196953, 2.828273858454076, -4.207682795267664, 0.5840765409675621, -6.908628004990552, 0.1703120317598943, 4.193535221328776, -7.6828010619623095, -2.4652403104006355, 0.210755018077862, -1.3819760690182434, 1.6950640996022692, 2.3134440588507053, -7.342559031270746, -2.654621343578918, 0.7501087339683283], [-2.8946483000245165, 4.3852725017892995, -1.1811076570508878, 3.869863300991001, 1.774529059539541, 0.3830507468941796, 1.786280008859995, -0.8349677255908952, 4.877783113204569, 5.083786076081024, -1.5188875897556946, 2.3832542623107487, -2.6283165623321203, -8.942045523479448, -5.672179320353868, -5.011459804432477], [-1.23063219980935, -0.46394089187430365, -1.8836794599704554, -4.566657210183067, 2.5789190623088167, 0.9392528247682175, 2.622149794790456, 1.970942520930347, 1.491774291857008, -0.4129942463096844, 3.0582619057369573, -1.8397011114271709, 2.7909856146249314, 1.4089564952158797, -3.2932301843690377, 