{"generation": 435, "board_size": 10, "snake_size": 3, "input_direction_count": 8, "apple_return_type": "boolean", "segment_return_type": "distance", "network": [{"layer": "dense", "input_size": 26, "output_size": 26, "weights": [[-0.6395301069469886, 5.482127347093141, -2.8701781249003506, 5.207130526404871, 5.79537760124361, -3.3893174287861374, 1.869755836284814, 0.5060163509607003, -5.188335568272914, 0.410390683019221, 0.17299358590010935, -4.1715707135247975, -3.15232478114208, 6.285293600691824, 1.2016152174428971, -2.611344402484654, 0.2976000429655544, -7.327207551565697, -1.7130601652063269, -1.1165306546284812, 3.701806255028327, 1.3332364574633087, 2.0239143245781315, 8.197759068337128, -0.8685025318228782, -3.120074941185544], [-0.556261611913335, 0.5190802317472025, 1.9185083435719341, 1.6281880143721852, 5.187110161625104, 6.126607856363031, -4.029889651078772, -0.9139911053861036, -2.224139270325173, 3.4339695313873553, -2.661266995276894, 0.1383911153537155, 2.3644896307861165, -1.046681355651682, 4.802337634397318, -8.211182842084773, -1.910535770752935, 0.18762031011642155, 1.7113476777516983, 0.9403935488696827, -13.66430743541722, 3.625661051507469, -11.496096375734878, 2.9840341696382566, 5.3371129283247205, 4.265055413491878], [2.028443658782591, 4.341060590127046, 3.191826834622728, -0.9434369620322346, 11.859674617082545, -4.742935896702617, -11.105771873314264, 0.24985763628547, -1.7544912800294492, 6.304418529418859, -4.57831210647948, 6.359809123376395, 1.1002890403384964, 4.194088537213071, 5.667342565218326, -5.979341192662514, -0.0725289391794981, 0.5334523871252057, 0.09205050517231508, 4.87726599501791, 4.472695823866123, 1.749975905792988, 4.453463976629125, -2.424001686553717, 6.494066658619653, -2.8521589785205776], [-4.3254620829979595, -1.8765737206612068, -2.0422700216784744, -0.2796827313169983, 5.9039145000742685, -2.1688930241928164, -0.38236719347365034, -4.546959633457597, -0.9317253911676505, 0.021190299591853146, -5.105852130301619, 6.1587207800724375, 1.2373836761679127, -5.059448294947412, -2.3088959475903987, 1.3194910864250144, -1.5134377501533156, -3.6339384224876077, -0.7437747480557697, 1.0358146016134389, -2.036224132203868, 0.8026454309081239, -4.037498108277281, 2.291921621416389, 0.21662397353431165, 0.0602979238983455], [0.10367010031083557, -1.0242950572885556, 9.921052390412852, -3.8215639961882433, -2.0987988527864374, -0.9289484903186216, -4.60023659904499, -9.527531810696198, 6.630471817599104, -0.7338964989428848, 4.02288233593054, -2.022384856542888, -0.656095808874034, 4.0878175198553945, 1.7977756460285232, 0.8898234646822404, -2.959097279176202, 2.7650873915183825, -9.381859410511703, -4.8908174022975945, -1.867586146618831, -0.1564863971310323, 2.4135229101636324, -1.13371992702643, -2.3135101361220585, -4.020203601440516], [6.269036504204465, -6.216895178086053, 2.6730416890336164, 0.8056504836492593, -2.5490167108678614, 4.133823454047748, -0.8820634764401978, -2.7000130945522764, -2.043611539074304, -6.141448681082496, 7.70494113382386, -9.780687100789928, 2.8581327981729867, -4.185035068155043, 2.1351314548691755, 4.189900338184897, -3.407919604750771, 5.223415470792855, -2.9200703771605427, 2.0729138416021637, 0.13212426521570214, -6.2471552343223955, 1.7218384396523252, -3.8474018413926117, 1.5464685634383986, 4.833708206910582], [2.6805185865533656, 0.005959821488404737, 2.239598402454278, -17.95226113354814, 1.3403319719644604, -7.8541762528822785, -0.9059629463012708, -3.002859565055036, 4.490455288915365, 7.144176084467094, -7.2885747207543865, 5.883061703403525, -1.4422901234348002, -2.031224613741574, 0.3555470303620385, 0.10964849743054148, 1.700908765434967, 1.312654314518256, 9.631988411935946, 5.39755425238047, 1.893288609044363, -3.2656088482774415, 1.4178987271585979, 5.096856952338295, 1.5980350724455181, -2.017814060278881], [-6.026328511442555, 3.457174527392932, 0.4660839876673891, 0.6453535257461487, 1.9678577746135542, 5.1047484566297365, 2.6310757589495686, 0.3468864098954191, 5.455169502716892, -5.894123468740134, 1.7349818244606026, -0.8415786201537339, -3.476763148244805, -0.6251263647976689, -1.6562185183969742, -2.9342388617886375, -3.1734368107620767, -1.7388306420061814, -3.980923085876348, 3.899280186766526, -3.195427220701508, -2.113723048685236, 6.215433854114177, -2.616488441324602, -7.181069050316607, -0.0496133939758322], [4.521765543785512, 0.44326840031246073, -3.4966684861188986, -7.00770412300739, 6.44074200529281, -1.2266783174466442, 5.649835209958606, 0.509252765944615, 0.9401997717223373, -8.41672932098286, 6.4802588187323895, 4.3393267937545055, 4.196300617638112, -0.4736650660776258, 2.355381504974539, 3.860946039834192, 2.568660780853721, -3.749599176181641, 3.4197364962626855, -2.142600440118791, 0.7108227436576504, 1.428646877073157, -1.683499671083407, -2.5461674844563804, 4.272999611123566, 0.736321210377671], [1.595962769552749, 0.29534268429140487, 6.326758134243088, -3.2451608732327193, 11.2533335637916, -6.074534074374945, -3.9306414212968677, 4.745017694988156, 1.08467474387057, -2.308757484775086, -2.3424116389851584, 7.99410250364855, -3.093395206404626, 0.35285143008183406, 1.941412018663262, 0.6752574399424698, -4.945961207663641, -2.579333974477755, -3.6774497801281845, 6.063595588319397, 3.6799443535826666, -10.4257725523012, 3.5686441823702966, 0.1239572008164404, 0.5852541515971996, 1.4973254784425325], [5.276169902484904, 3.208274340874641, -2.4558817186777313, 1.3144010099124763, -3.598815582470543, 5.389479711773205, -3.81947531957248, -6.600351886043692, -1.736435478418061, -5.76209152454294, 0.8047205376603848, -4.393876984276017, 5.910652650059411, -6.32754431167332, -4.144959811290722, 7.0801593195632275, 3.511956771497844, -0.9570773368601097, 0.1601955400561525, 3.747583624770606, -2.774067618854393, 1.1309417116404912, 0.5888521047996417, 2.613057694595181, 2.6762304430978485, -3.3944654691700764], [-4.783213818556967, 8.128835372823286, -17.924549276052947, 4.399392184637784, -2.281310122386473, -2.176075049386893, -2.7990042741754966, -3.600173127487878, 7.059727419556916, -3.2493955806415125, -0.6875626997642471, 0.5739742335083113, 4.537821188387628, 5.042235610646191, 3.6891282660472147, -10.214858588711316, -2.4847878565081034, 3.4950928021603396, -5.613462455190972, 1.4140215492568506, 1.6133806534784823, -2.862213830815398, -0.10308751428147711, -1.6604550826924853, -3.804778862562384, 8.281948055088366], [-3.011070724798948, 0.6842990857097183, 2.903633212054653, -6.266685793987117, -3.595875073873681, 1.6901213468617389, 1.0065162053419132, 0.47356871391634475, -0.41166260993304815, 0.8725576024913082, -2.4302075491612483, -0.17064701338859017, 0.36670028111246583, -1.7962103459665282, -0.4489130741364657, 4.776217396855673, -2.3061897524452983, 3.4864759255842115, -1.357339582386767, 0.6239821743717234, 2.0753625130234976, 2.599447640242819, 4.741606816109181, -3.218324682686555, 1.3007609282707664, 5.779684886175633], [-0.7744565481291149, 4.506010682603383, -3.8841158477606195, 6.784024999396798, -4.7081604368547545, 1.7492612863840629, -6.559897629991171, 2.895135623723703, -6.10637498973248, -0.6196111793475829, 1.6810713863218316, 3.3182107438017563, -2.514870896671659, -2.0315528272693033, 10.263739057819679, -0.06292653307661178, -2.2104386599222248, 0.8288285651445056, 5.569049542663298, 2.132919959234033, -0.18087368845839502, 5.293296157803087, -0.4585538769054878, 0.32681823726026504, -0.7628440276858397, -2.384210960682939], [-9.24572847205156, 3.237635243171221, -5.071715142989131, 5.172706537217827, -2.37587552160811, 0.8621911529986458, 7.625115864674266, -1.4820648268513872, 5.068802281379185, -0.780017672835348, 3.590635704404596, 2.2773154205427675, -3.0747981858910243, 10.493238741366977, 5.098364028671645, -1.9200775218940318, -0.8170463463680397, -8.28877439230382, -4.102895241576503, -0.5768193727268506, 8.142776106580635, -1.5265487033819614, 0.6049862904240018, 