{"generation": 542, "board_size": 10, "snake_size": 3, "input_direction_count": 4, "apple_return_type": "boolean", "segment_return_type": "distance", "network": [{"layer": "dense", "input_size": 12, "output_size": 18, "weights": [[9.867549031878292, 2.5807780068549433, 6.597713872311457, -1.6083438412474056, -1.3328612166027407, 2.385780633071117, -6.7111307403144, 1.8825229751623755, -10.711563536705238, 0.8516728802437176, 3.325847932781696, 0.552185240575625], [1.5867355051482617, -1.0430764282367602, 7.193327658787497, -8.924002180084937, 4.842377983002476, -4.523167735568584, 2.1690812073955166, -0.4676169881167671, 6.491979240182573, 3.3006702813970383, 2.188879153253411, 0.3269022771202057], [0.9443103517036977, 10.735494611923052, -6.309050089503979, -1.381624012545403, 4.43052756801988, -2.7139991459864445, -7.781902910816212, -1.8102278255222497, -4.316555409292811, 4.781777289228326, 6.2460009328692365, 2.4535536842576344], [-2.1755304387323005, -12.444428924148903, -3.8028868048303126, 2.5533999134808196, -5.399393192904042, -6.1974037837310005, 0.6605484067539714, -4.22726717937401, 1.4310634134271456, -1.9406681699847483, 4.77083721981524, -8.573890743984984], [0.03677855353066961, -6.355417178786803, 3.3202902585343197, 5.227263047950185, 0.25406983561564855, -7.319375709936034, -4.549044558169838, -0.2754711911109401, -4.110323173527774, -5.8762305240443355, 7.372778142412623, -5.780052439475187], [2.9363538792804142, -0.7394499559310016, 0.2301963222195913, -7.877884919067624, 12.990314805110273, -6.057486537008199, 11.523705465848577, -8.76598168356314, 3.883422836372679, -3.664049623836419, -1.9501532636404317, 2.634017434717431], [-5.246561429851282, 1.1011952330010581, -0.10691977851363355, 11.752312217735414, -4.146713191161464, 2.6076119987290225, 0.07318231422256188, 1.4274670501743405, -5.978991442243558, 5.650241949660643, -1.6253885685387417, -6.34594953374748], [-3.8606435800502314, -4.802986572260945, 1.4978361424977245, -13.064810743781923, 3.068141594199835, -0.6897011217294746, -1.1069095988681736, -3.3065161982181888, 1.3105180563205292, -2.8838639136931516, 6.702264555467449, -6.031246944734175], [-2.4038664707903217, -9.610747753696588, 2.302483503926238, -7.135564075708522, -6.368954071556615, -6.246560882284938, 0.5117026338683499, -5.38040902922666, 1.7697610912232675, -0.7089181514396197, -6.847496271880501, -2.5501320507345695], [-3.0353970738216134, -0.6256878174104412, -0.554444796847031, -4.314962609030865, -4.843546466457635, 5.499856629007063, -6.04295690939573, 6.544009478611536, -9.460524599201293, -1.3217051629015841, -1.7659713537800081, 0.7364809931353306], [-9.696038990483608, -0.8967798040578605, -6.347786504227442, -6.730215132078502, -3.0392897919206514, 8.318513292589863, -3.2351825011322397, 1.091937900159847, -0.3125313935493711, 6.440365093323497, 0.5811707338588536, 0.6092761134478826], [-3.8255473797116055, 1.2387851855897647, 0.4368347193986051, 13.412025967653738, -1.847140638628456, -1.380990007029107, -5.214587549763115, -1.4346719339581933, -4.14052719850562, -6.834613659585383, 1.8252315281426628, -4.059272735779723], [5.974736370313995, -0.7574774423636134, 2.6671945914627964, -0.6893320722456375, -5.162156818445363, 0.4473478785892654, 0.829343643816361, -0.9851367708597261, -6.531350049094688, -4.348437286456172, -3.097016578906442, -0.7982481772039365], [-13.838874172646495, 1.669399799194332, -14.814833637650402, -1.1988665207095117, -5.0684509515072165, 5.243396824434337, -1.3760923786262067, 0.2232137296769745, -1.0843066634316407, 8.57887847911626, -0.9971689439691748, 8.379178087893004], [-0.9617545952729604, -0.9872227210392102, -0.975182523455552, 0.3909843677312351, -3.6780409404771404, -0.5767991314536927, -5.448370864600626, 5.990273893066342, -7.57198739552353, 4.815299804343065, 2.759313992954316, -6.616846343632012], [0.8934832154046444, 2.0365522779024277, -3.1871011235638678, -1.0385473265443612, -9.62806049870667, -9.266423568706655, 8.088730974779587, -6.013893861122396, 8.216485158502289, -13.129696071684162, 0.5013807458006885, -1.729728550266032], [-6.78319801644296, -0.42808182042139975, -7.469046823599436, -9.145969124939938, -6.471565372784572, -0.697621205007791, 1.7106088077971313, -0.9974293399507469, 3.165846388999847, 3.296579145952343, 2.6873941448636987, -4.832828358182592], [4.808053987039264, -5.437232320575157, 0.9267570357878009, -4.110739552671491, -4.01959178431262, -2.107398149932992, -1.3400637874729229, 4.3853090153872865, 3.538587647401311, -7.985961923138156, -0.011236361566868025, 1.0683158980395244]], "bias": [[3.9609931650749606], [0.2291882712443707], [-0.11167092537344374], [-8.765353503869973], [-5.176637372252456], [-0.47940398953595575], [-1.5706949660828358], [-5.122642038249292], [-5.481120029534626], [-2.3984821724580123], [-1.7280315169919716], [1.5359064648156746], [-5.212516856782892], [0.7641630229727483], [-8.597541085293448], [2.2964960702325943], [-7.178233477111225], [-5.256078750695524]]}, {"layer": "activation", "activation": "relu", "activation_prime": "relu"}, {"layer": "dense", "input_size": 18, "output_size": 4, "weights": [[-4.488465703030225, -3.102647037481062, -1.0587934928289955, 3.64483265393155, -5.104389908164002, -9.161866057446028, 3.0755912084961783, -4.090005360277486, -0.9679838062232677, 0.2670266327807743, 1.3804202173713431, -4.1508850164929605, -1.4149122291566414, 10.881797553878462, -2.271923258117664, -9.16394798878582, -2.43139860302007, 1.9274667398910565], [-2.0663474251481553, 7.5992591790969595, 2.089284228750036, -3.9471184162206283, 0.8544036652915792, 11.961033680277362, -14.206369825663934, 7.0906637088541995, 0.4998861220079396, -3.1914845192627173, -3.803092876714153, -11.776399994327239, -1.2984898498012147, -5.879262060445742, -5.062154698676022, 1.1726711676862684, -4.168404878872938, -1.4233878533614424], [5.40538597166688, -1.1558602711465944, -4.4753761166162835, -4.004489219729776, 1.4735990008687674, -5.267417676498757, -0.960507372343498, 0.8421584304536777, -0.8046462607250098, -2.3397707650278297, -0.3915405278149899, -3.179291329461283, -0.3328934045288494, -1.994304749086748, -2.2740963849091953, -2.6300504341736946, -1.0119847578976287, -0.2734157853590612], [-12.349964277975518, -2.192819214555512, -0.8067638705386047, 7.746806473258363, 2.663079696269926, -9.41674061592577, 4.268223846649432, 0.4844839999161811, 1.33454454024297, -2.469031208100476, -7.6295759295991585, 5.882386774053337, -7.3218154112136276, -6.297549134383736, 3.182472329539138, 5.606868245824765, -5.010568142116283, -3.160993773149603]], "bias": [[-1.4746901566814528], [-6.3949063333977465], [-4.03623376944555], [-4.861532043930158]]}, {"layer": "activation", "activation": "sigmoid", "activation_prime": "sigmoid"}]}