{"generation": 448, "board_size": 10, "snake_size": 3, "input_direction_count": 8, "apple_return_type": "boolean", "segment_return_type": "distance", "network": [{"layer": "dense", "input_size": 26, "output_size": 26, "weights": [[-1.4645262349452541, 5.90463625383166, -2.1954244483859786, 6.530701185727109, 3.320780690302822, -5.106953214546479, 1.738310676162751, -0.7056659414902697, -1.8532570406898081, -0.8123056694479012, 0.17042225652343826, -2.2369570946777713, -4.5285768889804405, 5.846482940655611, 0.3921559841952118, -2.376426291419896, -0.28857402742812277, -6.0863323343845455, 0.258726983707243, -1.29759711814769, 5.149974011373261, 4.0933393921323535, 1.7520613895684902, 6.693512368833078, -2.6238926096604693, -4.173853501865745], [-1.501103264887258, -1.7590154604381811, 1.5952736328175527, 0.8934200924026735, 3.542868544852549, 6.198070385935219, -6.320805961328428, -2.666455745436452, 1.0212167177782472, 2.0577681847615588, -1.4251505194185468, 4.281033395926011, 2.500377622091654, -2.735384352339243, 4.907263407697433, -10.053379013726012, 0.28950483091674795, 0.5406515321945584, 1.3150800513809624, -2.255971809839535, -16.37700966266045, 6.282828640510389, -8.596725332063414, 5.10527540600849, 5.705415644488871, 1.2116168853614173], [1.9661626523783535, 5.59539588370773, 2.487430796585704, -1.002867023712944, 12.365417972578243, -6.704159778063251, -12.044595002031503, 1.0221168149886155, 1.5468187388499914, 5.9519938510052794, -6.256337614792978, 7.2931552964577575, 2.588530640612579, 2.421210211650854, 5.601871879005691, -5.782876810040962, -1.8016295735340866, -2.090009120926884, -1.1486019026921752, 4.932710056128147, -1.4402839726820704, 3.908836951550972, 2.095708400896827, -3.9302395391229012, 4.403494962968798, -1.770021592926026], [-3.829905720576788, -4.457185732981488, -0.8542081173847809, -3.8574501608741, 3.3878783695784476, 1.032820517524784, -0.38236719347365034, -4.329770262812915, 2.8393334820567775, 1.5684489092430776, -0.6810407039879792, 6.264813948740155, -1.2558030144395667, -7.229814914359966, -1.8800777810685054, 0.5618404812339918, -0.08458664085026912, -2.5402936588071885, -2.918118194407902, -2.4991255172159894, -1.679114635288965, 2.0537909112392008, -3.0464926200610885, 0.07369886225852484, 0.521959589866449, 1.3003162920714793], [-4.17778393411592, 2.59446289447256, 3.599262757551184, -3.2720322377490976, -1.0042388818632395, -0.874555048794971, -6.4799599898533025, -7.010675692549799, 7.0058891327780755, 0.3564583259298564, 3.4441621370093025, -5.1992352888876106, -0.656095808874034, -4.06753627880207, 3.8338970005041384, -1.9583344755972023, -0.9604324907202035, 1.9280973594454323, -8.55609639585256, 3.8892656691663925, 0.40488841990418667, 5.024481088072236, 4.02608808306505, -1.2514692561083707, -5.403135695146633, -3.900877127356315], [3.8070255490147504, -4.2957729564190394, 2.8279785285189916, 2.9480489108991614, -1.9509408857175992, 6.7882630352597895, -2.4530271695395935, -2.6649346747456395, 0.29182714702137647, -6.611925951738784, 4.982236475607605, -9.860865049825533, 6.713921447726642, 0.1538128220487598, -1.0293804725307805, 1.6761485628101696, -1.1138234789482315, 2.833884970619853, -0.07763789353701878, 1.7851804620086662, 2.5222642553999743, -2.506719929538771, -0.0074866207680282515, -4.059900297697178, 0.10694177451857811, 3.9023722158295957], [2.519327534323933, 0.005959821488404737, 2.239598402454278, -17.01704430418291, 1.9462856198016913, -5.575176794889966, -0.9059629463012708, -1.1312695693549177, 4.490455288915365, 5.559709510975609, -4.529417096523606, 0.3908404726608641, 1.504039397692772, -0.18674170496209697, 7.785728656839959, 2.7289669395303027, 2.0074267077565557, -5.014255288388101, 10.54680193254697, 1.6206924592233722, 2.29470652410931, -1.8036003447719535, -1.703588352747836, -1.01956650131759, 6.313831972342366, -0.1408257153408916], [-5.470756252243141, 0.19035943598015576, -3.647242228782113, -0.5740476271420301, 3.314410573103717, 5.1047484566297365, 7.326823644470743, 0.6601092487728002, 3.3756531494253355, -2.84610777123142, 1.7296645846629766, -1.7594020544548978, -2.4672528390964708, 1.8250465857883755, -0.89348426719287, -4.030454631640362, -0.8036249159002978, -1.919584637169099, -3.0551530553438777, 2.858918487742818, 0.025704955411165506, 0.32557111303008224, 3.990887483836143, -3.327990153533953, -2.7181676236292676, -8.397831870684689], [9.033509079310175, -3.094949772761361, 2.6208357963847795, -9.515043087587713, 3.2995978369705674, -0.5936514980741395, 4.476846537673881, 0.39477611816317193, 0.9928161154873295, -1.8143630239348387, 6.16259855909763, 3.6830053280469617, 7.249395483106871, 3.48229109139226, 4.980627074262019, 1.1098619281795519, -0.5168981460845526, -5.6203249789146055, 4.912147716017789, -1.7303212149219984, -1.6456844522642065, 3.197009967201641, -5.6658134338572275, 4.0107292437912925, 1.255884524483118, 4.0115567837738455], [1.1057879543777278, 2.6902463406929904, 5.3449706354281386, -1.2924469763739252, 6.144942940608757, -6.193613102221012, 1.547569440507178, 0.5395289921095621, 2.4767536612639454, -1.2842458151109895, -1.3831439891691684, 7.8770317210550695, -1.6109822778761715, -0.6713365425280335, 1.0739699869619466, 2.7678818863247643, -3.2473191777660997, -4.107480154124819, -4.631063662765058, 6.9382725960177964, 3.6799443535826666, -11.776534670376867, -2.6664996511249095, 1.8913990629607569, 0.7044429450575063, 2.3344857659169858], [9.03034995611482, 5.332428121188661, -3.7742106413856775, 4.493273795533583, -5.161884131236112, 1.9011224797755935, -2.230605555887403, -5.83865651560479, 0.9200405812626823, -6.284476651229362, 1.1013769671001894, -9.279416677773819, 0.48124552731229847, -3.0935827691791133, -1.949766640548826, 5.060294068270393, 2.622893204843974, -2.7068159676925783, -2.557496466106216, 2.17846336268272, -2.9173720814930273, 2.394389010493208, 6.0030360009327115, -3.631827343809678, 2.5650608265380446, -0.7996682316564879], [-7.21202329256424, 10.510458961278873, -20.734237048450144, 6.953973491062479, -1.7679445677249492, -3.0325107437112337, -0.046179411198483344, -4.36101589209843, 6.856870865383665, -3.394208231926057, 0.16164733798310948, -3.6444831279515064, -0.030524530275561013, 7.095943826677102, 1.2228920703457364, -2.0461591216344144, -3.1567133258759337, 4.658713260301095, -1.0525120881926182, -1.4826065068106193, -0.3512177846285463, 2.0291269465977098, 0.6441085552959062, -0.669443282089436, -7.623545906602783, 10.431666913520912], [-3.8640264529151636, -3.4915410546418504, 0.2849962867228528, -1.1031945005610546, -0.12472912389501478, 2.987244522384866, 1.3860429865993422, -4.491632508429473, -1.6827095790025184, -0.6684696774631387, -12.407221834044131, 3.381802901977647, 4.04397040151862, -8.228726909455851, -0.7189676024640566, 4.9861562026009905, -4.311118249552077, 3.2301803818865222, -3.0809008753034366, 1.9445743356745795, -6.965775815150537, -1.0865585495891452, -0.686811844544743, -6.681998413278987, 4.2761523960456085, 4.5486750145309855], [-1.0618699472522455, 2.2023698275612653, -3.266826115868302, 7.580496868856018, -4.112430462733194, -0.3542716712349301, -1.920441790025448, 3.017332549433183, -3.2253925278383933, -0.24808435133057216, -0.802798278158511, 5.45575575935588, -2.9961976613423187, -3.906558602109853, 4.204149690209524, -0.8779185714953142, -2.5049645236609264, -1.1309092162208787, 6.4921833493072665, 2.4776686431935935, 0.926069679549026, 8.579258914056446, -2.2811880588140783, 6.371427112714542, 1.8723690137158777, -2.8808680938019307], [-7.059446684237666, 2.996338702682018, -4.207718405780716, 3.6869367694982076, -2.5508941446390963, -0.9855139498506194, 5.374566857372932, 0.44506059326401815, 5.1717957730846855, 0.2631177515501988, -0.49100270686629033, 6.411794081628222, -8.7205694291416, 3.626203135426719, 5.874506178100626, 0.12490236473848287, -0.9696141806437467, -0.42948362430528353, -0.007993374912678819, -1.5755090758092392, 5.417634151682119, 