{"generation": 417, "board_size": 10, "snake_size": 3, "input_direction_count": 8, "apple_return_type": "boolean", "segment_return_type": "distance", "network": [{"layer": "dense", "input_size": 26, "output_size": 26, "weights": [[-5.82120535064734, -1.168525666416307, -2.8941142731149117, 1.5963006944424802, -2.2678965066393153, -3.059974328864334, -0.3655048099435769, -1.8781627542731612, -1.7495546689885868, 3.078975460022379, -4.243658169427988, -3.0719108441643916, -5.337208225874762, 5.982736535464979, 2.157897303255886, -3.2060106064154974, 2.6193780022858846, -6.357721857062054, 0.2879093037822109, 0.36104668329730494, 2.5561445555578235, 2.68411158095331, 2.342431880377479, 3.2160338177737122, -0.29043589306968126, -4.627940416147016], [1.8921030956030427, 0.34056889529922907, 4.21610897142947, 0.9140771901839442, 5.464520013364383, 0.6385134726929134, -4.053599392552803, 1.2609984271492118, -7.226505153180282, 1.141707970896286, 0.367502602276878, 4.474815032406186, -0.5556555542404841, 0.5704675764030288, 9.656304609419248, -5.420169458007149, -0.0934158305603805, 3.8139638029646115, 2.8466835562070587, -1.9563543747140133, -12.815712356479416, 6.243312898739945, -12.724121786891478, -2.4695190206120987, 6.297059275637338, 5.026397826243147], [4.878022906110321, 5.067934433269953, 5.203385411459423, -1.7417670667231315, 13.597608415187803, -5.5543154873565, -11.476015148834373, 0.010308360994607302, 1.3835928275085974, 6.557229614454061, -5.702820152834589, 3.1582246275227583, 2.1427518762971474, -1.0880745734588815, 3.906128952169921, -0.681112786569646, -0.338069777738103, -1.5158654097025293, 1.3158306161533355, 6.531125743389733, -0.6771568300137234, 3.0463826606000355, -0.7817992977174072, -3.1414682891284973, 2.8700767024787335, -4.038994883149589], [-2.9189856954093907, -5.402772316083849, -1.4586106609467873, -2.4071290318741982, 4.872962099189275, -1.6925529964412942, 1.2095727918421357, 0.3539403594793913, 2.7303182925265115, 1.0867996420027177, -4.535362755905888, 4.341925437354996, -4.094417540038139, -1.04029673961577, -1.4421812763510264, 0.30026918162874905, -3.248512331114897, -1.058581751185742, -0.29070106888465674, -2.739873032368688, -0.44119301411375744, 2.105392867811245, -3.5091963698768973, 2.7623872240774987, -0.6865476235773933, 2.8502935506683134], [-1.7110646248021242, -0.10350799648769016, 1.3219597561109528, -5.031649899253278, -1.289220981160369, -3.5193928165716306, -9.470322351190484, -7.144818427869899, 0.7089466668685502, -1.1099367548176184, 5.694511801008096, -3.916194538305834, 0.3980359601806973, -4.904784468913485, 6.395860575569556, -2.2541195968572914, 2.4766584696991587, 1.5525487671972074, -7.851617949861491, 0.25993057908962974, 1.1667652485387507, 4.793377924758052, -3.262460858878247, -7.633287026717383, -0.28174471069741525, -0.8041658484963913], [1.1058898806525244, -4.195692311367598, -0.5156467170469292, 6.022380410976677, 0.22805653469060538, 7.39802816286303, -0.6984248820522649, 4.685051870932602, -0.2329526812046665, -3.3011965067829196, 5.06097003809106, -7.716318824898794, -2.828340249283399, 2.1346466415714214, -0.142054803280796, 7.89922219808493, 2.0727560650191084, 3.1766175185633143, -2.402338079744223, 2.0729138416021637, 0.045307683698994294, -5.774313528631843, 1.7218384396523252, -2.812079871571628, 3.0883308453661873, 3.016857101265657], [2.6805185865533656, -2.4117422689184083, 2.1326023203000277, -16.044649244886852, 1.0240146905401333, -5.703194387852264, -0.9187383244494374, -2.8370051857990677, 3.659093298540962, 6.679350409165616, -6.273595374311841, 2.118851927142769, 0.6742541825716521, -3.0216921949124993, 1.1635214333470696, 0.1157136066244702, 1.37287146669326, 1.5331980173177995, 12.308446695942049, 5.274610829071539, 2.29924401960685, -2.253924821420936, 2.4247810704006207, -0.022138721754381807, 2.9306779997469175, -3.452001999910908], [-5.57510441904002, -1.4429881114874734, -2.8333401094320023, 1.4791292287625981, 1.1880727169672567, 4.7242635577245355, 5.009775743281397, 0.10817784473303849, 5.356240071517826, -4.594161164383124, 2.4053027290796267, -3.1582893016710623, -4.010022328506038, 0.5178522878533238, -2.0636318136781724, -4.542136937098888, -3.9843614533333866, 4.949466739367175, -4.38352072014993, 3.781957887481143, 1.164764193062441, -3.3605720206846246, 1.6246916953674027, 0.4639592399668151, -1.1654579028148453, -6.730552706349128], [8.041457636986062, -3.1777070848275124, 0.21874743290771614, -10.868248142586376, 5.0191641206875595, 1.8156025196839063, 6.086099392015605, -2.1083252738457916, 0.9401997717223373, -7.143146197440297, 5.037928029341351, 7.439816518322031, 4.196300617638112, -0.09685376099357024, 0.09300548501546646, 3.144512726926602, 2.568660780853721, -5.283019670681851, 3.75076511949037, -3.058438025684877, -2.3107577223975158, -0.33955874803594965, -2.231187479809348, -1.3405679189898816, 4.272999611123566, 1.7879903249148263], [0.8881847953806343, 1.7298567614884295, 6.326758134243088, -1.5550664716286309, 7.928343892273075, -5.831727189195314, -2.5040679187417223, 3.075899997509227, 0.43395450066947583, -2.195526743216161, -1.6738138098598971, 8.364588703162514, -2.953151874366159, -0.10075580697740905, 1.941412018663262, 1.8690743041436044, -1.3121328333785738, -2.5699376869440815, -4.377443410421167, 2.5142318590378614, 4.3220975135157245, -9.211398419700597, -0.8213349065182671, 2.9433014723124553, 5.502553772162953, -1.8505409396234123], [8.928597600806839, 1.6863501724247592, -0.9073161753190937, 6.153959834266231, -4.9278532203512055, 1.6037189583348137, -3.81947531957248, -7.5391921381758324, -1.736435478418061, -6.577484543241507, -0.41567440314110965, -7.120124300222481, 7.569773297689872, -5.329794363454049, -1.7843056378290851, 6.20338960196407, 5.662525504122586, -1.7946539363540674, -0.39099968990614187, 1.6114271452775748, -0.4577822198943932, 0.9951197564904355, 6.321621888413988, -3.752797903124767, 6.109234570446175, -0.7252135480679496], [-8.86049235795739, 10.05604102853569, -20.183902963763188, 6.953973491062479, -1.5465799209281526, 0.8603842833360883, -0.25090441744711495, -4.105684724915058, 4.4096825999957865, -3.4224398023974474, -0.17374540369128733, -1.7275562559884834, 2.6931090677441185, 3.8111287795147955, 1.8769549659182232, -7.604177475105934, -3.0923556707004893, 4.981753935003312, -0.2949090441492396, -2.563696706727311, 1.4259356781676564, -1.8371007131802344, 0.9927324547041988, -5.639179086394832, -6.479226681981002, 9.692746825872948], [-3.8640264529151636, -3.2755978159280583, 0.2849962867228528, -2.8522732438255907, 0.7906272540232664, 3.1760403711639933, 1.2804064842429002, -3.9577789863245108, -1.6827095790025184, 0.6607105860599704, -13.11151111339578, 4.844122746049673, 3.004750358896905, -8.779844613535744, -1.0598180652933615, 1.6865449658581986, -0.1074504146498807, -2.20721595005097, -5.550369162874116, 5.080282733076392, -3.16643604387185, 0.9036752366642598, 0.9607306311504522, 0.41239400741808896, 0.5848652635949102, 4.337026891405513], [-3.11659507473508, -4.758907159333351, -5.434664723742719, 8.104646151915212, -3.510217043653802, 2.6719215528990157, -5.787803688000595, 1.0881088659198201, -3.5742603240501998, -2.415400864995311, 0.38215564909987987, 5.299335114001152, -2.189419840791086, -7.46556990217083, 1.8815158940818755, 0.46250266422430375, -2.9652878243599727, -0.7297863293142023, 5.390858241561922, 1.3676528950384523, 4.960674184250891, 8.92451560220601, -1.0440312911238596, 6.222208794449129, -2.14281283742723, -2.8388932372173667], [-3.731227833446373, 4.207007138988217, -6.404003922552547, 4.508332545319137, 0.027139696415080294, -1.262595945950069, 7.625115864674266, -1.9742677752719455, 4.740565620435741, 1.9341316200181713, 0.0295322821929338, 0.9613175790063265, -3.6802322763245536, 4.9977234331748, -3.815211582828924, -2.58112904505145, -0.13577513981756728, -3.7880990862482142, 1.6540842201139876, -0.32358128524821994, 6.098440247261805, 