{"generation": 572, "board_size": 10, "snake_size": 3, "input_direction_count": 4, "apple_return_type": "boolean", "segment_return_type": "distance", "network": [{"layer": "dense", "input_size": 12, "output_size": 18, "weights": [[9.923451246653006, 1.1622941392579176, 8.019504491239621, -7.216115284302525, 4.889352525033631, 3.271270061705473, -3.368632278622174, 1.9578820793790654, -11.683166694985806, 0.6179355542534155, 3.325847932781696, 1.0568417402124362], [2.2322409627199735, 1.298850490332544, 7.932074251849465, -10.368875588157282, 5.848948283135438, -3.741294920202747, 2.018448616541434, -0.4676169881167671, 6.491979240182573, 4.15731696686078, 2.188879153253411, 0.3269022771202057], [1.7137716133380398, 10.735494611923052, -6.997616150436399, -1.099369198568379, 4.058772402462254, -3.394398462736766, -8.71413781918188, -1.4742455868372066, -5.387931995534874, 4.449703731710377, 5.232140644533768, 2.4535536842576344], [-2.1755304387323005, -12.444428924148903, -6.297011431304486, -0.8187555193888301, -5.881637402829165, -6.250061027169956, -1.1610616952975525, -1.063920240307791, -2.8897314727979246, -7.568275678855112, 0.004460858327102302, -5.239375001267058], [5.221835290360022, -4.483699016962755, 0.9121334126552813, 4.335693895302767, -2.2445832283286773, -4.707552031300404, 6.458658027033518, -7.1427884957102545, -4.414048446802566, -3.084752898681373, 9.086935767028393, -6.354442090665286], [2.0153394175863797, 0.5965134325315175, 1.9409568551978904, -8.01517189393008, 13.827846326564272, -6.857784205744858, 11.212722551425069, -8.987040663070035, 4.2820784231655615, -2.507555600648995, -1.1584434586806507, 1.792458285763802], [-5.5925457573351025, 3.4229789098334114, 0.6395896418412363, 11.752312217735414, -7.506359527218401, 4.363460147277387, 2.7935660435569556, 1.3425820334442387, -8.717681669505934, 0.9694147224233999, 0.5586873328649128, -6.394911448582246], [-6.185708778877322, -3.1586170473485486, -0.5343609367237033, -10.969217716857024, 3.068141594199835, -1.7968059807799652, -0.12140877868814393, -6.187282641173645, -1.6765750767380432, -2.048811932278813, 7.914062112118376, -7.1754720970846275], [-1.8292315748138703, -2.25992150487201, -0.27094909260880295, 0.08194376983062979, -3.2078557383297133, 0.16382030226667188, -2.7048823306609493, 1.0467615486655222, -5.475522673815725, -3.457837207557975, 0.06378969908237261, -6.101093211036609], [-1.4883109869859914, -3.369317262050257, -0.9443794806791481, -3.6517819893216132, -4.864378978832235, 0.8686379203469736, -1.3782416361706706, 4.740782295038166, -9.657340132962897, -6.646307644537994, 1.0445669361656325, 4.61719121235064], [-7.294100825157596, 4.365933693383376, -6.351625801646113, -8.059087972788092, -5.525028186206486, 4.067464223605721, 0.26106468676085975, -1.891651862149057, 0.7769757414083422, 4.545750279454642, -0.45706471659759906, -0.19124469231229443], [-3.54744442407384, -1.7620032070829765, 2.2852388580465313, 12.816641989711956, -0.5541000094439927, -2.34349007890321, -8.562706608318681, -4.4951036391287635, -0.5276954262732082, -12.249904276846207, 2.102120425760286, -2.7858881107651183], [2.1505476557709855, -0.11971694676376671, 2.7237461529692766, -2.6460263833133792, -5.823468137467684, 4.513706216466388, 0.537525775769344, -1.8464876824742185, -1.2897668223087586, -1.3909776393825029, -9.786271598502632, -2.041552364393197], [-13.411566742811658, 0.7551477864629084, -14.911112155993752, -0.9663066393177386, -7.416171172388821, 4.611661964879242, 0.9623603020734708, 0.35712267751609217, -0.5672532791966559, 10.498515105828485, 1.5620928988711331, 8.03568898741342], [-3.530342650675573, -4.1360919788300965, -7.582107555095215, 2.761073191678579, -4.994637837947597, -0.23675099644370423, -7.844236825861469, 3.2874011712218376, -8.870547627798631, 3.150679167335112, 3.583221983343417, -4.184499486110362], [3.2665323422981074, 3.716537479118225, -3.13663802521317, -0.6095259399414716, -3.361795090821907, -8.791032381733773, 7.1256984882044945, -0.5170621756436677, 7.027403869434705, -9.172030362556525, -1.8649966753660334, -4.609889879805302], [-10.642709775390275, -12.614759362091952, -9.310201630797714, -11.94085405178845, -0.23333968309295552, -0.08769119279963711, 4.470757153760449, 4.855486833408116, -0.8793935507233797, 4.975221674113058, 1.800616026102276, -1.5633190704516335], [0.12729737612136005, -3.1541750583466146, -1.6866454104361273, -3.3978145359734846, -1.8476931227950988, -2.843093015240936, 0.14530716363803964, 4.236973760974496, 1.147026858023219, -5.545915893589627, -0.5323441579070597, 3.685660249928518]], "bias": [[3.158595069841276], [0.7354441786522963], [-0.11167092537344374], [-1.987839159944843], [-3.5621475926314945], [0.5723133156741077], [0.16856706657893394], [-1.9233748111186781], [-6.498385233034808], [-3.310142702382155], [-0.1363866398012864], [2.0351551973352775], [-2.2260274933631687], [0.46266357967683247], [-12.721676692124747], [2.6451089030233046], [-3.791124836250194], [-2.1338956163761025]]}, {"layer": "activation", "activation": "relu", "activation_prime": "relu"}, {"layer": "dense", "input_size": 18, "output_size": 4, "weights": [[-3.8521521487018786, -2.647262273606905, 2.461888741666711, 2.0742822900820643, 0.7176094951439695, -6.453090037980744, 3.0682566266703426, 3.3790117479570667, 0.4690163321185524, 4.089694815016765, 7.935694066036768, -2.755476496161335, 0.2776280525512874, 10.199020483753674, -2.0161228506606346, -7.738000726764867, 0.7245339999544125, -0.5654358413907531], [-2.339339735942747, 7.451252502357751, 4.034158401855542, -2.817838311216743, 1.715656152006813, 12.065859419169737, -14.217310756693141, 4.929511879252379, 2.4822529014303005, -2.9763331143321583, -1.4622433912261066, -13.89695842823991, 2.397545230535408, -7.515509906294135, -2.1974220561099824, -0.37134964861015796, -3.825459212957415, 1.2377392487045453], [3.9769010202372423, -1.7667747665080875, -0.46347385914059247, -4.506957194815408, -2.56283151405216, -3.107381394129655, -0.8605651621090086, -4.9831232307459254, -3.965501474324089, 0.2499705645039325, -1.6632131009128663, -1.1954596028574538, 3.3665038996551457, -0.4418598792784241, -0.25236081185217896, -2.17551403011322, -4.479374479854334, 2.634116416910218], [-9.558963919759615, -5.2079190527250745, -0.6983581291290238, 0.7721278898632751, 1.2060730827361341, -0.5086501417633147, 3.0580388864470853, -0.9448976235824684, -0.5843582111412169, -3.537443235116431, -4.928703909758508, 5.032169041513737, -4.180006060546796, -11.712473131916601, -6.052963383584978, 2.65106976009871, -1.7993466931462145, -3.000774110249197]], "bias": [[3.188637050630939], [-8.914674809499063], [-1.5049580556606055], [-2.610297942260243]]}, {"layer": "activation", "activation": "sigmoid", "activation_prime": "sigmoid"}]}