{"generation": 536, "board_size": 10, "snake_size": 3, "input_direction_count": 4, "apple_return_type": "boolean", "segment_return_type": "distance", "network": [{"layer": "dense", "input_size": 12, "output_size": 18, "weights": [[6.683780654957494, -0.29222915705618724, 9.150310472735585, -6.734968341971282, -4.74980294181527, 3.5213310736860954, -3.1709343866083453, 3.266572180300347, -9.407851560770503, 2.2725484420021385, 6.093553488160369, -1.158290537417609], [0.5693998222281725, -1.4403886650442896, 4.61515958927002, -7.832040353849134, 4.475531454848237, -4.523167735568584, 0.11648292423240836, 0.549848191910365, 4.648468651783195, 3.9370764418927804, 2.188879153253411, 1.823667579241523], [0.9443103517036977, 10.146001613950082, -6.489056561694311, -1.3482041817522852, 7.056085257601642, -1.486055875981641, -7.097529749845906, -0.5573175981277694, -8.611248789436123, 4.449703731710377, 6.303458145352783, 2.473888749674087], [-3.790389506955826, -12.202290139809474, -5.11751935508804, -0.8187555193888301, -5.293824034426904, -6.250061027169956, -1.1610616952975525, -1.063920240307791, -3.929395812567008, -7.487366610181247, 0.004460858327102302, -5.447537558393254], [2.5181843967219093, 2.8556308837857385, 1.088860451738538, 2.0599070181166614, 2.333247266585625, -6.151105798982605, -4.625230994022075, -1.6588514891414525, 0.7047491936169324, -3.013941034140501, 4.71876034010342, -1.6115957620873917], [1.7426294178067194, 1.2696369607820874, 0.9825967469684675, -7.877884919067624, 12.990314805110273, -6.076189759529143, 10.276505880683112, -7.78367713425123, 2.64515165743131, 1.7211564266460444, 0.5806729286629034, 1.8585700515800627], [-4.779452677702643, 6.562416151517107, -2.378064119074691, 10.371976012565035, -5.647260188297038, 4.051589681039685, 0.26450839997493514, 2.7888082705711144, -5.917269532998208, 3.0891181373719534, -1.139470914157029, -4.7153978690874485], [-5.063619732966048, -4.970443171027469, 1.4678136151275123, -10.720406009538626, 0.3786801373731109, -1.7297492120980398, -4.043108315836482, -4.950634408991002, -1.2748888549169433, -1.933891058014472, 8.753996238048247, -8.932226340416141], [-1.7656081221568687, -7.651256555366414, -0.7106061535167787, -0.8202746945704713, -3.6873609468026425, 3.3954762641542002, -2.9953268170692207, -0.44439099993401604, 0.05770534165732133, -0.949996509451052, -1.2288641944897558, -4.85376691720763], [-3.08483011775579, -2.2879101536655555, 1.6345809882453823, -4.314962609030865, -5.603896273883647, 4.484506352626972, -6.376486231314852, 5.216654890072623, -9.68190434847992, -1.3217051629015841, -3.400221609706567, -0.18150668585447993], [-8.713998224399836, -0.1391253829014205, -4.802995364089403, -8.417896206899062, -3.137711468960158, 8.37320031696164, 1.4697193250989176, -0.8312948845804801, 2.9274174617577833, 4.162972541162137, -0.8633259443318524, -2.7388730716147958], [-3.117253822093005, -2.683470715050128, -0.42152120231319257, 15.24856836233921, 0.22706443758165418, 0.4310181423873576, -3.4679209314512667, 2.689796085774659, -5.4680163024191835, -4.030360592487826, 0.9629713750394008, -7.0086038047911], [5.0594948442964975, 5.503818276730318, -1.9447567505828416, -4.103421272156695, -9.038941306680915, 5.069513938717064, -4.776917872486618, -0.309969943849165, -3.696847758641251, -0.7337619957858597, -0.7549237726209396, 1.3277890243499129], [-14.781990000391433, -0.02379654697476702, -14.911112155993752, 1.6297173152398474, -7.13432704212393, 4.169131217626366, -0.05944910563521655, 2.284737671212091, -0.8887394478528865, 9.556542343544162, -1.1081130525615157, 8.666730731789313], [-4.423827757823393, -2.12538166296947, 1.5878476576277278, -1.8978479642589223, -1.8135078480331779, -0.026949429610819697, -7.997839318274733, 3.702122367904757, -8.517881121761262, 5.084170856874245, 3.015774259610219, -3.199201057851986], [4.317543730559688, 1.6858727612341395, 0.9515262896848702, 0.9327204469923318, 5.863039078987798, -8.536423270820212, 5.190619941870528, -3.5615937333008674, 9.516582453317012, -13.722692417396647, 0.9793803934628325, -2.815331648079816], [-6.299342839469228, 0.17021617861975463, -6.149497020015214, -6.000655475665126, -5.549135975595947, -0.7209722196696844, 7.030220912400797, -1.2986416434077872, 2.6216063054402277, 4.1139636350240645, 1.4950567191804298, -2.779594643255895], [1.5320529106278291, -3.4929400280295475, -2.2200167308826955, -12.473982587698845, 4.2980881417763666, -2.109257891110263, 1.5378862016279624, 5.941140242449083, 4.128596446624306, -5.546642638503588, 0.10415891696619384, 3.2004804336167827]], "bias": [[1.9861970362032242], [2.4040587076296265], [-0.496156313115397], [-0.2591997092793053], [-10.283267273814259], [-0.026727411585778682], [-1.5706949660828358], [-0.1867149899036153], [-3.379915482523307], [-1.284264489721935], [0.2948926227103775], [3.287992284740077], [-3.7158485098330094], [0.7022012908106308], [-1.2978979235261046], [2.8330000412790795], [-2.528839807095166], [-4.558728803644361]]}, {"layer": "activation", "activation": "relu", "activation_prime": "relu"}, {"layer": "dense", "input_size": 18, "output_size": 4, "weights": [[-5.933348413523606, 2.6456606181633533, -0.7008869177681509, 4.441394366978933, -3.1815350250224124, -9.03580649564326, 1.5232810794390297, 3.943084732464861, 0.04378494417597456, 1.558611668356303, 2.617623511968239, -3.268748303687246, -1.137069290943446, 10.294301694547546, 3.4730820210585147, -5.4508577967102685, -3.049812145613812, 5.692236778497189], [-3.7614607182760817, 9.024450551250844, -0.7585848553768131, 1.049020528767303, 1.3181287400068822, 12.047149099647916, -9.258248712725937, 6.249453392766355, 0.5782733477829283, -4.762229398530882, -7.731138480701575, -17.16986943804369, 0.24261443419618078, -5.6585769695694355, -3.29992916575111, 2.6374454302673227, 6.519904778260786, -3.52732005914385], [4.956479415844372, -1.61349252099883, -4.804952797786592, 1.8748106337356982, 1.2633623858809615, -4.854226586726035, -0.4278112872361669, -0.7207096641802173, -3.051451278168685, -1.6782034079351986, -0.8802837646155885, -1.3392378673952792, 2.476006648382504, -2.5819986770159917, 1.3935970871666572, -2.1079322763852453, -3.362809825386092, -2.2342026642687642], [-11.494531278679629, -2.4670857146611445, -1.644319079834199, 3.788462321250421, 3.342224867781126, -4.9374305264465805, 2.3194051388970016, -2.02235737745847, 0.25529433579056116, -2.437675113749358, -7.610884710026213, 6.8188438146170185, -5.097977353264615, -11.586890993762692, -4.549908163356857, 2.932637231463922, -0.7393058708655398, -5.356391032338588]], "bias": [[4.407746991567806], [2.0067950929558904], [1.5045825324123308], [-3.767806108108772]]}, {"layer": "activation", "activation": "sigmoid", "activation_prime": "sigmoid"}]}