{"generation": 235, "fitness": 6890060.840220641, "board_size": 10, "snake_size": 3, "input_direction_count": 4, "vision_return_type": "boolean", "network": [{"layer": "dense", "input_size": 16, "output_size": 24, "weights": [[-1.726157951936282, -0.4472467323426722, -6.800321414448545, 1.3278758760833518, -1.4520723698765858, 3.709981914732073, 4.358106663228578, -0.44417749053117095, 0.09399638551237999, -2.4764505708417994, 1.9212806678196048, -3.9531048496923797, 4.640921536853566, 2.4934405197606244, 0.08168822962023281, 1.9858875169132393], [3.8001799522648145, -2.9021116196995087, 4.680216380807105, 1.6751415011020625, 2.9216611096848712, 1.3643424580061152, -2.6252745904309593, 3.3990652405564665, 0.18095799115610356, -2.9164465026151394, 0.8733045173954164, 0.9895960686420053, -3.4376866051217583, 0.1978896550558904, 2.3536180893634495, 2.6313363841530912], [5.62603225034276, 4.119445500393597, -0.5114798074996452, -0.8221722290290934, 4.968482322326245, -1.6300904185415193, -3.668498570487127, -1.5986492546968738, -2.8227220122944745, -0.4723225053142439, -5.5720997655882645, 0.7180397800555899, -5.386659449703242, 0.5933428244095211, 2.674650842941415, -0.7000828853058323], [-0.7913132484366234, -1.723267934259268, -0.8226036979189679, -4.399890318698338, -3.3099881665334165, -1.4900302907754996, -5.301107229328417, 0.7868272451393853, -0.747073797264972, -3.7955733950127843, 0.1469222611649012, 0.0971388021472516, -2.426691778863801, -3.7549286789963014, -2.60276992378909, -3.3004464078852793], [10.962661693992292, -1.0047681333088319, 4.724567181699076, -1.2314503344042522, -0.03721596065921595, 3.2272663897552656, -2.397757175759822, 0.7139208571348723, 0.8969171585203219, -2.498405785346354, 3.8048326132975, -2.2568938561122622, -7.607620125457586, -1.4715836587158406, -5.191786658974766, -1.527329853519219], [6.743321522198023, 5.114944293132093, -5.485140170216749, -0.8704281821957224, -3.1118822461382374, -1.4423425412808144, -1.5098723687839866, 3.615461805315053, -3.867799650857244, -0.6139018516043057, -1.9206653125490436, -1.8708654583467825, 0.49888655986421016, 1.8263067705632037, 0.6437048535193017, -1.4257228610533368], [-2.320068710295053, 2.4205984323100247, -4.619546215117374, -4.583149873410061, -0.7072727777587171, 0.6263407621500451, -0.571876949445931, 2.5332006682218364, 1.3868109198288887, 0.9596982971946907, 0.9061463332422073, -0.9151171410346571, -5.8211333514903885, 0.7680152564576624, -2.3791161081364844, 4.8112730676523885], [-0.058360166868461516, -0.005464584804928063, 1.3322634563679023, -0.07564638180527228, 0.868039350524412, 2.6036478472571707, -1.0423329492476705, 1.619820186147779, 1.7848999508383239, 3.6087205066273493, -0.6403352246674978, 1.5421560222670592, 0.5513495268942004, 0.4501663386991064, 3.245471983771221, -3.643243583343205], [1.5365480929146647, -3.7440082850217493, -2.1590024151531857, -4.603562159410164, 1.8859905316417065, -3.0196922101904793, 0.3560700370913084, -5.579928938006945, -2.1818549808317496, -0.9574656313830331, 0.39181656713450114, 0.9066263425707497, -3.221419306188354, -1.4650284497713706, -1.7831664545872574, -3.319160729013004], [-0.45328364890549566, 0.8534724624837892, -1.8324839483560624, 7.936177586729032, -3.0172336196200935, -0.9223439596381847, -5.5750257608478275, -1.4168102847867783, -0.8737001054632297, 1.6120362981153749, -1.3487932990423954, -0.9395448536237152, 1.4649053718535143, 1.0277735094964762, 2.680346208556279, 1.0060262243934843], [-1.797106661037978, 6.139106370939013, 0.12833001703200902, 4.185817276841061, 0.8874015071421479, 4.260048579586634, -1.6738587370620892, -0.1432544181558775, -5.674066944215706, -7.9598511227342, -5.032607457821212, -0.662158609242943, 3.769356822382981, -0.8925906739253182, -0.7504881485771059, 0.3503334740754525], [2.384794139127928, 0.8559594857363335, -2.059826323458004, -2.8551381835218104, -2.095435870693784, -4.342657837239529, -2.074094238457502, 1.7677579919608217, -0.7220285020292415, -0.9086035624186165, -1.0674418515889859, 0.9919092235936956, 5.452857837926393, 5.503420732052604, 4.277868252908407, -0.29634686483002737], [0.7588252477032653, 5.9148459932817, 8.383717994558788, 4.123128100910185, -2.765607659916159, 4.084028205547256, -1.8967666481781151, 0.10671347659859998, 2.994824113248723, 1.7002247537876731, -2.56705624812549, 4.486813048399282, -1.4869702220255836, -1.151799794776017, -1.8975236776228201, 0.4255763784645876], [-1.272279929230371, -3.5298801507495288, -1.089064373322024, -2.7475665001973257, 4.809127900564718, -0.1310499193264112, -2.5911098014567133, -0.7007079888799395, -4.338307292341148, 5.2230682351492, 1.801830641653109, 1.2964797863956643, -6.96968231915491, -1.6350892158183379, 2.1094164919488976, -1.1955530773255199], [4.99153964754262, 4.983285008956936, 0.6707245580236858, 3.762859043815266, 0.5509553634242207, -1.7525799683774026, 0.9454717152787642, 1.215358660505005, 0.2272221750682959, 0.4785375170184902, 0.7021326008630118, -0.901426682647118, 4.185742914572902, -2.0375283962592015, 1.6876059866300874, 2.9476086505081422], [-1.4696691886228124, 4.781238923060895, -5.575887179824828, 2.4962038995494327, -0.71020105721293, 4.26792022254572, -6.2047328713453345, 0.8100060538280938, -3.5866391537181466, -2.3244534536949155, 7.447660414304208, -1.2587246374733543, -1.0915277554653742, 1.0148477697641645, -0.3813537452990299, -2.4630878968650904], [-3.429986336165314, 2.9892027237678827, 2.78569937558475, 8.14519871522808, -0.6896435975619952, -0.898840401227956, 1.1619458855365632, -2.782764202279815, -0.8204978814707244, 1.8771667889849142, -5.608193637761143, -0.47346580547995804, 1.5642713496561305, 2.6762557962853317, 1.1341614627148662, 0.5925057312017825], [1.8644515140320326, -0.5767663709400876, 0.0327573494839275, -2.6692497883490454, 0.84973386465931, -6.500461793111199, -4.233609490647049, 0.5413035749051212, 3.8306560746467975, -1.1683300305029505, -3.569126914696934, 0.08777734167269746, -1.6221316174853233, 0.4303907564648575, 0.37739513622956083, 1.5030191184542092], [-0.21784348433964695, 0.3139716355221698, 1.6377299981983, -0.7670885613990884, -1.3441272071162125, 0.2697203025537132, -0.5130795621420434, -0.40191369176907643, 0.10343286508864624, 0.9454352141230424, -0.38273976966174583, -2.8460330060976133, -0.8965752631810686, -2.9564526574449426, 1.7262993768868662, 1.9412266490326089], [-2.157724608111916, 3.8794437072940773, 2.4531297832372383, -3.015967038887627, -1.1679992609186145, -1.2403273636442358, 0.6375141578008662, -3.2287208021240206, -4.025992503483563, -1.4955674065027045, 1.2659668634157841, -3.226506912266456, -6.456365041420559, 0.8870711668088234, -2.7515090267533395, 3.6898739034114376], [1.6058754464890732, 0.5137513503135789, 2.3236912650222243, -4.126432599744278, 5.1295581784499, -3.865673410156367, -3.073083374142252, -1.739287112425119, 2.3461086495106205, 1.5730819692041595, -1.5012482107617302, 2.2248685485233985, -0.15301053578629165, 8.203484269773508, 0.2915548884529293, 1.5921250889676961], [0.2999815397858643, 2.0631715892680074, -3.8473055286444895, 1.6803956742007318, -7.520222791455444, -1.346218919822072, 3.6170089771555913, -7.277960606358164, -2.63443132036817, 2.3850357536543556, 3.8725158336383156, -0.7488722119954669, 2.3862032220006135, -7.65250207485661, -1.0811773830143336, 1.5491231770434966], [-3.081243148778069, 3.084531470162146, 0.27495959286452765, 1.0211858429341696, 2.362245984585393, -1.874833005120176, 5.576447217529574, -0.8101667038957414, 4.710055310296771, 4.984473605616022, -2.465424781155239, 2.6606190158646443, 0.028005375159849466, -4.8207665530638275, -5.6005234566801585, -4.235013831969988], [-2.139611720653523, -1.5529648947365196, -0.0378033230177649, -5.825600220360885, 0.19305256365572693, -0.024977275617569017, 1.3365506636862041, 3.4774156715701676, 2.1026049362599237, 1.554301339070662, 1.6243096356599935, 1.2690591860238627, 0.9719473325932224, 0.7767658716940803, 