{"generation": 243, "fitness": 7.922816251426434e+28, "board_size": 10, "snake_size": 3, "input_direction_count": 4, "vision_return_type": "boolean", "network": [{"layer": "dense", "input_size": 16, "output_size": 24, "weights": [[4.330449927091872, 0.8211007108592919, 0.0214851335013187, -2.4312324482457575, -1.884165824222412, 0.3595290738768585, -9.582308482507353, 2.6349249755712636, -2.184224136054714, 3.0249435052156106, 1.8250102693973511, 0.3168118525109411, 0.7154867100294772, 4.096401762850658, -1.8675633778654297, -1.2929115677768093], [2.9639288852979453, 0.8886992063286753, 3.67266858185752, -1.375208191816928, 0.1819517740967087, -1.0524731233291542, 4.446959893581943, -1.2788432641850012, -2.039441873570295, -0.8364816630794752, 5.962221784077253, -2.090648509612097, 3.6960289427626885, 5.435618813242489, 2.768254810971233, 1.9475088498140047], [0.262461060396074, 0.18167444154476858, 0.27733753942268735, 1.146782533566132, 1.5549863322063384, 4.948538865840079, -3.3314185175459308, 1.6444178348994358, -6.532031256117788, 3.27402762244334, 0.5219656072641015, -1.0580271647127244, -3.5108965595636, -3.173537149496515, -0.15836052928085675, -3.5421551888063663], [-3.5188041710444207, -4.004421564766606, 2.6122476596351176, -4.644254133120758, -3.1700028153981012, 0.514406293821818, 4.822880183526332, 2.862820874410903, 0.4548881136844274, 0.6449369579770514, -7.653254594091326, 0.4931641964730123, 7.417881275717667, 2.0951657072956427, 10.005002173154677, 3.553027098972378], [-0.9738398397553476, -6.835168092820115, -2.4637211959173815, 0.021434611300369083, 2.378678010783076, 3.4780763965160775, -1.6966467984567144, -6.066076699132574, 2.9415425817126497, 2.0906615516455194, -0.4005521332096942, 7.0704395467730885, -4.326269083697268, 2.378650850324926, 8.494738726644433, -1.7712231724952878], [1.4223249234418722, 8.53233741033739, -0.6626276671313227, 1.261091698768176, -1.0590921585578559, -1.4496616586396391, 2.2898024548890303, 4.532408510213948, -2.9688060750710457, 2.7766739907562434, 1.3136398633191786, -2.2681470772649326, 1.3485427618106043, -3.1552695165707823, -5.722705740073303, -1.8185875790834356], [1.4050211933311372, -0.8368242785624991, 5.685326724645431, 6.655295653659277, -1.6007909347669602, 0.05945505497090131, 3.8072408188671742, -3.0341550343920964, -0.7844934333085944, 7.935814347548074, -2.009583848107751, -2.6733723220107857, -3.6010757805876197, 5.53624364345103, 6.432236823751352, -2.1251165461558603], [3.287818404639612, 6.6344967161057635, 2.4444029211158442, 1.5488841135207134, 0.4380859534425914, 5.466809317022567, 4.964113129516642, 0.6965387803468945, -5.170911610523989, -3.6621074826921927, -2.540263444865637, 3.662410437364352, -5.268439112831196, 0.8665478205915378, -1.8586358930256828, -2.5661817939456695], [2.884884381000081, -3.0159230521292213, 6.26281161768961, 3.206284700293476, -5.542851269403277, -0.9527339124238537, 1.7392527549891763, -0.7019634725255686, 0.352789764260537, -3.921777003264665, 3.2856948673207187, 1.4028716625868662, 2.734973645169338, -2.9271947158420724, 3.4976723861910943, 1.7174325712672998], [5.267189692505275, 3.835097376606035, 0.07987863866315226, -4.597121533493773, 0.01413528823688831, -5.367302452071509, 0.28246651716126825, 1.165824915739997, 0.3250576527275296, 0.6943722393065781, 0.8032797195344885, -0.21960551501219905, -1.579579670628957, 0.2621154451235885, 0.5329322955916871, -3.0009242973828276], [4.890977541428793, -2.2028669640500698, 0.9137142967919536, 1.1998176212370057, 2.8303440388314574, 1.9105743421373713, 3.1579180586341677, -0.9563828132554757, 1.5264553303719421, -2.7086064116177346, 3.3351847662796428, -1.839700416676583, -0.5312844568153642, 2.528390487519248, 2.663501320342662, -2.8932267055755605], [1.5375973027930219, 0.506909214928839, 3.0056230784022615, -2.0820702695051354, 0.8026337332486748, -0.9753393150556761, -2.338558529781575, 0.0070015120268061, -4.901873363922382, 0.5476481131594955, -2.1743982701309434, -2.8193830353587734, 4.285429316006287, -2.4900963318803573, -0.9617706463049285, 0.16677976148674512], [6.966998092395745, -2.2669345923742927, -1.0073638043433526, -2.1402000186454164, 3.051916552745794, -2.2254972266304485, -1.4468778059441822, 0.1678837427067894, 2.2459129032359453, 0.3369300642753998, 0.0789134168665071, 0.11235335914838926, -1.4609211065958818, -1.614631629630696, 0.8406498848169877, 0.6854556656983593], [-4.016151084548693, -3.379202498532215, -0.540824673137744, 0.49654737803139276, 3.603676158883159, -0.5096886979283018, 0.663303655248699, 7.1391554629099465, -1.167808483765527, -0.46162959225752975, -4.536142994587267, -2.766649666092334, 0.7937291667901967, -1.2318434149035442, 2.9750484455033845, -7.0258541243535255], [2.2393323399669187, 1.4472158810657731, 1.2616020268624693, 0.4726686566424256, 1.682507104715103, 0.5835732723359256, -5.3762948819433, -1.2899143991500899, 2.4631615227336714, -4.3157243304610615, -5.207075324534577, 2.097739804483888, -3.8273384206310492, -2.9920757758849295, -0.17314527242400124, -0.6372343060485999], [-5.402870102443908, 6.7704843837227076, 2.32624041873292, 1.6024300840914738, 7.561111407050987, 2.3601267898977896, 1.2978980505152709, 1.7077619666559947, 2.145559390825171, -3.799604568139623, 1.5918798318857652, -1.1722633945854941, 1.8734880747960774, -2.7663615961558548, -2.6165808478178243, -1.684895374391023], [2.4227549143691736, 0.18327716119511717, 1.0919845071606826, -1.4172125446168824, 1.584473809881166, 0.2537288855607943, -0.20054868468489523, -1.5366523826428116, -3.6346723575872026, -1.569817862634617, -6.6210108015719555, -4.071930133256362, 1.6155593896580767, 0.10350069644014281, -1.4850129904220126, 3.296824758732537], [0.7315844954048262, -2.344778013946147, -2.0023457148488086, 3.566774976176931, -1.2365424567910765, 6.059985576261736, 1.8508202100633506, 2.4255442201627724, 1.9404837563262383, -2.8816737636925263, 1.0764151496504646, -1.464516477617636, -3.9888899817161803, -0.2981911369081819, 1.3144035696794074, 1.679735070615867], [-1.982449170435562, -1.237033546027395, 1.4945981007094309, -2.136317887553323, -0.4174047310793001, -3.6825902204916976, 3.418301748694862, 1.040570445579565, -2.2378539632739973, -1.4821416732736263, 3.572712239602647, 6.474467835804765, 2.542494617839267, -0.9555751450254519, 3.3353288486704105, 1.078795010404793], [1.6630041230435233, -4.394264786066158, -1.7850659090958794, 6.052630563202155, -2.1533460845332546, -1.6534779261377153, -3.873543483494455, 0.6008777786445455, 2.9905726062721185, -2.327261420677364, 2.1229250012797483, 1.2475618545842968, -3.9186303814655297, -0.08847978436164927, 1.423473991876738, -0.6409824338974381], [0.23530599552801024, 0.4782420535308155, -5.471038017751562, 2.856825398445179, -0.3561377062053687, 0.3128529656286726, 4.250436052167272, -1.9734569454639825, 1.5810347318617612, -6.24574486033896, 0.204764913195296, -2.54895744417876, -2.9299027241260656, -2.3054729499635678, 0.35037906453176315, -1.8364087207185906], [-4.295474434808018, 0.7291097321518918, -0.9988640514315513, 4.686761632393342, 1.116490996809095, 1.9234981447756427, -0.9447483317664889, -0.872638837356288, 7.524713514857816, 2.8507082081503543, -4.789468675439532, 2.5099617874809828, -3.3164516205234933, -0.7637043831043983, 8.691242228727784, 1.8145169961525498], [-4.27875185860002, 0.3559156183660168, 3.4054333041700406, -3.9193872643381313, -9.82124601062223, 2.470923708212635, -1.6605743432090354, -1.755812572245173, -5.25283505700947, -2.072653021169159, 4.371861303425885, 2.3135908189221657, -1.2278544865773315, -0.13789068882458055, -1.3682977749195961, -4.86772840071059], [0.3180945951470902, -3.3098414786002337, 6.588046529212654, -3.7199856134075433, -1.1584789602701409, 0.3344096987833539, 0.6702704296002493, 4.407301747940947, 0.3834392209367258, -1.3297271790556329, 10.625264628447116, 5.096829081661627, 0.9803111243969962, -2.1963216051259726, 7.037267338437797, -4.12534681010051]],