{"generation": 3, "fitness": 2006.407148883937, "board_size": 10, "snake_size": 3, "input_direction_count": 4, "vision_return_type": "boolean", "network": [{"layer": "dense", "input_size": 16, "output_size": 24, "weights": [[-0.6091374367820339, 0.3336722998574786, 0.5442504495313232, 0.1431410029685256, -0.9070235558160749, 0.23141959796683698, -0.22279705981726872, 0.17352901334604964, -0.15395941103182786, -0.29910597264225314, 0.021576241065833557, -0.9960447626324007, 0.33333465960339215, 0.11641592286016689, -0.382864779701811, -0.8122609575457138], [0.08545264024623678, -0.4437412646729888, -0.4675610801932284, -0.022268565412248753, 0.5612453379183153, 0.2768371960029927, 0.8896558246451758, -0.9877302920060587, -0.31048032738246367, -0.4641010534826242, -0.14115433591656612, -0.4923360056642463, -0.45614044230099293, 0.4432519189991553, 0.1367879697973191, 0.23146110962976385], [-0.9116140262173742, 0.08275934014945152, 0.5877488404372266, -0.7695842027189237, -0.5696463472771709, -0.4898901885000362, -0.0371563007654816, -0.6744639855316319, -1.3235154644027798, -0.37988647747455984, -0.43007753364968715, -0.9207750552123879, -0.531471752986179, -0.1758905043143808, 0.9055570768462815, -0.9664005692147937], [-0.2995083918192065, 0.07779537836603367, 0.3169792280397161, -0.18099662927952243, 0.9482589242749848, 0.26318965527424854, 0.9805027772860069, 0.3096160499704732, 0.724729051114618, -0.5545400608618916, -0.5385038974794325, -1.5474229904198955, 0.45375680616294867, 0.41408101064843006, 0.5429979061926546, -0.7060811042428918], [-0.29350617162686543, -0.41147202875081024, 0.3755611291787808, -1.9938176513774646, -0.3811317599246, -0.9621515591211662, 0.8020300429779947, -1.1122928445428895, 0.6673246980682155, 0.1646720988232726, 0.6512656791410116, -0.3286051348147727, -0.9575053238867659, -0.34258695943586437, 0.44110297505648144, -0.6025390759681271], [0.4292560034201378, -0.9715229362140168, 0.006240512712088586, 0.23271983423306586, 0.003226361647878928, 0.9858018389602301, 1.970184187168388, 0.2167278690838479, -0.9430840628092945, -0.7612391842208015, -0.14213736269606247, -0.6794635009300363, 0.9002822793444902, -0.05749276649664781, 0.3027819523510582, 0.24980526629494781], [4.435766191291302, -0.03486531042274499, -0.24913094997376795, -0.6752593114492755, -0.9568162540151464, -0.6075944033713536, -0.9042235582692657, 0.2445694362330022, -0.4425436759070511, -0.2826463152068193, -0.6461345521624546, -0.7137021865798623, -0.7067804610609336, -0.8271974180620265, -0.886280250788404, 0.810638236331297], [-0.10192451056893592, 0.0354690873792356, -0.035561526052098946, 0.22486291883771092, -0.8567922711867331, 0.23208386949071258, -0.44473784666740457, -0.8001223357543983, 0.7772196398005593, -0.32159552958685844, 0.769164937046888, 0.038990646522171435, -0.831529777605388, 0.26836460493026837, 0.7789515757109375, -0.16409775223887024], [-0.36186578717494844, 1.3628186555170794, -0.3892645846101692, -0.9367003914420275, 2.5350086014193307, 0.4131652471137326, -0.318474963702992, 0.03663515774506654, 0.37744606038408857, 0.4033339705245411, -0.6921402304424453, 0.21447587911921073, -0.5209074711919586, -0.23255908183753515, -0.4065485216284592, -0.7043100467660459], [-0.5039990039170117, -0.5443021722021397, 0.7935325720085975, 0.9310316010038888, 0.0964268584076737, 0.9946731787231946, 1.0984933156768657, -0.04912927864990313, -0.4372655521795805, 0.33157538524781205, 0.21937923857395214, -0.9280729122853111, -0.8808012041512989, -0.8754585005856006, 0.835981828333803, -0.8780697656300653], [0.737366107998038, 0.9645761184053323, 0.5220464573349621, 0.32554884438145715, -1.028046276355509, 0.2557871430869241, 0.5389474362136875, -0.8495726527172278, 0.3353332513197811, 0.36374342782780067, 0.8761644701585953, -0.8654225769248458, 0.3034584388599524, 0.9445952363520245, 0.6093234832997423, 0.7049616532305845], [0.09713673293105396, 0.1620517633556111, -0.9589887096669829, 0.7265373037441751, -0.7368420456634821, -0.15551906517107872, 0.6965479870111921, 0.5671876678953747, -0.3146301186647944, -0.5611977549564933, -0.8322331982626636, 0.9749682190215514, -0.5951173564500642, 0.8947014759314567, 0.10982889377707838, -0.44336252750525373], [0.8642712171877052, 0.1753179771758102, 0.15510818072823307, -0.9621474393001457, 0.8843759328440965, -0.03651019344787931, -0.10375225883647743, 0.7639855788471976, 0.07437387043171806, 0.8920692212145243, -0.8186036000828443, -0.5767543298316045, -0.9542904005002042, 0.29769752577397335, -0.35341660124345786, -0.9777638890744653], [0.9714061729145667, 0.4832360127353963, -0.00637277853859608, -0.4242781786553962, -0.15173129049577638, -0.8004641624677187, 0.9206526884804493, 0.2971257384706181, -0.01065891413043607, -0.5864507892567041, 0.19267053728846983, 0.049982541331131225, 0.26909340255345837, -0.42754341206698476, 0.4631364172783139, -0.395209804708764], [0.5234080652096411, 0.6961156398370267, -0.5926000093468891, -0.5070530800763009, -0.19068387671705955, -0.07899716002128332, -0.8806709194103894, 0.46944931622958985, 0.37063491314123653, -0.26454878278147653, -0.09575210140508195, -0.8872688453256026, -0.34075467914942226, 0.07224610140357624, 0.21809636018849665, -0.2989769997885705], [0.5971034033077043, 0.5555002693946189, 1.1836955723637193, 0.17350460679395785, 0.4461114169828252, 1.0059396323625203, 0.29162535383933896, 0.830864794089307, -0.9898046373419662, 0.6390175487411229, -0.058129330867339624, -0.19279214297260538, 0.356569409378366, -0.26831773130134484, 0.40288741356678304, 0.1177135873310291], [0.3056232093025788, 0.5666767213077766, -0.4102572560821418, -0.2092285209249467, -1.068811115925003, -1.3396698544318162, 0.47509908621869545, -0.740526957104473, -0.9643897000256463, 0.011653327131087021, 0.496161423981496, -0.01739176617079985, -0.1365069517896207, -0.4056035760021506, -0.04114782432223496, -1.753077790718901], [0.06388695455390714, -0.5060052988726578, -0.8249746777203693, -0.8861665009936373, 0.9428597921158519, -0.8769773550380879, 0.358090185902717, 0.44144193353607086, 0.681503903881667, -0.8637849599144161, -0.9615520550487757, -0.18812395032149043, 0.8280948037501199, -0.6111280289196406, 0.5655356869773576, -0.32857593047341926], [-0.9970823865200376, -0.007883119425279084, -0.0711831105999603, -0.33076036962353506, 0.2339137326341607, 0.3815919714410294, -0.8221561328271254, 0.4094596821714981, 0.8503163769234352, -0.2723277923797709, -1.2352471665139688, -0.007490305834766842, -0.1819330018023626, 0.8612371282416178, 0.8215913468463927, -1.69128652631667], [0.41659978707205525, 0.49205233622180344, 0.19277200231632818, 0.5841572099066599, 0.4957659485929766, -0.35823293957819, 0.14217512032957624, 0.7285107010268377, 0.028269935259156886, -0.7213272100304886, -0.00621496610940131, 0.5952760011403955, 0.07142880750778624, 0.41891399690360287, 0.34385724009386887, 0.6914573749866382], [0.13190617957928574, 0.7955928988482537, 0.07548599092468722, -0.7975363319992097, 0.911258963429193, 0.13368703294485607, 0.0022306717553441935, 0.029101106084648443, 0.5851622011359909, 0.03611930743638547, -0.5572402400711789, 0.34676132876775534, -0.4634447969431894, -0.6442160570448108, -0.49797644865129786, 0.984986216640934], [0.6707106544919736, -0.03411757396274551, -0.7185872013616141, -0.1084013343787078, -0.6065771038277288, -0.029599441730761455, 0.07609110385018214, 0.35182666265072116, 0.07585528165496025, -0.423182034811205, 0.5676030628236581, -0.4631165328233001, -0.6879636977089119, -0.7731092517011005, 0.23486746286087312, 0.8035286569593663], [-0.45556017207349786, 0.0031576869854528233, -0.9328513287655318, 0.8909992521737651, -0.2749435503988438, 0.4160311768229692, -0.7315922600227929, 2.551215929708024, 0.364585642941323, 0.561721209474231, -0.10265558134527075, 0.3148455528739087, -0.17773876180865766, 0.030032118689119036, 0.06436350583197825, 0.8094530295427538], [-0.35856045908448886, 0.2690137394556631, -0.30610720664104457, 