{"generation": 4, "fitness": 2006.192137903576, "board_size": 10, "snake_size": 3, "input_direction_count": 4, "vision_return_type": "boolean", "network": [{"layer": "dense", "input_size": 16, "output_size": 24, "weights": [[-0.6091374367820339, -0.6607215485359276, 0.5442504495313232, 0.1431410029685256, -0.9070235558160749, 0.23141959796683698, -0.4349273109101619, 1.8979235174339437, -0.15395941103182786, -0.29910597264225314, 0.021576241065833557, -0.9960447626324007, 0.33333465960339215, 0.11641592286016689, -0.25985583194421813, -0.8122609575457138], [0.08545264024623678, -0.4437412646729888, -0.4675610801932284, -0.022268565412248753, 0.5612453379183153, 0.2768371960029927, 2.2509247791533813, -0.9877302920060587, -0.31048032738246367, -0.4641010534826242, -1.1642061512440134, 0.9207686311418906, -0.45614044230099293, 0.4432519189991553, 0.1367879697973191, 0.23146110962976385], [-0.9116140262173742, 0.08275934014945152, 0.5877488404372266, -0.7695842027189237, 0.2523159399072039, -0.4898901885000362, -0.0371563007654816, -0.6744639855316319, -0.3564463080809903, -0.37988647747455984, -0.43007753364968715, -0.9207750552123879, -0.531471752986179, 0.061631323990361114, 0.9055570768462815, -1.051820846357127], [-0.2995083918192065, 0.07779537836603367, 0.3169792280397161, -0.18099662927952243, 0.9482589242749848, 0.8489421044596356, 0.9805027772860069, 0.3096160499704732, 0.724729051114618, -0.5545400608618916, -0.5385038974794325, -0.703256187290463, 0.45375680616294867, 0.41408101064843006, 0.5429979061926546, -0.7060811042428918], [-0.29350617162686543, -0.41147202875081024, 0.3755611291787808, -0.19879392872925683, -0.3811317599246, -0.9621515591211662, 0.8020300429779947, -0.23965471003865169, 0.6673246980682155, 0.1646720988232726, 0.6512656791410116, -0.3286051348147727, -0.9575053238867659, -0.34258695943586437, 0.44110297505648144, -0.45107378475738047], [0.4292560034201378, -0.9715229362140168, 0.006240512712088586, 0.23271983423306586, 0.003226361647878928, 0.9858018389602301, 0.616146695888073, 0.2167278690838479, -0.9430840628092945, -0.7612391842208015, -0.14213736269606247, -1.584777178711765, 0.9002822793444902, -0.05749276649664781, 1.687550065124646, -0.01907486062120234], [0.758574641953812, -0.03486531042274499, -0.1737636922130129, -0.6752593114492755, -0.3014399096001601, -0.6075944033713536, -0.9042235582692657, 0.2445694362330022, -0.4425436759070511, -0.6179075776423475, -0.6461345521624546, -0.7137021865798623, -0.7067804610609336, -0.8271974180620265, 0.45313028532492394, 0.31063499410936446], [-0.10192451056893592, 0.0354690873792356, 2.0874488961378965, 0.22486291883771092, -2.6960858744520078, 0.23208386949071258, -0.44473784666740457, -0.8001223357543983, 0.7772196398005593, -0.32159552958685844, 0.769164937046888, -0.1151968131785295, -0.831529777605388, -1.1037031894504705, 0.7789515757109375, -0.16409775223887024], [-0.36186578717494844, 0.21506261432875928, -0.3892645846101692, -0.5796941150373897, 0.91667163202127, 0.4131652471137326, -0.318474963702992, 0.03663515774506654, 0.37744606038408857, 0.4033339705245411, -0.6921402304424453, 0.21447587911921073, -0.5209074711919586, -0.23255908183753515, 0.7817952085923991, -0.7043100467660459], [-0.7408704486352049, -0.5443021722021397, 0.7935325720085975, 0.9310316010038888, -0.11954109969845339, 0.9946731787231946, 0.8040492411365291, -0.04912927864990313, -0.4372655521795805, 0.33157538524781205, 0.21937923857395214, -1.8886146760003406, -0.8808012041512989, -0.8754585005856006, 0.835981828333803, -0.8780697656300653], [0.737366107998038, 0.9645761184053323, 0.5220464573349621, 0.32554884438145715, -0.07303737240649277, 0.2557871430869241, 0.5389474362136875, -0.8495726527172278, 0.3353332513197811, 0.36374342782780067, 0.8761644701585953, -0.8654225769248458, 0.3034584388599524, 0.9445952363520245, 0.6093234832997423, 0.7049616532305845], [0.09713673293105396, -0.15471676561236808, -0.9589887096669829, 0.7265373037441751, -1.1947114531258811, -0.15551906517107872, 0.6965479870111921, 0.5671876678953747, -0.45143422502447716, -0.5611977549564933, -0.8322331982626636, -0.27675790521913246, -0.5951173564500642, 0.8947014759314567, 0.10982889377707838, -0.44336252750525373], [0.5085030144171612, 0.1753179771758102, 2.5629289738132175, -0.9621474393001457, 0.8843759328440965, -0.03651019344787931, -0.10375225883647743, 0.7639855788471976, 0.07437387043171806, 0.8920692212145243, -0.8186036000828443, -0.5767543298316045, -0.9542904005002042, 0.29769752577397335, -0.35341660124345786, -0.9777638890744653], [0.9714061729145667, 0.5725553999115363, -0.00637277853859608, 0.1944891373583063, -0.15173129049577638, -1.1597704865276062, 0.9206526884804493, 0.2971257384706181, -0.01065891413043607, -0.5864507892567041, 0.19267053728846983, 0.049982541331131225, 0.26909340255345837, -0.42754341206698476, 0.4631364172783139, -0.395209804708764], [1.0374714918407828, 0.6961156398370267, -0.08490994259015316, -0.5070530800763009, -0.19068387671705955, -0.07899716002128332, -0.8806709194103894, 1.7287526170472047, 0.37063491314123653, -0.26454878278147653, -0.15568136369506755, -0.8872688453256026, -0.34075467914942226, -1.7082978525520929, 0.21809636018849665, -0.2989769997885705], [0.9506396134872519, 0.5555002693946189, -0.035860927694021605, 0.17350460679395785, 0.3425320847767295, 2.037902860364828, 0.29162535383933896, 0.3997520352304062, -0.9898046373419662, 0.6390175487411229, -0.058129330867339624, -0.19279214297260538, 1.157998143452856, -0.8933318905448429, 0.40288741356678304, 0.1177135873310291], [0.3056232093025788, 0.5666767213077766, -0.4102572560821418, -0.2092285209249467, 0.1883006426907774, -0.679150580762228, 0.47509908621869545, -0.740526957104473, -0.9643897000256463, 0.011653327131087021, -0.5967241856701542, -0.01739176617079985, -0.1365069517896207, -0.4056035760021506, 0.6515522219979584, -0.4906822719570645], [0.40478082083371947, -0.5060052988726578, -0.8249746777203693, -0.8861665009936373, 0.9428597921158519, -0.8769773550380879, 0.9377307349814075, -0.22565273906252897, 0.681503903881667, -0.8637849599144161, 0.5614891862990985, -0.18812395032149043, 0.8280948037501199, -0.6111280289196406, 0.5655356869773576, -0.32857593047341926], [-0.9970823865200376, -0.8584550781481706, -0.0711831105999603, -1.2078650939719977, -0.9730792979298752, 0.3815919714410294, -0.8221561328271254, 0.7629607834616079, 0.16793224255012595, -0.2723277923797709, 0.8626424150190053, -0.007490305834766842, -1.7654968260994843, 0.8612371282416178, 0.8215913468463927, -0.37295522667862424], [0.41659978707205525, 2.7571300286842475, 0.19277200231632818, 1.23230981732631, 0.4957659485929766, -0.35823293957819, 0.49291268754716133, 0.7285107010268377, 0.028269935259156886, -0.7213272100304886, -0.00621496610940131, 0.5952760011403955, 0.07142880750778624, 0.41891399690360287, 0.34385724009386887, 2.7726187056485987], [0.13190617957928574, 0.7955928988482537, 0.07548599092468722, -0.7975363319992097, 0.911258963429193, 0.13368703294485607, 0.24083554339643898, 0.029101106084648443, 0.5851622011359909, 0.03611930743638547, -0.5572402400711789, 0.34676132876775534, -0.4634447969431894, -0.6442160570448108, -0.49797644865129786, 0.984986216640934], [0.6707106544919736, 0.8612121636742969, -0.7185872013616141, -0.1084013343787078, -0.6065771038277288, -0.029599441730761455, 0.07609110385018214, 0.35182666265072116, 0.07585528165496025, -0.423182034811205, 0.5676030628236581, -0.8786876772778356, -0.6879636977089119, -0.7731092517011005, 0.18922635145110722, 0.8035286569593663], [-0.45556017207349786, 0.04304254419477757, -1.6935845589393108, 1.6259164850028625, 0.0005953468777684656, 0.4160311768229692, -0.7315922600227929, 0.06067299089278366, 0.364585642941323, 0.561721209474231, -0.10265558134527075, 0.3148455528739087, -2.5082955800371525, 0.8277481328421721, -0.9043769125100694, 0.8094530295427538], [-0.35856045908448886, 0.2690137394556631, -0.6270183343453715, 