{"generation": 427, "board_size": 10, "snake_size": 3, "input_direction_count": 4, "apple_return_type": "boolean", "segment_return_type": "boolean", "network": [{"layer": "dense", "input_size": 14, "output_size": 18, "weights": [[-4.365361430104136, -0.400767823365379, -6.335319741029388, 1.20726050276622, -3.6825681724648094, 2.5664542031999673, 0.35547056121833087, -5.0755390558820865, -0.21680390427229534, -1.586827015106505, -1.303076817763681, 3.5590607420383957, 6.909695912683176, -0.8899603334555104], [-0.6519534009586605, -2.405156734887378, -0.5966153350506137, -2.04195104019994, 6.925691645552502, -2.1514798389635286, 4.071931180894582, 2.9508572089241403, -2.522418365042223, 6.8780040363144845, -4.367196755166139, -1.4193198439206687, 2.9847850420108317, 3.5248105211114154], [1.0153303367957447, -1.7128030011815571, -0.28320151016895356, -0.5373388184132237, -6.326835109708912, -5.816166961587088, -4.619953307951267, -4.697164380066508, 0.6347353634293798, -7.081993636479579, -1.1229066891340165, 5.430449138849397, 3.448253560152567, 0.6430119548257648], [-2.253754021029287, -3.0806033784331563, 0.9168944988037806, 11.567849198532597, -2.741402092090439, 1.0604099854738906, 2.5803950491613463, -2.0694136202626727, 0.72277221087541, -3.508313815607414, -1.603999669476776, 1.4963191702177088, -0.1472343785657233, -0.4689494732211396], [0.8410380807149636, 0.9516502374576354, -0.6807615013288083, -3.7748276511828167, -4.567955774661544, -1.154629018765441, 4.340347809934846, 0.21257090876000584, 1.5527244459324268, 0.1850341587906929, -1.6993362866725241, -1.5465382764672637, 2.9331880795402734, 0.5130650422031297], [2.2877155516336103, 3.058935941468876, -3.2179181711904152, 10.603650852957045, -0.6180755648747098, 3.318638226545193, -0.546433683255718, 2.224523985033965, 3.015550521819206, -1.5436997227092757, 1.4891774015245467, -2.8045360909233237, 2.347140571557463, -5.701825913714716], [3.843373266734818, -3.312940720541663, 0.6081712857439007, -4.41450307825477, 3.756301410123498, -1.7121837295893094, -1.8427624844210775, -5.648114021685089, 0.07332532748419396, 3.6634906963470915, -5.554746326691243, 0.6365176717897987, -0.046970301614171484, -3.264874044534343], [3.1134207137199272, -4.016350681620778, 1.6147099125409974, -5.803840331153207, 1.2476966844836852, 0.8607404193225194, 6.5422960181764065, 2.247977941429526, 5.442449546288784, 0.48938682283962753, 7.187959387464116, 1.3685712595818469, -0.5295094453087843, 7.233974817726376], [-0.09331089474095355, 1.7626674472790183, -2.271397971833207, -1.0996415811269282, -4.524452266955584, 4.6806961155606235, -3.7298626762140867, 1.0702632791805797, -0.8230677606620818, -1.5982482535145444, -3.597828201835108, 1.6993024039775624, -2.512239999091376, -1.574798847858669], [-7.00888130247437, 3.534372533673303, -0.8002521817602686, 0.03135689939578046, -4.23464743405285, -0.44788589710876847, 1.9510799371957617, -3.0164035815582784, 1.9107346902063473, 0.9723279562644381, 2.335595235298876, 2.1514632964499683, -4.902537023779471, 2.5461978677996147], [8.437026877177518, -0.08746800297026258, 0.5280177313355441, 3.897624518733628, -5.262741912662157, -3.16737010109121, -1.8705139024854347, -1.9576056735456948, -1.9843476681020769, -3.0900967211145804, 1.8454101126920877, -1.6621588557431948, -0.10284517211067945, 0.34767626930847007], [-0.3718035926557264, -3.1879837197144765, 3.842173115759123, -4.545074965723998, 3.759549563682086, 2.9984847445372873, -4.192469124099995, -1.9847729542225354, 1.326286856563721, -2.579931664487252, -3.080510753740385, 1.1251094112134499, 7.119280180852729, 1.2849597502806887], [3.418798738612893, 0.45283729610074097, -3.01428077956228, -4.136867776518391, 0.004471832757466876, -0.0779305821914894, 1.9388695546971981, 4.344629013988219, 2.8071066247379557, -0.03022137536339653, 3.528686063597927, 1.4551413294494981, -1.9032159886202062, 0.09602892072740099], [-5.067871161971291, -1.9737015420886936, -0.622658458425658, -1.44559838779929, 1.9523872522927876, 1.7473227881766524, 1.1315974973750018, -2.3400996318756375, 1.8605280202888785, 1.3313186219857076, -1.4577770826141974, -1.4586421926342008, 1.293213912794474, 4.483738283239353], [-3.73060721174351, 3.2275435154316083, 3.242923187839058, -3.876238430811528, 0.945295831004685, 0.029837330741387058, -0.34629424821743693, -4.767303581725147, -0.41517105879272387, 0.9147795805675525, 4.2993878736505655, -0.9007122182401996, 0.2137080561307294, -2.0731105810618313], [-4.111266084667708, -2.617738444018187, 1.7393486112664722, 2.9548832364623845, -0.022746770257528484, -0.21704589874608116, 3.316787324198732, -0.18831093004146293, -1.2509381609937673, -2.4716745403597074, -0.3393164069633956, -2.9972513869778634, -3.7976159595572545, 0.1271370216503438], [-3.881661681535405, 2.803987200128455, -0.5374796735322802, 1.8546108508923769, 0.7682311655825247, -1.5942380812892119, -8.452343996758078, 1.2582202306993684, -0.05553204724448704, 7.955058982992858, -4.940043303997466, 0.15171823967244036, -0.05218054887213568, -3.4351845724381174], [5.847620052404557, 0.6004940198532375, -2.915055319011957, -3.622990582263896, -3.28721126963154, 3.8649433077398156, -1.476091260778495, -0.27800914942321664, -7.4972199461207305, -2.1753627673992484, -1.6603010075022104, 0.32556927641661004, 9.152944878153043, -4.811064916560516]], "bias": [[-0.5830482479353695], [-2.303815409850413], [-2.4263639972400197], [-2.500229731898375], [2.5442214271365784], [-2.304730075610478], [-1.7219454576035167], [1.6678145360262229], [-1.1225604168516736], [1.559312784978892], [-6.804718449025951], [-0.4645264799445512], [-2.055220227887209], [2.595628357570896], [-3.5575471289438694], [3.7111077246832753], [-0.011752239756036703], [-1.642585121337886]]}, {"layer": "activation", "activation": "relu", "activation_prime": "relu"}, {"layer": "dense", "input_size": 18, "output_size": 4, "weights": [[0.4103044420195813, -1.968828546764331, -2.296553947625468, 1.4617093120296967, 0.2647968760509029, 0.007117358168275495, -1.324809939334383, 0.6325177499984941, 0.7618468451033144, 3.5655270189894166, 3.8643882275727193, -0.8909619300370737, -2.2166610215215368, 1.7893877029751355, 1.762667096578091, 3.110075788095618, -3.1708986069394642, 2.8635949138970913], [0.8319104264085677, 2.3893581369271226, 0.009856488237025007, -4.037492219214797, 2.748030577133989, -1.8386498905642252, -0.6589558336259684, 1.655388635508849, -0.3629756189475115, -3.1880640807421754, -0.42235364118239876, 2.4175564120539903, 1.0041067284973748, 2.335403933236173, 0.56956248681103, -2.6561088419519123, 1.5877214392032943, 1.0949770773387997], [-4.046383031830254, 1.8715932011147935, 0.892595235701404, 5.7703449987429245, -6.819234379658725, 2.8153183595156492, -0.5348108102043166, -3.670474924808593, 0.8709576685100265, -2.6809449181003364, -1.879023390253347, -4.535357191177999, -0.34147762274571625, 2.0808790330955382, -4.026110897756759, -0.45423473794748814, 3.9393188848337433, -0.8192468064793881], [-1.4417319324269195, 1.635294924548338, -0.039835141542203134, -2.029172238924459, 0.6385148794972867, 0.7971234870083671, -0.8187022401001453, 4.584926426548398, 1.6220068407675958, -7.860941316817046, 0.37604440561583713, 5.9220505817600975, 0.2277823000014525, -3.021718570824856, 5.492480214967027, 1.6184582767911708, -4.623407072881799, 2.916753304264767]], "bias": [[-2.0471414113160606], [1.313972073500466], [4.766255056859972], [4.462370696046211]]}, {"layer": "activation", "activation": "sigmoid", "activation_prime": "sigmoid"}]}