{"generation": 567, "board_size": 10, "snake_size": 3, "input_direction_count": 8, "apple_return_type": "boolean", "segment_return_type": "distance", "network": [{"layer": "dense", "input_size": 26, "output_size": 30, "weights": [[0.9969512109810226, 0.44942740580021734, 2.2758006838732308, -4.64963704125115, 4.972004080482923, 2.6962021661665974, -4.073514078743722, 4.35667718443868, 7.257196257414991, -0.9682210854809872, -6.488422715272286, 4.969595602855302, 0.5804354166194754, 5.173848478999666, -0.5442606430977117, -5.0293034522324, 1.3769669737834629, 2.152700889439923, 4.587129344962273, -0.7101211777265937, 1.9251267851112663, 9.705421459683132, 1.2222486756936162, -0.16969602748108437, -5.226095826792573, -6.870840469111071], [-2.846914014151438, -1.6280541260214096, -1.3477798116032942, 2.0122815327633674, 2.49682362143043, 1.1335485736615678, 2.9983056254746296, 3.779941121779356, 0.9671313654930273, 2.239723239596789, 0.8893626193961399, 4.002378951366721, -5.099804893940911, 2.9110314585933184, 6.498377408784066, -0.44527300653499247, -1.4482514896654313, -0.7162392003800367, 0.6423262528734365, 3.5703275678243624, -1.7591720957361092, -4.009279294289888, 0.00914503835617586, 1.1917756556751604, -1.6287858799350925, -1.3012440666381666], [-7.576617922947197, 5.376432173916061, 2.5703217651245422, 4.353001281385309, 0.43062359506021514, 3.3551622345885477, 7.200931778444032, -3.3485598350265233, 10.040636691847311, -2.8650375665485432, 2.680521084101578, 2.1507325586254042, -1.3262707536009382, -2.241551555474877, -3.114786161280936, 4.604189529648679, -5.250280464344415, 2.741288391241443, 1.7447313200194599, -0.28204191133254186, -7.435101187393776, -5.806145263629547, 1.4019758334705401, -1.8339097612186193, -8.068179137828185, -5.488711570793805], [1.9895224035963548, 7.510642895767154, 1.560265631149966, 2.420010627916108, -3.0573676164429915, 1.580947939970218, -3.606941547029743, 3.88661995738143, -2.571425927907999, -2.0684007435881604, -5.407347191619764, 4.682304461595856, -4.511509118682034, 5.455482692962997, 11.29833470447031, -1.924273355781885, 3.164591191032968, 2.7084662329144518, -3.5443718305023233, -2.4005634626534302, 1.882085625681826, 5.188647845109566, -3.2339335876976554, 1.641857441787345, 3.030390933877025, -1.026396662741475], [11.647710110141903, -2.230575607506422, 4.815931253223765, -0.25883528621503316, -3.130666551283797, 3.5493650596179833, -2.501486553325586, 1.0718517627589663, -8.906742104726192, -2.7534449829976237, -7.065331140250197, 0.8030620316391742, 6.901036709534078, -1.2255110211508309, 6.952044314530668, 1.5542356807693203, 3.32768646966849, -1.0438421982207746, 0.5144601158686215, -3.0282785680665087, -2.0834978789325294, 3.0281906778546652, 2.0551916884835353, 5.085280192933075, -4.51943823934466, 0.3577191295761062], [0.14521427730236927, 0.24008625122226046, 1.1013406726235735, -1.5373903334731251, -0.12119195854840129, 4.613093987937604, -6.362800318336284, 5.541301085102888, -0.5004301846736373, 5.045312251875815, -0.08909662486751257, 4.083031193296077, 1.666307862186485, -5.711307520641838, 2.8836561085417682, -6.70149717813066, -2.8399898650885365, -9.492720970929307, 2.6094639235532138, 3.698147032957093, 9.124696210667462, 13.608964226331235, -2.118813667488438, 5.1524739329434865, 4.612455488448912, -0.9829895673095839], [4.289046146065479, -1.640208457809341, 1.4748231757366885, -4.463430133440346, 3.444723643022524, 3.9742011713331937, 1.9574853290866894, 9.620710688281498, -6.0449481425175025, -3.66019474202764, -2.0459618264022366, 1.767568770337303, -0.5779529975963889, -0.17610438914105614, -2.902567632925015, -6.190325424412192, -5.554690597989406, -0.9442663675745901, 6.665202335166835, 9.359860874851808, -3.0066235068851053, 1.0938875829423058, -2.530365551549014, -3.936230610929478, 5.422876836813112, -4.669914730440203], [-1.605825954478727, 1.560420172685905, -1.9510062952181084, 6.98443491866911, -3.2395349141614838, -4.4391751352523725, -2.3183516268801094, 2.6756658121642856, -1.8328522504192304, -0.7051651250264688, 3.00192775388947, -1.9802117643686565, 5.063636299509967, -3.021924844899003, -2.648293297789329, 0.9637082633951939, -2.662011317097451, -9.914293012215225, -4.487411979879254, 5.783442754816734, 9.22396757845333, 1.6875577425343153, -6.410110256289749, -2.505962151865891, 0.6739912927617402, -1.1668183346596863], [1.4411504718727046, -9.95133311480104, -1.0477885277146344, -4.05461420490838, -3.217686751609532, -1.0984190639487172, 1.9038302419140898, 2.8465554443612264, 4.5966429573573615, -0.3919589121060225, -4.760647392852366, -4.8514132056021655, -2.7165288310637963, -6.4467956517454255, 3.4020894091049714, 3.42332603286897, -0.32450221463910106, -0.6460268716866413, -0.5132058181240122, -0.3814800825661014, -5.704078711099019, 7.509186925095714, -2.9696155814741534, 2.4883627444518313, -0.6726050600034037, -6.574289429181249], [2.8908317982891503, -1.5495179999477746, -1.0699309264768977, 0.37632785883889797, 3.8302537271708, 1.9403096388226506, 0.010857448596869324, 1.4623437884938455, -2.0959841291276113, -2.101290382559518, 5.344232750100924, -5.364735427493817, 2.800499193447897, -4.7940643163555015, 1.022022711407896, 1.1346134024908547, -5.655846824478882, -0.8509959249705064, -1.0579281280256287, 1.422227425021399, -0.37373081498893523, -4.228536338958129, 7.459543294169392, -1.455957965806122, 0.9607805955862064, 2.143460255822327], [-9.064687018058558, -0.43640577488099674, 2.1010033757667714, -5.649715905676501, -0.4086182145992572, 1.7339298426326186, -2.050912013706411, 1.1110706283691165, 8.970686973155876, -3.944080762678026, -4.86050173447053, 4.850394243468814, -2.301504020562646, -4.520568026738229, 7.977650947304703, -3.3845649340344606, -5.968595083051923, 3.0616714906454012, 6.787493441629874, 3.7756266274962167, -3.33657908015114, -6.599938402112775, -3.3031328562078004, -2.8818808118107153, 1.3428803029053442, 1.517705336105788], [-1.9489065928488114, -7.097080974930771, 4.31079579104576, 1.961842396964688, -2.630000809734806, 1.5520698643940132, 6.103398604785207, 1.3746899563884674, 0.3063993470736053, 3.9111140918103313, 4.014788841250538, 7.077975919841708, -3.8952961743922003, 1.6149139175942095, 1.700325075185394, 6.997945574343798, 7.751532921484744, -7.276729566652909, 3.6827867506946323, -8.23117001904569, 5.546145425246946, 1.0038842471761455, 9.135998276491119, 4.946823022998891, 1.2463879522446577, 0.16341448999217667], [3.305901195730848, 0.395163241353808, 2.3941343372157218, -1.2538376863521217, -0.03266144697920714, -3.2424397134240133, -3.269552713148901, -5.463549339293189, -1.9206540337281022, 1.2682950633647774, -5.206932861599461, 3.0401818390003976, -3.6713509849597528, 5.579580506934173, 8.278098077652484, 7.1510432952433876, 1.2453240680781186, -1.1435446579019422, 1.8275815781268177, -5.2369703419585285, 0.05448652416219102, -7.745168136094032, 0.5632348004556554, 0.25040150132145733, 3.520516784426181, -3.1705873304555556], [3.0818445139705712, 2.9724722544187676, -0.4174130436990889, 4.481071340631454, -6.272354470729883, 0.3521851050982221, -6.294897614342123, 0.20031846045208057, -2.8278481497218886, 2.3826855913728426, -1.9742398790714777, 3.8531161851910767, -2.4315478396380796, 1.1128423499614093, -1.6988165684698915, -0.20992179398206978, -6.300614299092611, 4.051362205538187, 6.799703310299859, 8.000401016143236, 0.9116592237669086, -1.38577636046102, 5.067493423876908, -1.1334387274574902, -5.10265120607826, -2.328263035605202], [-8.156765635767343, -2.659810580862758, 4.023717232919852, -1.531334862968927, -1.7513311672815624, 3.3130196780039403, 9.582922591616299, 1.3864677342666942, -7.901269645543356, -5.081035228197775, -1.2424682622082366, -0.8205186931704488, -1.6990804098692243, 5.742929417953028, -7.656160556327203, -2.4699618595183477, 6.847523825085667, -0.6275421172824349, -5.324783201853802, -0.23190164178314907, 1.7123557677290024, 3.2278999205176495, -0.3190643322300649, 