{"generation": 568, "board_size": 10, "snake_size": 3, "input_direction_count": 8, "apple_return_type": "boolean", "segment_return_type": "distance", "network": [{"layer": "dense", "input_size": 26, "output_size": 30, "weights": [[-0.042958641966240996, -2.183650515117203, 1.9548047056513647, -7.659284711604583, 2.8072374720575883, 2.45588979118304, -4.767703196421444, 6.076701153413445, 8.598859787146633, -0.21965913827435357, -5.901984157014657, 5.046999842602692, 3.160185636123855, 4.678278400196942, -0.24101575463997382, -5.0293034522324, 1.3769669737834629, 3.5426264914045142, 4.587129344962273, 1.0252090624276655, 0.36127927050246833, 9.705421459683132, 5.672950689425959, -0.9629445792958502, -5.226095826792573, -6.341392077832731], [-1.591525598320464, 1.1987707651202002, -1.3477798116032942, 0.9706936759197088, 3.4832806612271243, 1.1335485736615678, 2.9983056254746296, 3.5837565276125862, 0.8848988077106685, 5.3784322676990115, 0.6499357502712166, 4.002378951366721, -3.7569832961367684, 3.3636016251490344, 6.174398583658742, 0.7157019685694633, -2.224628727142463, -2.0342057327469862, 0.0885324311767578, 3.3764458780945574, -1.7591720957361092, -4.009279294289888, 1.1922935140542186, -0.198866591522863, -3.67748973601791, -1.3012440666381666], [-6.822688115466929, 4.8160885480314946, 2.5703217651245422, 3.8884445289609064, 0.19042100502998616, 3.5988649436579387, 6.723746391037268, -3.585161472074542, 6.516106294980897, -1.784356982681914, 4.500706101233895, 2.1507325586254042, 1.929684984196256, -2.241551555474877, -3.114786161280936, 4.604189529648679, -5.464026761562467, 3.2615247131364233, -0.041455348237577905, 1.897446876324195, -7.855637675845784, -6.125717133737724, 1.5778368644154412, -1.981106041301363, -5.0562721345629305, -5.956760107145445], [2.687481395900628, 7.510642895767154, 2.0072240325887725, 1.0471556327452793, -2.6155446630083086, 2.262559923375608, -3.606941547029743, 3.88661995738143, -2.571425927907999, -2.0684007435881604, -4.18427120125442, 4.391645187121157, -4.365462876573122, 6.8446052990010875, 11.29833470447031, -1.924273355781885, 3.208605573235169, 3.4252798067840353, -3.5443718305023233, -2.4223592454608562, 0.7327737508040293, 6.092011683992699, -3.781117021917847, 1.641857441787345, 2.5080049119999686, -1.026396662741475], [12.298857687840577, -1.0387975152604396, 5.940820370928362, 0.18634594096809343, -3.8952144425699897, 5.138114207531833, -2.501486553325586, 1.0718517627589663, -8.905656896025427, -2.7534449829976237, -6.408427001039855, 0.6923503146427302, 6.733235294458921, -0.6158358143766811, 8.807214248669906, 1.5542356807693203, 4.1854586026632745, -1.6960803067294248, 0.15804954648456299, -3.8661528365258806, -2.439173639790322, 2.676500067522303, 2.203222148531782, 6.2693633272713205, -4.51943823934466, 1.5431085685517945], [0.6007120639827866, 0.8626805179970533, 1.0230486779805137, -2.7635817686050212, -0.6695825779281536, 2.6460918160667193, -6.362800318336284, 4.386659508828257, -0.7316070165338661, 5.199552129296836, -0.5291635409394341, 3.184606930750237, 1.666307862186485, -2.560204437664981, 2.8836561085417682, -6.70149717813066, -2.834943053907836, -11.07561513572693, 3.68924036020526, 4.355926088518828, 9.678489639029127, 14.788218143352875, -1.3586715051792018, 6.09253586310016, 2.7318473437602373, -1.2767252330273275], [3.084822381471682, -2.6137764367094656, 0.024007196941276954, -4.463430133440346, 3.444723643022524, 3.6940227298597486, 2.8448419439048798, 9.906390198550099, -6.0449481425175025, -5.0006833810799955, -0.16222205911797832, 0.9663683255405873, -0.6004825525035054, -1.7512477987674164, -2.902567632925015, -4.832310616667794, -6.019577452259105, -2.2123940087806706, 6.665202335166835, 10.55310007859478, -3.4087277583405893, 0.7679245712959667, -2.2149506497667786, -3.936230610929478, 5.422876836813112, -2.915188914158712], [1.127630018301974, 0.6458007612421567, -1.4600780503563533, 6.389337071400369, -3.9808639452090127, -6.960298178835066, -4.124058344618671, 2.6756658121642856, -1.2647134981982588, -3.894169055006213, 2.1798555133979316, -1.907032693159761, 3.749346150989021, -3.4907149309287258, -1.5458619255829529, -1.728959326034066, -1.7836714954900295, -8.723411711646358, -4.487411979879254, 4.165905599121507, 11.911670501533063, 1.7704276882988308, -7.422892701887603, -2.0173603742039155, 0.6739912927617402, -2.546047219298398], [-0.0602055995555129, -11.54043975152145, -1.0477885277146344, -5.421083183251719, -2.8196525786648134, -0.8381116727059177, 1.6071155837620403, 2.5667017687709275, 6.074984097924525, -3.6978770636942215, -4.358725464399781, -5.830683208898486, -3.445690529572216, -6.139350645575689, 4.799697092284001, 9.158033672844702, 0.1917775113534193, -0.6460268716866413, -0.5132058181240122, -0.5870559189882542, -7.3099942361965375, 7.479323570582583, -3.00034656460294, 2.6308855423886057, -2.7761697070811007, -6.574289429181249], [0.6600431250716489, -1.268616512422949, -1.0699309264768977, 1.1517462533799054, 5.221178363521117, 1.2739792184976833, 0.7855634053158027, 1.4623437884938455, -2.23764438894653, -4.229472220520242, 6.003970658711461, -3.9449950880257214, 2.800499193447897, -5.150000327192399, 2.0924665794959703, 3.131793203486605, -3.2188332390804475, -0.8509959249705064, -1.3278388090766544, 2.0432802275123234, -0.6181327246242561, -5.868010471664287, 7.689703792375699, -1.6709096728356905, 2.2086799653431415, 2.5384662085599077], [-6.924239153588404, 0.14168872908413, 1.936741839585728, -4.17898786765788, 0.6288208800510877, 2.017941624096693, -2.80804115823683, 0.1522543088307451, 9.487139934073992, -4.136119758914084, -4.86050173447053, 4.850394243468814, -2.301504020562646, -2.8262890819080244, 10.488007412516296, -3.3845649340344606, -6.630662445259649, 3.7264138507442794, 6.787493441629874, 2.8882855800801233, -2.850502826766728, -4.223861967601389, -3.3031328562078004, -3.6600047756282263, 0.8306366833812254, 2.984392509264791], [1.640919726253074, -5.521088589338501, 4.31079579104576, 1.2239017985783494, -3.349116139741307, 1.6636584087718287, 6.103398604785207, 1.3746899563884674, 0.3063993470736053, 3.9111140918103313, 3.6404711724560856, 5.920399991074962, -2.6323558638093187, 1.6149139175942095, 1.4217900853017134, 6.627641741720825, 10.099462525084087, -3.4950240845051708, 2.993407464117562, -8.85816585766902, 4.024704154433208, 1.9966631820934795, 9.901842435434661, 4.53205404811338, 3.017105767148112, 0.16341448999217667], [2.563278957932871, 1.1323235913921295, 0.8161661663852753, -0.8640680175738051, -0.03266144697920714, -3.2424397134240133, -2.7590216621597508, -5.767577393572451, -1.9206540337281022, 0.17258094588539996, -5.206932861599461, 4.5129127039102785, -4.2095793193638515, 5.579580506934173, 4.314355807248922, 7.1510432952433876, 1.2453240680781186, -1.1435446579019422, 3.71804853389899, -4.245486783996565, -0.621771479702393, -7.313518132340917, -0.6127040986024531, 0.46160700710303126, 3.4275179326827896, -4.635928707531827], [3.0818445139705712, 2.158093330900699, -0.4174130436990889, 5.618741534139685, -8.794753916174285, -0.7009018085378629, -7.105888003708262, -0.7293515076741388, -1.2364556514885103, 1.9573817016498765, -1.9742398790714777, 4.440630107834245, -3.0872048463421606, 1.1128423499614093, -1.1678023901480432, 1.4117138016557158, -6.967058293055752, 2.5419173086018345, 6.799703310299859, 8.000401016143236, -1.3154651967996198, -0.9352613871107511, 3.3726753946342636, -0.48590449634030575, -6.1961615975912165, -2.218314967078128], [-8.156765635767343, -2.1926415978628953, 4.380907286427366, 1.4160260579667088, -1.7513311672815624, 3.93059048332266, 9.870793020174473, 1.3864677342666942, -8.225988190772867, -6.4521371649832036, 0.9470396910155863, -1.6846496234684423, -1.9541485008241901, 5.429922374251983, -6.810320852094803, -2.4699618595183477, 4.358396440231163, -0.6275421172824349, -6.464950002730724, -0.23190164178314907, 2.2603569887571044, 3.3450177849034346, -0.6339182971498619,