{"generation": 570, "board_size": 10, "snake_size": 3, "input_direction_count": 8, "apple_return_type": "boolean", "segment_return_type": "distance", "network": [{"layer": "dense", "input_size": 26, "output_size": 30, "weights": [[-0.6604305403438682, -0.9981136675829111, 1.9548047056513647, -5.240995281061214, 2.5006124453011904, 4.291949337517956, -6.104364523097848, 4.35667718443868, 6.466966258376335, -1.2949442388976524, -5.717836633778691, 4.403297277232738, 4.413057778484174, 3.7096498236018487, -0.5442606430977117, -5.932666740944146, 0.5722020062809854, 2.711089002963617, 4.587129344962273, 0.7152864628440893, 0.36127927050246833, 9.705421459683132, 4.88388776568378, -3.459849379541634, -4.920644586478315, -7.677901228989912], [-3.737086392592594, -1.6280541260214096, -1.900279736481555, 1.702877923729687, 3.286974607695203, 1.1335485736615678, 2.9983056254746296, 4.394847619423445, 0.7932802072888658, 3.752902070723845, 0.05551645202089367, 5.0079235085671945, -5.402338938631805, 4.6396090048127805, 5.491155747863821, 1.9041059509894729, 0.7130646511507421, -1.1311441608631214, -0.0945574100835126, 3.911487612662014, -2.7196990300145396, -5.7345002277996295, -1.4291269528762016, 0.10415140879042695, -5.034369943312174, -1.2181489275994395], [-7.01812770444496, 4.8160885480314946, 2.5703217651245422, 6.167606302827548, 0.5817041595531336, 4.52530315873727, 7.200931778444032, -3.3485598350265233, 3.994715466434021, -3.1080409344872324, 1.7735180532090653, 2.1507325586254042, 0.3620288353529827, -3.4782996506590944, -4.575096251455906, 4.335240790168184, -5.034689557991302, 3.2615247131364233, 1.8301444698149678, 0.7496579377434959, -5.989964326157486, -6.047975447049648, 1.9959402998606222, -1.8768318883827444, -6.303978696224252, -7.202897618774262], [1.9895224035963548, 6.374591335355137, 2.0072240325887725, 1.0471556327452793, -2.7937725769804413, 2.262559923375608, -3.4828560617774458, 4.3653872770856905, -3.219485983185268, -2.0684007435881604, -3.1182427991532227, 4.391645187121157, -4.751838899834865, 3.3977928934211663, 13.234700736496572, -1.924273355781885, 3.387139694037867, 3.4252798067840353, -3.8804816413894625, -2.0925498914362812, 1.743727642062103, 5.767574770665194, -3.2339335876976554, 2.216177716539685, 0.5577179155514027, -1.4469460123122861], [11.47331651032075, 0.14867673063540288, 5.650504626546787, -1.0113327717162597, -1.995542783870769, 4.370295467452009, -2.501486553325586, 1.0718517627589663, -9.24175935226926, -5.197330964103476, -7.084549120007846, 0.6923503146427302, 6.901036709534078, -0.6095704348945112, 6.952044314530668, 3.2287817552522124, 2.6292737107254913, -1.0438421982207746, 0.5144601158686215, -3.058967581832263, -1.9235008429529794, 2.762348343502068, 0.17592528829530862, 3.9601029632733464, -4.51943823934466, 1.5431085685517945], [-0.010099920622729366, 0.24008625122226046, 1.0230486779805137, -1.6518111334566667, 0.12299799389044208, 1.589749022821033, -4.780726589778158, 5.541301085102888, -0.5004301846736373, 3.205988409341022, 0.25276610508159164, 4.177972775612627, 1.8816068824944718, -2.560204437664981, 3.598610183049225, -6.70149717813066, -5.275058299423767, -9.492720970929307, 4.159065336966076, 4.226688357852369, 9.124696210667462, 14.565762425678304, -1.3586715051792018, 4.480637418212898, 2.7318473437602373, -3.2455220940366427], [4.796437700468985, -1.4136871775108881, 1.727144228089763, -3.0375448667600895, 4.883821529919752, 3.0291288705278783, 2.9114283143868556, 9.604942416967507, -6.0449481425175025, -5.68175683043494, -0.16222205911797832, 2.5485890543196152, -0.5779529975963889, -1.2892121934153815, -2.902567632925015, -5.27490240926261, -4.837312112129699, -1.061347898488917, 6.253016578840645, 7.021125850173888, -3.0066235068851053, 1.0938875829423058, -4.03207469471241, -3.936230610929478, 5.422876836813112, -1.396433406863162], [-2.3681010366814523, 1.560420172685905, -1.3116398904181066, 6.728846196993987, -3.052490555177066, -4.4391751352523725, -3.9341580247366017, 2.6756658121642856, -1.5321173696499621, 0.09806649117455057, 2.2410164914351127, -3.514958564801675, 5.856716541149318, -3.9988524046382516, -3.9837283328860154, 0.06270145806611915, -2.662011317097451, -9.825614044595142, -3.778692968188073, 4.749099735934966, 9.22396757845333, -0.18395413562202934, -7.422892701887603, -2.2208938641156717, -1.326553578886295, -3.539960175838199], [0.2903524435389382, -9.95133311480104, -1.8052042158774695, -0.6416917872791643, -3.465672338435133, -1.0984190639487172, 1.2164434184538364, 3.6891065114762567, 5.102874943010754, -3.572854957247967, -4.358725464399781, -4.759855960221883, -2.795654403373387, -6.139350645575689, 4.731113185383039, 4.995220719180459, -0.21201859117770405, -0.6460268716866413, -0.5132058181240122, -0.5870559189882542, -5.704078711099019, 7.509186925095714, -3.00034656460294, 2.8898925429044158, -2.1912722352738996, -6.574289429181249], [2.082281020744277, -0.729968215118914, -1.0699309264768977, 0.795073602691752, 2.118202193617992, 1.9403096388226506, 0.1981624762663795, 1.4623437884938455, -2.0959841291276113, -4.229472220520242, 6.003970658711461, -5.59765367406578, 4.739651236840249, -7.704700722053974, 1.022022711407896, 1.9180908180693415, -0.19840326606769243, 0.36195568914775, -1.0579281280256287, 2.763270379808982, -0.5225015599743092, -4.228536338958129, 8.24730494194413, -2.38093139025966, 0.9607805955862064, 1.9647928617530543], [-7.200128530511885, -0.43640577488099674, 2.931222278280096, -3.621308041908728, -0.4086182145992572, 1.542404723268777, -2.6665849772268144, -1.4943269476116545, 9.877230494547474, -4.136119758914084, -4.86050173447053, 3.914530696088499, -2.301504020562646, -1.30511339646955, 7.977650947304703, -3.2225775055843213, -5.968595083051923, 1.6079934007638406, 4.95069180039105, 3.7756266274962167, -1.40642152626526, -6.106463688942007, -3.3031328562078004, -4.240720430601478, 2.8255717856408147, 0.6472808350704936], [-1.9489065928488114, -6.6115984139897, 4.31079579104576, 1.1522253087265815, -0.33540527574870227, -0.3446964255775531, 6.103398604785207, 1.3746899563884674, 0.9550104065143304, 3.9111140918103313, 3.6404711724560856, 5.758549872164175, -2.1229460390519184, 1.6149139175942095, 2.0072486956268873, 6.43907793156003, 7.751532921484744, -3.764235273499051, -0.812978161777612, -8.417098833629842, 4.690504473531159, 1.0254550038134305, 8.88376259656911, 4.443267049292744, 3.274028700188765, -0.5161274855801425], [2.5050474464354457, 0.7748139902599845, 2.3941343372157218, -1.7306029070578115, -0.03266144697920714, -3.2424397134240133, -2.4350339902019003, -5.830565133369621, -2.8532716768791797, 0.46515484983429023, -9.399703334614776, 3.0401818390003976, -3.6713509849597528, 5.5436676257222715, 7.770908522849698, 5.547846144740552, -2.0177514634467064, 0.45823284367618156, 1.8275815781268177, -4.999356903502287, -0.2561295606267383, -7.455364389329403, 0.5632348004556554, -0.8545425381616236, 3.520516784426181, -3.1705873304555556], [3.0818445139705712, 2.9724722544187676, -0.16419721888994793, 3.86340930911641, -8.52738874733956, 0.9365545562565841, -6.935794913794375, 0.9859156607565398, -2.37825002550122, 1.9573817016498765, -1.9742398790714777, 3.2245443885278795, -1.5912027661517627, 0.7034779472361872, -0.1723969776689207, -0.20992179398206978, -7.002323588789346, 3.4084638502790114, 6.799703310299859, 8.000401016143236, -1.3154651967996198, -1.0320968994204198, 3.3726753946342636, -0.5225104754123574, -5.1296724031027505, -2.218314967078128], [-8.156765635767343, -2.5281158148098664, 5.45039221819129, 0.12979683838317668, -1.7513311672815624, 3.3130196780039403, 9.883879027030057, 0.18236103130377068, -7.523685083833377, -7.210577945063599, -1.0212804043965065, -2.154865866377536, -0.83363780674042, 5.970133930496444, -7.719035813310373, -1.7456751720455517, 4.3819054090562615, -0.6275421172824349, -6.258640964505629, -0.23190164178314907, 3.159594690355436, 3.4106065154675744, -0.5874226284692706, 