{"generation": 573, "board_size": 10, "snake_size": 3, "input_direction_count": 8, "apple_return_type": "boolean", "segment_return_type": "distance", "network": [{"layer": "dense", "input_size": 26, "output_size": 30, "weights": [[-0.6604305403438682, -0.9981136675829111, 1.9548047056513647, -4.494662819023509, 2.5006124453011904, 4.082218576741424, -4.073514078743722, 6.0937398509914456, 6.466966258376335, -1.2949442388976524, -5.525547997383779, 4.403297277232738, 2.8071808097692865, 3.8374020067465446, -0.5442606430977117, -5.341510107733806, 1.3769669737834629, 2.7038021691318, 4.587129344962273, -1.1573905049240922, 0.11805432442898847, 9.705421459683132, 4.88388776568378, -2.3963466390007238, -4.920644586478315, -7.65516078707939], [-1.591525598320464, -0.07273357150074533, -4.404537190064719, 0.8564979552723797, 3.4263078322101785, 1.1335485736615678, 2.9983056254746296, 3.779941121779356, 0.7932802072888658, 3.752902070723845, 0.05551645202089367, 4.318754515704199, -5.099804893940911, 2.6638762707805363, 8.17140911043506, -0.44527300653499247, -0.6118833716480652, -1.1311441608631214, 0.3988854513709086, 3.5703275678243624, -1.8132482178554228, -4.356602904490735, -0.6060862856139542, 0.10415140879042695, -3.7172599114564275, -1.3012440666381666], [-6.523335044996026, 4.8160885480314946, 2.6590124408740765, 4.353001281385309, 0.7785549842895163, 4.897974703890522, 7.200931778444032, -3.6597895873170803, 2.9297826914573726, -1.8245257857103065, 1.7735180532090653, 4.354362219050303, 1.0436273421528404, -1.7401895293282177, -3.114786161280936, 4.987108884810137, -4.377018740189497, 3.920883806898066, 1.1603653547703756, 1.454682455849757, -9.366956131829484, -6.047975447049648, 1.1922192908367295, -1.8768318883827444, -3.4311314406039846, -5.266883513892162], [1.8092132697242818, 7.510642895767154, 3.746069001581888, 1.0471556327452793, -2.6155446630083086, 3.400580581118642, -3.606941547029743, 1.8367833690745154, -2.571425927907999, -2.0684007435881604, -4.18427120125442, 2.81699146039133, -4.511509118682034, 6.232711057596145, 9.864482901614306, 0.7331699046012103, 3.992510561941585, 4.227851702941601, -4.847935158251221, -0.57309127436281, -0.469987715865154, 5.435033928206071, -3.7637362540256603, 1.641857441787345, 2.5080049119999686, -1.026396662741475], [11.995332399850671, 0.48652954206635357, 5.579157084967911, -1.4499459474176213, -3.2462717330425224, 5.287664493674424, -2.501486553325586, 1.0718517627589663, -8.979451408926762, -2.5248219872438606, -6.002941106133136, 0.6923503146427302, 6.901036709534078, -0.6158358143766811, 7.5797298234467085, 2.940024619667245, 3.0654125689603493, -0.47330241769024173, 0.5144601158686215, -3.3832986859195118, -1.9235008429529794, 2.7951394313719784, 1.083936079859185, 5.085280192933075, -4.51943823934466, 2.315942930175947], [-0.23636418816282959, 0.079316684627383, 1.0230486779805137, -1.6518111334566667, -0.6879134710153989, 2.9971542427930995, -5.009831196670245, 5.541301085102888, -0.5004301846736373, 3.8063255482504936, -0.6819587203485579, 4.813462478730593, 1.666307862186485, -3.6154193523104956, 2.8836561085417682, -6.48273660334109, -3.138189792944523, -10.353506662016283, 3.5654374554198895, 4.226688357852369, 9.124696210667462, 14.185417955960274, -1.3586715051792018, 5.303857811341323, 2.7318473437602373, -0.9829895673095839], [4.170201450464761, -2.1471488410641237, 1.727144228089763, -4.463430133440346, 3.444723643022524, 3.6940227298597486, 2.644208489341232, 10.149553038778718, -5.850529198122779, -4.990190542841701, -0.16222205911797832, 1.2998480767498632, -0.5779529975963889, -1.6053671739494662, -3.044870306348598, -3.930295967915105, -4.837312112129699, -1.8587371951407003, 6.021742258489874, 8.131506382180426, -3.0066235068851053, 1.0938875829423058, -1.274860951763246, -3.5845519302954925, 5.422876836813112, -2.4291412580275265], [-1.605825954478727, 1.638696434532936, -2.4714430488844243, 6.389337071400369, -3.2575056055093494, -2.14220952814734, -2.881657877748403, 2.6756658121642856, -2.6102371135651876, -1.7361689133475584, 1.8686710689636967, -1.907032693159761, 3.749346150989021, -1.6658148104431691, -3.2655107346303023, 0.06270145806611915, -2.662011317097451, -10.75173979567402, -4.487411979879254, 3.4945480803271516, 9.642117202607974, 1.0496304276848225, -6.773293831865474, -1.541639495704553, -1.4720887766803998, -0.653891100761177], [0.2928628283809395, -10.197968642798857, -1.0477885277146344, -0.5552823823515969, -2.6680917338184527, -3.846268587951295, 1.3018089483553275, 2.4422332683300016, 5.102874943010754, -4.127997570405492, -4.184056237252396, -3.905500988184272, -3.8279199563389437, -6.149561449384493, 1.1317917722361939, 5.704314885682793, 0.44812843100999067, -0.2162314004629512, -0.5132058181240122, -0.9284462082972665, -7.269890767379097, 7.509186925095714, -3.173083484681601, 2.800655442588448, -2.1912722352738996, -6.574289429181249], [1.2227836786025885, -0.8699854057784908, -1.0699309264768977, 0.8039751417669987, 3.1444566279126653, 1.9403096388226506, -0.16130134034420818, 2.415928133864006, -3.5194793413503564, -1.4912599916170812, 5.344232750100924, -5.63182615758641, 2.1020026335326474, -5.494388922056172, 1.022022711407896, 1.9180908180693415, -3.6215502650460674, -0.8509959249705064, -0.856268603553742, 1.1775563264269113, -0.5225015599743092, -4.228536338958129, 8.646724327160044, -1.9858611993755366, 0.9607805955862064, 2.27717838012734], [-8.350833785818837, -0.43640577488099674, 2.0027185588916625, -4.17898786765788, -1.592710413660432, 1.1018203669433055, -2.0145133008939156, -1.4844903476665352, 9.877230494547474, -4.136119758914084, -4.974799043311534, 4.371634675080968, -2.301504020562646, -3.8339234934805364, 7.977650947304703, -3.3845649340344606, -5.226487604612355, 3.2326384504520016, 6.787493441629874, 3.7756266274962167, -1.4063798233933305, -4.990006166291881, -2.866850797942563, -3.748205872136837, 1.3428803029053442, 1.517705336105788], [-0.4396978248383021, -4.174612591134325, 4.736854420724785, 1.1522253087265815, -2.630000809734806, 1.5520698643940132, 6.09769791766034, 2.4600387314075527, -1.2566875643501616, 4.611989079508586, 4.474722294066691, 0.908925993878577, -2.6323558638093187, 0.920511525168303, -0.3013499729575895, 7.150722184638484, 8.440401944059184, -4.434198211994711, 5.393638710018805, -8.653004251895291, 3.3627420289147563, 2.5065316211444344, 9.901842435434661, 6.091699610014536, 3.274028700188765, 0.16341448999217667], [2.5050474464354457, -0.053460338513790506, 2.3941343372157218, -1.7306029070578115, -0.03266144697920714, -3.3616741664072314, -2.4350339902019003, -4.951495380293354, -2.8532716768791797, -0.057171487681309974, -7.250890310870728, 3.9557383615272186, -2.8955436757771795, 6.088114981782797, 8.547425293911694, 5.210716704329929, -0.6661374329633005, -1.3831360278240563, 0.8784428153777457, -4.999356903502287, -0.2561295606267383, -7.455364389329403, 0.5632348004556554, -0.8545425381616236, 2.20857037887773, -3.1705873304555556], [3.0818445139705712, 2.9724722544187676, -0.16419721888994793, 3.3269554821380662, -8.52738874733956, 0.9365545562565841, -6.935794913794375, 0.9859156607565398, -2.37825002550122, 2.6479247127904064, -1.9742398790714777, 4.032861025329174, -2.0262635392251243, 0.9760271221450881, 0.6418658586557751, -0.20992179398206978, -7.002323588789346, 4.583480602387794, 8.096124877688577, 7.527968658749052, -1.3154651967996198, -1.138854894124261, 3.3726753946342636, -0.5225104754123574, -4.897903808100253, -2.218314967078128], [-8.392571702568535, -2.5281158148098664, 4.308924642266636, 0.12979683838317668, -1.7513311672815624, 3.9685001320628954, 9.582922591616299, 0.18236103130377068, -6.992986956275963, -7.210577945063599, -1.0212804043965065, -2.154865866377536, -0.10397221733196904, 5.970133930496444, -7.656160556327203, -1.7456751720455517, 4.3819054090562615, -0.6275421172824349, -5.324783201853802, 0.57313201708918, 1.7123557677290024, 1.5304631005858964, 