{"generation": 572, "board_size": 10, "snake_size": 3, "input_direction_count": 8, "apple_return_type": "boolean", "segment_return_type": "distance", "network": [{"layer": "dense", "input_size": 26, "output_size": 30, "weights": [[-0.6604305403438682, -0.9981136675829111, 3.8045603122932365, -4.494662819023509, 2.5006124453011904, 3.9416321338270617, -5.441484944494609, 2.753149133381612, 3.827983358995853, -1.655701071951669, -6.747661599300035, 4.2290071255441735, 1.716652883862967, 4.157409818658906, -1.396302049913548, -5.0293034522324, 1.3769669737834629, 3.5426264914045142, 6.173714932939646, 0.9750782735920333, 1.438387769889271, 9.833407102336384, 6.124306930329699, -1.5637637494677168, -4.826390661413724, -7.474079086800891], [-3.1320292374319294, -2.4377636033771544, -1.3477798116032942, 0.7766008223008102, 2.050404906357003, -1.0490556677692608, 2.8977064385231475, 0.7137838963368814, 0.8848988077106685, 5.09468711876967, -1.9136944868849248, 6.934377956431169, -4.895175669962909, 2.6638762707805363, 6.450161463542514, -0.44527300653499247, -0.6894931874281953, -1.1311441608631214, 0.0885324311767578, 3.9930589062081583, 0.4976909520300651, -4.009279294289888, -0.4143899706941657, 0.10415140879042695, -3.67748973601791, -0.732074474359258], [-4.425930196198436, 6.6008751477728875, 1.227354512299972, 5.103253200249759, -0.2561838239850755, 3.501679438203022, 7.289747556497711, -3.3485598350265233, 0.21580038823224457, -2.188268415417176, 1.7735180532090653, 2.1507325586254042, 1.1308156092088197, -2.241551555474877, -2.2174637414374114, 5.004108679757001, -5.034689557991302, 2.866004128359798, -0.041455348237577905, 2.4276624434288494, -7.344309733570062, -3.803616991811169, 2.585302296307809, -1.2124441330659401, -5.0562721345629305, -4.821309954299492], [1.0168651742123291, 8.611733604206677, 2.0072240325887725, 2.2056371592828325, -2.6155446630083086, 0.9426633028465996, -3.606941547029743, 4.271689019004587, -2.571425927907999, -0.10624319573865709, -4.18427120125442, 4.391645187121157, -7.1381811719112065, 6.232711057596145, 11.29833470447031, -1.636295430670743, 7.165799764703622, 2.972998267659354, -3.5443718305023233, -2.4223592454608562, 0.904873476759128, 4.159989624708954, -4.930192082372796, 1.4717421166474567, 2.469969808782441, -1.026396662741475], [11.891827072294609, -0.3905978172639363, 7.077968422611198, 1.6475592844753244, -3.8952144425699897, 3.5493650596179833, -2.501486553325586, 1.0718517627589663, -9.069061657819905, -3.7684352938127375, -6.611739142388852, 0.6923503146427302, 6.999145916664092, -0.40380443124906773, 6.952044314530668, 2.246546864541271, 4.1854586026632745, -1.6960803067294248, -2.208943062251366, -3.3832986859195118, -2.439173639790322, 2.676500067522303, 1.4205371818984036, 5.085280192933075, -4.51943823934466, 1.5431085685517945], [0.6007120639827866, 0.8626805179970533, 1.0230486779805137, -2.2573029857068825, 0.12299799389044208, 2.9971542427930995, -6.362800318336284, 4.9859813258650165, -0.7316070165338661, 3.8063255482504936, 0.9921934931892079, 3.7426251974934663, 1.666307862186485, -2.560204437664981, 2.8836561085417682, -6.70149717813066, -2.834943053907836, -9.492720970929307, 6.092812320380491, 4.17653489262433, 10.409086302517467, 14.565762425678304, -1.3586715051792018, 6.663513987884715, 3.6147017725435835, 0.2809335989032251], [3.772720227622953, -2.6137764367094656, 1.609636536269653, -4.463430133440346, 2.2262084976667103, 3.6940227298597486, 2.8448419439048798, 8.235496606739773, -4.9910797342709525, -4.751292863662969, -0.271868441031403, 0.9728269656941871, -0.5779529975963889, -2.5593776793871097, -3.6621004010688125, -3.459985619416482, -4.837312112129699, -4.911348756168121, 7.133805588461856, 8.454708148576756, -3.0066235068851053, 1.4177385487592258, -3.1147749944444367, -3.936230610929478, 4.585389089650802, -2.4291412580275265], [-1.605825954478727, 0.8214114348661511, -2.4714430488844243, 5.3653176182044815, -3.052490555177066, -4.4391751352523725, -3.9341580247366017, 1.2134745647770997, -1.3405196894851814, -1.953375636084393, 1.7388340540605913, -1.907032693159761, 1.2725077114433425, -1.1686927331089576, -2.1860132589317285, 0.06270145806611915, -2.662011317097451, -10.38631445061472, -4.487411979879254, 5.868806606821871, 9.22396757845333, 2.5874595459850545, -8.706667621734862, -3.837883908612784, 0.7868997856573721, -2.406120026149961], [0.2928628283809395, -9.95133311480104, 0.2971240779953126, -3.662009888637311, -7.056865215120883, -1.0984190639487172, 2.2499224466947325, 2.5667017687709275, 5.102874943010754, -5.803532562629364, -5.286302893645163, -6.240652847222405, -2.7165288310637963, -6.3202236806027905, 3.4020894091049714, 5.704314885682793, 0.1917775113534193, -1.7890543721762824, 0.8347284781442912, -0.5870559189882542, -6.472451980944079, 12.028961698089578, -2.999347141860798, 2.4883627444518313, -2.1912722352738996, -6.152692989066637], [2.082281020744277, -1.3912308539926348, 1.189743340736596, 0.8039751417669987, 4.319591425032803, 1.7951218045165518, 0.1981624762663795, 0.0882165481993391, -3.3168239256312537, -1.4479935889522735, 5.539691820409651, -5.63182615758641, 2.8205153018254485, -4.496353717171624, -0.04461316791097364, 1.9180908180693415, -3.6127690690121566, -1.7016750535231895, -1.1394446220256407, 1.2076352794949679, -1.5715356461508572, -4.228536338958129, 7.689703792375699, -2.2655659339272325, 0.30716050227201175, 3.2107160283661043], [-8.011736716732964, -0.43640577488099674, 2.0027185588916625, -2.4312892564467337, -0.4086182145992572, 1.542404723268777, -2.8848277472701196, -1.4844903476665352, 9.45227432822981, -3.5920825138554635, -4.86050173447053, 4.850394243468814, -2.301504020562646, -3.8339234934805364, 7.977650947304703, -3.3845649340344606, -5.968595083051923, 4.632283223968045, 6.787493441629874, 2.8901269918622097, -3.174572515743406, -5.851388851871606, -3.3031328562078004, -4.341145665499736, 1.3428803029053442, 1.517705336105788], [-3.589043718032468, -4.174612591134325, 4.736854420724785, 1.1522253087265815, -2.630000809734806, 1.5520698643940132, 6.09769791766034, 2.4600387314075527, -1.2566875643501616, 3.3233610316558067, 5.167265444511718, 2.6585217376247376, -2.3178677117881725, 0.996990693630629, -0.3013499729575895, 7.150722184638484, 8.440401944059184, -3.9304854172694075, 5.246235312811544, -8.653004251895291, 3.3627420289147563, 1.1490814640605362, 9.514930646203593, 4.847629065971699, 1.5657586478089098, 0.16341448999217667], [4.4061632534522435, -0.10120693252517116, 2.218771372970849, -1.7319928333523003, 1.635031204145707, -1.7418641147297342, -2.3428187467992068, -6.7404889497461555, -2.3910738957777338, -1.8758863029637585, -5.512651157031664, 4.052820582299156, -3.6713509849597528, 5.260440986550984, 7.15657969716242, 4.573099267799448, 0.41331318364160563, -3.9636136278263123, 2.1810441221899177, -5.016545972584226, 1.1711861715582546, -7.745168136094032, 0.5632348004556554, 0.25040150132145733, 3.520516784426181, -4.635928707531827], [3.0818445139705712, 2.158093330900699, -0.4174130436990889, 3.86340930911641, -8.562623597603377, 0.3521851050982221, -7.105888003708262, -0.06638585262729313, -1.2364556514885103, 1.9750874149189188, -2.1941245439171913, 4.825536759290665, -2.5701662163627557, 1.1128423499614093, -0.1723969776689207, -0.20992179398206978, -6.967058293055752, 0.8451713150162616, 6.554436785964311, 7.461313940672512, -1.3154651967996198, -1.38577636046102, 4.08951840393886, -1.7140470110741228, -4.897903808100253, -1.3496136483880135], [-7.832346873912653, -4.462923588742636, 4.380907286427366, 0.12979683838317668, -1.7513311672815624, 3.3130196780039403, 8.79604853011339, 1.9092895738851552, -8.391796008856105, -6.430181245959144, 0.3979421281627158, -1.485225780427887, -1.6990804098692243, 6.016565821962253, -7.656160556327203, -1.8816891115890169, 4.716843751140593, -2.3643333465881344, -5.462480848028577, -0.37934731062059046, 1.858152148990836, 3.2278999205176495, 