{"generation": 576, "board_size": 10, "snake_size": 3, "input_direction_count": 8, "apple_return_type": "boolean", "segment_return_type": "distance", "network": [{"layer": "dense", "input_size": 26, "output_size": 30, "weights": [[-0.6604305403438682, -0.10214395388666486, 1.9548047056513647, -5.440597246238399, 2.3631877024858055, 4.082218576741424, -4.073514078743722, 4.522864829118733, 6.466966258376335, -1.6785396567659205, -5.38686237339612, 4.403297277232738, 2.9638129770012576, 3.8600795044637657, -0.4647484388821432, -5.341510107733806, -0.3381626051152815, 2.0201272820083442, 4.804324121872945, 0.2273634975654733, 0.36127927050246833, 9.705421459683132, 4.88388776568378, -1.853082445973687, -4.920644586478315, -7.65516078707939], [-3.7670841479006523, -1.8594378667677423, -2.0920037161844083, 0.9706936759197088, 3.286974607695203, 0.7888809505867863, 2.9983056254746296, 3.779941121779356, -0.39712842748360044, 3.393127292228308, 0.05551645202089367, 4.235910909012098, -5.099804893940911, 2.6638762707805363, 9.742145821065277, -0.44527300653499247, -1.1143490292179525, -3.2048797970195166, 2.2467913411533678, 4.305894747813447, -3.4928433175534375, -4.009279294289888, -0.12665753195544277, 0.9381211688143363, -2.1960416389957707, -0.880165856700114], [-6.372659180137219, 4.8160885480314946, 2.5703217651245422, 3.5970424428540735, 2.3862334557702107, 3.703986993364568, 8.138555282914407, -3.0684546406662747, -1.3811706852058265, -1.8245257857103065, 1.6078663021556971, 4.094120120481101, 1.0436273421528404, -1.1783205399915204, -3.592365246583355, 5.4600701359974595, -3.9760434103980717, 4.676729591011572, 1.8301444698149678, 1.7746231337539027, -5.989964326157486, -6.2990904861558565, 1.1044238992193696, -2.2921960007674094, -6.303978696224252, -7.202897618774262], [-0.1678965234456724, 6.529205654625565, 3.1366134065769247, 1.0471556327452793, -3.1524034136452537, 2.98155336488436, -5.376261174267971, 3.88661995738143, -2.571425927907999, -3.8481970258171527, -4.18427120125442, 4.391645187121157, -4.511509118682034, 6.232711057596145, 11.29833470447031, -1.924273355781885, 4.022281781361546, 3.4252798067840353, -3.079660248007949, -1.9906278050429789, 1.6308302716581713, 5.435033928206071, -3.2339335876976554, 1.641857441787345, 4.059179148087288, -0.44439515661885476], [11.18498428443398, -1.0387975152604396, 4.447462165112387, -0.9457177814439364, -3.8952144425699897, 4.0197584694863915, -1.2522287525701385, 2.0864104655228655, -8.95923750298122, -3.639918728089794, -6.002941106133136, 1.662559978501053, 6.748425060629436, -0.6158358143766811, 6.435157435090035, 1.5542356807693203, 3.0654125689603493, -0.6953098089094114, 0.5144601158686215, -3.3832986859195118, -1.410284679326503, 3.5195792529871817, 2.0551916884835353, 5.085280192933075, -4.51943823934466, 1.5431085685517945], [0.14521427730236927, 0.24008625122226046, 1.0230486779805137, -1.6518111334566667, 0.5361774763905283, 2.9971542427930995, -6.362800318336284, 5.713013393623856, -0.4149742534238855, 5.430368916446405, 1.4468293612927763, 4.083031193296077, 1.7328210079774027, -2.560204437664981, 3.1404519124521, -6.70149717813066, -2.834943053907836, -9.492720970929307, 4.159065336966076, 4.226688357852369, 9.124696210667462, 14.565762425678304, -1.3586715051792018, 6.5483819984489395, -0.15581339976546066, -1.5485019602372696], [4.3156024968585225, -2.1471488410641237, 4.012283983777141, -4.463430133440346, 1.9099478627033553, 2.27602045240413, 4.5414038582776435, 9.620710688281498, -6.0449481425175025, -2.9180612112099507, -0.16222205911797832, -0.22616603527803436, -3.459696206287518, 0.32082194210839177, -1.489196177162216, -3.930295967915105, -4.566054731058237, 1.2437178062509255, 6.658646933707097, 8.349817712188187, -3.0066235068851053, 1.0938875829423058, -2.029856892855656, -3.936230610929478, 5.422876836813112, -3.7290637377036777], [-2.4444712855362045, 4.002311924605954, -2.4714430488844243, 7.686248120735731, -3.052490555177066, -4.341865197491393, -3.9341580247366017, 1.3210116829596898, -1.8328522504192304, -2.67485300582272, 3.00192775388947, -4.104640527998119, 4.114090734983887, -3.9988524046382516, -2.3822976750035183, 0.06270145806611915, -3.997537408494451, -8.67005288353854, -2.382209537093452, 5.868806606821871, 9.125674199409929, 0.34793452875148667, -7.0157794705366, -2.2208938641156717, 3.2023294088996828, -2.546047219298398], [0.5845096453633466, -9.925063240944525, -3.1454189916443367, -3.15685713418031, -2.8224834254156046, -2.1564390769188115, 3.4199041555535437, 1.252693854215973, 6.885776123237096, -2.188330344731251, -5.632705653354588, -4.087167790924957, -2.7165288310637963, -5.21777633463894, 3.4020894091049714, 1.699668790316343, -3.3006432313434333, -0.46529656782717993, 0.12832036082453913, -0.5870559189882542, -6.0469040970416685, 7.509186925095714, -1.8270697517816992, 1.9495373133911418, -2.1912722352738996, -6.574289429181249], [2.082281020744277, -1.6570522830414551, 0.6687053300032415, 0.8039751417669987, 2.118202193617992, 2.1538271640286104, 0.1981624762663795, 2.083286258134094, -1.0226454228048119, -5.493703310359423, 5.344232750100924, -6.6852854230952685, 2.800499193447897, -5.260866743144129, -0.007396206017408646, 2.123954802860113, -2.634554267551434, -0.10140327720378883, -0.35511189704760193, 0.3410026933917199, 1.3373510267759245, -4.1642072843526625, 6.516409507403099, -2.24073591414988, 0.9607805955862064, 2.143460255822327], [-8.011736716732964, 0.7872170281895793, 3.03814945074886, -4.17898786765788, -0.7875388139530187, 0.07210534198107765, -2.0145133008939156, -0.7953655591830417, 9.877230494547474, -3.5901981311897107, -4.86050173447053, 4.118212335118021, -2.301504020562646, -3.8339234934805364, 8.133642692337016, -4.425562750904227, -5.918065416985834, 2.0116991396928574, 5.7684724406625785, 3.732630747288395, 0.3373396313954762, -4.513022970441233, -3.3031328562078004, -4.240720430601478, 1.3428803029053442, 1.6483646639848355], [-1.9489065928488114, -6.6115984139897, 4.31079579104576, 1.1522253087265815, -3.7646830899015713, 1.5520698643940132, 6.09769791766034, 2.4600387314075527, -1.7213333265385546, 3.3233610316558067, 5.167265444511718, 0.4582147397953731, -2.6323558638093187, 0.21676733355279088, -0.3013499729575895, 7.150722184638484, 8.012890246649338, -5.066545830022092, 4.733889847976122, -8.85816585766902, 2.6344256014494176, 1.0038842471761455, 9.691861831891817, 5.310741442471562, 3.1872267554492923, -0.7815744236476797], [4.206400021317948, 2.733264629982107, 1.7440843903472847, -2.1766233937625423, -0.03266144697920714, -1.7418641147297342, -2.3428187467992068, -6.5875061756412725, -2.3910738957777338, -1.8758863029637585, -7.623546776688899, 3.0401818390003976, -2.4477948927053133, 5.260440986550984, 7.15657969716242, 4.573099267799448, -1.4345452480323515, -3.9636136278263123, 1.4707344411981367, -4.441833198523373, 1.493035754967729, -7.745168136094032, 0.5632348004556554, 0.2912027781027718, 3.520516784426181, -4.635928707531827], [3.0818445139705712, 2.158093330900699, -0.4174130436990889, 3.86340930911641, -8.794753916174285, 0.5205072858109923, -7.105888003708262, -1.116234201839181, 0.6142986947526049, 1.9573817016498765, -2.1941245439171913, 3.5305806701582525, -1.2985890441181092, 1.1128423499614093, -0.1723969776689207, 0.47050117119546797, -6.967058293055752, 2.816322986629162, 5.828664339463168, 8.000401016143236, -2.9670132113573082, -1.38577636046102, 3.3726753946342636, -1.1334387274574902, -4.897903808100253, -2.9473152400234017], [-8.156765635767343, -3.2135994688329332, 4.380907286427366, 0.12979683838317668, -1.7513311672815624, 3.3130196780039403, 8.79604853011339, 1.776793186871696, -7.801789086623409, -6.541302030946025, -3.2508686688032387, -3.2659431058359165, -3.1942262727585407, 6.016565821962253, -7.656160556327203, -2.5694200514359617, 4.716843751140593, -1.695268055914075, -5.462480848028577, -0.37934731062059046, 1.858152148990836, 3.2278999205176495, 