{"generation": 574, "board_size": 10, "snake_size": 3, "input_direction_count": 8, "apple_return_type": "boolean", "segment_return_type": "distance", "network": [{"layer": "dense", "input_size": 26, "output_size": 30, "weights": [[-0.6604305403438682, -0.9981136675829111, 3.828606880843996, -5.240995281061214, 2.5006124453011904, 4.082218576741424, -4.073514078743722, 4.35667718443868, 6.466966258376335, -1.2949442388976524, -5.717836633778691, 5.098890884466938, 4.148211134415052, 5.2371063429236475, -0.5442606430977117, -5.932666740944146, 4.064944509890551, 2.7038021691318, 4.735652255827621, 0.7152864628440893, 0.36127927050246833, 8.644402687846743, 4.88388776568378, -1.853082445973687, -4.920644586478315, -7.677901228989912], [-3.737086392592594, -1.6280541260214096, -1.900279736481555, 0.9706936759197088, 3.286974607695203, 1.1335485736615678, 1.9315482890010471, 4.4336578776159, 0.7932802072888658, 3.752902070723845, 0.33420707364928914, 4.197027296840231, -5.402338938631805, 4.6396090048127805, 5.491155747863821, 1.9041059509894729, 0.9272859145416499, -1.1311441608631214, 0.03878964271893426, 3.911487612662014, -2.7196990300145396, -5.7345002277996295, -1.4291269528762016, 0.10415140879042695, -5.034369943312174, -1.2181489275994395], [-7.01812770444496, 4.8160885480314946, 2.5703217651245422, 6.167606302827548, 0.5817041595531336, 4.561738603099365, 7.200931778444032, -3.3485598350265233, 3.994715466434021, -1.8245257857103065, 1.7735180532090653, 2.1507325586254042, 0.3620288353529827, -2.4318219812125315, -4.575096251455906, 4.604189529648679, -6.2306355529299005, 1.7375986386980082, -0.041455348237577905, 3.139563892223199, -7.344309733570062, -6.047975447049648, 3.121845348370985, -1.8768318883827444, -5.429925890841965, -4.821309954299492], [2.687481395900628, 7.510642895767154, 2.928473516121961, 3.2134170217838918, -2.6155446630083086, 4.3004549629893765, -5.376261174267971, 3.88661995738143, -2.571425927907999, -3.8481970258171527, -4.18427120125442, 4.391645187121157, -4.511509118682034, 6.232711057596145, 11.29833470447031, -1.924273355781885, 4.022281781361546, 3.4252798067840353, -3.5443718305023233, -1.9516236287881574, 0.7327737508040293, 4.773683264586055, -3.2339335876976554, 2.069047586468261, 4.3138299893734455, -2.6140459902216713], [11.18498428443398, -1.772170608486249, 5.579157084967911, -0.9457177814439364, -3.8952144425699897, 4.0197584694863915, -1.2522287525701385, 1.0718517627589663, -8.906742104726192, -3.264049722755367, -6.002941106133136, 0.6770693633063963, 6.901036709534078, -0.6158358143766811, 6.435157435090035, 1.5542356807693203, 3.0654125689603493, -1.0438421982207746, 0.5144601158686215, -3.3832986859195118, -1.9235008429529794, 3.5195792529871817, 3.560612099781964, 5.085280192933075, -4.51943823934466, 1.5431085685517945], [0.14521427730236927, 0.24008625122226046, 1.0230486779805137, -1.6518111334566667, 0.12299799389044208, 2.9971542427930995, -6.362800318336284, 5.541301085102888, 0.20052005244200777, 5.229399147590911, -0.08909662486751257, 4.083031193296077, 1.6813589495783505, -2.560204437664981, 3.1404519124521, -6.70149717813066, -1.9015188945366526, -9.492720970929307, 4.159065336966076, 4.226688357852369, 9.124696210667462, 14.565762425678304, -1.3586715051792018, 7.660529581576226, 2.5890229530798474, -1.066711389774126], [3.6293424517840354, -2.1471488410641237, 1.034085560214125, -4.463430133440346, 3.444723643022524, -1.2402315483422557, 2.644208489341232, 9.620710688281498, -5.118540857119536, -4.819412905129815, -0.16222205911797832, -1.2789956024960416, -0.618396355235605, 0.32082194210839177, -1.489196177162216, -3.930295967915105, -5.364318695159465, -1.7052812809048823, 6.665202335166835, 8.454708148576756, -3.0066235068851053, -0.5308557867048336, -0.7048260042249574, -2.0023800762347133, 5.422876836813112, -1.396433406863162], [-3.7676147352885314, 4.002311924605954, -2.4714430488844243, 6.616326665207732, -3.052490555177066, -4.341865197491393, -3.9341580247366017, 2.6756658121642856, -1.8328522504192304, -2.67485300582272, 4.530006361149457, -4.717848027493224, 4.114090734983887, -3.9988524046382516, -2.3822976750035183, 0.06270145806611915, -2.662011317097451, -10.089297958870123, -0.9825458415713382, 5.868806606821871, 9.125674199409929, 1.0496304276848225, -7.0157794705366, -2.2208938641156717, 3.264174510134349, -2.546047219298398], [-0.23001301607591357, -9.95133311480104, -1.5388034148926473, -4.400365908789827, -5.7531552389966185, -2.1564390769188115, 1.9038302419140898, 0.5530187448551295, 6.885776123237096, -3.6978770636942215, -5.632705653354588, -4.087167790924957, -2.7165288310637963, -5.21777633463894, 3.4020894091049714, 4.004147873856716, -2.506489901612478, 0.8276952420905108, -0.5132058181240122, -0.5870559189882542, -6.0469040970416685, 7.509186925095714, -1.8270697517816992, 1.8338774118310235, -2.1912722352738996, -7.039746856358159], [2.082281020744277, -1.5495179999477746, 0.6687053300032415, 0.8039751417669987, 2.758966744125451, 1.9879855826168522, 0.1981624762663795, 1.4623437884938455, -1.0226454228048119, -4.10287794864702, 5.344232750100924, -6.576593875179954, 1.6964327258626684, -5.260866743144129, 1.022022711407896, 1.3447879680381538, -2.8616486657993168, -0.8509959249705064, -1.5009103422524586, 1.1763357447478096, -1.3996484124747874, -4.248560328163388, 6.516409507403099, -2.38093139025966, 0.9607805955862064, 2.265754818103579], [-8.011736716732964, 1.5496956884008153, 4.953981459686571, -3.4474268695737806, -0.5670457715398375, 4.1775782819595015, -2.0145133008939156, -1.4844903476665352, 9.699048126949089, -3.217007049592132, -4.86050173447053, 3.9395279041130906, -2.301504020562646, -3.8339234934805364, 8.060806936794267, -3.3845649340344606, -5.568512230375352, 3.3044305132073943, 5.130936393242653, 4.250996997067178, -2.698987949971645, -4.557820496268362, -3.3031328562078004, -2.2258382996007664, 0.37700611478640167, 1.9162989843472564], [-1.6718685217141656, -2.6472816479027297, 4.54626688695332, 1.288868625340716, -2.2090622665219275, 1.8969603840871567, 5.406962167646041, 0.8224714506083359, 2.528405923327638, 5.755247725994385, 3.6404711724560856, 5.611196007052786, -5.0425528715609635, 1.6149139175942095, 2.087701848045256, 4.84612238330362, 6.383487820463021, -5.066545830022092, 2.6116004094951664, -8.85816585766902, 5.045574192464232, 0.6570804283701206, 9.901842435434661, 4.946823022998891, 3.274028700188765, -0.658482034977841], [1.3488719040065555, 1.1192644016274338, 2.3941343372157218, 0.15130217782120337, -0.07787325920587432, -3.2424397134240133, -2.7590216621597508, -5.830565133369621, -0.3142956571946067, 0.46515484983429023, -5.206932861599461, 2.2811537887356135, -3.6713509849597528, 5.579580506934173, 7.342031722502305, 7.1510432952433876, -0.5944202030247197, 0.2398172622205736, 1.032032721405933, -5.2369703419585285, -0.13416638674086245, -7.8577802668774455, 2.1555761464554433, 2.013589190278808, 2.0236721996542517, -3.1705873304555556], [2.1755359877769695, -0.15532947709727818, -0.4174130436990889, 5.532899025205513, -8.52738874733956, 0.3521851050982221, -6.843047769777894, 1.0284457727771843, -1.2364556514885103, 2.1163340722719934, -2.5925597869454524, 3.800503953421938, -1.9269884310663339, 2.9079258971783872, -1.0786213666550195, -1.0805348038624327, -7.52075982567292, 6.176939839043023, 6.799703310299859, 7.559570618547648, -1.3154651967996198, -1.2412113233345587, 3.3726753946342636, -1.6375703750779969, -4.897903808100253, -2.218314967078128], [-8.156765635767343, -2.154067681894447, 4.734572587247813, 1.4156726359101377, -2.4545044400653664, 3.0850737441553218, 10.674606567403952, 1.147761568037809, -7.070974790932929, -9.30843832387944, -0.6225859637443705, -1.2542905543468386, -2.0180214467798105, 6.68409102130759, -7.656160556327203, -4.639902792082393, 2.1157024310969783, -0.6275421172824349, -5.324783201853802, -0.23190164178314907, 0.3234855103809251, 2.4736684430088136, -0.5952154835730356, 