{"generation": 569, "board_size": 10, "snake_size": 3, "input_direction_count": 8, "apple_return_type": "boolean", "segment_return_type": "distance", "network": [{"layer": "dense", "input_size": 26, "output_size": 30, "weights": [[-0.6604305403438682, -0.9981136675829111, 0.8267066826468935, -4.646011259537754, 2.5006124453011904, 4.082218576741424, -4.073514078743722, 3.9558059468889875, 6.097625973674763, -1.2877982333828333, -5.573947274549805, 4.403297277232738, 2.2165262050442514, 5.57875451257478, -0.10168254782519714, -6.564864985399874, 3.888876601864821, 1.5246847533057433, 4.587129344962273, 2.4853579217480397, 0.20711909165143302, 9.705421459683132, 4.88388776568378, -1.853082445973687, -6.047496884810064, -7.65516078707939], [-3.7670841479006523, -2.604395536124934, -1.5128045376939951, -0.30759327367648004, 3.286974607695203, 1.1335485736615678, 2.9983056254746296, 6.835902226818629, 0.7932802072888658, 5.339246928495132, -0.9879478923134681, 4.002378951366721, -3.5543364522645664, 2.3693140160897252, 6.417455642824165, -0.19197316308127366, 1.838544363333533, -2.1956892480750394, -0.3630812052296916, 3.6654907437827107, -1.3623757629689388, -3.0531049074688568, -1.6610494944109297, -0.8419082887057281, -4.783690525827829, -1.0800171495173476], [-9.825703924134741, 4.314895441917626, 3.5376531384274013, 4.353001281385309, 2.130173687523757, 3.425920463004901, 7.200931778444032, -3.9747825336797913, 8.357836415189238, -1.8206132540234852, 2.0932374583322515, 2.1507325586254042, -0.36022047287148906, -2.241551555474877, -3.114786161280936, 4.604189529648679, -5.250280464344415, 3.8219981082362824, 1.7447313200194599, 0.6503657558586533, -7.344309733570062, -3.7983644767784543, 5.62843713980018, -1.694421196194751, -4.351229131566764, -4.821309954299492], [1.9895224035963548, 7.510642895767154, 3.60392450024406, 2.9058303704249777, -2.7937725769804413, 2.22554806251806, -0.9623614269374545, 4.740533855843525, -3.7116487080676444, -2.4892392426964554, -8.051286871949182, 2.6567374017293046, -4.511509118682034, 6.232711057596145, 11.29833470447031, -2.1245692814962642, 3.208605573235169, 3.4252798067840353, -3.5443718305023233, -1.3192875634112855, 0.7327737508040293, 3.8184011910086344, -3.2339335876976554, 0.26211537727466805, 2.5080049119999686, 1.0262568632896445], [11.18498428443398, -2.230575607506422, 5.868039430232765, -1.4119089287226025, -1.995542783870769, 3.5493650596179833, -1.1864100430179116, 1.4934716703286863, -8.906742104726192, -3.377538181859652, -6.002941106133136, 2.7368589653370927, 6.901036709534078, 0.9973186460879269, 8.417922258434121, 2.1640477475202955, 3.0654125689603493, -1.0438421982207746, 0.5144601158686215, -3.3832986859195118, -1.9235008429529794, 1.3961536030684247, 1.879895625898553, 5.6324015856381235, -4.51943823934466, 2.013369321836304], [0.9825025271116046, 1.2782283450757945, 1.0230486779805137, 0.7803261309666885, -0.6879134710153989, 2.9971542427930995, -5.009831196670245, 5.943763222218046, 0.615889641500842, 3.0538989679845105, -2.3761464147167923, 4.813462478730593, 1.666307862186485, -3.6154193523104956, 2.8836561085417682, -6.70149717813066, -1.8040066751301218, -10.353506662016283, 3.5654374554198895, 4.226688357852369, 9.124696210667462, 14.185417955960274, -2.5113728099015202, 7.133098306421796, 2.7318473437602373, -0.9829895673095839], [4.170201450464761, -2.1471488410641237, 1.727144228089763, -4.463430133440346, 3.444723643022524, 3.6940227298597486, 2.644208489341232, 10.738837110167701, -5.040961423777823, -4.751292863662969, -0.16222205911797832, 1.2998480767498632, -0.5779529975963889, -1.2892121934153815, -3.9230249025091624, -3.930295967915105, -4.837312112129699, -0.8440494119413235, 6.021742258489874, 8.131506382180426, -3.0066235068851053, 0.7522739496437802, -1.5503106571717535, -3.5845519302954925, 5.4270389909026715, -2.4291412580275265], [-1.605825954478727, 0.3871754384469799, -2.4714430488844243, 6.389337071400369, -2.001061907425188, -4.0761959600045845, -3.216477266921838, 3.0220591417006593, -2.6102371135651876, -1.7361689133475584, 3.00192775388947, -1.907032693159761, 3.749346150989021, -0.9483058853551447, -3.2655107346303023, 0.06270145806611915, -2.662011317097451, -9.950704635114612, -4.487411979879254, 4.8172986228364625, 9.22396757845333, 1.0496304276848225, -6.773293831865474, -1.541639495704553, 0.6739912927617402, -1.4222591063286634], [0.2928628283809395, -10.15987070531797, -1.0477885277146344, -1.491803952830537, -1.0864126845858855, -3.846268587951295, 1.9038302419140898, 2.5667017687709275, 5.102874943010754, -2.744454958736779, -4.184056237252396, -3.905500988184272, -3.8279199563389437, -6.149561449384493, 1.1317917722361939, 5.704314885682793, 0.1917775113534193, -0.6460268716866413, -0.5132058181240122, -0.9597982924659911, -6.241557951535521, 7.509186925095714, -3.173083484681601, 2.800655442588448, -2.1912722352738996, -6.574289429181249], [3.4912920252244692, -0.8699854057784908, -1.0699309264768977, 0.8039751417669987, 3.1444566279126653, 1.9403096388226506, -0.16130134034420818, 2.401452691666395, -3.5194793413503564, -1.4912599916170812, 5.344232750100924, -5.63182615758641, 2.1020026335326474, -5.494388922056172, 1.022022711407896, 1.9180908180693415, -3.6215502650460674, -0.8509959249705064, -2.904116395809305, 1.1763357447478096, -0.5225015599743092, -4.228536338958129, 8.646724327160044, -2.38093139025966, 0.9607805955862064, 2.27717838012734], [-8.011736716732964, -0.43640577488099674, 1.525466104777096, -4.17898786765788, -1.482202944932396, 1.1018203669433055, -2.0145133008939156, -1.4844903476665352, 9.877230494547474, -5.00724917141301, -5.066949135856391, 4.371634675080968, -2.301504020562646, -3.8339234934805364, 7.977650947304703, -3.1451841513279803, -5.226487604612355, 3.2326384504520016, 6.787493441629874, 3.7756266274962167, -0.8382428066301809, -4.990006166291881, -3.3031328562078004, -4.835803988524533, 1.3428803029053442, 1.517705336105788], [-1.9489065928488114, -6.6115984139897, 4.31079579104576, 1.1522253087265815, -3.3858356733254635, 1.5520698643940132, 6.09769791766034, 1.8522643752527177, -1.2566875643501616, 3.3233610316558067, 5.167265444511718, 2.0583078942733875, -2.6323558638093187, 0.21676733355279088, -0.3013499729575895, 7.150722184638484, 7.782411384950302, -5.066545830022092, 4.0239741049025115, -8.85816585766902, 4.704113330493966, 1.0038842471761455, 9.901842435434661, 4.946823022998891, 3.62519809190005, 0.16341448999217667], [4.064792926181084, 0.24155512112014293, 2.5624851390029177, -0.22613569447230897, -0.03266144697920714, -1.7418641147297342, -2.3428187467992068, -6.5875061756412725, -2.3910738957777338, -0.2867275310028742, -6.856329034679108, 3.0401818390003976, -3.7664171896983314, 4.642453406460357, 7.342031722502305, 6.152662378989091, 2.735796079770491, -3.9636136278263123, 2.1810441221899177, -4.441833198523373, 1.493035754967729, -5.919793952725844, 0.2767487378819285, 0.5427148453645411, 3.520516784426181, -3.177096602280916], [3.561576630278761, 1.6900958059554396, -0.4174130436990889, 3.86340930911641, -8.394044953018767, 0.3521851050982221, -6.935794913794375, 0.9859156607565398, -1.84406176166994, 1.6451778345199233, -3.8469309705482733, 3.5305806701582525, -2.4315478396380796, 1.438718011452026, -0.1723969776689207, -0.4519464673823351, -5.977061535523325, 3.952590761346287, 6.799703310299859, 8.000401016143236, -1.3154651967996198, -0.04904507572440808, 3.324544046596244, -1.1334387274574902, -5.6890634424570345, -2.218314967078128], [-8.156765635767343, -2.659810580862758, 3.2481625790543873, 0.12979683838317668, -0.7559886801897172, 3.3130196780039403, 9.582922591616299, 1.3864677342666942, -8.225988190772867, -8.703033632504129, -0.6225859637443705, -1.485225780427887, 0.0037655133070095825, 5.145262594836952, -7.656160556327203, -2.4699618595183477, 5.8589064543846945, -0.003989518144499216, -5.324783201853802, -0.23190164178314907, 1.7123557677290024, 4.149235564884033, 