{"generation": 575, "board_size": 10, "snake_size": 3, "input_direction_count": 8, "apple_return_type": "boolean", "segment_return_type": "distance", "network": [{"layer": "dense", "input_size": 26, "output_size": 30, "weights": [[-0.6604305403438682, -0.9981136675829111, 1.9548047056513647, -5.440597246238399, 2.5006124453011904, 4.082218576741424, -4.073514078743722, 4.926938605061434, 6.466966258376335, -1.2877982333828333, -5.525547997383779, 4.403297277232738, 1.8691354052665985, 3.8600795044637657, -0.10168254782519714, -5.341510107733806, 1.3769669737834629, 2.7038021691318, 4.542887701552473, 1.3082296303081118, 0.014835994312080436, 9.705421459683132, 4.88388776568378, -0.9578676253064432, -4.920644586478315, -7.65516078707939], [-3.7670841479006523, -2.571611718155629, -1.3477798116032942, 0.9706936759197088, 2.6469783854420355, 1.1335485736615678, 2.9983056254746296, 3.779941121779356, 0.7932802072888658, 3.752902070723845, 0.05551645202089367, 6.331421005342471, -5.099804893940911, 2.6638762707805363, 8.25251831684625, -0.44527300653499247, -0.6118833716480652, -1.6083137968333485, 0.5032867776744098, 3.5703275678243624, -2.2220167759040503, -4.009279294289888, -0.5455547694727937, 0.10415140879042695, -3.67748973601791, -0.880165856700114], [-7.01812770444496, 4.448741575707141, 2.5703217651245422, 4.353001281385309, 2.9298869453807925, 3.501679438203022, 7.200931778444032, -3.6597895873170803, 2.9297826914573726, -1.8245257857103065, 2.3080222052776174, 4.354362219050303, 1.0436273421528404, -1.7401895293282177, -1.6969531628655727, 5.367927883360999, -5.563598609287158, 3.2615247131364233, -0.041455348237577905, 0.8534305276930537, -8.137708174597542, -6.047975447049648, 2.585302296307809, -1.8768318883827444, -4.357326238998659, -4.821309954299492], [0.6631365003025849, 7.38041885590325, 3.300385345095413, 2.064969220207692, -2.6155446630083086, 1.5190572588343794, -3.606941547029743, 2.9840693817824664, -2.571425927907999, -2.0684007435881604, -4.18427120125442, 2.81699146039133, -3.97262621442859, 5.058782197659076, 12.361998378847312, 1.9198779196891402, 3.712803382353803, 3.4252798067840353, -3.5443718305023233, -3.270121676009044, 1.377118531500145, 5.435033928206071, -3.7637362540256603, 0.5228291600584496, 2.5080049119999686, -1.026396662741475], [10.689388270503715, -0.8272267933664804, 8.218891690482943, -2.0554417561263385, -2.9778894762304557, 3.5493650596179833, -2.501486553325586, 1.8819840128129548, -10.062840176736268, -2.5248219872438606, -6.886007284990173, 0.6923503146427302, 6.901036709534078, -0.6158358143766811, 7.06713477770937, 1.7834054907722743, 3.194176663692715, -0.8163962286992028, -1.5328180607656376, -3.1861523186062075, -1.9235008429529794, 5.366106386800558, 3.5597131304877037, 5.085280192933075, -4.51943823934466, -0.49094783092456384], [-0.23636418816282959, 0.4813902702941102, 1.1764330787956063, -1.6518111334566667, -0.6879134710153989, 2.737360112075802, -5.009831196670245, 5.541301085102888, -0.5004301846736373, 3.8063255482504936, -0.6819587203485579, 6.008330080508914, 1.3105633163660866, -3.6154193523104956, 2.8836561085417682, -7.3973131391481, -2.834943053907836, -10.353506662016283, 4.562661113200322, 4.226688357852369, 9.124696210667462, 14.185417955960274, 0.20160825027756624, 6.385028763079696, 1.8232863242907102, -0.9829895673095839], [4.170201450464761, -2.1471488410641237, 1.727144228089763, -4.463430133440346, 3.444723643022524, 3.6940227298597486, 2.644208489341232, 10.226076572416876, -6.0449481425175025, -4.751292863662969, -0.16222205911797832, 0.07610244131976279, -0.5779529975963889, -1.2892121934153815, -3.044870306348598, -3.930295967915105, -3.559833455402532, -0.8440494119413235, 6.021742258489874, 9.088689497777821, -3.6116821323235486, 1.0938875829423058, -1.274860951763246, -3.5845519302954925, 7.8663712658479685, -1.924044798382617], [-1.605825954478727, 1.638696434532936, -2.4714430488844243, 6.469676924570701, -2.001061907425188, -4.4391751352523725, -4.7121456635407215, 2.6756658121642856, -2.564284112429208, -1.7361689133475584, 2.192445869235177, -1.907032693159761, 4.683226172446937, -0.4288757610177718, -2.3822976750035183, 0.06270145806611915, -2.1073933336748203, -10.837923013808503, -4.487411979879254, 4.927103783157183, 9.22396757845333, 1.0496304276848225, -6.773293831865474, -1.541639495704553, 0.6739912927617402, -0.7625748872332387], [0.7859516279186399, -9.650287838557988, -1.0477885277146344, -0.807680515476517, -1.516955598823045, -3.8332646755380506, 2.7512398705565633, 2.5667017687709275, 5.102874943010754, -3.6978770636942215, -4.184056237252396, -4.8514132056021655, -3.8279199563389437, -6.220431476081739, 3.4020894091049714, 4.004147873856716, -2.1975396744259617, -1.047163105301095, -0.05980486414302644, -0.5870559189882542, -5.373531316276076, 7.509186925095714, -1.8270697517816992, 1.8338774118310235, -0.2827921896751042, -6.574289429181249], [2.082281020744277, -3.0306591997997194, 0.6687053300032415, -2.0351995042962736, 1.0133022624440293, 1.9879855826168522, 0.1981624762663795, 1.4623437884938455, -1.0226454228048119, -4.10287794864702, 5.344232750100924, -6.12098034377417, 1.6964327258626684, -5.260866743144129, 0.9806027829065577, 1.20246593404908, -2.8616486657993168, -1.7324607410254673, -1.1893472292184304, 1.5730322202230627, -1.2547648904779403, -4.1642072843526625, 6.0504225541186685, -2.38093139025966, 0.9607805955862064, 2.7139293124070587], [-8.011736716732964, 0.7872170281895793, 3.03814945074886, -3.257495170839615, -0.4086182145992572, 1.3806734971128716, -2.0145133008939156, -3.247607068062928, 9.877230494547474, -2.531881699763275, -4.86050173447053, 5.450998592067353, -2.301504020562646, -5.229917860662324, 8.035834124632975, -3.3845649340344606, -4.914195308134012, 3.0616714906454012, 6.746275650377934, 4.477499732119785, -2.186155347841327, -4.985586573455338, -3.3031328562078004, -2.2258382996007664, 1.3027116352859052, 0.8637542465049043], [-1.6718685217141656, -5.322563720440591, 4.736854420724785, 0.8684553899897964, -2.2090622665219275, 1.8969603840871567, 7.059211741388689, 0.42571950969013006, 0.79958979578596, 5.755247725994385, 3.6404711724560856, 5.758549872164175, -5.0425528715609635, 1.6149139175942095, 2.386972643482142, 5.274552273335302, 6.383487820463021, -5.066545830022092, 2.6116004094951664, -8.85816585766902, 3.4033749146658003, -0.004173903142704827, 9.901842435434661, 5.916457887065226, 3.274028700188765, -1.5761605477869833], [3.0670611997997113, 1.1192644016274338, 2.3941343372157218, 0.5892731962839539, -0.07787325920587432, -3.2030258048395113, -2.7590216621597508, -4.87775340001546, -0.3142956571946067, 1.5228760443085614, -5.206932861599461, 2.688997900527111, -3.6713509849597528, 5.499030611833576, 7.342031722502305, 7.1510432952433876, -0.5944202030247197, -1.1435446579019422, 2.2629403856973735, -5.2369703419585285, -0.13416638674086245, -6.776379931078025, 1.1915803232400402, 0.25040150132145733, 2.217441354033571, -3.3867058571749014], [2.1755359877769695, 3.3358891151989516, -0.4174130436990889, 3.5308322825483907, -8.422747180616083, 1.363329533880549, -7.1467302797204, 0.3320478297872267, -0.6946569665227853, 2.1163340722719934, -2.261241564348836, 5.907759864749719, -2.4315478396380796, 3.0386510095022956, -1.0786213666550195, -0.9158908987217733, -6.967058293055752, 4.817990455334925, 6.799703310299859, 6.145886416394399, -1.3154651967996198, -1.2412113233345587, 3.3726753946342636, -1.621815520207769, -4.897903808100253, -2.218314967078128], [-7.888962935891848, -2.659810580862758, 4.734572587247813, 0.23238685503363996, -2.4545044400653664, 3.533601582994042, 10.876543700818688, 1.3381707800312743, -7.070974790932929, -5.744386176672876, -0.6225859637443705, -1.485225780427887, -1.6990804098692243, 6.490526800966668, -8.031051172665004, -5.266323023063701, 4.303980381015779, -1.9040510609578003, -5.180537832242129, -0.23190164178314907, 1.027625946162086, 4.091746603019713, 