{"generation": 572, "board_size": 10, "snake_size": 3, "input_direction_count": 8, "apple_return_type": "boolean", "segment_return_type": "distance", "network": [{"layer": "dense", "input_size": 26, "output_size": 30, "weights": [[-0.6604305403438682, -0.9981136675829111, 1.9548047056513647, -4.494662819023509, 2.5006124453011904, 4.082218576741424, -4.073514078743722, 4.35667718443868, 6.466966258376335, -1.2949442388976524, -6.554594948767445, 4.403297277232738, 3.5194134476896175, 3.2333762877861862, -0.6519441642582797, -5.341510107733806, 1.3769669737834629, 2.7038021691318, 4.587129344962273, 0.7152864628440893, 0.36127927050246833, 9.705421459683132, 4.88388776568378, -1.853082445973687, -4.920644586478315, -7.65516078707939], [-1.591525598320464, -0.07273357150074533, -3.42198171579547, 1.1963720367611184, 3.4263078322101785, 3.8058437735182404, 2.9983056254746296, 3.779941121779356, 0.7932802072888658, 3.0701092077741303, -0.4144415792207617, 4.002378951366721, -5.099804893940911, 2.9110314585933184, 7.554141408502661, -0.44527300653499247, -0.49129629363413, -0.7162392003800367, 0.0885324311767578, 3.5703275678243624, -1.5546087885423059, -4.009279294289888, -0.9015159915911805, 1.5182740377776556, -4.760114438764504, -1.1205209323999625], [-7.01812770444496, 6.066504395886508, 2.5703217651245422, 4.636009862262989, 1.1893443064206246, 4.006317768002708, 7.200931778444032, -3.3485598350265233, 6.247022300163382, -2.6966436468764883, 1.431407310036402, 2.1507325586254042, -0.6011330526169838, -0.8362714523170547, -2.5970091395997814, 4.604189529648679, -5.250280464344415, 2.331268178232468, 1.0994219957862816, -0.28204191133254186, -7.435101187393776, -5.806145263629547, 1.9425851376159664, -1.5089110585240402, -5.270152111826599, -4.821309954299492], [2.9680788928202215, 7.510642895767154, 3.719443017506929, 1.9642145361665897, -2.7937725769804413, 4.234741138240394, -5.376261174267971, 4.302684562873241, -2.571425927907999, -3.8481970258171527, -4.18427120125442, 4.391645187121157, -4.511509118682034, 6.232711057596145, 10.943393018348285, -1.924273355781885, 4.022281781361546, 3.4252798067840353, -3.5443718305023233, -1.9906278050429789, 0.7327737508040293, 5.435033928206071, -3.2339335876976554, 1.641857441787345, 4.059179148087288, -0.44439515661885476], [11.18498428443398, -1.0387975152604396, 5.579157084967911, -0.9457177814439364, -3.8952144425699897, 4.0197584694863915, -1.2522287525701385, 1.0718517627589663, -8.906742104726192, -2.937616276249233, -7.834023916597282, 1.3543951575154354, 6.345940523323092, -0.6945326437691806, 7.012498418735496, 1.5005806390968581, 3.0654125689603493, -1.0438421982207746, 0.5144601158686215, -2.8392185896690454, -1.9235008429529794, 3.5195792529871817, 2.0551916884835353, 5.085280192933075, -4.51943823934466, 1.5431085685517945], [-0.14804401132467218, 0.24008625122226046, 1.0230486779805137, -1.6518111334566667, 0.6249743316043815, 2.9971542427930995, -6.362800318336284, 5.541301085102888, -0.5613917179364077, 5.229399147590911, -0.08909662486751257, 5.015512366253673, 1.6813589495783505, -3.115526020400474, 3.1404519124521, -6.70149717813066, -2.834943053907836, -9.492720970929307, 4.159065336966076, 4.226688357852369, 8.895039275457021, 13.837528556168163, -1.3528754635881703, 6.5483819984489395, 1.422752318099145, -1.066711389774126], [5.517646549283548, -2.1471488410641237, 1.727144228089763, -4.463430133440346, 3.444723643022524, 2.27602045240413, 2.644208489341232, 9.620710688281498, -6.0449481425175025, -4.819412905129815, -0.6998010078115648, 0.4460663250340605, -0.5779529975963889, -1.5821844466810402, -1.489196177162216, -3.0069131003864307, -4.837312112129699, -1.7052812809048823, 6.665202335166835, 8.454708148576756, -3.0066235068851053, 2.2548861114999665, -3.66764595544388, -1.1694261798464898, 5.422876836813112, -1.4458519493457334], [-2.7411158441830623, 3.5590211485885286, -4.420969980721997, 6.203354215607403, -3.052490555177066, -5.932319778319057, -3.9341580247366017, 2.6756658121642856, -1.8328522504192304, -2.065819049308748, 1.8208080047248394, -4.5479261109920515, 4.114090734983887, -3.9988524046382516, -2.3822976750035183, -0.6736706277211011, -2.662011317097451, -8.67005288353854, -2.382209537093452, 5.868806606821871, 9.125674199409929, 1.0496304276848225, -7.5114260120120955, -2.2208938641156717, 3.264174510134349, -2.546047219298398], [-0.23001301607591357, -9.95133311480104, -0.44573946506449325, -3.7995563526567375, -2.8224834254156046, 0.0504752801201902, 1.9038302419140898, 1.0408698283193738, 6.885776123237096, -3.6978770636942215, -5.632705653354588, -4.087167790924957, -2.6725016584548396, -6.37716722287113, 3.4020894091049714, 4.004147873856716, -2.1975396744259617, -0.7639743763208238, -1.1819011892272606, -0.5870559189882542, -5.647562954286816, 7.509186925095714, -1.8270697517816992, 1.8338774118310235, -2.1912722352738996, -7.409437564516491], [1.0966395927500543, 0.3393492515650034, 0.6687053300032415, 0.8039751417669987, 1.9572328018932221, 1.739475592939419, 0.1981624762663795, 2.083286258134094, -0.33480679038320815, -4.131904622508124, 5.344232750100924, -6.12098034377417, 1.4972748344495792, -5.260866743144129, 0.8583148091148436, 1.9180908180693415, -3.218415446116497, 0.21538321117644732, -1.4817829567185594, 0.1136892120586721, 0.8401573430878095, -4.1642072843526625, 6.516409507403099, -2.38093139025966, 0.9607805955862064, 2.143460255822327], [-8.011736716732964, 0.7872170281895793, 3.03814945074886, -4.357825669988417, -0.9037312521541939, 0.7185596439908881, -2.0145133008939156, -1.4844903476665352, 9.877230494547474, -3.345735895755574, -5.645370064016776, 4.060258756434856, -2.301504020562646, -2.97407267045398, 7.977650947304703, -3.3845649340344606, -4.040779612810375, 3.0616714906454012, 8.033545589268998, 4.250996997067178, -3.5723633722411066, -4.985586573455338, -3.3031328562078004, -3.5031540164651305, 1.933808951138622, 1.517705336105788], [-1.6718685217141656, -2.30329725940282, 4.736854420724785, 1.1522253087265815, -2.630000809734806, 1.5520698643940132, 6.09769791766034, 2.211769581380012, -1.2566875643501616, 2.566720798084507, 4.764779716071293, 0.8462565572094904, -1.799635758807833, -0.058841619343549534, -0.4315659173339342, 7.150722184638484, 8.440401944059184, -3.486232788746703, 5.246235312811544, -8.653004251895291, 3.3627420289147563, 1.0402770903301979, 9.901842435434661, 6.750720427394158, 1.5657586478089098, 0.16341448999217667], [4.064792926181084, -0.10120693252517116, 2.218771372970849, -1.7319928333523003, -0.8914692461517402, -1.7418641147297342, -2.3428187467992068, -9.252405740351064, -2.3910738957777338, -1.8758863029637585, -4.246421463822139, 3.0401818390003976, -3.6713509849597528, 5.260440986550984, 7.15657969716242, 4.467009832315843, 0.41331318364160563, -3.9636136278263123, 2.1810441221899177, -4.441833198523373, 1.493035754967729, -7.745168136094032, 1.7834972820588804, 0.25040150132145733, 3.520516784426181, -4.915923201667618], [3.0818445139705712, 2.158093330900699, -0.4174130436990889, 3.86340930911641, -7.712248692634808, -0.057901536325629166, -7.105888003708262, -0.06638585262729313, -1.2364556514885103, 1.9573817016498765, -2.513612217717522, 3.5305806701582525, -2.5701662163627557, 1.1128423499614093, 0.04469995084977724, -0.20992179398206978, -6.967058293055752, 2.96960427931765, 5.453625111372271, 8.000401016143236, -1.3154651967996198, -1.2421577617625124, 3.3726753946342636, -1.1334387274574902, -4.897903808100253, -2.9473152400234017], [-8.156765635767343, -3.2135994688329332, 3.4902431699774223, 0.4574960885517972, -1.7513311672815624, 3.3130196780039403, 9.10689566126742, 2.4200847911037138, -9.159291755409571, -8.930371250110454, -0.6225859637443705, -0.19865441524060845, -1.6990804098692243, 5.145262594836952, -8.233929521890458, -0.11224448065756043, 4.690558954259488, -2.280145302353927, -3.7559893028971842, 0.4305430541154033, 2.8946844007393846, 2.4106990310838565, 