{"generation": 567, "board_size": 10, "snake_size": 3, "input_direction_count": 8, "apple_return_type": "boolean", "segment_return_type": "distance", "network": [{"layer": "dense", "input_size": 26, "output_size": 30, "weights": [[-0.6604305403438682, -0.9981136675829111, 1.9548047056513647, -5.440597246238399, 2.5006124453011904, 4.082218576741424, -1.400030532800435, 4.35667718443868, 6.466966258376335, -1.2877982333828333, -5.38686237339612, 4.403297277232738, 2.119740662194644, 3.8600795044637657, -0.10168254782519714, -5.341510107733806, 1.3769669737834629, 1.5246847533057433, 4.587129344962273, 0.7152864628440893, 0.36127927050246833, 9.705421459683132, 3.9517770169826107, -1.853082445973687, -4.920644586478315, -7.65516078707939], [-3.7670841479006523, -2.604395536124934, -1.3477798116032942, -0.30759327367648004, 3.286974607695203, 1.1335485736615678, 2.9983056254746296, 3.779941121779356, 0.7932802072888658, 3.752902070723845, 0.05551645202089367, 5.074470075037737, -5.099804893940911, 2.6638762707805363, 7.554141408502661, -1.0697769361585694, -1.4332130105309635, -3.325206686141113, -0.19014014435243676, 3.5703275678243624, -3.7994814304411335, -4.009279294289888, 0.2080300202213401, 0.10415140879042695, -3.67748973601791, -4.324177140000451], [-7.172980803011372, 5.092994080258053, 2.5703217651245422, 0.898617987445514, 0.43062359506021514, 2.906810094353144, 7.200931778444032, -3.6597895873170803, 2.9297826914573726, -2.5481453730759167, 1.7735180532090653, 4.354362219050303, 1.0436273421528404, -2.241551555474877, -3.592365246583355, 5.4600701359974595, -5.250280464344415, 3.0585036439640985, 1.8301444698149678, 0.40236245225150924, -5.989964326157486, -5.102970770119878, 1.9959402998606222, -1.8768318883827444, -6.303978696224252, -7.202897618774262], [1.9895224035963548, 6.511776289000433, 2.0072240325887725, 1.8166725985203036, -2.7937725769804413, 2.5149574532037215, -3.606941547029743, 3.3680562708262523, -4.5377198500199665, -2.0684007435881604, -3.8360957132387137, 4.391645187121157, -3.6798043077462084, 5.277368758692347, 11.29833470447031, -1.924273355781885, 3.013007112745542, 4.436940625627454, -3.5443718305023233, -1.3192875634112855, 0.7327737508040293, 5.435033928206071, -3.7637362540256603, 1.641857441787345, 2.5080049119999686, -0.8420709746739858], [10.689388270503715, -1.0387975152604396, 7.006966405741264, -2.942884073840971, -2.9778894762304557, 3.5493650596179833, -2.8903291277818095, 1.0718517627589663, -9.302822863750855, -1.570524921029175, -6.002941106133136, 0.6923503146427302, 8.317029107018161, -0.6158358143766811, 7.5797298234467085, -0.8789140238493486, 3.194176663692715, 0.14132005742937992, 0.15294775487498175, -3.3832986859195118, -1.9235008429529794, 2.7951394313719784, 3.5597131304877037, 5.085280192933075, -3.294623077320656, 1.5431085685517945], [-0.23636418816282959, 0.24008625122226046, 0.2868298266805007, -1.6518111334566667, -0.6879134710153989, 2.9971542427930995, -5.009831196670245, 5.541301085102888, -0.5004301846736373, 3.6651301352406036, -1.2332000360904267, 4.813462478730593, 1.666307862186485, -2.4235263096020154, 2.8836561085417682, -6.70149717813066, -2.834943053907836, -10.353506662016283, 4.159065336966076, 5.0978463928599425, 9.124696210667462, 14.185417955960274, -2.3887485378850095, 6.996275135759092, 2.8022342602931274, -0.9829895673095839], [4.170201450464761, -2.1471488410641237, 1.727144228089763, -4.463430133440346, 3.444723643022524, 3.6940227298597486, 2.644208489341232, 10.226076572416876, -6.0449481425175025, -5.130778539316187, -0.16222205911797832, 1.1237453084617839, -0.5779529975963889, -1.2892121934153815, -3.1252049025859123, -6.787621407340464, -4.837312112129699, -1.7052812809048823, 5.076780938192166, 8.454708148576756, -3.9773480601051574, 1.0938875829423058, -3.2441410849158006, -2.9347040747035362, 5.422876836813112, -0.9854458123904494], [-0.9124835727243522, 1.560420172685905, -2.722478789561875, 6.389337071400369, -3.052490555177066, -4.4391751352523725, -2.979428917146442, 2.6756658121642856, -1.8328522504192304, -1.403431733249658, 1.8566388720250344, -1.907032693159761, 3.602717127436253, -3.141337554039636, -3.638935160910048, 1.3195914177134171, -2.662011317097451, -9.914293012215225, -2.382209537093452, 5.823479544974975, 10.195860319414539, 1.4324395954085736, -7.422892701887603, -2.5352755045027813, 0.6739912927617402, -2.5645385799334743], [0.31128782467128074, -9.95133311480104, -1.0477885277146344, -2.6298788403978, -2.8224834254156046, -2.124324736396388, 1.9038302419140898, 1.252693854215973, 6.885776123237096, -3.6978770636942215, -5.012665806319852, -4.793160083147404, -2.068921418623058, -5.21777633463894, 3.4020894091049714, 4.004147873856716, -2.1975396744259617, -1.047163105301095, 0.3417822841872492, -0.5288391221031178, -6.0469040970416685, 7.509186925095714, -1.8270697517816992, 1.8338774118310235, -2.1912722352738996, -6.574289429181249], [2.082281020744277, -1.5495179999477746, 0.6687053300032415, 0.8039751417669987, 1.0133022624440293, 1.9879855826168522, 0.1981624762663795, 1.4623437884938455, -1.0226454228048119, -4.10287794864702, 5.344232750100924, -5.270108625571997, 1.6964327258626684, -5.260866743144129, 1.022022711407896, 1.3447879680381538, -2.8616486657993168, -0.8509959249705064, -0.35511189704760193, 1.1763357447478096, -1.1459103469145429, -4.248560328163388, 6.516409507403099, -2.38093139025966, 0.9607805955862064, 2.143460255822327], [-8.011736716732964, 0.7872170281895793, 3.03814945074886, -4.17898786765788, -0.4086182145992572, 2.3023584921636684, -2.0145133008939156, -1.4844903476665352, 10.283680414692242, -3.217007049592132, -4.86050173447053, 4.060258756434856, -2.301504020562646, -3.8339234934805364, 8.035834124632975, -3.3845649340344606, -5.568512230375352, 3.0616714906454012, 6.746275650377934, 4.250996997067178, -2.186155347841327, -4.985586573455338, -3.3031328562078004, -2.2258382996007664, 1.3428803029053442, 1.517705336105788], [-1.6718685217141656, -4.174612591134325, 4.736854420724785, 1.1522253087265815, -2.2090622665219275, 1.8969603840871567, 5.406962167646041, 0.42571950969013006, 0.79958979578596, 5.755247725994385, 3.6404711724560856, 5.758549872164175, -5.0425528715609635, 1.6149139175942095, 2.087701848045256, 5.54447058697067, 6.383487820463021, -5.066545830022092, 2.6116004094951664, -8.85816585766902, 5.193229572309831, 1.0038842471761455, 9.901842435434661, 4.946823022998891, 3.274028700188765, -1.4521488853870737], [1.3488719040065555, 1.1192644016274338, 2.3941343372157218, 0.5892731962839539, -0.07787325920587432, -3.2424397134240133, -2.7590216621597508, -4.87775340001546, -0.8208005290762472, 1.5228760443085614, -5.206932861599461, 2.688997900527111, -3.6713509849597528, 5.579580506934173, 7.342031722502305, 7.1510432952433876, -0.5944202030247197, -1.1435446579019422, 2.2629403856973735, -5.2369703419585285, -0.13416638674086245, -7.8577802668774455, 1.1915803232400402, 0.25040150132145733, 2.217441354033571, -3.3867058571749014], [0.8242065383208121, 1.3165170043748866, -0.4174130436990889, 5.532899025205513, -8.52738874733956, 0.3521851050982221, -6.843047769777894, 0.3320478297872267, -0.6946569665227853, 2.1163340722719934, -2.261241564348836, 2.608285987205608, -1.3520707326377344, 1.8687299096551224, -1.0786213666550195, -0.9158908987217733, -6.967058293055752, 4.817990455334925, 6.799703310299859, 7.559570618547648, -1.3154651967996198, -1.2412113233345587, 3.3726753946342636, -1.6375703750779969, -5.435967289128998, -2.4066236810701844], [-8.156765635767343, -2.659810580862758, 4.734572587247813, 0.23238685503363996, -2.4545044400653664, 3.533601582994042, 10.876543700818688, 1.3381707800312743, -7.070974790932929, -7.210577945063599, 0.5618776690574538, -1.485225780427887, -1.6990804098692243, 6.490526800966668, -8.031051172665004, -5.266323023063701, 5.052036785969772, -0.6275421172824349, -6.749774467717748, -0.23190164178314907, 1.221942108079929, 2.4736684430088136, 