{"generation": 574, "board_size": 10, "snake_size": 3, "input_direction_count": 8, "apple_return_type": "boolean", "segment_return_type": "distance", "network": [{"layer": "dense", "input_size": 26, "output_size": 30, "weights": [[-0.5103535757734102, -0.9981136675829111, 1.9548047056513647, -5.240995281061214, 3.5536445411256388, 4.082218576741424, -4.073514078743722, 4.35667718443868, 6.466966258376335, -2.462703293568299, -5.717836633778691, 4.403297277232738, 5.885754830147236, 3.7096498236018487, -0.5442606430977117, -8.518640390353163, 3.7126120506387625, 2.7038021691318, 4.587129344962273, 1.68741981776818, 0.36127927050246833, 9.705421459683132, 4.88388776568378, -1.853082445973687, -3.469129530419611, -7.677901228989912], [-3.737086392592594, -1.6280541260214096, -1.900279736481555, 0.9706936759197088, 3.286974607695203, 1.1335485736615678, 2.9983056254746296, 4.394847619423445, 0.7932802072888658, 3.752902070723845, 0.05551645202089367, 5.0079235085671945, -5.402338938631805, 4.251593764682188, 5.491155747863821, 1.9041059509894729, 2.034572649932608, -1.1311441608631214, -0.0945574100835126, 4.282577306531146, -2.7196990300145396, -5.7345002277996295, -2.4810733638388287, 0.10415140879042695, -5.034369943312174, -1.2181489275994395], [-7.01812770444496, 4.688890279488391, 2.5703217651245422, 6.167606302827548, 0.1235128364369017, 3.0968006355021354, 7.200931778444032, -2.8700912571354804, 3.994715466434021, -1.8245257857103065, 1.7735180532090653, 2.1507325586254042, 0.3620288353529827, -2.7157080431773535, -4.297563473572486, 4.604189529648679, -5.034689557991302, 1.7375986386980082, -0.33192522840391303, 3.9524620173305647, -8.380362497290097, -7.272295448583086, 3.121845348370985, -1.5514256557310004, -4.180400872893687, -4.821309954299492], [4.093174288812771, 7.426137839056859, 2.928473516121961, 3.2134170217838918, -2.6155446630083086, 4.3004549629893765, -5.376261174267971, 3.88661995738143, -2.571425927907999, -3.8481970258171527, -4.18427120125442, 4.391645187121157, -4.511509118682034, 6.232711057596145, 11.29833470447031, -1.924273355781885, 4.022281781361546, 3.4252798067840353, -3.5443718305023233, -3.9485161528554484, 0.4297902404719239, 5.435033928206071, -3.2339335876976554, 1.641857441787345, 4.059179148087288, -0.31224269618753875], [11.18498428443398, -1.0387975152604396, 5.792160612948869, -0.943928851520471, -4.517355260588645, 4.0197584694863915, -1.2522287525701385, 1.0718517627589663, -8.906742104726192, -0.770201269288777, -6.002941106133136, 1.3543951575154354, 6.901036709534078, -0.6945326437691806, 6.435157435090035, 1.3727183497274187, 3.0654125689603493, -1.0438421982207746, 0.5144601158686215, -3.3832986859195118, -1.9235008429529794, 5.359763930588043, 2.0551916884835353, 5.622910071555301, -4.51943823934466, 1.5431085685517945], [0.14521427730236927, 0.24008625122226046, 1.0230486779805137, -1.6518111334566667, 0.12299799389044208, 2.6235034753108075, -6.362800318336284, 6.09081974508861, -0.5613917179364077, 5.229399147590911, -0.08909662486751257, 4.083031193296077, 1.6813589495783505, -2.560204437664981, 3.1404519124521, -6.70149717813066, -2.575850567787573, -9.492720970929307, 4.159065336966076, 4.226688357852369, 9.124696210667462, 14.565762425678304, -1.3586715051792018, 6.5483819984489395, 1.422752318099145, -1.066711389774126], [4.3156024968585225, -2.1471488410641237, 3.242262943470833, -5.630696561098427, 3.444723643022524, 2.27602045240413, 2.644208489341232, 9.620710688281498, -5.804274586103065, -4.225690650516068, -0.16222205911797832, 0.4460663250340605, -0.5779529975963889, 0.32082194210839177, -1.489196177162216, -6.155743037371221, -4.333080607344604, -2.044911443374317, 6.579855160538044, 8.57936484297721, -3.0066235068851053, 2.2548861114999665, -2.029856892855656, -3.936230610929478, 5.422876836813112, -1.396433406863162], [-2.3681010366814523, 4.002311924605954, -2.4714430488844243, 6.728846196993987, -3.052490555177066, -4.341865197491393, -5.0677358546448295, 2.6756658121642856, -1.8328522504192304, -2.67485300582272, 3.00192775388947, -4.104640527998119, 4.325306420746349, -3.9988524046382516, -2.3822976750035183, 0.20612791581011713, -2.662011317097451, -8.67005288353854, -2.382209537093452, 5.314110136228919, 8.391942346611286, 2.303405907784059, -5.605966296742359, -1.5256010474970116, 0.056116945650483085, -2.546047219298398], [-0.46146152294083154, -10.13603311646387, -1.9502450287845003, -3.662009888637311, -1.9783257839496595, -0.1387561797718836, 1.9038302419140898, 2.5667017687709275, 5.026510261926378, -3.6978770636942215, -4.281217142082076, -4.8514132056021655, -2.974502749953518, -6.139350645575689, 1.7516687692560897, 5.704314885682793, 1.7235404959461211, -0.6460268716866413, -0.5132058181240122, -0.9597982924659911, -5.704078711099019, 8.455535079766074, -2.999347141860798, 3.274087545484355, 0.2594976755742021, -6.574289429181249], [2.082281020744277, -1.5495179999477746, -0.8677045616335395, -1.0852394911365408, 2.6638334473531757, 3.05677331950487, 0.14816105118717138, 0.3972397829178158, -3.7933327140136552, -2.101290382559518, 5.285875041112438, -4.194185235535227, 1.4373927505014603, -7.886688694190291, 4.5024810074982025, 3.582434232573115, -4.738496278539527, -0.8509959249705064, -1.9646128202033124, -0.8836941381207065, 0.28975665813744034, -5.216867891919063, 7.594937582661712, -2.9304874221227672, 0.9607805955862064, 4.7244589783789035], [-8.011736716732964, -0.43640577488099674, 3.7024641507130385, -4.101931250364061, -0.4086182145992572, 2.6755393881922456, -2.0145133008939156, -1.4844903476665352, 9.275089759961364, -4.983317802347332, -5.220565093473746, 3.806119812027163, -2.301504020562646, -2.6978271602342354, 7.681233254990417, -3.3845649340344606, -6.93235184317563, 3.0616714906454012, 5.8381023511184775, 4.375738836914469, -2.5743437964944804, -4.985586573455338, -3.3031328562078004, -6.383751036730267, 1.3428803029053442, 1.641233317158544], [-1.7323046680291463, -4.903071873845547, 3.460450519461552, 1.5624254731244727, -1.761578179314634, 1.5520698643940132, 4.151596064298896, 1.3746899563884674, 1.0239823893948918, 1.4289716398414276, 1.2861536049164335, 5.758549872164175, -2.6323558638093187, 1.6149139175942095, 1.700325075185394, 9.336529521453816, 7.851125545398177, -5.108051527248768, 2.993407464117562, -9.750948073252804, 5.981367809490876, 1.0038842471761455, 9.901842435434661, 5.629810362448971, 3.3850792359853514, 0.16341448999217667], [2.5050474464354457, 0.395163241353808, 3.2313574407923893, -1.3814845449989903, -0.034190415420236896, -3.2424397134240133, -1.6920057861601623, -5.364025064591732, -1.9206540337281022, 1.3741407787092597, -5.206932861599461, 2.787073390038013, -3.6713509849597528, 3.7510119711007075, 5.977698460731203, 6.403618881473491, 1.0112491907523404, -1.390304093504737, 2.3569849033057184, -5.2369703419585285, -1.1215354673785638, -7.745168136094032, 0.13447731458744167, -0.13873191586565747, 3.524425424977047, -4.543559387697504], [4.5389626899791065, 3.2977192570898683, 0.4025631806938708, 3.0602052340889916, -8.178832008015275, 0.13053972874897157, -6.530917200844506, 0.9859156607565398, -1.2364556514885103, 1.9573817016498765, -1.9742398790714777, 3.7407081635693626, -2.4315478396380796, 0.14399651221294518, -0.1723969776689207, -0.20992179398206978, -5.606311224075787, 3.4084638502790114, 8.375065776570697, 8.26623401363135, -2.621158358742199, -1.38577636046102, 3.3726753946342636, -0.885219101021272, -4.158739946642569, -2.218314967078128], [-8.156765635767343, -2.659810580862758, 5.45039221819129, 0.12979683838317668, -3.1677073727487626, 2.3410536599090688, 9.582922591616299, 1.3864677342666942, -8.225988190772867, -6.467715519615267, -1.9387481519126837, -1.4721721314173513, -1.4796370383613946, 5.145262594836952, -6.32263332575544, -3.389652144158079, 4.413629640878753, -0.6275421172824349, -4.397782144162826, -0.8393336932596124, 1.454913830573103, 3.2278999205176495, -0.7510087388315076, 