{"generation": 572, "board_size": 10, "snake_size": 3, "input_direction_count": 8, "apple_return_type": "boolean", "segment_return_type": "distance", "network": [{"layer": "dense", "input_size": 26, "output_size": 30, "weights": [[-0.6604305403438682, -0.9981136675829111, 1.9548047056513647, -4.494662819023509, 2.5006124453011904, 4.082218576741424, -4.073514078743722, 4.35667718443868, 6.466966258376335, -1.2949442388976524, -5.525547997383779, 4.403297277232738, 2.8071808097692865, 3.2333762877861862, -0.5442606430977117, -5.341510107733806, 1.3769669737834629, 2.7038021691318, 5.657362962615669, 0.7152864628440893, 0.36127927050246833, 9.705421459683132, 4.88388776568378, -1.853082445973687, -4.920644586478315, -7.65516078707939], [-0.8828092685281286, -0.07273357150074533, -4.404537190064719, 1.1963720367611184, 3.4263078322101785, 1.1335485736615678, 2.9983056254746296, 4.394847619423445, 0.4742505104833902, 3.752902070723845, 0.05551645202089367, 5.0079235085671945, -4.174541408357747, 6.302923992129882, 5.491155747863821, 1.9041059509894729, 0.7130646511507421, -1.1311441608631214, -0.0945574100835126, 3.911487612662014, -2.3900421578402216, -5.7345002277996295, -1.4291269528762016, 0.10415140879042695, -5.034369943312174, -1.2181489275994395], [-7.01812770444496, 4.8160885480314946, 2.5703217651245422, 5.826028360933563, 0.5817041595531336, 4.52530315873727, 7.200931778444032, -3.3485598350265233, 3.994715466434021, -1.8245257857103065, 1.7735180532090653, 2.1507325586254042, -0.7584758937264956, -2.596092711930245, -5.651103951132591, 4.604189529648679, -5.034689557991302, 2.9587154196893284, -0.7347057044950863, 3.139563892223199, -7.344309733570062, -6.047975447049648, 3.121845348370985, -0.271326272395904, -5.0562721345629305, -4.821309954299492], [2.687481395900628, 7.510642895767154, 2.928473516121961, 3.2134170217838918, -2.6155446630083086, 4.3004549629893765, -5.376261174267971, 3.88661995738143, -2.109955214807723, -4.8659752118260435, -2.7593360064996926, 4.246541840627005, -4.511509118682034, 6.232711057596145, 11.29833470447031, -1.924273355781885, 4.022281781361546, 3.4252798067840353, -3.5443718305023233, -2.656760068061551, 0.7327737508040293, 6.487000069178569, -3.2339335876976554, 1.641857441787345, 4.059179148087288, -0.44439515661885476], [11.18498428443398, -1.0387975152604396, 5.579157084967911, -0.9457177814439364, -3.840453238806898, 4.0197584694863915, -1.2522287525701385, 1.0718517627589663, -8.906742104726192, -1.4715932262616038, -6.002941106133136, 1.3543951575154354, 6.901036709534078, -1.8711545288659037, 6.435157435090035, 1.5542356807693203, 3.0654125689603493, -1.0438421982207746, 0.08225148255190001, -3.3832986859195118, -1.9235008429529794, 3.5195792529871817, 2.0551916884835353, 4.650460046811397, -4.51943823934466, 1.5431085685517945], [0.14521427730236927, 0.24008625122226046, 1.0230486779805137, -1.5705247149508499, 1.434777401919387, 2.9971542427930995, -7.359218519096542, 5.541301085102888, -0.5613917179364077, 5.229399147590911, -0.08909662486751257, 4.083031193296077, 1.6813589495783505, -2.560204437664981, 3.1404519124521, -6.70149717813066, -2.834943053907836, -9.492720970929307, 4.159065336966076, 4.226688357852369, 9.124696210667462, 14.565762425678304, -1.3586715051792018, 7.955473847947963, 1.422752318099145, -1.066711389774126], [4.3156024968585225, -2.1471488410641237, 1.727144228089763, -4.463430133440346, 3.444723643022524, 2.27602045240413, 2.644208489341232, 9.620710688281498, -6.0449481425175025, -4.819412905129815, -0.16222205911797832, 0.4460663250340605, -0.5779529975963889, 0.32082194210839177, -1.489196177162216, -3.166606610870716, -4.837312112129699, -1.7052812809048823, 6.665202335166835, 8.454708148576756, -3.0066235068851053, 1.0938875829423058, -2.029856892855656, -3.936230610929478, 5.422876836813112, -1.396433406863162], [-0.010552291234429134, 4.002311924605954, -3.6226627987205005, 6.728846196993987, -2.827740579219346, -4.951339706050347, -3.9341580247366017, 2.6756658121642856, -1.8328522504192304, -2.67485300582272, 3.00192775388947, -4.104640527998119, 4.114090734983887, -3.9988524046382516, -2.329290694923247, 0.06270145806611915, -2.662011317097451, -8.67005288353854, -3.006370395594872, 5.868806606821871, 9.125674199409929, 1.0496304276848225, -7.0157794705366, -1.277347654360086, 0.6071614637237985, -2.546047219298398], [-0.23001301607591357, -9.95133311480104, -1.5388034148926473, -3.662009888637311, -2.8224834254156046, -2.1564390769188115, 1.9038302419140898, 1.252693854215973, 6.885776123237096, -3.6978770636942215, -5.632705653354588, -4.087167790924957, -2.7165288310637963, -6.166976431920497, 3.266688069449736, 4.004147873856716, -2.1975396744259617, -0.7639743763208238, -0.5132058181240122, -0.5870559189882542, -6.0469040970416685, 7.509186925095714, -1.8270697517816992, 1.8338774118310235, -2.1912722352738996, -9.075941975530132], [-0.034759286370827036, -1.5495179999477746, 0.6687053300032415, 0.8039751417669987, 0.506050020563644, 1.9403096388226506, 0.1981624762663795, 2.083286258134094, -1.0226454228048119, -4.745013731023279, 4.755546974150411, -6.12098034377417, 2.800499193447897, -5.260866743144129, -0.007396206017408646, 1.9180908180693415, -3.218415446116497, -0.8509959249705064, -0.35511189704760193, 0.1136892120586721, 1.3373510267759245, -4.1642072843526625, 6.516409507403099, -2.0038664940690243, 0.9607805955862064, 2.143460255822327], [-10.13210283710106, 0.7872170281895793, 3.03814945074886, -4.17898786765788, -0.4086182145992572, 0.7185596439908881, -2.0145133008939156, -0.7803625471997241, 9.877230494547474, -3.5901981311897107, -4.86050173447053, 4.060258756434856, -2.301504020562646, -3.8339234934805364, 7.977650947304703, -3.3845649340344606, -5.568512230375352, 3.0616714906454012, 6.746275650377934, 4.250996997067178, -2.186155347841327, -4.985586573455338, -3.3031328562078004, -3.5031540164651305, 1.3428803029053442, 1.517705336105788], [-1.5731267570910528, -4.174612591134325, 4.736854420724785, -0.005860542686407344, -2.2090622665219275, 1.5520698643940132, 5.406962167646041, 0.42571950969013006, 0.79958979578596, 5.019381417178939, 3.6404711724560856, 5.758549872164175, -4.880568764621278, 1.6149139175942095, 2.2736379168507095, 6.69942407448573, 6.383487820463021, -5.066545830022092, 2.6116004094951664, -8.85816585766902, 5.045574192464232, 0.6570804283701206, 9.901842435434661, 3.9742032011665263, 3.274028700188765, -1.0327098259782113], [1.3488719040065555, 1.1192644016274338, 2.3941343372157218, 0.15130217782120337, -0.07787325920587432, -3.2424397134240133, -2.7590216621597508, -5.830565133369621, -0.23418775925127203, 0.46515484983429023, -5.206932861599461, 2.328018491021933, -3.6713509849597528, 5.579580506934173, 7.342031722502305, 7.1510432952433876, -0.5944202030247197, 0.07427930274408134, 1.032032721405933, -5.2369703419585285, -0.13416638674086245, -7.8577802668774455, 2.1555761464554433, 2.013589190278808, 2.0236721996542517, -3.1705873304555556], [2.1755359877769695, -0.15532947709727818, -0.4174130436990889, 5.532899025205513, -8.52738874733956, 0.3521851050982221, -6.843047769777894, 1.0284457727771843, -1.2364556514885103, 2.1163340722719934, -2.5925597869454524, 3.2626649347783885, -1.9269884310663339, 2.9079258971783872, -1.0786213666550195, -1.0805348038624327, -9.103719255677838, 4.817990455334925, 6.799703310299859, 7.559570618547648, -1.3154651967996198, -1.2412113233345587, 3.3726753946342636, -1.6375703750779969, -4.897903808100253, -2.218314967078128], [-8.156765635767343, -2.154067681894447, 4.734572587247813, 1.4156726359101377, -2.4545044400653664, 3.0850737441553218, 10.674606567403952, 1.147761568037809, -7.070974790932929, -6.975546230546124, -0.6225859637443705, -1.2542905543468386, -2.0180214467798105, 6.490526800966668, -7.656160556327203, -4.639902792082393, 2.1157024310969783, -0.6275421172824349, -5.324783201853802, -0.23190164178314907, 0.3234855103809251, 2.4736684430088136, 