{"generation": 574, "board_size": 10, "snake_size": 3, "input_direction_count": 8, "apple_return_type": "boolean", "segment_return_type": "distance", "network": [{"layer": "dense", "input_size": 26, "output_size": 30, "weights": [[-0.6604305403438682, 0.5234213057284581, 2.7417991008743625, -7.297144533776823, 2.8072374720575883, 3.9416321338270617, -3.820723382267562, 4.196667903920323, 5.652750843270434, -0.8293956038082566, -5.901984157014657, 4.403297277232738, 0.8342490875563943, 6.414252286002737, -0.5442606430977117, -4.725128674070137, 1.3769669737834629, 2.218965698628095, 5.454056472320706, 0.6063041196084837, 0.8800183342815918, 12.792515140361367, 5.649379517127944, -1.8009758799488544, -5.226095826792573, -7.474079086800891], [-1.8266992754159954, -1.6280541260214096, -1.3477798116032942, 0.9706936759197088, 2.7898630421671076, -0.6802721144132007, 2.9983056254746296, 4.337883538653865, 0.7578741170005976, 4.268398837279367, -0.45907871813834983, 4.002378951366721, -5.099804893940911, 2.120050373867028, 7.554141408502661, -0.43248442662396736, -0.49129629363413, -0.7162392003800367, 0.0885324311767578, 3.5703275678243624, -1.5546087885423059, -4.009279294289888, 0.023190045318563723, 1.5182740377776556, -4.661882123664778, -0.5910372205410722], [-6.839074526335994, 6.066504395886508, 3.4009065372950964, 4.636009862262989, 1.7099743636400044, 4.006317768002708, 7.165564227978448, -2.3296284379312064, 6.247022300163382, -2.6966436468764883, 1.431407310036402, 2.1507325586254042, -0.6011330526169838, -2.241551555474877, -2.64969422278258, 4.604189529648679, -5.250280464344415, 3.2775913808713164, 0.8070394751114714, -0.28204191133254186, -7.435101187393776, -5.806145263629547, -0.1452807112675707, -1.5089110585240402, -6.516860769596303, -4.821309954299492], [2.9680788928202215, 7.510642895767154, 3.719443017506929, 1.9642145361665897, -2.7937725769804413, 4.297206506283022, -3.3143355313649874, 3.4150769975237374, -2.571425927907999, -1.8377437808911257, -5.407347191619764, 4.391645187121157, -6.948285089950558, 5.157280436506115, 11.29833470447031, -1.924273355781885, 3.208605573235169, 3.4252798067840353, -4.509334226029335, -2.9333063766320455, 0.7327737508040293, 6.7262316248908744, -3.641691936755877, 1.4690736254365317, 2.2308042183174797, -1.026396662741475], [11.891827072294609, -1.0387975152604396, 6.118581178015111, 1.306060775611678, -4.290309638350075, 3.5493650596179833, -2.501486553325586, 1.6185077481794876, -9.069061657819905, -3.5558153962457757, -6.408427001039855, 0.6923503146427302, 6.733235294458921, -1.1779593862456497, 6.952044314530668, 0.7988608097264627, 2.6112146432149315, -1.6960803067294248, 0.15804954648456299, -2.556902100356961, -0.1643125507647456, 2.676500067522303, 2.203222148531782, 5.085280192933075, -4.058002441483046, 1.5431085685517945], [0.6007120639827866, 0.8626805179970533, 0.639784945248399, -2.7635817686050212, 0.8105083731287817, 2.9971542427930995, -6.362800318336284, 4.9859813258650165, -0.9964256176833493, 5.516636093987355, 0.9921934931892079, 3.184606930750237, 2.7908440747548067, -2.560204437664981, 2.8836561085417682, -6.70149717813066, -2.834943053907836, -11.638310022367726, 6.039035956058606, 4.17653489262433, 10.409086302517467, 14.565762425678304, -1.3586715051792018, 6.09253586310016, 2.7318473437602373, -0.9829895673095839], [3.772720227622953, -2.4824831889339234, 2.528183097456284, -4.463430133440346, 3.444723643022524, 3.6940227298597486, 2.8448419439048798, 9.620710688281498, -4.9910797342709525, -4.732699229199687, -0.2800358957748967, 0.9728269656941871, -0.2894466222437495, -1.2892121934153815, -3.6621004010688125, -3.916861860054495, -4.837312112129699, -2.94675254932086, 7.5613208242780745, 8.454708148576756, -1.915024786381773, 1.4177385487592258, -3.1147749944444367, -3.936230610929478, 4.585389089650802, -3.9714468280243307], [-1.605825954478727, 0.8214114348661511, -3.7919663215043182, 5.3653176182044815, -3.052490555177066, -4.4391751352523725, -3.9341580247366017, 1.2134745647770997, -1.3405196894851814, -1.953375636084393, 1.7388340540605913, -1.1815483738742938, 1.2725077114433425, -0.6229860891015191, -2.1860132589317285, 1.2189416101688773, -2.662011317097451, -9.914293012215225, -7.060931639782858, 5.868806606821871, 10.355830693551624, 2.5874595459850545, -7.422892701887603, -3.837883908612784, 0.7868997856573721, -1.8090668576875273], [0.2928628283809395, -10.110358282894062, 0.2971240779953126, -3.662009888637311, -7.056865215120883, -1.0984190639487172, 1.9038302419140898, 2.5667017687709275, 5.102874943010754, -5.760564875469889, -5.286302893645163, -6.240652847222405, -2.7165288310637963, -6.3202236806027905, 3.4020894091049714, 6.107758611255271, 0.1917775113534193, -0.7292984687273978, 0.8347284781442912, -0.5870559189882542, -6.020482627135888, 10.534256061741814, -2.999347141860798, 2.209512401748674, -2.1912722352738996, -6.152692989066637], [2.082281020744277, -1.3912308539926348, 1.189743340736596, 0.8039751417669987, 4.319591425032803, 1.7951218045165518, 0.1981624762663795, -0.28606772584274914, -2.0959841291276113, -2.101290382559518, 5.539691820409651, -5.63182615758641, 2.800499193447897, -4.930862746510321, 0.6733006462096525, 1.9180908180693415, -3.6127690690121566, -2.2290404117738922, -0.2521001544684348, 0.8067801900965705, -0.5225015599743092, -4.406395999373163, 7.689703792375699, -2.38093139025966, 0.9607805955862064, 2.143460255822327], [-8.011736716732964, -0.43640577488099674, 2.0027185588916625, -2.4312892564467337, -0.4086182145992572, 4.362847266946575, -2.0145133008939156, 0.3451511607998605, 8.663176559928477, -3.5920825138554635, -4.86050173447053, 4.14674334689284, -2.301504020562646, -4.742656137500524, 5.9731317802572095, -1.8793717490044068, -5.968595083051923, 4.358158311017784, 7.362918213837512, 2.8901269918622097, -3.174572515743406, -5.851388851871606, -2.170166565696147, -4.341145665499736, 1.3428803029053442, 1.8147673607622663], [-1.2805676993190973, -6.6115984139897, 3.7466882759133027, 1.0494709029587632, -3.55949652428695, 3.9206535523716894, 6.6164518505541405, 1.3746899563884674, 0.7412831403426678, 3.9111140918103313, 3.374648576656972, 5.6464260781554865, -3.0099073122255113, -0.14733362889867352, 1.700325075185394, 7.1383511801975, 7.055544882979491, -6.174217389701894, 3.596008873369862, -8.85816585766902, 4.42959472554084, 0.5896562310065245, 8.20417924802551, 5.29056530912814, 3.274028700188765, 0.16341448999217667], [1.9861567690498663, 1.1790754112489978, -0.005828954378043871, -1.2538376863521217, 0.4056255997492826, -3.645736146686915, -3.10577635337715, -5.43138630118363, -1.6563908562080027, 0.46515484983429023, -5.206932861599461, 3.4769540754218937, -3.6713509849597528, 5.579580506934173, 7.342031722502305, 7.936922952994934, -0.3910530825734815, 0.6448965386507612, 1.8275815781268177, -4.777952050786564, -1.1215354673785638, -6.4939978764847766, 0.5632348004556554, 0.10760935757363813, 3.520516784426181, -3.1705873304555556], [2.4917894909029523, 2.852707879287089, -1.2037334977738556, 3.660330451288465, -9.185515599723344, 1.174316745951177, -5.177211073402599, 0.9859156607565398, -1.2364556514885103, 2.3622570945818735, -1.767905391248347, 3.5305806701582525, -0.774560301814267, 1.6842422442220126, 0.4321442387865333, -0.6280028062374854, -5.761184388379946, 3.4084638502790114, 7.596296687838839, 7.758496575066898, -1.3154651967996198, -0.02374836636024824, 3.490395884425908, -6.62472012419521, -4.656001729913207, -2.912675636953269], [-8.156765635767343, -2.2644225826088205, 4.380907286427366, -0.8975455404631092, -1.7513311672815624, 4.19009812245857, 6.314969748836875, 1.3864677342666942, -8.225988190772867, -8.659987337296752, 1.2311404248889062, -3.4665303597153496, -1.4796370383613946, 5.145262594836952, -6.274885639880936, -0.6904847704597228, 5.062592422786002, -1.476047910863569, -6.73086545078548, -0.23882168984592778, 1.463434754126904, 4.636110273657316, -0.5874226284692706, 