{"generation": 356, "fitness": 849883.7209302326, "board_size": 10, "snake_size": 3, "input_direction_count": 4, "vision_return_type": "boolean", "network": [{"layer": "dense", "input_size": 16, "output_size": 24, "weights": [[-2.3158875405561763, 0.8650654449237172, -0.22512372555554055, -0.9754265080361485, 3.203435472484016, 2.901085368405053, 6.136256495884321, -5.2695821814400645, 4.339841624856508, -7.465362101753113, -1.6021661760051948, -2.1171668509618473, 1.4499237409929235, -1.2693078530549464, -2.646989754752535, -1.1057375728466465], [-1.1329718212433852, -0.9989890135046158, -0.08860931458730409, 1.761511218758001, -1.2996116335494958, 0.14168981415904391, -1.711350889164462, -2.4933560792231084, -3.3565194033480776, 1.6677560238667815, -11.20784724284348, -4.673606570110106, -0.35903672093462435, 0.07521134692973286, 0.3680607515788059, -1.0017184135514121], [7.942913798983316, -5.969805051303808, 1.3236218573699847, 3.2964729267958766, 1.502543600294397, 3.489681422250495, 5.672974452666092, 4.36251787580818, -2.320705033212624, -5.026076065946764, 7.242254499667652, -0.5082255655912122, 3.781804791428744, -1.3682557626538294, -5.366532235792163, 1.5458232127951315], [8.481761031766327, -3.950817622367887, 3.7110592927625756, -1.9460169085404029, 0.02264358113198983, 1.2004974225814062, -0.6592857068187489, -0.5595169383852746, 4.371571029660546, -1.0261172627933215, 0.2295662357479178, -1.0069992859125456, 0.3581090060042911, -1.4867257621105237, 0.6714386450276315, 2.5942589442532853], [0.7987950985017218, 0.2243291471226465, -0.11135013186696252, 0.08870062338775919, 0.18638968436045256, -2.763070590902801, 4.311746976706594, -2.511531434960496, 1.8947660030755487, 0.006230448684918219, 7.73303815813849, -1.8774750587744728, 4.111013721379351, -0.055186377307392176, 1.2092944292978594, 0.8894453461683223], [-0.010194498143646591, 0.01513061379439734, -3.660985072950553, -2.3005161576223694, 1.1884731810099958, -4.21473093716249, 5.538762016426891, -3.3104659068725106, -2.9929360011859845, 4.4326575128195085, -7.294497981074384, -3.9255506012274894, -0.5771120885346949, 2.3054609024464465, 3.225312928550187, 1.5838989243601922], [4.390151564216888, 1.2912371717897846, 3.003589284249845, -9.864049088951536, -2.193174399781155, -0.8179422237680369, 5.517310550825723, -0.031056518464800398, 0.24008878369505157, 1.7328760072845382, 4.153920803929913, -7.249943985424891, 0.6357792319022549, -1.8106310241948906, -3.437193498450852, 0.37734991252165806], [-1.9032787214590587, 3.830993129070193, 8.17510605504892, -1.5087302354416532, -1.1466573696868463, -1.6714844801079198, 1.0253889379558794, -5.053000493005103, -3.244054576528216, -0.2768501212829686, -0.13429506384172601, 3.387042494948431, 0.9158742947997697, -1.5980681613732628, 1.3088668357673319, 2.923419988418112], [0.9633703043100618, 0.5414798050147391, 0.5839030261283455, -1.742249411954614, 0.03612442360901458, -0.06300603555551354, -1.9658500883543946, -5.760368865773498, -0.07103039285744195, -0.6336962588903563, -5.6265923845892125, -1.3079558028335336, -2.7186355893404204, -4.963357154054073, 4.48023762778244, -1.7280995662289342], [0.3333787713714015, -0.2726106395346398, 1.5846056602765666, 4.869916430124565, 1.2457932321347431, -2.7809307761350053, -8.571634358646838, -1.5899175892235535, -3.623521775605938, -1.4582949802057907, -0.5554307657447892, 0.464082567242321, -0.17926388894553125, 2.3979906839341343, -1.7997321681000764, -2.9321668472329385], [-2.9398837549281027, -0.40578266802358987, -2.5725802839559195, -1.6189348400935462, 0.9697388766980288, 0.3126632119381674, -2.9462492929479738, -9.772696413980647, 4.604306675728235, -5.717887068905991, 1.668220909516206, 3.893611147938634, 1.6176626793831685, 1.2248256174963115, -1.9251509168517627, 4.99485280716684], [-2.5845915431850486, 3.195180459910616, -1.9481061895406522, -3.8978819563775327, -3.5307537482206612, -2.444628759925243, -6.102191896343925, 2.587415588884906, 2.890583925650671, -1.3841673216131392, 4.596125433127353, -1.869788982109177, 2.407711438292566, 3.0657819020392676, -0.5721549092338717, -5.891752630255159], [2.710552745598502, -2.1871503359584334, 3.1962816527126905, -1.8432469335848494, -2.3538213800142116, -0.5715806104525907, -3.571287204080304, -0.9048694371797525, -0.02524601556419026, 0.6343648327204512, 3.375643748061025, 1.9728530588709101, 2.4399693951284234, -1.883111524687666, 3.7141854082802235, 1.8034773305152694], [0.13914656503453005, -3.3527419635374733, -1.6008381640879372, 15.96852747394663, -1.335518413206731, -0.7559005691806107, -0.6139780930576021, 0.7314391050806415, 2.2752381198054468, -0.4906870869804151, 0.7843213926084152, 5.252232589054701, -0.7800311723968796, -1.2975710797436593, 2.063495073127604, 1.326279187502887], [-5.608251234695956, -3.349461729479381, 0.8193967599301709, -3.1555262676103286, -0.5557248890973338, -3.0175910667300005, 0.4800627176154064, 3.153249251050614, -0.22511086618937043, 2.3835458701809014, 1.5862291760379448, 3.1669957247557843, -1.8528928106487694, -2.455020101945471, 1.9230679111424003, -2.4959352315445886], [-1.1878286398365847, -1.4562943007191285, -1.5032637062786791, 1.4781471388240306, 0.8889918041072103, 1.0761765522387627, -4.535654671849497, -0.479154778353174, -2.6219508442938233, -1.5839469849190342, -4.750464881246645, 2.0104343746588724, 2.480234056449838, -2.6465418818190054, -1.1052717205593572, -0.7066169570131123], [4.491584213573456, -1.112042815402938, -0.1632813857529989, -1.2942790774830915, 0.4518797027119853, -4.134468810131697, -1.0697345207486584, 1.1572000608996542, 1.8633504196128596, 6.476852050048063, 4.943753653748365, -1.8090793233461298, -1.4689420370478854, 4.071563964793137, 1.0060251706877037, 2.0490128779264056], [-1.5103966340668453, 2.8212164895884473, -8.307937163159213, -2.0632280822845472, 3.354743144366948, 5.926281525011994, -2.735468060137202, 3.7432210368289978, -1.625554493282918, -2.910622572840093, -1.5224652217438581, 1.671501408075775, -5.424675712243698, 5.095680812061492, -4.25203812621659, -7.260166251205442], [-2.4104312742478675, -2.1975912198824394, 3.252419595157124, -2.5555203045350585, 0.8498195286807899, -1.1706574417394457, -2.6404694087515557, 2.3604159559602818, 3.8688172036656483, -2.078320840011439, 1.249713033372562, 2.767831288624323, -3.1517714611017515, 1.003197942532218, -7.442802878410445, -2.6506470162269773], [0.5484034647577565, -2.367660114134635, -6.089712836954611, 2.7279689382895205, -4.402323330652346, 0.3128520523888758, -3.207976950405345, -0.5233856114683443, -2.249839613470657, -0.8251870867251646, 1.5687110439223744, 0.21835119529106717, -1.6732328835450385, -0.533723912985645, -1.5024685741903587, 4.153407575006485], [0.01120988026211589, 0.40323923873472445, -1.9160016192965506, -3.1613818775633735, -4.511834981944201, -0.10341391768017272, -0.7888060301450062, 2.9817126405066423, -3.6516291643016445, -1.3794692994392048, 4.46472301489779, -1.6052433411691673, -3.243613487525747, -1.6092109394952878, 1.1098814570574531, 3.42426173094998], [3.7451744436866745, 4.4681856047973625, -3.9026949474173733, -8.27512541620688, -0.037621240664866384, 4.752971851875736, 3.1872938742479446, -1.4415200689413403, -1.0906601008823262, -3.0302471560602844, 1.9841451306023108, -5.040331321231625, -4.092974305391299, -4.198574174270691, 2.5294834228259813, 1.5601156428062923], [-5.447746975722352, 4.036869428511331, -3.3951348036967692, -0.7324148029132507, -0.28659565759137307, 2.8846313559473917, -2.321415987031164, 3.0687536359013117, 0.42637650481404354, 0.24000495989960485, -5.3898843524890285, -1.0730995323955055, 5.530880710864956, 0.5024347286949533, 1.10075162567792, 3.320716027457843], [-1.9942885256376823, 1.7277203157494012, -5.767585890402815, 0.632358301300046, -1.5735636189390672, -3.0429818062877954, 3.417278244327652, 2.2749275646536584, -0.09558761808198141, 8.655174551290646, 2.6119388091476146, 4.961680835074503, 5.462689548876611, 