{"generation": 374, "fitness": 979898.9898989899, "board_size": 10, "snake_size": 3, "input_direction_count": 4, "vision_return_type": "boolean", "network": [{"layer": "dense", "input_size": 16, "output_size": 24, "weights": [[0.1135318917699657, 0.9243267033546996, -0.1386941196543883, -0.9754265080361485, 3.203435472484016, 1.295276912566921, 6.136256495884321, -5.528359945878613, 5.739813167866508, -8.452205555525358, -1.6967509424728733, -1.6969113785956074, -0.2156165724759115, -1.5922428960519424, -3.037488954698779, -1.1057375728466465], [-1.0910056708185651, -0.9989890135046158, -0.7375226214972681, 1.7812533823819112, -1.7737784963652015, 1.6752383283598777, -1.4524807402756497, -0.8241821771346626, -4.285373358350434, 1.6677560238667815, -11.350790484641504, -3.47688074930563, -1.222854739804211, -2.7063577177220406, 3.0706887495953676, -0.2760587100310583], [8.825940825291443, -7.79308291049312, 1.3078743826227834, 3.406828459933899, 0.7012990133094946, 3.489681422250495, 6.7305716988640025, 3.9259141343650694, -2.544084886500391, -4.706378932597532, 6.199321052152121, 0.2463622149623263, 1.631461392561948, -2.07246734664006, -5.12325583508484, 1.439442194808208], [5.610474266925793, -3.950817622367887, 3.6382747787714207, -0.10353754075565769, -0.7792208806437536, 0.1315636390769901, -1.2117571275969716, -2.358233234165675, 3.065945619867377, -1.6352186385873266, 2.7920510068601496, -1.456011731938311, -0.17522980316696224, -1.059179038468855, 1.6553100080455834, 3.184086649337611], [1.2048710391586583, 0.2243291471226465, -0.715262335087165, -1.850232810094592, -1.1502849935743011, -2.394141648564866, 5.898296275921217, -2.2447772330977025, 0.17382857282425013, 0.14692641813197846, 6.923477009288839, -0.7804673213653237, 4.651977384942499, 1.0286524527853063, 1.2092944292978594, 4.289779146071367], [-0.010194498143646591, 0.41482734426675316, -5.279046398763149, -0.8701886976837003, 1.1884731810099958, -3.9727201056426553, 7.944832321443538, -3.3104659068725106, -0.7748155737031863, 2.4584222648437715, -3.417219174594167, -1.1926498832854144, 1.3923933599555371, -0.4171108430861099, 2.6908823193098237, -0.8942355065054768], [4.788808741019154, 3.056272019665503, 1.0278208813351277, -6.1357322850477924, -1.711721828133137, -0.9705121446277317, 5.517310550825723, 1.365515278000562, -1.2374044756103018, 0.9138961585585906, 4.497486316132312, -5.903116940195081, 1.974799023751595, -0.367477765518128, -1.6412336356449881, -1.3563506435215025], [-1.9032787214590587, 6.145011905512894, 6.419483416603433, -5.696681289046701, -5.1501793854869335, -3.2055135075496377, 1.527908511881551, -5.020374742414352, -3.244054576528216, 1.4823310798839864, 1.2457770273817514, 3.357097506948832, 2.4859389211066723, -3.628621524408908, 4.840720397411955, 2.6320873405295115], [-0.8969210191345657, -1.0407385701518486, 0.8653805582170084, -0.8266828748544385, -0.32933623406175483, 0.21976439883467103, -3.14533160627066, -5.760368865773498, -0.1172321853696584, -0.6843383309129235, -4.835282041485046, -2.3388236366857584, -3.4556478210229375, -4.963357154054073, 4.1083968583219095, -1.3817391069381644], [0.3333787713714015, 1.6990977881566065, 1.5818891864295956, 3.301145390419917, -0.46146979554017986, -0.5488407253355487, -9.467867654993716, 2.4427655426158594, -2.875367178272373, 0.7401837112159506, -1.1743178658993112, -0.08406963539765089, -3.9050802323291975, 1.5232065757290425, -3.43969620000228, -4.192897960862843], [-2.8961032455575895, -0.034363393484852234, -2.865558535433918, -1.7840530094507903, 0.4119903679006947, -2.0320895248243303, -1.2927529582610016, -9.578363922941298, 4.9365960278072665, -4.83812561252746, 1.2875061064681912, 3.893611147938634, -0.769943513717199, 1.7427614104230358, -3.8864903033033817, 4.04326887360672], [-3.8738337151446047, 3.195180459910616, -3.7558284669442243, -4.348296938774341, -3.5307537482206612, -2.444628759925243, -5.202994468498353, 3.194942892799897, 4.351555970346841, -1.2990918160940288, 4.596125433127353, -4.079930055056125, 1.0252920805653518, 2.9551545813400524, -0.7022666258515559, -2.572825139463464], [2.086857331993146, -2.0810166732560855, 4.474058912576307, 2.238959687417146, -2.3538213800142116, 0.4475645564919612, -3.109493060839744, -1.3061800024220604, -0.02524601556419026, 2.1837341668310737, 3.375643748061025, 0.38605223472124206, 1.996880991990494, -2.367377733504448, 1.3956179083502984, -0.6493039230304459], [0.13914656503453005, -3.9939675727802184, -1.9999241442576183, 13.752481015639672, -2.6192771890778945, -0.3682273894051802, -0.6139780930576021, 2.2948991186913736, 3.5885210334045943, 0.20868954516808585, 1.0423932559726596, 5.252232589054701, -0.6835376696874991, -1.634543986837391, 2.063495073127604, 2.228312830563705], [-4.263238525218656, -2.2357421653743286, 1.7193113887580762, -1.967526464058484, -0.5557248890973338, -2.6881809197977375, -1.083563844259925, 5.4339779811958095, 0.038731511152023, 2.3835458701809014, 2.2722605628231394, 1.427899975200768, -0.796826045819786, -1.3876708082373104, -0.356612727754142, -2.0202334647728777], [-0.40977498809550966, -1.9012484635448117, -2.100503860885597, 0.8230110245279987, 1.290029549988718, -0.5115885442264224, -4.269770015506627, -1.0652841718562607, -2.6744124252567305, -1.836574042545251, -3.646538262406554, 3.109716585146124, 0.5564746714508391, -5.0077497709318495, 1.1308016663683889, -0.9018224890355631], [3.3615768918293893, -0.7199831197992237, 1.272157830327438, -0.5279699346076961, 0.4518797027119853, -3.060913144797548, -4.085962963324744, 0.8749059485829993, 1.38769853943707, 4.51408751965668, 5.416658088680096, 0.25737356221141217, -1.4689420370478854, 3.8825256435664786, -2.868831116798869, 2.0490128779264056], [1.3290547594982383, 4.255945750876447, -8.279518689424556, -2.8081943885688827, 1.5153929584114472, 4.466642226516824, -2.735468060137202, 3.6485824148463015, 2.2539250395525112, -2.910622572840093, -3.5509218853413627, 2.2882922707417808, -2.1679061279543905, 5.095680812061492, -4.547343930245054, -6.519889713154591], [-2.7823861156530647, -1.5968545151758389, 2.5723627736792856, -2.6855993439262695, 0.5853627103552503, -1.7726953464144857, -2.6048144714221073, 1.3451124782135215, 4.150054894663414, -2.2062401880282003, 0.8102779304154566, 3.1439455834449284, -4.046322134342837, 0.4809599916154501, -7.442802878410445, -0.995155316008742], [-0.25207360123813227, -4.453126897641617, -6.089712836954611, 0.2542309707185204, -5.068014493664419, -1.4636812764096256, -5.417979829102036, -0.6015143707440838, -0.5594133914328376, -2.539361629657879, 1.6963288879854987, 0.5043224925047395, -1.9947074329886445, 0.510490442195555, -1.9314973499142603, 4.153407575006485], [-2.2457762070910974, -1.3004389867936565, -0.720349589257705, -0.053244904034171925, -5.5963830681961095, 1.8638031045592058, -2.2063555775459798, 2.5550291587462572, -2.2506077180419584, -1.1130565756773243, 7.796678966518335, -2.1845993598141793, -2.577058074457157, -0.391271484871999, 1.1098814570574531, 2.3575227365088205], [2.3576050763225744, 4.4681856047973625, -3.90778017476672, -7.103644766372074, -0.037621240664866384, 7.853557715665988, 2.6005263178925975, 0.013809938386201481, -3.3756085142565233, -1.3397323394945555, 2.9665222860074345, -2.3879233614474247, -5.827375365094761, -1.901538004205907, -0.1297067878555938, -0.2792062289037083], [-4.850327470788313, 4.036869428511331, -3.4973132741373494, 0.8753079889846833, -0.8827100198865371, 5.290247533782363, -1.0617149314510796, 1.688829105920174, -1.3460754509487276, 0.20419695309306318, -4.66192764138131, -2.006087471055945, 5.484494816693978, 0.5024347286949533, 0.7371979439008113, 2.4549513750469534], [-1.9942885256376823, 2.9141969911746015, -4.735613066515064, 0.632358301300046, -1.5735636189390672, -1.3337316488386548, 1.5835052235161826, 3.1964984579212, -1.144078858978991, 7.61505424755997, 4.130665510695538, 4.961680835074503, 5.757994992161572, -2.3241805403013776, 