{"generation": 367, "fitness": 919892.4731182795, "board_size": 10, "snake_size": 3, "input_direction_count": 4, "vision_return_type": "boolean", "network": [{"layer": "dense", "input_size": 16, "output_size": 24, "weights": [[-1.0694986265807185, 0.9243267033546996, 0.09888990688465671, -0.9754265080361485, 4.7103559277936125, 3.9393509917852736, 5.386579667341337, -6.401318571117814, 5.409007580898688, -8.452205555525358, -1.6967509424728733, -1.6969113785956074, 0.10711346319756776, 0.7962350002132937, -3.037488954698779, -1.1057375728466465], [-1.6712561845510696, -0.9989890135046158, -0.42980602463683915, 1.5489570149920926, -0.2319971764355888, 1.6752383283598777, -1.3963428031520193, -1.9727185376795613, -4.189741720973094, 1.6677560238667815, -10.989357235380163, -3.47688074930563, -1.222854739804211, -2.7063577177220406, 0.8102210243457459, -0.2760587100310583], [8.574112441098489, -8.026410220761543, 1.3078743826227834, 2.693238244373475, 0.7012990133094946, 3.489681422250495, 5.8640655611565045, 2.661985455282566, -2.396627721425096, -4.841147217099101, 6.199321052152121, -0.3701095154372936, 3.4621487203906773, -2.07246734664006, -5.12325583508484, 1.439442194808208], [5.610474266925793, -3.950817622367887, 3.6382747787714207, -0.10353754075565769, -0.7792208806437536, -0.8196279233096478, -1.5917315870130238, -4.320771000678535, 3.7699568569839483, -1.6352186385873266, 2.7920510068601496, -1.456011731938311, 1.1511092566446912, 0.12409716487749345, 0.6714386450276315, 3.5347729420097513], [1.2048710391586583, 1.1995560517870116, -1.7664476876446744, -1.850232810094592, 0.2030113436422678, -1.5340982814296908, 5.7315246180883115, -2.737515130042501, -2.6462736810833514, 0.6995881408130582, 6.923477009288839, -0.9059437924167875, 4.651977384942499, 1.0286524527853063, 1.8216565790459172, 4.65194072748546], [-0.010194498143646591, -1.616678872510401, -5.471847169570463, -0.8701886976837003, 1.1884731810099958, -3.9727201056426553, 7.944832321443538, -5.907325353573253, -0.7748155737031863, 1.813112537524495, -3.9245093096922696, -1.3270087541448454, 0.8652944950903549, 0.8623375208073976, 2.871797892430815, -1.5667967845647337], [4.788808741019154, 1.5041707367496102, 1.0278208813351277, -7.131904157040841, -1.711721828133137, -0.9705121446277317, 5.517310550825723, 0.8642968897574624, -0.8617400236955826, 0.9138961585585906, 4.497486316132312, -6.939484985186187, 1.974799023751595, -2.201894007856185, -1.6412336356449881, 0.04261040122359194], [-1.9032787214590587, 6.145011905512894, 6.406301774682261, -3.348688005549134, -5.047490463913337, -3.2055135075496377, 1.5119255902684765, -6.5881001765436, -3.244054576528216, 1.8394593831973134, 0.9822551855889828, 3.5699283191926945, 0.9158742947997697, -4.403115449293663, 3.4554436463056346, 2.923419988418112], [-0.8969210191345657, -1.0056925715625995, 0.06717043771323239, -0.8266828748544385, -0.32933623406175483, 1.1567893684876467, -3.9502855610514196, -6.677646155966448, 0.3147667079085097, -1.1764415619325757, -5.6265923845892125, -1.860147764874419, -3.4556478210229375, -4.963357154054073, 4.1083968583219095, -3.3230334862271214], [0.3333787713714015, 1.6990977881566065, 1.5818891864295956, 3.301145390419917, -0.46146979554017986, -1.210135733387414, -9.467867654993716, 2.441586098365974, -2.8798637164427414, 0.7401837112159506, -1.1743178658993112, 0.5592856307542714, -3.9050802323291975, 0.12211172554032834, -3.43969620000228, -4.192897960862843], [-2.8961032455575895, -0.034363393484852234, -4.0392000305221964, -0.7149786498397501, 0.4119903679006947, -0.06178225939107762, -1.9339238438025512, -9.578363922941298, 5.714512502495315, -6.399258561075644, 1.2875061064681912, 3.893611147938634, -0.769943513717199, 1.2248256174963115, -3.300365426710987, 4.956851759289958], [-3.2633870825024847, 3.195180459910616, -5.24558213755165, -4.348296938774341, -3.206712018759919, -2.444628759925243, -5.202994468498353, 3.194942892799897, 4.351555970346841, -0.6953977223786804, 4.596125433127353, -4.079930055056125, 1.0252920805653518, 2.9551545813400524, 0.9290673068099341, -2.24388667105595], [1.707927608115529, -2.466879805683307, 4.18336114148359, 0.4976232682696058, -2.3538213800142116, 0.4475645564919612, -3.109493060839744, -0.9048694371797525, -0.4287090224522487, 2.1837341668310737, 4.318797503534455, 0.3452975458923049, 0.07543278035254342, -2.367377733504448, 2.072861528294121, -0.5981084225550618], [-1.6591885986267318, -3.9939675727802184, -2.3872966851748374, 13.752481015639672, -2.6192771890778945, -0.3682273894051802, -0.6139780930576021, 1.401139821738592, 3.5885210334045943, -0.3841659829480661, 1.0423932559726596, 4.772752490401522, -0.6835376696874991, 1.5835368451374738, 1.7223359826105313, 0.7965351806277741], [-3.352483170170454, -2.2357421653743286, 1.7193113887580762, -0.2188563733459743, -0.5557248890973338, -3.5669643079949633, 0.4032206849566444, 6.352663167492476, 0.038731511152023, 2.3835458701809014, 2.2722605628231394, 1.0583938964668553, -0.796826045819786, -1.3876708082373104, 0.10835557055422007, -2.0202334647728777], [-0.40977498809550966, -1.9012484635448117, -1.7511364592852925, 1.4781471388240306, 1.3002749695943319, -0.11976645092535278, -4.108218391188216, -1.0652841718562607, -4.3336670428201725, -3.7325265836124726, -2.458145098901231, 2.0104343746588724, 0.5564746714508391, -6.616327243084321, 0.5401810167313645, -2.0819219536844296], [3.7693273451693696, -2.2624674406553074, 1.775319875194484, -1.5920621977147762, 0.4518797027119853, -3.446370943923614, -4.085962963324744, 2.2213466817482797, 1.38769853943707, 3.8158589472810527, 5.645799983866114, -1.2130608111657317, -1.6106734454417175, 5.340060866920988, -2.868831116798869, 2.0490128779264056], [0.9371042694686895, 2.1436958827586556, -8.279518689424556, -2.8081943885688827, 1.5153929584114472, 5.096133642010553, -2.735468060137202, 3.6485824148463015, 2.2539250395525112, -2.910622572840093, -2.7638897721678903, 2.2882922707417808, -5.331364693199004, 5.654135723425589, -4.547343930245054, -6.519889713154591], [-3.4287419122204703, -1.6598182031925854, 2.5723627736792856, -2.5555203045350585, -2.0599918132916497, -1.7726953464144857, -2.6048144714221073, 1.410198534306289, 4.755336895289547, -2.078320840011439, 0.8102779304154566, 2.469897888900567, -4.046322134342837, 0.6954727825755498, -7.442802878410445, -1.6978156612272948], [-0.25207360123813227, -5.635710651538425, -6.089712836954611, 1.8689552744608218, -5.068014493664419, -1.4636812764096256, -5.417979829102036, -0.6015143707440838, -0.5594133914328376, -2.539361629657879, -0.3595248786641797, -1.1145632459161354, -1.9947074329886445, -0.7279412212596753, -1.7691697036107035, 2.9961655447199886], [-2.2457762070910974, -1.4354103511165106, -2.3643460749517615, -0.053244904034171925, -5.557605163942326, 1.8638031045592058, -1.2136311542850233, 0.9292808859492583, -1.9216591849720273, -2.1515568550398148, 4.46472301489779, -2.1845993598141793, -4.473390355966669, 0.5410243166231761, 1.1098814570574531, 3.332389342697977], [2.3576050763225744, 4.4681856047973625, -4.434192010274839, -7.103644766372074, 0.46775115287909885, 7.853557715665988, 2.6005263178925975, -0.5417840857183962, -2.5491187075377173, -1.3397323394945555, 3.2703737245594615, -5.271413578528011, -3.8685887720315755, -3.371218548423367, 0.26365827841416256, 1.1746286177145144], [-4.547719105566696, 4.036869428511331, -3.190810126880814, 0.7359047078677159, -0.8425851742050001, 5.4280767967663035, -1.0617149314510796, 0.28090833415795524, -1.3460754509487276, -0.6923140641565282, -4.66192764138131, -2.006087471055945, 3.965666118460314, 0.5024347286949533, 0.6206507191675945, 2.4670986742136485], [-1.047584010585875, 1.804531839049987, -5.917455461485186, 1.3624660663293686, -2.0034445639598344, -1.3337316488386548, 1.5835052235161826, 2.043655170546266, -1.7772328678204423, 7.594862207116487, 2.4702458113692307, 4.961680835074503, 6.154183494037685, -0.3457885943396727, 