{"generation": 385, "fitness": 979898.9898989899, "board_size": 10, "snake_size": 3, "input_direction_count": 4, "vision_return_type": "boolean", "network": [{"layer": "dense", "input_size": 16, "output_size": 24, "weights": [[1.3276950230087636, 0.9243267033546996, -0.5211477148156938, -0.9754265080361485, 6.815771523509171, 0.3869866915690905, 6.7241391986972845, -5.329428721212244, 5.739813167866508, -7.638479200969788, -1.6967509424728733, -0.7417594540742014, -0.2156165724759115, -1.5922428960519424, -2.3290358337353037, -1.1057375728466465], [-0.8981127591181588, 0.24085005673169557, -0.835026863561456, 0.7698225683331581, -1.0241247106786575, 1.6752383283598777, -2.593006650691752, -1.0157875119639261, -4.6591514841996, 1.6677560238667815, -9.695075245463327, -3.2925184035674713, -1.222854739804211, -1.8559783025334942, 3.0706887495953676, -0.2760587100310583], [8.825940825291443, -6.9742476306858485, 1.3078743826227834, 3.7106437785643362, 0.7012990133094946, 3.489681422250495, 4.386709077290295, 3.1470519287370453, -2.544084886500391, -4.864430584346077, 6.971609874678208, -1.3849920166516183, 2.2928995517634845, -2.07246734664006, -5.12325583508484, 1.9252775495663625], [5.610474266925793, -3.950817622367887, 3.6382747787714207, 0.5746653850031858, -0.7792208806437536, 2.1286411551398863, -1.2117571275969716, -2.9796587004205, 1.7817519410343554, -2.9281489684288955, 1.3181248452907033, -1.456011731938311, -0.17522980316696224, -1.173038269863015, -1.3403389725932267, 3.184086649337611], [2.3171599459681023, 0.2243291471226465, -1.7664476876446744, -1.850232810094592, 0.18638968436045256, -2.394141648564866, 5.858762466657947, -1.302108893258079, 0.17382857282425013, 0.14692641813197846, 6.297286920879368, -0.7804673213653237, 4.651977384942499, 2.115929317641862, 1.2092944292978594, 4.569049399753819], [-1.3945501214786702, 0.41482734426675316, -5.859750674946154, -2.142032626038668, 1.1884731810099958, -3.832096824769648, 7.944832321443538, -3.324603290912281, 0.644000241328885, 2.4584222648437715, -3.9245093096922696, -1.5851083536334394, 1.3923933599555371, -1.776280608888836, 2.6908823193098237, -0.8942355065054768], [4.788808741019154, 1.5041707367496102, 1.0278208813351277, -6.1357322850477924, -0.8769520871575008, -0.9705121446277317, 4.933455679455861, 1.365515278000562, 0.10725509495610064, -0.20458089735214302, 4.5305063952308835, -5.903116940195081, 3.0599046052156194, -1.1458672309725983, -1.6412336356449881, -1.3563506435215025], [-1.9032787214590587, 5.150630693680241, 6.119545613375961, -5.502422906193152, -5.68313678419226, -3.2055135075496377, 1.527908511881551, -4.750063861629652, -3.314894555431741, -0.014428151684152457, -0.12544675545100947, 3.357097506948832, 2.4859389211066723, -3.628621524408908, 4.840720397411955, 2.923419988418112], [-1.0314384307677886, -0.7850349388668698, 0.06717043771323239, 0.6309294480721377, -0.6231248828044819, 0.21976439883467103, -3.0062965190549438, -5.760368865773498, 0.3147667079085097, -0.6843383309129235, -4.835282041485046, -2.323337036123474, -4.110354439830649, -6.245562244201702, 5.75989943255531, -1.9574805404587345], [0.3333787713714015, 1.6990977881566065, 0.5396228072308495, 4.97538525530667, 2.0390752120793283, -0.5488407253355487, -9.467867654993716, 2.441586098365974, -4.503012658792154, 0.7401837112159506, -1.1743178658993112, -0.08406963539765089, -3.9050802323291975, 1.5232065757290425, -3.43969620000228, -4.192897960862843], [-2.8961032455575895, -0.034363393484852234, -2.5725802839559195, -1.7840530094507903, 0.4119903679006947, -2.0320895248243303, -1.2927529582610016, -9.578363922941298, 7.131950578370116, -4.83812561252746, 1.622770514619172, 3.5399282594562966, -2.9951562177248876, 1.865780158338954, -4.931764259916709, 3.532166028302547], [-2.196949435426547, 3.195180459910616, -3.7558284669442243, -2.886431685120204, -3.5184539882939334, -2.444628759925243, -5.202994468498353, 4.020269544727553, 4.351555970346841, -1.2990918160940288, 4.915692683734838, -4.079930055056125, -0.044635864906164, 3.7128101280192665, -0.7022666258515559, -2.572825139463464], [0.7259816367655595, -2.0810166732560855, 3.1962816527126905, 2.238959687417146, -2.3538213800142116, 0.4475645564919612, -3.7244727924355283, -1.48983110279128, -0.02524601556419026, 2.1837341668310737, 3.7038420465312116, -0.13259591700706208, 1.996880991990494, -2.367377733504448, 1.3956179083502984, -1.4198693260415196], [0.13914656503453005, -3.6761189750677143, -1.9999241442576183, 13.752481015639672, -2.3322881361206775, -0.03521224194194977, -0.5311766007838494, 2.2948991186913736, 2.494771245351103, -3.142230783012876, 1.0423932559726596, 5.252232589054701, -0.21512647800986978, -1.2975710797436593, 2.063495073127604, 2.228312830563705], [-5.415054860009092, -0.15739010530513609, 1.7193113887580762, -1.8842061414037032, 0.05099124933124821, -3.543190173382903, -1.7591874255737632, 5.446080580030282, 0.038731511152023, 3.814799946873249, 2.2722605628231394, 1.559739254368267, -1.4395721171221878, -1.3876708082373104, -0.356612727754142, -2.0202334647728777], [-0.40977498809550966, -1.9012484635448117, -1.7511364592852925, 3.4611494855693925, 0.965427645363427, 0.4880871338769345, -4.726574252668931, 0.08351573545267232, -2.608871035449922, -3.419567544480996, -3.646538262406554, 2.4866376942541, 0.5564746714508391, -5.0077497709318495, 1.1308016663683889, -0.25547508086692106], [3.3615768918293893, -0.9066450563436198, 0.7250510414899698, -0.038692708658992575, 1.3128950960964274, -3.1156447898008133, -4.085962963324744, 2.948654989358859, 1.38769853943707, 6.379704669499814, 5.416658088680096, 0.25737356221141217, -2.409882180488137, 4.071563964793137, -2.868831116798869, 2.1040970713943965], [1.3290547594982383, 7.837194184262786, -8.279518689424556, -3.953716168846274, 3.073836668615364, 3.22064776365223, -2.9638101030233615, 3.569315081576799, 2.2539250395525112, -2.910622572840093, -2.084403745637834, 1.3352567100573485, -2.1679061279543905, 5.095680812061492, -4.547343930245054, -6.519889713154591], [-4.874316787540096, -1.6598182031925854, 3.1250876520215107, -3.4925563318335957, 1.8952225784302137, -1.7726953464144857, -2.134785852370256, 1.410198534306289, 3.295972045445316, -2.2062401880282003, 0.8102779304154566, 1.703807343726791, -4.490085121453841, 0.6954727825755498, -7.442802878410445, -1.8358936568030537], [-0.25207360123813227, -3.58917597938045, -6.089712836954611, 2.7963339625525747, -5.068014493664419, -1.4636812764096256, -5.415726633506038, -0.6015143707440838, -0.5594133914328376, -2.315710386231694, 1.0666547985956123, -0.4640363641418138, -3.396748637740984, 0.510490442195555, -2.5991041453163946, 3.2664655483341734], [-2.2457762070910974, -0.39987241650199246, -2.88159091024085, -0.053244904034171925, -5.557605163942326, 0.3659659397441686, -1.8577245862832892, 3.7229186869823323, -3.135834636626891, -1.9780223022950907, 5.892239908191595, -2.1845993598141793, -2.6071274736981986, -0.8108370924717465, 1.1098814570574531, 1.8996346272870033], [2.3576050763225744, 4.4681856047973625, -1.9845042690721038, -7.103644766372074, -0.037621240664866384, 7.853557715665988, 2.6005263178925975, 0.013809938386201481, -3.3756085142565233, -1.3397323394945555, 3.2703737245594615, -3.341614556603903, -5.128855473803338, -1.901538004205907, -0.1297067878555938, -0.9000417879245256], [-5.925931168012207, 4.036869428511331, -4.582029828693658, 1.3685940720054208, -0.8827100198865371, 5.290247533782363, -1.0617149314510796, 1.688829105920174, -1.3460754509487276, 0.20419695309306318, -4.152630789681251, -2.006087471055945, 4.83258775667959, 0.5024347286949533, 2.3055042847258176, 1.8446917642658178], [-1.9942885256376823, 1.2524703764021485, -6.01921278635951, 0.3772024573660186, -1.5735636189390672, -1.3337316488386548, 2.24167780103093, 2.9956075222409098, -1.144078858978991, 7.61505424755997, 2.4702458113692307, 4.888696310888576, 5.757994992161572, -2.3241805403013776, 2.4781939045470485, 