{"generation": 351, "fitness": 779873.4177215189, "board_size": 10, "snake_size": 3, "input_direction_count": 4, "vision_return_type": "boolean", "network": [{"layer": "dense", "input_size": 16, "output_size": 24, "weights": [[-3.9749237305114615, -1.7076992286645567, -0.5693609396364547, -1.1122107179719165, 3.203435472484016, 2.901085368405053, 6.773830536001029, -4.763464201603586, 6.161296554146516, -8.452205555525358, -1.710767726426567, -1.6969113785956074, 1.2636851548828463, -0.5712972371021695, -2.646989754752535, -1.1057375728466465], [-0.5925383097601262, -0.9989890135046158, -1.018106693897609, 1.761511218758001, -0.7261257946304124, 0.14168981415904391, -1.7214956327342732, -3.0987321416527864, -3.1014080614510813, 1.6677560238667815, -11.079179829163932, -3.47688074930563, -0.35903672093462435, -1.5254192048334807, -0.06490708456052519, -1.0737667546128644], [7.5818337222685726, -6.620530919487482, -0.11121979956489203, 4.035261430038587, 0.7012990133094946, 4.946899172276404, 5.670875188604074, 4.200880785499093, -1.55611578033154, -4.706378932597532, 6.199321052152121, -0.6596445217559054, 3.0089643864492905, -2.07246734664006, -5.993685041398149, 1.439442194808208], [5.610474266925793, -3.950817622367887, 3.6382747787714207, -2.307611218521655, 0.41212208972408126, -1.4525255563617863, -1.9286621066765648, -1.2373468771059986, 3.6242831700248423, -1.0261172627933215, 2.460383464112968, -3.1619738634465326, 0.9295063566792833, -1.4867257621105237, 0.6714386450276315, 4.094124673058552], [1.2048710391586583, 0.2243291471226465, -2.98035195661375, -1.850232810094592, 0.07135770272484016, -1.6447027338141988, 3.3181532473037483, -2.511531434960496, 1.8947660030755487, 0.12335776821422906, 8.060378263805188, -1.34482712391976, 4.111013721379351, 1.491609189814517, 0.9078721841901434, 2.7837328713856113], [-0.010194498143646591, 0.28144023829381265, -4.504099805028308, -2.3005161576223694, 1.0163910172540425, -4.21473093716249, 5.6600489775399545, -3.3104659068725106, -0.7748155737031863, 5.816426346314501, -5.085129845292357, -1.250193446287825, 0.989391441636864, 1.988118043825777, 3.3201244148438915, 1.2389486135172436], [5.077922664396215, 1.3240199923617308, 2.8697652702630596, -7.338875614135946, -2.1749695749957962, -0.9705121446277317, 5.517310550825723, 1.502689526616281, 0.24008878369505157, 0.9138961585585906, 4.153920803929913, -5.223072879640392, 0.7313452039884902, -1.8106310241948906, -2.2207326933360645, -1.7115627404401808], [-3.722058306157348, 6.145011905512894, 5.835260707205994, -3.7571334773225122, -2.775323820650139, -1.6714844801079198, 1.1857440781617692, -5.053000493005103, -3.244054576528216, 1.4823310798839864, 1.0730840221678606, 3.9467350386623385, 0.9158742947997697, -2.5866838778897647, 4.109783884843644, 3.504948035588887], [-0.8969210191345657, 0.6318154072648468, 0.5839030261283455, -0.8266828748544385, 0.03612442360901458, 1.5584423771934748, -3.14533160627066, -5.760368865773498, -0.6951505586045792, -0.6336962588903563, -5.6265923845892125, -1.3079558028335336, -1.07706949496715, -4.963357154054073, 4.48023762778244, -2.6511130867003656], [0.3333787713714015, 2.502193323912655, 0.8608072408428687, 3.6282389050496207, 3.396239468731796, -2.7809307761350053, -7.88097692942214, 2.046544856768917, -3.9273059512494632, 0.7092949472420179, -0.5554307657447892, -0.08406963539765089, -2.1998393426728744, 1.5232065757290425, -2.111427693154123, -3.435484173267456], [-3.349159720374522, -0.40578266802358987, -2.5725802839559195, -1.6189348400935462, 0.4655491445223219, 0.5514005413459906, -1.9339238438025512, -9.578363922941298, 4.604306675728235, -5.615267171463486, 1.2875061064681912, 3.893611147938634, 0.9789447773071629, 1.2248256174963115, -1.0064212849072658, 4.956851759289958], [-3.2633870825024847, 3.195180459910616, -0.8590323720351636, -4.348296938774341, -1.6332771728392603, -2.444628759925243, -5.8340343379258774, 1.2321865611275538, 5.606185129061154, -1.3293962514116813, 4.295187117700225, -2.9355774697062986, -0.6813828970088771, 6.372591227585811, -0.7022666258515559, -0.4409885734971171], [2.710552745598502, -3.7997665759437353, 3.1962816527126905, -1.1993063517111406, -2.3538213800142116, -0.3220006204883266, -3.109493060839744, -0.9048694371797525, -0.02524601556419026, 2.1837341668310737, 3.375643748061025, 3.503083845953328, 2.9850705563562707, -3.089964501346252, 2.784236243844409, -0.26503649369707616], [-0.47460616237134723, -3.3527419635374733, -1.9999241442576183, 13.828621663033285, -2.6192771890778945, -1.7462820123400915, -0.052798649213807836, 0.6404862857354432, 3.193188088371348, -0.3841659829480661, 1.0423932559726596, 5.252232589054701, -1.6616011773734505, -1.2975710797436593, 2.063495073127604, 0.7178252948543742], [-6.0108718404516095, -2.2357421653743286, 0.4708475595457735, -3.6412424756656754, -0.5557248890973338, -3.5838532991098133, -1.4290894346199208, 5.58952480160214, 0.038731511152023, 2.3835458701809014, 1.5862291760379448, 2.53125081443865, -0.796826045819786, -2.455020101945471, 1.9230679111424003, -1.882141433753305], [-0.8928698919233176, -1.9012484635448117, -1.5032637062786791, 1.6227029963447313, 1.31530829855826, -0.101122658761724, -4.535654671849497, -1.0652841718562607, -2.9747093149315225, -3.075382739986282, -3.9035330639907677, 2.0104343746588724, 1.5398354494355366, -5.0077497709318495, 0.5756666410303214, -0.7066169570131123], [4.071182002854799, -0.7199831197992237, 1.775319875194484, -0.5279699346076961, 0.4518797027119853, -2.920795465959035, -2.892044683002464, 1.7438887786903257, 1.623442514791367, 3.8158589472810527, 5.645799983866114, -0.0761281410274352, -1.4689420370478854, 4.071563964793137, -1.54140164855776, 2.0490128779264056], [0.9371042694686895, 2.8212164895884473, -8.279518689424556, -2.8081943885688827, 2.3255399896470075, 5.926281525011994, -2.735468060137202, 2.9361812771358773, -1.0795981949388531, -1.427255274022059, -3.8802409892217, 0.8358199631341157, -6.766670923609138, 5.095680812061492, -4.547343930245054, -6.519889713154591], [-2.4104312742478675, -1.6598182031925854, 3.252419595157124, -2.5555203045350585, 0.9488650899073333, -1.5349256227550219, -2.6404694087515557, 2.3604159559602818, 4.150054894663414, -2.4029758290506606, 0.4474295871947139, 1.634419712035086, -5.005368219934245, 0.01129400304133632, -7.442802878410445, -0.775232709778487], [0.9495417427419922, -2.615584697379751, -6.089712836954611, 1.2515489785461522, -5.068014493664419, 0.2931232195840763, -3.207976950405345, -0.13038637799716457, -0.832071113084972, -2.539361629657879, 0.5282658841542336, 0.5043224925047395, -1.6732328835450385, -0.533723912985645, -1.9314973499142603, 4.153407575006485], [0.01120988026211589, 0.40323923873472445, -3.5019279739862332, -0.9746729877874631, -4.491719892574974, 3.3357742992882633, -1.3455005523561545, 1.7197948869158683, -3.6516291643016445, -1.3794692994392048, 4.46472301489779, -2.7851899995729723, -4.473390355966669, 0.3245357175438319, 2.72226026507985, 3.42426173094998], [2.3576050763225744, 4.4681856047973625, -3.8049827164897203, -7.103644766372074, -1.5332641935135904, 4.965895489718448, 2.820737301223653, -1.4892074982285302, -2.5491187075377173, -1.3397323394945555, 2.3936870285207514, -3.662084351539826, -3.8685887720315755, -3.371218548423367, 1.1988721714167627, 0.9788017272021112], [-5.447746975722352, 4.036869428511331, -3.3951348036967692, 0.8753079889846833, -0.8425851742050001, 5.4280767967663035, -2.748669066301337, 3.0687536359013117, -2.404171923942739, 0.20419695309306318, -5.9084630044683095, -2.5081956609471874, 4.438614925469972, 0.5024347286949533, 0.6206507191675945, 3.0196958274039294], [-1.9942885256376823, 1.3250817851824799, -4.255995403828567, 0.632358301300046, -1.5735636189390672, -1.3337316488386548, 2.8017726071636817, 3.5195298869095732, -1.6984285914755795, 8.655174551290646, 2.4702458113692307, 4.961680835074503, 4.791554259196872, -1.6258339955143022, 2.4872021862387337, 