{"generation": 352, "board_size": 10, "snake_size": 3, "input_direction_count": 4, "apple_return_type": "boolean", "segment_return_type": "distance", "network": [{"layer": "dense", "input_size": 14, "output_size": 18, "weights": [[6.088958062697903, 0.7672044322903142, -2.3749274617619323, -3.298605748071055, 3.477492570643195, -0.5451548330006204, -2.438681130100861, -1.2628323302332323, -3.6287267035297983, -4.2434418839259465, -10.593757036448427, -1.656864321578986, 3.4459361061366267, 4.692340641166736], [0.9499602028266836, 6.2080463417909355, 0.4155797025541461, -4.66678327028065, 0.821954086809568, -9.992314690620335, 1.035839442108069, -2.1252672349562247, 4.949581481353868, 10.998550131995541, -4.045688273384189, 4.096904655977093, -0.44007705079586523, 0.6959001150916432], [5.205135821455675, -2.539671792633386, -3.9061607471660653, 5.387904879451672, 3.7799408529765905, -0.3273526482873924, -1.4748396729698934, 2.104294902550608, 3.82603357461886, 5.223704444145155, -2.832076430577917, -4.446866488115159, 2.667358410979423, 1.3869748737408778], [1.004220797425686, 1.6978324480174263, 0.8605378184550039, 4.17379790356865, 0.8343465626955653, 1.719297531618448, -13.546668279411637, 10.768702205015723, -3.494053368256861, 0.6375300730760112, 1.5204891374648724, 1.7272464076532807, 2.216221715583215, -6.673903616929038], [-0.6407078129225633, 6.663400492238179, 2.4977893532445816, 2.157587625404186, 0.9841209905925982, 0.12917702048068191, 4.140004386878939, 2.7279293144187755, -2.610856339111305, 0.9180343874982781, -6.406941257105273, -1.8722473311911063, -0.3142986319108956, 0.32361682934788205], [-4.415625321814387, -1.2722071731005422, 0.21601685255495406, -2.2259740577331915, 0.0010577105677926912, 4.330377987865072, -0.5581586186380803, -0.8888063193170926, -3.873915643852344, -3.0258348730752296, 3.36102418999115, 0.21913813816623762, 3.8458942797640105, 3.3324801916806552], [-0.26916719469096695, 3.8079781720656785, -3.35210897819883, 3.1887134798179804, 1.526117685626456, -3.2744885395940226, -4.941815333666142, -2.5727544774000255, -4.181493747027073, -0.16163892469468022, 0.5475996958798005, 1.750907169160644, -0.3078111217219808, 2.136523219510652], [-1.0891833770798416, 0.7960399238023655, 0.40503887426791624, 11.659609341144732, -4.420354643213225, -2.7570828731105586, -5.1961714537930845, 4.018173743575366, 0.7037190542255468, -1.9576538106956303, -0.25017525844713606, -0.219161965021462, -0.030948961403399866, -1.8813605844076249], [-2.1168116945485864, 1.1905355976485072, -3.650696468930146, -5.668466108343367, -2.9752071697353677, -0.5841333794770849, 1.205219810157422, -0.03319639987599188, -3.852450637974027, 0.5704297960559612, -1.490302122993687, 0.5794257862255945, 5.834851772803922, 1.803725509849272], [3.463685952007417, 1.3492015142131768, -2.9761218982548976, -6.222731188318091, 1.1743084090141773, -7.256480899665296, -1.1611912138714413, 1.0509994167518963, 7.211611855489567, -3.4345232091570237, -8.00929763103645, -3.543159605813244, -0.8972856312968962, -6.533048837612233], [4.175296389087783, 0.4244043572624019, 4.433872216152746, 5.7296016395288065, -2.8369026260029457, 2.5863342636121316, -8.719584525068377, -2.844048963214299, 0.5560039362062178, -0.9990688155104629, -2.2003935562210026, -1.570049409895017, -0.23609090247025732, -5.001225198563213], [-0.12373602587528854, 0.8859284789947076, 0.3523669257895632, 1.2777029369169224, -4.509843740863907, -3.587573751683819, 1.022699646071275, -1.9345799743688072, 3.548874837110599, -6.3253466299996886, -6.212442302682999, -7.855483967285363, -0.4976135765044057, -4.936591541790738], [3.4597715708817995, -1.174883377797922, -1.8480508248239855, -3.1360294711468835, -1.357451911300569, -0.7841422881649973, -0.4770830391772367, 1.6142911143818741, 1.147730721790547, -5.131380824105713, -0.648693498733454, -1.8626016945993593, -2.369262413168733, 2.7438571631815805], [1.2342744185882526, 3.061344290993548, -1.0406444484448856, 2.080019519736383, 2.340583852329218, -3.922417335512533, -2.856081997333334, 1.50245846693084, 1.396764349407319, 1.147036081471429, 0.014684546144125177, 0.23159423305824678, 1.0575800667371786, -0.3463478494288099], [0.9481904312139775, -2.7164482622874857, 0.0088119737095671, -1.0882588258089156, 1.4287807404148771, -1.2393449249943107, -0.6579303097281615, -6.222712895829584, 2.749793740661603, 2.5678895178169405, -1.3841692874450953, 0.43158506994398527, 1.2603403111637321, -2.086631051786465], [0.4749420814778011, -1.9383515921286734, 0.18781000809084336, -0.8836282931714412, -1.4292128396856014, -1.8972465956574882, 1.1771746023031444, 1.8876230736953203, -5.022362503401229, -0.3442858713956338, -2.7762927695995683, -2.4228393521212235, -2.3866794779356724, 1.2553944770907282], [-17.246482316890177, 3.635498037367577, -3.0793963266237268, 0.1649614220599358, 2.564813874117358, 4.470145455080223, 8.37290895830846, -0.02575597112419714, -5.85560491898726, 2.7907077227278645, -0.012377693879671123, -0.007657757225098871, -1.8008617180127011, -2.707791610331526], [3.071724345408876, 1.699468503833071, 1.1101476037226135, -0.07965832854384777, 0.5356208015970603, 0.6292277668967494, -0.14627549215497537, 1.1240309276935214, 3.8936962338395076, -12.650416250623127, 1.5828840539559137, -5.4411801645762194, -0.13728519658298244, 5.446050655403024]], "bias": [[-1.5986548450953741], [-0.7737298032601286], [-2.465040218519342], [1.1586685235978431], [-4.207699763488735], [1.0165961286312484], [-1.9835081303888291], [-4.087586780102969], [-3.8899760950766487], [-0.40232473016022474], [-0.05800408706469795], [-5.864181632439237], [-2.5082367672558767], [-5.412588352566045], [-0.5230911498571522], [-4.53950155879794], [-0.6816287575177203], [3.7968067398720127]]}, {"layer": "activation", "activation": "relu", "activation_prime": "relu"}, {"layer": "dense", "input_size": 18, "output_size": 4, "weights": [[1.7669756280597053, -2.956694130006881, -8.458349413326268, -7.502389203253902, 0.3107257510920243, -0.29218753573192024, 0.2799933038482487, 2.9167137394610423, 0.1776150725929887, 5.187003269653214, -4.641682534623001, 1.2134429498479695, 1.1863299362558777, -2.0879864150129515, -1.9784960176328719, 0.2732931456286509, 8.467833308029565, -1.1433885648890052], [-1.9483743870162102, 6.188500555392427, 1.1816891310638382, -3.224357348323225, -1.3824643193184853, -0.025380565730115545, 5.053168226733254, -7.229285696300566, -4.651020535173198, 1.6578022537864956, 0.336989678236607, -2.0189534888911043, 0.09402548879360084, 1.859346191239711, 1.8321684212093639, 0.45280299967041726, -0.0308063491470294, -7.310967184210313], [-2.016605141130506, -5.0097721767135965, 1.438216426561558, 6.565542133879017, 1.0185053374084667, 0.6658833665667934, 1.06365183414134, 3.8450893594371087, -2.04892047266084, 1.8872984079321824, 2.7678065717700266, 0.6111299845402941, 0.304759721835109, 4.5955355003793725, -3.3734569601016933, 3.4962937449535403, 0.9338682746440481, -2.2041874115425255], [2.620553128549789, -0.4926193768357113, 0.27282088510992186, -6.897546243999752, -0.984099734554374, 3.1446636342655365, -1.979896857038955, -2.8116857243564986, 0.42349135955899875, 1.8728604722159963, -1.7795778624278995, -6.216698181526803, 0.8769509931602251, 0.42536008088808075, -4.241788168582867, -2.7949483884343667, -2.6743602805686644, 6.435908895662385]], "bias": [[-1.135943063716817], [-1.7636304259009021], [0.19781403806224787], [-2.2542661114635183]]}, {"layer": "activation", "activation": "sigmoid", "activation_prime": "sigmoid"}]}