{"generation": 352, "board_size": 10, "snake_size": 3, "input_direction_count": 4, "apple_return_type": "boolean", "segment_return_type": "distance", "network": [{"layer": "dense", "input_size": 14, "output_size": 18, "weights": [[4.616250024426888, -1.0584391829603257, -4.057326820440095, -0.8665076789953507, 3.615959903972648, -3.7166764702007624, -2.775677307248067, -6.926883784055074, -3.5921915885233524, -2.8644970682515765, -9.597211181173602, -3.3338983194389535, -2.3589226867779183, 7.1667763358256735], [-0.35860748560200695, 5.017193210570346, -0.22062733402237816, -4.031817471361207, 2.2803344757630875, -8.928354669584577, 0.5212692703147919, -2.302534774184538, 5.372926257897079, 11.95933412351735, -1.4879915613550434, 2.4957454494740903, -0.5411596557818223, -0.3181793788211488], [4.178106791079224, -1.2420045643889916, -3.768840199234976, 6.2260222305100985, 1.5229393987162394, -1.3950106270813107, -3.637617208217706, 5.237936878541226, -4.826107256064541, 1.3262129054974292, 3.3584120068006316, -3.6919005611976514, -2.50641415276171, 3.207603322607418], [4.20211316115197, 3.2570622563950526, 0.24785587056993708, 4.170774197078197, -0.31376411132748855, 2.484539699133043, -15.35547519171231, 8.989341454891544, -2.2773298155455923, 0.6080380597513123, 0.8887871457020483, 1.8015816301884051, 3.2335018240749287, -5.6674537639834055], [-0.9927165923374754, 6.2597280103800905, -1.679794151315165, 1.1429153170079767, 1.4304997257955325, 0.2987982740889337, 4.55596840625368, 4.328996902833414, -2.3406400948657407, 0.33751799532382, -7.286378844880707, -2.0582317627571514, -2.181301098645933, 0.12134800262830858], [-5.28018844026907, -1.2722071731005422, 1.5477373507503767, -2.9793197641335527, 0.6018766195036669, 5.5896963063459, 1.420840692729401, -0.8888063193170926, -2.8558456620466615, -5.25806504672419, 5.072715346766281, -3.237882329962435, 2.8804477624713454, 0.7583541364237019], [0.6676033196997857, 1.2016479785734895, -4.418634188696461, 1.540718367305638, 1.8554722533423662, -5.918689155182521, -4.076426861518704, 0.9626837518431881, -1.3466920373823674, -0.3985746754499788, 0.5376505760247838, -3.5082541381043604, 3.1446086349658016, 0.3104031516466115], [-3.8874433335426564, 3.745049958394711, 1.6575818917359633, 9.19136033306938, -3.87741764998745, 0.5592350709902497, -9.767128397461125, 4.948279291442175, -1.2705841807178477, -4.0897170801111535, 0.5141041277130941, 2.1145173325693265, 3.2337278254283466, 0.3643691345535913], [-2.366716068639227, 4.129891845249148, -2.8056947751305703, -4.835259389548083, -2.678228242030948, -1.0061052300247066, 1.5670687636240856, 0.9525683959013528, -2.4676346188738316, 0.1121831529392104, -1.0914004956316985, 4.187549825628064, -4.341162830640265, 1.0622948540601644], [3.452185334761765, -2.0573591928195114, -3.2145418782416852, -4.735747211261611, 0.6218836202422059, -7.413055258909671, -0.6613018659226344, 2.3502829200799287, 6.298450464281529, -4.643692754008731, -9.511517953324859, -5.5664984744089585, 0.11780163042393998, -5.995985663637052], [4.147544897622551, -0.04922750456727207, 2.693148734747151, 5.810746856613395, -3.05568612935708, 2.628628069524043, -8.122408150729457, -2.7301907797081335, 1.2374109482504152, -0.34475324646629724, -5.423576530776869, -2.043873365009179, -0.12116711812414982, -5.009601120534581], [-0.36265379394803976, 2.5791612299890425, 0.3807772536187929, 0.28698102710236073, -3.5644201067218124, -5.633185088218709, 1.857343617468266, -5.562069925862203, -4.976212231591989, -8.091000683451506, 1.0344922929739966, 0.006779712682652234, 2.992765643161195, 0.02769986285589565], [3.6585620810659396, -5.399339505940044, -1.3532608617161541, -3.5629080211350797, -1.3572496746695475, 1.15580128479762, -2.3855323134082753, -2.9237403872699175, 2.6994667955372806, -1.056686624796806, -1.2387646978269906, -4.485086169268246, -1.1335774338986395, -1.8330835132071739], [2.2355041825793984, 2.7341086659679434, 1.9513117779382483, -3.6210486998568774, 0.6675174107942949, -2.955929428836753, -3.709856327304259, 1.1694584075230559, 1.7304242233646066, 3.6070134005253784, -0.6938951063119767, 3.093811158115876, -2.4656634862727573, 0.7916889009928475], [-1.1608826253850526, -0.440101230540269, 1.3558622292830376, -3.000622700058331, -0.2727640278793281, 1.4843040150084743, -0.3749816116176412, -5.805142467913482, 2.148159540941983, 3.9366987797354716, 0.7315667581428171, 2.9908737339221814, 2.8516728327893452, -4.587691268428851], [-0.178190322406365, 3.387458171004887, 0.22180858626588806, 0.4217953157248322, 3.872885965709245, -2.8523064479590885, -0.7464579011281727, 2.2961680202580474, -9.256628238183005, -3.2291170208127253, -0.9635474726014192, -2.687182581880127, -1.2006933613135558, -0.2182825585165642], [-15.161721117580687, 3.056812611561817, -1.7300692245110114, 3.248900349876147, 2.0732540520904967, 4.423047660070121, 8.936743926200547, -6.118348367864155, -5.681235632812635, 2.7322481825082185, 0.022170276965470248, -1.7814008161618187, -1.9058123660221833, -3.0259272367934487], [2.0794510062787297, -1.373774503257254, 1.3419450890919258, -3.278298980612802, 0.8473549037660296, 0.6108768126216718, 3.8425673132233307, 2.4039001954140278, 1.5971861320435126, -13.667675250199407, 3.163461239286475, -1.490514760308472, 0.7457151542613282, 5.384970405043143]], "bias": [[-2.4016904203414144], [-0.4774814252970663], [-5.5790376411141684], [1.4990331833667545], [-4.414018617853212], [-3.2143256010898713], [-2.8565762173949203], [-3.127158471554006], [-5.781016296866754], [-2.8463977136288467], [-1.5785677996102703], [-10.192592250399594], [-2.2433429308154973], [-3.450189421412436], [-2.850791733815045], [-4.289194544707887], [-0.2946936654430121], [5.155520229257315]]}, {"layer": "activation", "activation": "relu", "activation_prime": "relu"}, {"layer": "dense", "input_size": 18, "output_size": 4, "weights": [[2.4268956050799146, -3.85035314008496, -9.971949000843436, -9.615763874559905, 1.8827405953026206, -0.6813341360477245, -2.020258237926368, -1.60273302536712, -3.721235109960179, -2.0658479742391287, -6.395365146713121, 0.12783791328420363, 0.9874162159779146, -1.9534167313032476, -1.4186470498815242, 2.3883831604101498, 11.305974324547115, -2.721843814533698], [-1.8023481988310035, 6.318511182397251, 1.7832371255393475, -5.23890906783385, -3.8289564889351357, -2.354999611275865, 3.857646106491803, -7.0782806612928075, -4.171815508240258, 2.010898509685725, 2.3573644107848493, 2.4642393927750157, 2.7831792686805015, 0.6843547946586536, 0.97511357620988, 2.343989413819131, -1.8899236123499759, -6.366280852991531], [-0.08287712772485623, -4.472411802804821, -0.16785712158421673, 6.684041691248397, -0.6963489851614826, 0.2639664783823026, 1.159800989906424, 7.948704499852032, -1.586257927017979, 1.4998815950035458, 3.109790797226237, 2.862140281523621, -4.035467682728409, 3.729047161916103, -3.3734569601016933, -2.9740425332585474, 1.2672695320228708, -4.696439571199365], [3.5165674357043075, 0.8999660855330626, -0.398986105249586, -5.1710674436281305, 3.418518641407724, 4.8489923168587135, -2.539214503535919, -1.599079499713007, 0.6780616329343369, 3.6260315686227225, -1.4893171884127705, -7.353309374791655, 1.2685619867680864, 2.543536611351597, -1.5967317560141425, -2.648413497575992, -6.93679416009559, 5.128170966680461]], "bias": [[-5.958441394794535], [0.599089965642833], [2.336332262105217], [4.646494192982374]]}, {"layer": "activation", "activation": "sigmoid", "activation_prime": "sigmoid"}]}