{"generation": 361, "board_size": 10, "snake_size": 3, "input_direction_count": 4, "apple_return_type": "boolean", "segment_return_type": "distance", "network": [{"layer": "dense", "input_size": 14, "output_size": 18, "weights": [[7.749561950355694, -2.9038718234452126, -5.610271965352247, 1.207782399845577, 1.9173285848024026, 0.5812220296216781, -0.3068203977113133, -4.135831076367255, -1.9940422632058956, -9.573702687678503, -8.819805064553263, 2.654484765208979, -0.25611474890481256, 8.136379561435659], [2.4302165517482623, 3.3379072371994285, -0.6748338757276285, -2.312200706489981, 3.0709352106956493, -10.352682274584339, 1.035839442108069, -2.163150547963855, 5.347279622218331, 9.833837573470696, -3.5435267698311503, 4.290826458139173, 0.14854999339312736, 0.8151324580882339], [5.62054770161107, -2.2386597457467374, -2.191308993031039, 4.226070093441161, 2.0155573217523366, -1.191577310974671, -2.9751427304593387, 2.393310187702258, -1.9802404545942474, 3.2786783884622195, 1.5662053347847094, -3.6919005611976514, -1.1220799749755561, 3.8069076940745337], [4.04867875054183, 3.779100927484529, 1.7331055829403588, 6.409696895284292, 0.9185074892811365, 3.66956745803317, -14.805360374246415, 12.65075928423064, -3.809787633306181, -2.472721896243586, 1.8415120687667863, 0.9361197692301106, 0.541487985269908, -6.760997313109912], [-2.0410309472432946, 7.523260236057066, 0.8613080357493557, -0.137021291993707, -0.6889087279491353, -0.5303574598232206, 2.2070936494253606, 3.33908080148047, -3.8870109999518485, 0.4214604564723171, -7.490319393102252, -0.920330459974007, -0.8881249099910385, 0.5821273349174381], [-8.919417333948399, -0.7079884760953816, 4.528834094276279, -2.346301775321864, 3.616932520832697, 0.12678023084306766, -2.9021300921406152, 0.4129829142734034, -5.077537856003373, -4.874771927088739, 7.797787328074965, 0.50910921370617, 7.164602056499929, -1.576499236566852], [-0.218882274838615, 0.7538961670526667, -5.258185930337916, -0.5788848413862615, -0.3815875790874569, -3.3017557533966886, -4.889251226328314, 0.7978208868938268, -1.9579772570897886, -3.048106005510964, -1.7055666634624478, 0.7608215736166295, 0.5888752358171812, -2.8266704058294847], [1.3373643959824566, 2.276894383933234, -0.8878514937214838, 11.863032280854721, -3.458488902880779, -1.8993679053015653, -3.623309813826201, 0.8346257623792361, 0.3165496495925476, -5.647631791704824, 1.8941386505499886, 0.8699547365350023, 2.31099802388259, -0.017803025129713324], [-3.187188146999856, 3.848898832249423, 5.752707201701541, -7.151773976390934, -1.8546612495190624, -0.47292501775625595, -2.187891036624981, 0.9525683959013528, -2.463864953163368, 0.9202168361915231, 0.5255529787753164, 4.187549825628064, -3.481397858875959, 1.4654702783004405], [3.586892770004375, 1.3356312611398127, -2.0786746639653337, -1.9344486277087225, -3.0856109262764995, -2.140732231774471, -2.453066370676556, 0.4195354129385839, 5.978387095092909, -3.9393112397106016, -4.493398631157921, 3.1287424178078873, -0.45002888368492955, -1.8935468107404192], [1.1845834570477372, -2.797218978820053, 0.7313616963275322, 3.4799241844776057, 0.16542927962958714, -0.378560453023027, -7.991568002694617, 2.3677866308330024, -0.023610647274177637, 4.1465344386393, -6.235777661260159, -0.9910719512664393, -0.8075708591913493, -4.765924280560131], [1.3723554260795245, -2.8271376310950904, 2.026147420199847, -11.804744677651087, -8.29042409686658, -0.3636531734229418, -0.9212491553749422, -0.6955094069178334, -4.494226780819696, -8.091000683451506, -0.9361956104056494, 0.7669335795441645, 4.6067067915076425, 1.1990967826865961], [0.49994568659718197, -1.125964126595602, -1.5297696991274883, -4.714520363473811, -1.858499101039727, -1.197623085722269, -1.6495373734147012, -3.032905347849573, 3.031482041882875, -2.7594338355051065, -2.065360929050451, -3.6030345181296393, -2.05348851633233, -0.07366035211519129], [1.7442877119078104, 2.4805515235309286, -1.169380428501361, -0.047979263392859794, 0.5929783781317867, -3.2203762044205773, -6.6886628081251835, 1.1469800559401486, 0.4423802666533808, -0.28576493299239175, -0.8104889442457421, 1.6921952984622768, -1.4836685435492054, 1.7428212029389], [-1.0235390005333322, -2.620121431200956, -1.7987621371305298, -2.2384135212982823, 5.393044718184319, -3.374288373687457, 2.2758463245537426, -7.033953721570307, 0.3602456205365083, 2.4229986955065432, 0.7670817588160528, 2.605980117208399, -2.283793955373957, -2.3478447840539918], [0.7177970393821703, -3.6005208020502173, 2.193798921507117, -3.2237922562830654, 4.0377756391672674, -1.9286397998103282, 0.9174256505157601, 3.233579302844857, -5.2016303577715854, -2.559286097553593, -2.207331991458642, -0.770371352063794, 2.302834603308231, 7.383686405032122], [-14.996060726949263, 5.108907658288412, -4.516942511628351, 0.1649614220599358, -0.8152763728631325, 5.934003162242408, 7.616486228376576, -2.5688339806614775, -2.510215510565846, 1.6051265273112312, 2.2010058986364855, -0.007657757225098871, -1.4581803110169202, -0.872501460706942], [0.9389344693772093, 2.1025283266397836, 1.6420296706928281, -0.16433120572562532, 1.9792985602359625, 2.1765627564882033, -0.04440426752388604, 1.4711496175855119, 2.883064363590333, -12.140380303186856, 0.9270202708636224, -4.621210396555901, -1.1903490887177741, 4.577966479265]], "bias": [[-1.553930057489072], [-0.79148338028892], [-4.000092697081514], [0.05963538248927869], [-2.864526342873757], [0.5984561157002657], [-0.7769765822704071], [-3.098278294370444], [-4.593032906349406], [-4.629137513925143], [-1.248310922514443], [-10.192592250399594], [-2.2433429308154973], [-3.8013621723224964], [-2.850791733815045], [-2.21287553576092], [-0.6816287575177203], [4.418718927267085]]}, {"layer": "activation", "activation": "relu", "activation_prime": "relu"}, {"layer": "dense", "input_size": 18, "output_size": 4, "weights": [[0.34701944047430655, -1.0462843790648242, -9.490038816706742, -8.362901023109602, 1.321894541805511, 0.2290361104802323, 0.3695954702536069, 2.7184462211734512, 0.7000250542385866, 3.4666947969732336, -6.623335819140953, 0.1471922572803655, -4.5253678987763415, -2.0879864150129515, -0.6247333424367947, -1.2101250811176678, 10.261079650843229, -0.9995260354023939], [-3.5416374305032576, 5.094146413553444, 2.072146450074691, -3.224357348323225, -4.664728088286241, -1.8903139670697136, 4.713146832571003, -5.533474351431452, -4.241479736309506, 3.391213005750415, 2.617746244081223, 1.5152943723672616, -0.3220433208785649, -0.7639776265795989, 0.10764027362260009, 1.1585999833751435, -0.019022662747743974, -6.409604315976728], [-4.177017914808555, -5.7625381707048575, 1.438216426561558, 6.748018264888772, -2.3515077293863587, 0.49567129837664914, 1.4533059502344732, 4.632219575274274, -2.4625431245611367, -2.788066325667072, 3.2932948830161077, 0.3670413633568787, -1.2126968994601015, 1.03655935127186, -0.7912761838403108, -6.296133832033429, 2.978992607183915, -2.1516023176897914], [3.819809551797163, -0.041919195606625104, -0.5055237518640373, -5.861687285078153, 3.866029933909168, 1.9561962426571564, -3.270131657320137, -0.001044566545544967, 3.520889905197174, 1.9880887712097108, -1.4633727366677751, -6.27827067642333, 2.381408257684596, 1.0274163310232838, -1.9014600242549329, -1.8774904582523848, -5.423628761786433, 3.9270435431754827]], "bias": [[-1.135943063716817], [0.25486004081999836], [-5.307932309861003], [2.3460988675673984]]}, {"layer": "activation", "activation": "sigmoid", "activation_prime": "sigmoid"}]}