{"generation": 361, "board_size": 10, "snake_size": 3, "input_direction_count": 4, "apple_return_type": "boolean", "segment_return_type": "distance", "network": [{"layer": "dense", "input_size": 14, "output_size": 18, "weights": [[7.437075622356634, -3.118722186574644, -3.483379726727685, 1.8647285598184773, 2.2283127621163334, -2.935691407104627, -0.2930101400583942, -3.116496754287519, -1.8967065598569388, -7.0310302700621685, -3.308154793046762, -2.8427514034660937, -2.792273434312324, 5.515149025974379], [0.25363377934497733, 4.287104873586004, -0.37703292157408264, -3.2512937678121108, 0.7546893947807529, -8.928354669584577, 2.8298836026849186, -2.302534774184538, 4.483150049500242, 12.75856162917897, -0.32015704781465626, 2.3101939136056466, -0.014374361316989742, -0.432687495397294], [5.205135821455675, -1.657183925911906, -4.080777843885211, 3.3117975876153656, 3.698564164183308, -1.1629468720662042, -3.588016427069632, -0.5483325136010357, 0.09984037048144456, 4.1539539872893965, 2.670807309397553, -3.6919005611976514, 0.012822381031577387, 0.8655861537696181], [2.429543303821363, 1.3281318207699015, 1.502979094066833, 6.484460210679718, 0.10659233775240817, 3.381803944473342, -13.546668279411637, 11.995294064590134, -4.121332441890038, 1.4692346275082078, 3.031710782862143, 1.473873207189023, 2.216221715583215, -5.29486089779225], [-1.2991897937648593, 5.947028133124492, -1.4774885340198074, 1.1429153170079767, 2.1145084109521153, 0.5964104913126775, 4.588101692948064, 1.5327109654744924, -5.107162188306715, 1.6751539796504913, -6.254781338187886, -2.3225386142906017, -0.23940768113766597, 0.8152655867645187], [-3.995452900697314, -2.1831320158400964, 2.1907732162762885, -3.3694189079586665, 0.5261773181609483, 2.2091018223032255, 0.6507196167801917, -1.9504126475173187, -3.873915643852344, -4.523941461493328, 2.6103116710166536, -4.09809241068908, 5.694520599290816, 3.716027468508151], [-0.2806167689936473, -0.5297636577794798, -8.161005966112747, 0.5725702662093978, -1.5488504853322203, -7.271079731737903, -3.4039634403352084, -0.7093981588991657, -0.7682182115939171, 0.3701368651576201, -1.927472370176882, -1.3616533938591264, 2.3908034037829946, 1.8624065365647353], [0.07116878115987291, 1.5850203706987425, 0.22957400755018986, 10.096747322707879, -5.519796279938862, 0.624754164795618, -11.01606961250364, 4.780936421747655, -0.1636862077434058, -5.584318786969767, -1.5375892867011522, -0.8895446939077386, -0.23237742180947474, -0.5580777773686707], [-3.9973562681179393, 3.228810015751203, 3.4504925495515475, -7.151773976390934, -2.0217993435378716, 1.2289753004772512, -3.4580147544212076, -5.15496361444719, -2.303252808949867, -1.8364233926540665, 1.976141272822598, 1.8589021678112263, -3.4482655227567434, 2.104017506564721], [4.5852586828818485, -0.9939151214764238, -2.095430641295811, -3.144960911621141, -0.47512627576063027, -10.541264178383729, -2.8425041471780075, -6.170726602815145, -0.2097370570157665, 4.646446598769026, -7.243710456785522, -1.7861694511949648, 0.5514595213551581, -7.17226070155822], [6.654190295587108, -1.511537600354914, 2.144887577984134, 3.705048734595283, -0.6677725128638295, 2.2653007669721394, -8.330428606279412, -1.082681484248776, -2.1744957138716052, -0.6623490760583766, 1.2417171138033243, -0.6239246793786429, -1.1857596281921852, -6.675271135812642], [0.8077900166729151, -0.2147198592347136, 0.3520148758640127, 3.450223852019585, -4.997803961797269, -4.878462109922145, 2.3135859513219623, -1.1658840505050037, 5.513758621606968, -3.3329656351975223, -0.013422716475428031, -2.1391752341159385, -4.234862602958884, -3.3222440084661153], [5.509009119076673, -0.7383483993787539, -4.868928566747437, -0.6771635005522477, 1.7940901709192545, 0.6976119726596777, -2.9197637828322556, 4.765349637288805, 0.6537776727177014, 0.40702402610857674, -0.03718241544481732, -3.3737736128846616, -1.106763935891553, -6.136513952125606], [1.7830553826084392, 6.304858147035821, 0.9905141714449145, 5.1362495146502845, 1.10130307630784, -0.8768889652912041, -4.935455602920224, 7.137923380070714, -2.2386198346738406, -3.793916894796576, -2.7246067015815503, 0.5700179659117353, 2.7919314081013686, -0.97081911888183], [-0.3015680079823665, -1.4208152711295856, 0.4269293487960464, -2.8046363171267212, 4.106543029289449, -0.8777361987842979, 3.0411742446013053, -4.936377995421775, 1.0338834937263401, 0.2609798203137135, 1.9118142850338447, 3.0794340049778275, -1.3394678016445862, -0.6399292156091326], [-0.009982884817188564, -0.8462439170815281, -1.2897664897730345, -3.21597114815423, 4.734039347829426, -1.2551704277198994, -0.7464579011281727, 3.307230677776224, -8.384521802324345, -3.4471436131471633, 0.35311903262790933, -2.1781166613336542, -1.8599300259774316, -0.2182825585165642], [-15.161721117580687, 3.629105889535996, -1.5110207241465214, 3.949297961910666, 2.554970749952996, 5.934003162242408, 8.710037203972949, -6.118348367864155, -4.878431146845878, 3.473133479483838, -0.3220900869084588, -1.7814008161618187, -1.9058123660221833, -1.404087565138532], [4.471055933649096, 1.840458254295673, 1.576960638537607, -1.3060972761787728, 0.5356208015970603, 1.1379726712265597, 0.027583205122121035, 1.8434149085331162, 2.321025263375371, -12.635550451466107, 0.8794858333301508, -4.878197468559093, -0.17254847403720844, 5.446050655403024]], "bias": [[-2.860241207440711], [-1.2682824184127055], [-7.471914879569193], [0.8604913640873497], [-6.531790503681722], [-5.647127079754202], [-5.922986894250786], [-3.357247890157738], [-6.090543201070577], [-4.131726913159363], [-0.10209143205479276], [-4.131695590520589], [-4.575368237207977], [-3.8627797315361074], [0.3991374369433416], [-5.701390135700112], [-0.8125185155474067], [3.7968067398720127]]}, {"layer": "activation", "activation": "relu", "activation_prime": "relu"}, {"layer": "dense", "input_size": 18, "output_size": 4, "weights": [[0.22849656901436521, -1.681574254689804, -9.490038816706742, -7.502389203253902, 2.3523382731098987, -0.38419377236480345, -1.132568008496739, -1.9261914958255022, -4.531448139953392, -2.0658479742391287, -5.180806210989848, 3.9490622323803826, -1.4637068905366546, -1.8828477364237681, -3.579452725350118, -0.4923612425472057, 11.183562035925073, -4.870726821580252], [-2.4883137070586465, 6.278673633023331, 1.6865742313029186, -5.23890906783385, -3.8289564889351357, -2.354999611275865, 5.373661732015527, -6.877762917401439, -3.6622763624050325, 3.391213005750415, 2.627144006833406, -0.2554403730231661, 0.09402548879360084, 0.03436603806275884, 0.14470417189128876, -3.8748550554452805, -0.25391963508778415, -6.548912592096951], [0.08667101292623391, -4.351943196490455, -0.6877935468636338, 5.603619227575513, -1.2936941332073253, 4.533522141825749, 5.274957995496231, 12.404553901107287, -2.5866310835608255, 0.619896707872835, 1.5025271367526216, 0.8395562568576204, 0.6128039273419452, 4.5955355003793725, -3.3734569601016933, 2.772519516669745, -0.5571382409517416, -6.428053318825023], [2.1669764724506444, -0.22487624683001084, -1.3976538481620806, -6.558554476804316, 1.8766524817607912, 1.929920533413135, -2.8533435166077283, -0.001044566545544967, 6.037939570130648, 2.802067148142866, -0.8270959054761955, -5.537497731587435, 2.8675989216909787, 0.20876576303353178, -1.7653396922803384, -3.1470589709545074, -2.6743602805686644, 6.435908895662385]], "bias": [[-0.8998642790003668], [-3.177054196290767], [-4.4756267199783535], [-0.10400527185697062]]}, {"layer": "activation", "activation": "sigmoid", "activation_prime": "sigmoid"}]}