{"generation": 355, "board_size": 10, "snake_size": 3, "input_direction_count": 4, "apple_return_type": "boolean", "segment_return_type": "distance", "network": [{"layer": "dense", "input_size": 14, "output_size": 18, "weights": [[7.892565723466027, -1.4615658389767148, -2.5242336014008555, -1.0986071179174957, 1.37130966006013, 0.14032799800985246, -2.1064549106055868, -3.0589300207089516, -2.934523930068283, -7.595437600306847, -7.21114517347875, -3.9737580065177065, 3.467924449102529, 2.9151980492621545], [-0.6685043145978903, 6.214891057883544, 0.4155797025541461, -4.818083865445495, 0.325984703844985, -10.240278447663776, 2.3944104144328904, -1.485608180410975, 5.372926257897079, 11.95933412351735, -1.4879915613550434, 1.2419395650802834, -0.014374361316989742, -0.8597925254715653], [5.205135821455675, -0.3347936947759662, -4.080777843885211, 4.319556524163217, 1.5229393987162394, -1.3950106270813107, -4.098417910260861, 7.328286079275667, -2.9035048487255484, 1.1242081970173203, 3.3584120068006316, -3.635359305461014, -2.50641415276171, 1.1202341165623093], [4.20211316115197, 2.2260313850805256, 0.8615384166079563, 4.005902130142515, -0.6192748259455689, 3.0095742921453024, -15.00330175058428, 9.301677808480234, -2.2773298155455923, -0.10121710547034979, 0.8887871457020483, 0.2307384744087687, 3.6972638996383256, -5.6674537639834055], [-0.907613915622994, 6.184733773233313, -1.679794151315165, 1.1429153170079767, 1.4304997257955325, 0.36820180985940176, 4.110953189606417, 0.34825342959155114, -1.9048360212474522, 2.3721362447286265, -6.53581914514608, -2.0582317627571514, -0.3889108614321679, 2.6453767096593097], [-4.766068599735019, -1.2722071731005422, 1.5387883090527803, -3.6010099939336975, -1.2719253904390517, 6.039710591288607, 1.2984218145003203, 1.9323349785652573, -2.506574302876872, -3.299940276976031, 3.880265407654994, -3.0616405339667483, 6.034921195134189, 3.6706345206004842], [-1.372882348466784, -0.9481144524548638, -9.16980687990488, 0.5725702662093978, -2.5305665008570895, -6.939640135563284, -4.39725432137373, 0.4536135991116439, -0.17561294273205552, -0.3985746754499788, -1.439318848981269, 2.8752049272353926, 4.392877211666434, 0.9928027316145243], [0.008379524763733048, 4.210777331585931, -2.021330796817277, 10.503213557509314, -6.847041844132957, -0.2920932112221819, -6.042826904486285, 3.307504590518188, -0.9999170208937455, -2.9498209585570807, -1.7485361852547523, 2.6595357993667372, 2.2162743750664085, 0.6206541561934971], [-5.598439425470783, 1.4375121531262123, 1.6474796159051923, -1.4934403151872475, -1.6746306093309582, -5.809888890255181, -2.1006757159616556, -0.2908381001917499, -0.2767532802266537, 0.443838450135391, -4.8463363910481325, 1.119627476329633, -3.086164331530945, -2.6514363910847867], [4.044014964486148, -2.6822045155179968, -3.838813845211441, -4.2477876660083185, -0.2398842512434849, -7.707136697150995, -0.2948685827420686, 0.5712927004119734, 6.498591002552338, -3.7362673344506323, -10.22150486754671, -4.406541072779024, -0.8972856312968962, -5.04420867221232], [4.175296389087783, 0.4244043572624019, 1.091294039838735, 5.437837243171297, 0.5546840082650256, 1.8134754116440228, -7.864356435850741, 2.1306908642370965, -0.023610647274177637, 1.4421133684945309, -4.582088918367329, 0.2369418983740441, 0.45840533687471896, -4.765924280560131], [1.582587060070683, 0.6213930316382945, 2.1959191409131735, 3.989996797749402, -3.2560474935854002, -4.885765328085556, -3.249172587694693, -0.6896199840255666, 1.5301175592852094, -5.77640517466826, 0.013778600463944246, -1.4234322781243725, 0.8122076025560965, -1.2570721238578997], [0.39104421262132916, -0.4801709937391814, -1.9960309827801503, -5.056202489186167, 1.141323253442049, 2.527179064690465, -4.322900621756515, 4.765349637288805, 1.2826051994425423, -0.011238229251080312, -0.1530119155853693, -6.5515863807218855, -3.0473590541786972, -3.609318102787152], [-1.0798794086488033, 3.9212337010939553, -1.399424104992766, 1.7302692127595543, 1.123526236307698, -3.2203762044205773, -3.98727248536659, 2.404952257938726, 0.558515264696682, 1.2238903554364517, 1.052077301017109, 3.1404261993882385, -1.3990235842403953, 1.2233737423174902], [-0.05421692931577926, -1.1895489310425713, -0.18405202096562379, -3.862287055922469, 4.106543029289449, 0.6041474517219323, 1.8923646477882747, -6.1797562871231335, -0.19240634387314215, 4.890611016192499, 2.5015090703937686, 3.902552088190064, 0.22640654961396822, -3.999258668533917], [0.36247480393093023, -0.3793804736769518, 2.3794013427428555, -2.626019308119741, -2.2514385375459502, -0.9338295091727538, 0.2161512238179613, 2.1951212048423128, -6.472598470253744, -1.299950473449711, 0.0058710473910332794, -3.9881094800112673, 3.387057379150681, 3.9624379631104967], [-16.91705361903219, 4.348467637351668, -3.3525018778403544, 3.248900349876147, -1.1748800765621983, 7.577021388785674, 6.738860476282259, -1.883655427115855, -3.729634413676108, 2.475223856565986, 1.0783020700460821, -0.4607795488942867, -1.7910435697138216, -3.255640282210978], [4.111220771315167, 2.814519589546764, 1.1101476037226135, -1.0191402657166986, 1.497919956528005, 0.918830557422637, -0.14627549215497537, 1.953780162933734, 2.321025263375371, -12.650416250623127, 2.8045176755134564, -0.6779244239573732, 0.7457151542613282, 5.492974230781474]], "bias": [[-1.7115505214069744], [-1.8281464163740284], [-4.000092697081514], [0.8233977609136363], [-4.207699763488735], [1.0165961286312484], [0.3190244905126564], [-3.7403364626508653], [-2.319131326427807], [-3.4179590290215884], [0.9212626331841147], [-4.369632732035347], [-2.07197414232884], [-1.969102957543695], [-0.7561475867332466], [-5.647008161867161], [-0.008141046120149764], [4.393182633512716]]}, {"layer": "activation", "activation": "relu", "activation_prime": "relu"}, {"layer": "dense", "input_size": 18, "output_size": 4, "weights": [[2.4268956050799146, -0.9416204374626559, -9.490038816706742, -7.502389203253902, -2.0816617246190083, -0.5104787514994452, -0.9379456602932625, -0.23240929541313937, -7.979307498222267, -2.0658479742391287, -7.205174350824593, -5.112475453110982, 2.4902153785359307, -1.860578062342481, 0.03372566685900533, 3.2967508854162793, 8.030653211734904, -2.5588506621025404], [-6.423502235013793, 6.188500555392427, 1.5054658195703936, -3.3083002278203706, -3.8289564889351357, -2.111722574722871, -1.4618169223003674, -7.503897094093242, -2.9830038826668295, 5.11617581518808, 2.500762178980681, -0.25479281858295155, 0.1379089955962463, -1.5874230429240865, 1.6041333127121404, 0.45280299967041726, -1.507723398408208, -8.908829709443713], [-0.622751797398153, -4.336179500983879, 3.0934566044560916, 7.186044528402593, 1.6137393593239082, -1.2161654397753012, 2.8114692352724733, 7.2339223732598334, -6.092769185308478, 0.2800922482488799, 2.9591387904516977, 2.955924628808491, -0.7002221938394364, 0.0742804333044289, -4.186548708221063, -0.7694415030771329, 3.9562262928699505, -4.642180643175513], [6.200082727133538, -1.0459540273121455, -1.818377114610289, -2.665300402337791, 1.259569828251371, 4.727466461926617, -1.266298657050159, -0.9066853031110099, -0.137600136997725, -2.797216316702944, -1.9249071579508987, -5.393105377580309, 0.22638471933758741, 0.7116372523562083, -1.717350060768993, -2.7460528561927973, -5.6975319486830935, 5.128170966680461]], "bias": [[-0.8122370846723741], [0.11575037401547128], [-4.438899772165648], [5.271834095744465]]}, {"layer": "activation", "activation": "sigmoid", "activation_prime": "sigmoid"}]}