{"generation": 359, "board_size": 10, "snake_size": 3, "input_direction_count": 4, "apple_return_type": "boolean", "segment_return_type": "distance", "network": [{"layer": "dense", "input_size": 14, "output_size": 18, "weights": [[4.566227977768512, -2.327879348563764, -3.534050078056256, -1.0986071179174957, 1.37130966006013, 0.9893692212564569, -2.1064549106055868, -3.0589300207089516, -3.8454605140677804, -7.213914845741572, -8.377091872748151, -3.9737580065177065, 3.467924449102529, 2.5380816891358755], [0.2373933914237124, 4.23136489348559, -0.2739667325876364, -4.008076692898386, 2.7321297376626608, -10.628279756451878, 0.38873316168242045, -3.053464195029929, 5.347279622218331, 10.284832218740393, -2.7982850842547085, 4.685671048305991, 0.328099156848485, 0.5549943399049646], [4.883687254137493, -1.6216994641124152, -3.7902174371228177, 3.070423423856473, 2.391719446481203, -0.12082735110742548, -2.7500158774361325, 2.393310187702258, -1.9802404545942474, 1.7169530006390996, 0.8250792315094628, -2.6603533811151427, 2.4691021037062413, 0.6395821863621549], [4.486394540908561, 1.3281318207699015, -0.6914962565045784, 3.9800387955509633, 0.08592045217764688, 2.2577081049985948, -10.501612334151336, 11.947490400350684, -3.5236295838309895, 1.2284361158561017, -0.3966326677821814, 0.6494058492780947, 2.216221715583215, -5.29486089779225], [-0.5990453085349037, 4.929508899880132, -1.5473992188578545, 2.2334474545014653, 0.9693563521328648, 1.1065654850387032, 5.555409140003502, 4.358601929462784, -2.2805525414368844, 2.7912513870099636, -6.392975539220421, -2.68793486732298, 0.19733387026723204, 0.2954387837496559], [-5.2573680506358755, -1.2722071731005422, 1.5387883090527803, -4.358828962601695, -0.09470227333616621, 5.5896963063459, -1.6700599112342833, -4.342382181052453, -5.122441174566199, -2.9035561313110447, 6.145046629671199, -0.6378487078429451, 4.482989759314032, 1.2284340524393227], [-1.5696617829656923, 2.65161190731172, -4.314432901541651, 1.313928110949192, 0.9461051778714006, -5.804626499957275, -1.4128128700729043, -2.452149169603055, 0.34947588232197657, 1.2777203662447656, -6.045022189952117, -0.11408476154595928, 4.392877211666434, 0.9928027316145243], [0.23894435427454974, 3.4029170232955765, -2.2700761252792434, 9.526672064096065, -6.288961084957331, -0.4345065903220674, -6.042826904486285, 3.307504590518188, -0.8754355070404828, -3.7905348498291427, -1.7485361852547523, 1.5532992497441183, 2.2162743750664085, 0.6206541561934971], [-3.5277185881056417, 1.3096035468833256, 1.6474796159051923, -1.094790434218287, -2.6938728550607602, -2.7117252289500096, -2.1006757159616556, -1.2466745770650398, -0.2767532802266537, -0.8884646201742078, -4.8463363910481325, 1.119627476329633, -1.380062860136875, -1.1142989025587893], [4.044014964486148, -2.6822045155179968, -3.6865881172379966, -4.8292941423402045, 1.0481917885609073, -7.256480899665296, -1.1611912138714413, 0.5712927004119734, 6.498591002552338, -3.7362673344506323, -9.914549786049841, -5.551623547598904, -0.8972856312968962, -5.7435382682735625], [4.175296389087783, 1.3288142954652389, 3.9510253998204012, 5.434003373182294, -2.6069817933749073, 3.4452229445080738, -10.170386876380372, -0.6857226050165727, 1.7889856032181828, -2.04464397143699, -2.306811100584212, -1.3625359899831302, -0.35310781143660547, -4.036124851692587], [-2.8477605470999445, -2.3440456396746105, -0.25416149265261184, -8.333797428391076, -5.293421031171704, 0.6804236384291368, -0.6030971419690553, 3.13757123365341, 2.138532967037717, -5.336471320574821, 2.3547212757220115, -5.3718151909499525, -1.0462955736575832, -0.19630159667005098], [3.1935166748000783, 0.8201711433180712, -1.5687544774871989, -6.539204593829388, 2.4099330258556275, -0.02191586451622607, -2.1622299451371734, 3.0152069056905626, 1.3530660622120927, -0.5642222572116731, 2.378314719400794, -3.806544046664109, -2.761980789840892, -5.433439085003499], [1.627094285820315, 3.669790320556814, 1.6575006650108537, -0.7007295117314092, 1.686883339176445, 1.0293866196372727, -4.840372541983137, 1.7570654547812696, -1.783889610148631, 1.596846921684478, 0.7223762433036518, -0.21121769737359886, -1.4836685435492054, 0.7843955639711377], [-1.0235390005333322, -1.2511480618723028, 4.227318888933192, -4.60694458943333, -1.7110994096612453, 1.4843040150084743, 1.1737999517652244, -3.967425337396282, -0.15322717485476, 0.2609798203137135, 2.3026089869329613, 1.9201458307754211, -3.289856320392521, 0.11508432143612524], [0.24627702187558465, -2.7962309365678006, -2.8428779648109024, -2.3940038823503182, 4.400316714489053, -1.0017481048313457, -0.7464579011281727, 2.9772725839989818, -1.820405005217986, 0.3153258454210158, -4.016125209375696, -1.858575887058033, -1.2748531463925474, 1.6894937843678413], [-15.724019153898794, 1.334465955922363, -2.074403429035004, 0.44955106987539983, 0.05178831770177028, 5.934003162242408, 8.650144939190776, -1.9454059835723678, -4.141369240267087, 1.6051265273112312, 1.4776026805249338, 1.8145553210763343, -0.2424259197030212, -1.0379781733410807], [3.3297832348907783, 2.7809296990655845, 2.4825676742988483, -2.192369311384181, 0.42168717504956366, 0.9326683353652337, -1.300148840566723, 1.0210316727656967, 2.321025263375371, -15.164162966881142, 2.5516682300313627, -2.4233002863667727, 0.2192238640208127, 4.370948777355045]], "bias": [[2.0303452687124612], [-0.061159802144513886], [-1.9987284086126396], [3.0882381090458333], [-3.2207339277530367], [0.007260837895234129], [-3.2643650639676505], [-3.2900727423301617], [-7.022778625993457], [-5.466119412242751], [-1.248310922514443], [-11.572144616199582], [-1.0781937840316724], [-4.476654788710714], [-1.8099026451633529], [-1.8324331773750921], [-0.6816287575177203], [3.7968067398720127]]}, {"layer": "activation", "activation": "relu", "activation_prime": "relu"}, {"layer": "dense", "input_size": 18, "output_size": 4, "weights": [[-0.12612533403484577, -1.078696994121574, -9.490038816706742, -7.502389203253902, 0.644211987832899, 0.2290361104802323, 0.2799933038482487, 2.403191584625103, 0.7000250542385866, 3.4666947969732336, -4.907204298849023, -0.47161140322646816, -6.427303619034303, -2.0879864150129515, -1.2019031895942975, -1.2101250811176678, 8.467833308029565, -0.7398266677512302], [-4.43024509340696, 6.2401080442122465, -0.5247523529730747, -3.224357348323225, -3.208518258692134, -0.025380565730115545, 5.681296614614709, -7.229285696300566, -1.6789016406809198, 1.6578022537864956, 2.500762178980681, 1.995461813936856, 0.03320254797900901, -1.5587843369452576, 0.670330300443226, 4.17560858710862, 0.19612608845633783, -7.628697179129898], [0.235761214920172, -4.878709468269751, 1.4294676511748188, 6.217717167856404, -0.4113179821794204, 1.766659354332212, 3.173440755054724, 8.118657408578098, -5.424908331223483, 0.2941257554172265, 3.980477717625777, 1.6151637576701767, -4.8911443492122775, 3.674698135851176, -2.6946790187316783, 1.0857005387528877, 1.5719094838724947, -5.520338652904498], [0.6328877230502353, 3.3644639730465373, 2.456827010168958, -3.317703820210868, -0.24382170687269322, 3.3581957624619063, -0.49176383302393956, -0.5236607315651391, -0.18229988131460179, -1.8089377994504248, 0.6444578266424907, -7.190038497215397, -0.10896113781785732, -1.049663068265352, -1.8880118612645571, -2.529215698428307, -5.708219805447619, 6.435908895662385]], "bias": [[0.10522675127205261], [1.1518777044947652], [-2.27327108839103], [1.5262066780188253]]}, {"layer": "activation", "activation": "sigmoid", "activation_prime": "sigmoid"}]}