{"generation": 361, "board_size": 10, "snake_size": 3, "input_direction_count": 4, "apple_return_type": "boolean", "segment_return_type": "distance", "network": [{"layer": "dense", "input_size": 14, "output_size": 18, "weights": [[3.5710281708718616, -1.0974657820353058, -1.7760293063547756, -0.8665076789953507, 3.881029925330638, 1.3310906541855134, -2.775677307248067, -6.926883784055074, -4.0390933760764804, -4.734038078029857, -9.781854789429843, -3.5376546757254856, -2.766069801808003, 7.1667763358256735], [-1.696829931898819, 5.017193210570346, -0.012872679527180075, -1.4440889880858947, 2.2803344757630875, -8.928354669584577, 5.445294844321529, -2.6540296365847116, 5.372926257897079, 11.95933412351735, -2.6236772090551224, 2.3101939136056466, -0.014374361316989742, 0.30719729867306667], [5.01774991840308, -1.2420045643889916, -4.080777843885211, 4.319556524163217, 2.0468118208754027, -1.3950106270813107, -3.637617208217706, 5.550217669817163, -2.52775776333072, 3.095345410454528, 1.7816465627101976, -1.7823690492395177, -3.7972633109346274, 3.505165451142033], [4.4777378449100445, 1.491080048246805, 1.1122655018340795, 3.1786034137877337, 0.9318626164547615, 1.7201792297335745, -14.005014036679645, 7.229833753140395, -2.0077457339819755, 0.9490163239505938, 3.031710782862143, 0.5090030592075803, 2.801782601526202, -5.888040774191338], [0.26356446830466695, 2.5995814502095085, -2.164888422299103, 1.3018141274711637, 0.38907220781392615, 0.6521056053937537, 5.096065754735495, 3.094717848447127, -2.610856339111305, 1.3770771598233271, -6.809701056724274, -3.2836536486667325, 0.03259097421505286, 0.8813722895020022], [-4.257859157321302, -1.051648829115663, 1.3302791169119397, -3.4263412134433135, -1.7702469074373488, 0.888876092407146, -2.577442102892755, -3.4868452423081298, -0.8481105302767389, -1.4343613783579494, 3.6213411589664712, -2.872810217325837, 6.955334716706494, 5.532134618033062], [-0.2506706100800642, 0.7207831580798578, -8.802524052072027, -5.030652672236385, -0.2819622502817329, -7.488319338185335, -0.5523791578242372, -2.5956726737824516, 4.223656060502395, -4.396660283945324, -0.4556427752135385, 0.24883784886605254, -1.800993942892737, -1.1900793682125843], [2.533448010366519, 4.088716722326812, 0.22957400755018986, 10.041569772658958, -2.9540328681342105, 1.8981627543407558, -11.340793690582778, 4.780936421747655, -1.2705841807178477, -3.578208762717283, 1.252009240179859, 1.6277124885045624, 2.4003728143256176, 0.26250690163743867], [-3.0946113575159373, 0.893301831611903, -2.0482727166272596, -6.120846326485642, -4.098731008279044, -0.13769081868107302, -0.03152231079702539, -0.08507294054308562, -2.4676346188738316, -0.7124366166228917, 0.6966403965886274, -8.093666681182125, -1.229657149428053, 1.0622948540601644], [3.8475520315195793, -1.9783810447816546, -3.2145418782416852, -4.7137919756726525, 0.6218836202422059, -7.413055258909671, -0.6613018659226344, 2.3502829200799287, 6.298450464281529, -4.643692754008731, -10.207513674991201, -5.5664984744089585, -0.4185464783067273, -4.6225696998237815], [4.147544897622551, 0.5375697021704913, 2.693148734747151, 5.810746856613395, -3.05568612935708, 2.628628069524043, -8.122408150729457, -2.7301907797081335, 1.2374109482504152, -0.34475324646629724, -4.952903291357993, -2.043873365009179, -0.12116711812414982, -4.872241545567931], [0.6497705893306408, -2.451023845610899, 1.4757331560231597, 2.5832186838978894, -1.743823794489379, -3.6802779938055488, -3.685118984631134, -2.2282781497730997, 6.190503162801679, -6.516709079199423, 2.210684950863481, 1.178789724072068, 0.8122076025560965, -1.2570721238578997], [2.5313884759510996, -1.9930524129007867, -1.328194543631203, -3.82701022995719, -1.1128105095780232, -1.3431170701669166, -1.6495373734147012, -3.032905347849573, 2.0447063605672415, -2.8595835592742724, -0.8511457495218433, -6.192380412859727, -0.5839061045205156, 2.1593974787200576], [2.8754572087198023, 2.317673830369072, -0.034061607524885296, 1.3682547332912358, 0.7322421533569016, 2.2661786779721287, -0.5307408499268405, 3.827573290721935, -5.582210801333141, 1.836016756345794, 0.9249725500322459, 1.61708887589002, -0.03260080891216832, 0.6107732900387115], [-0.6752229674868577, -1.2511480618723028, 1.909131907287288, -3.7627669234420953, -2.137981843426367, 0.8985649490401255, -0.1577273887122933, -4.608548831983842, 1.229898434033096, 2.4015326436884745, 1.4115672503630017, -0.7245967542865968, -2.4427775813531087, -2.859466271941902], [2.6011220950123306, -1.9427569171688943, -0.7106387135232116, -1.5012979914740292, 1.4519290528869557, -1.366827610945545, -0.58540587413879, 3.5553306823912836, -7.785273744197554, -0.9760714866269247, -1.1485558254305177, -1.983323620985605, -1.2006933613135558, 1.2401492033765615], [-15.161721117580687, 3.7844795590657783, -2.0639948919727593, 4.067132682746717, 1.1508750903056972, 6.023016707463036, 7.887088578338477, -6.305872116906325, -5.681235632812635, 2.7322481825082185, 0.7768020112680786, -0.14817528693500415, -1.4738679211901993, -1.828704323663623], [2.0794510062787297, 2.0928971480705116, 2.4779710558253676, -2.3641835425527473, 0.5356208015970603, 0.6292277668967494, -0.14627549215497537, 1.1240309276935214, 1.9563884724764695, -12.650416250623127, 1.708988251292183, -3.5032348814100636, -1.5930949446399962, 6.088413714719037]], "bias": [[1.3765722132787432], [-0.24062583353874617], [-6.8961709596361835], [1.736059650100236], [-2.020114265236513], [-3.5967845645952927], [-3.0483184636666847], [-3.7336871347941982], [-6.460999507612287], [-3.774687629961983], [0.8240177586954827], [-6.747058920011225], [-3.9929843082370207], [-2.892126972328275], [-1.52432420926726], [-4.53950155879794], [-0.6816287575177203], [5.9234830864533965]]}, {"layer": "activation", "activation": "relu", "activation_prime": "relu"}, {"layer": "dense", "input_size": 18, "output_size": 4, "weights": [[3.090673895054503, -1.2475730412778414, -9.971949000843436, -9.615763874559905, 3.1421521757964808, -0.6813341360477245, -2.020258237926368, -1.60273302536712, -3.721235109960179, 3.4666947969732336, -5.805292339615101, 0.2851784253189923, -4.140977670084736, -2.0199412193378987, -1.9784960176328719, -1.2101250811176678, 8.88636620924643, -0.9995260354023939], [-3.5416374305032576, 6.714485273892438, 2.0563712211588157, -4.458679652667546, -3.5279158159087975, -3.0645894552333965, 4.919916516227371, -4.9887959690567145, -2.386033897513646, 2.010898509685725, 2.500762178980681, 1.9327249878147388, 2.7831792686805015, -0.7639776265795989, 1.506301959566315, 2.974531673859007, -0.2737331252872482, -7.018313108253554], [0.3090517604076515, -4.618322215056924, -0.16931139619812563, 6.565542133879017, 1.0185053374084667, 0.6658833665667934, 2.9942254830160975, 3.8450893594371087, -1.6912640507988088, 2.413841609046019, 3.1475640241279605, 2.9766453377970987, -2.4446536218320887, -0.4411813794558962, -3.664183461503319, 0.9412128693214494, 2.959627787607821, -5.8009609556717345], [-1.5602181298223976, 2.372538567285782, -0.2565992143533319, -2.0703721207774763, -4.045604315035531, 3.1794473870525763, -3.700545656252854, -0.001044566545544967, 3.46055042571414, 2.802067148142866, -2.2048039800443395, -6.068753833614757, 0.35684966644763727, 2.543536611351597, -1.5967317560141425, -2.8927681813837456, -7.320641945224555, 4.792728109519026]], "bias": [[-0.780905964309715], [-0.20391494215798928], [2.5202709803614973], [3.9253034381165324]]}, {"layer": "activation", "activation": "sigmoid", "activation_prime": "sigmoid"}]}