{"generation": 361, "board_size": 10, "snake_size": 3, "input_direction_count": 4, "apple_return_type": "boolean", "segment_return_type": "distance", "network": [{"layer": "dense", "input_size": 14, "output_size": 18, "weights": [[7.437075622356634, -3.118722186574644, -3.483379726727685, 1.8647285598184773, 2.2283127621163334, -2.8216146960174404, -0.2930101400583942, -3.6837926471729165, -1.8967065598569388, -6.983904330828475, -4.896356309276299, -2.8427514034660937, -2.792273434312324, 5.515149025974379], [-0.35860748560200695, 4.287104873586004, -0.37703292157408264, -3.4721275567239562, 0.7546893947807529, -8.928354669584577, 2.3880568663501758, -2.302534774184538, 4.483150049500242, 12.957296914941928, -0.32015704781465626, 2.3101939136056466, -0.014374361316989742, -1.1519494980317446], [5.205135821455675, -2.2418561946211, -2.6513921780010468, 3.3117975876153656, 3.000958040700117, -1.1629468720662042, -2.9751427304593387, 0.5411632883123563, 0.09984037048144456, 4.120517180072969, 2.6796215446751863, -3.6919005611976514, 0.012822381031577387, 0.8655861537696181], [1.2279777539550352, 1.3281318207699015, 1.502979094066833, 6.484460210679718, 0.10659233775240817, 3.381803944473342, -13.546668279411637, 10.693685177672064, -4.121332441890038, 1.4692346275082078, 3.031710782862143, 0.9574963098932836, 2.216221715583215, -5.29486089779225], [0.30226427951258183, 5.947028133124492, -1.5473992188578545, 1.1429153170079767, 2.1145084109521153, 2.7062049108288244, 4.588101692948064, 2.330746590435713, -5.014452502180374, 1.6751539796504913, -6.254781338187886, -2.3225386142906017, -0.23940768113766597, 0.8152655867645187], [-3.995452900697314, -1.3894980776872399, 2.1907732162762885, -3.3694189079586665, -0.38842530787154383, 2.2091018223032255, 0.6507196167801917, -1.8390669240152175, -3.873915643852344, -4.523941461493328, 3.880265407654994, -4.09809241068908, 5.694520599290816, 3.716027468508151], [-0.2806167689936473, -0.5297636577794798, -7.194261787473871, 0.5725702662093978, -1.3020980809748852, -7.271079731737903, -3.4039634403352084, -0.7093981588991657, -0.1441400903253376, 0.3701368651576201, -1.927472370176882, -2.6928619045415876, 2.3732552959916267, 1.8624065365647353], [0.07116878115987291, 1.5850203706987425, 0.22957400755018986, 10.096747322707879, -3.87741764998745, 0.624754164795618, -9.141172383426843, 5.818147574801577, -0.1636862077434058, -4.12654372140701, -1.5375892867011522, -0.8895446939077386, -0.23237742180947474, -0.6809283178710119], [-3.9973562681179393, 2.2806091776412223, 0.833597720626371, -7.567204106892676, 0.00027390520144154884, -0.977819314873333, -1.7321301841514336, -0.1354069404000744, 1.0015059833904874, 1.5503804096124585, 3.558487333336393, 4.944590344831998, -4.62391789068847, 2.3540246703794026], [6.977626533486246, -0.582619757870682, -2.677790662953205, -4.8292941423402045, 1.0481917885609073, -6.259196611449085, -0.7375076021325571, 0.5712927004119734, 6.498591002552338, -3.7362673344506323, -7.060424250874059, -5.551623547598904, -0.8972856312968962, -4.838423061720567], [4.175296389087783, -0.4074442758300052, 3.0904664909510844, 5.437837243171297, -2.6069817933749073, 3.4452229445080738, -9.211098312571341, 0.0018090998121224056, 1.7889856032181828, -2.04464397143699, -2.306811100584212, -1.3625359899831302, 0.7801197115972631, -4.036124851692587], [0.8011153287325837, 0.7204632849283857, -0.050917539569403425, -8.333797428391076, -5.293421031171704, 0.6804236384291368, -0.6030971419690553, 3.13757123365341, 1.9271377808642065, -6.090646460586045, 3.8759747594755716, -5.3718151909499525, -3.2880933617855326, -0.19630159667005098], [3.1935166748000783, 0.6114538916395478, -1.189602706488826, -5.3943852484359684, 4.220285113373121, -3.5772924525313234, -3.265612550390701, -3.032905347849573, 2.516143315259698, 0.40702402610857674, 0.22290798832212533, -3.3737736128846616, -2.408213326731401, -5.5884000041635975], [1.7830553826084392, 6.304858147035821, 0.9905141714449145, 2.8393963759549066, 1.10130307630784, -0.7446253776874805, -2.688368375123765, 2.292732586982472, -2.042433707687561, -0.3285240004148677, 0.503094769425074, 0.28236570768730296, 2.5007302018049073, -0.3463478494288099], [0.9481904312139775, -3.4694570480971327, 1.7716046225608895, -1.8286612241650784, 1.818690592585418, -0.9675717406365896, 0.08408326226366203, -5.6934101985783, 1.0028388546795264, 1.4703265421574518, -1.3846353334336776, 0.6053370272301299, -1.1444040264866586, -2.3693531580692007], [0.5317524818392249, -1.9383515921286734, 0.9320500878445366, 2.052220520151295, -0.04150501972389442, -0.3289826395520352, -0.19144842970616138, 0.9431307681272394, -3.147507351753463, -0.3442858713956338, -3.1503625266970188, -3.748460360309976, -0.7727642922670991, 1.0429060177068172], [-14.343849467598396, 3.9068788251272917, -3.2990776389500254, 0.894680831654273, 0.9680967372208384, 6.77100154577837, 7.889995603940591, 0.382566174469954, -2.731795523808851, 1.4506704497083063, -0.36747324942518983, -0.007657757225098871, -1.4581803110169202, -2.0099080091544104], [4.111220771315167, 1.7447189035800226, 0.805804443684111, -1.3060972761787728, 1.1765669712626896, 0.6292277668967494, -0.14627549215497537, 1.6088281565769629, 2.092654747937531, -12.650416250623127, 2.057640208528106, -4.807616441696182, -0.13728519658298244, 6.119211703740952]], "bias": [[-2.860241207440711], [-0.7737298032601286], [-4.326151044168574], [1.4016842771403457], [-0.6914129936916704], [1.0165961286312484], [1.692572036912113], [-4.385002214020323], [-5.50852724919322], [-0.9598892965016006], [0.26035116613713666], [-8.724729508448165], [-5.46903334476903], [-3.8627797315361074], [0.3991374369433416], [-6.4487445606346405], [-0.8935997515100952], [3.7968067398720127]]}, {"layer": "activation", "activation": "relu", "activation_prime": "relu"}, {"layer": "dense", "input_size": 18, "output_size": 4, "weights": [[0.22849656901436521, -1.3930258098571136, -9.490038816706742, -7.502389203253902, 1.0467947074987454, 1.516780186934479, -2.020258237926368, -1.60273302536712, -3.721235109960179, -3.150093093302586, -5.61528816253116, 2.6847398970536807, -2.8984135115252894, -1.8828477364237681, -4.8305152399280455, -0.4923612425472057, 9.059736885311192, -2.5588506621025404], [-1.8023481988310035, 6.318511182397251, 2.469348358274911, -4.468408774448511, -4.2241524559871735, -1.9869391896950497, 3.376728491581286, -4.20069283043674, -2.959525000471654, 4.168029811553087, 2.473088524050756, 1.1176090815195128, 2.268004800334811, -0.7741438795715465, 1.790238695862421, 2.6467300854010825, -2.2870674712547117, -8.641398544726123], [2.956077359189809, -4.090725242016005, -6.249867597963536, 6.748018264888772, 0.03656140961180321, -2.160300573636115, 0.045669581545689786, 5.208988858330473, -4.596081569370228, -2.7239588886721475, 3.2102847178951848, 3.3229847446594514, -7.170628300031257, 4.447549331256921, -2.6946790187316783, 1.7212538019768084, 3.380078886743113, -5.790502431216496], [0.3827506189327925, 0.783990600666646, -0.2565992143533319, -3.6582632494366853, -2.3666179068577526, 1.929920533413135, -5.4982344269674215, 1.3428479509147484, 4.006035019882955, 3.6587506657691438, -0.37964692352156537, -6.18790555466991, -1.2120748849357788, 2.543536611351597, -3.351490474559159, -2.7949483884343667, -2.6743602805686644, 6.435908895662385]], "bias": [[-0.780905964309715], [1.8709058077534808], [-1.9581462003877046], [-0.7586550842430557]]}, {"layer": "activation", "activation": "sigmoid", "activation_prime": "sigmoid"}]}