{"generation": 118, "fitness": 2199024409422.961, "board_size": 10, "snake_size": 3, "input_direction_count": 8, "vision_return_type": "boolean", "network": [{"layer": "dense", "input_size": 28, "output_size": 24, "weights": [[-1.8868001961542986, -2.2324728437911334e-05, -4.5679682075500665, 3.6751606595782915, 0.5635520879566893, -0.4475333178211178, -2.5235790116142915, 1.7273175644907868, -0.8783809305293724, 3.480723402346198, 1.7197081434832042, -0.37233717773097685, -0.09465022134724654, 2.267402837329689, -3.0370239382234283, 2.266958785611221, -1.3475746746796122, -0.9466261096191076, -0.08272508294949121, -1.6713256912203107, -0.899759637780652, 0.5533927601667652, 1.1446661545885914, -1.3019423757282869, -3.805116666115943, -1.5690577918591218, 2.3515525240985693, 1.3468383723398276], [-0.6599210284898721, 0.41105132515174536, 0.23177987362542657, 2.709694441838766, -3.0186822377685862, -2.248822393710155, -0.11109192648030564, 2.045635226739588, -1.486361057808958, 1.7175641456032673, -2.136184686721433, 1.2931127383480034, 1.1536283007410917, -0.4543991923799594, 0.22320280842691986, 0.4589288369664133, 2.676105347570453, -1.4671983492375735, 1.1460747190593294, 1.190321751147143, -1.661736313506041, 1.961858566957754, -0.025950891708011015, -1.1248522530340244, 1.5329736662859628, 0.45241307212420256, -0.4790083051920541, 0.8985266645755843], [0.9953281109137078, -3.2859870706429493, 1.118410016015365, -2.03357533410405, 3.5621715363285498, -1.8908720904194203, 1.3217665258575555, 0.10611461914533882, 0.0646942082120574, 0.10427521245254445, -2.3271884717103677, 1.6733743142353097, 0.381751856223216, 0.48127580163466055, 0.9928915582379572, -4.775226839500892, -0.6527080339337699, 0.4154137924654222, 1.2872704504393342, -0.1887577379421066, 1.1773020993699965, -0.27863616217360593, 2.0121286399333806, 1.5988468256611439, -1.6590087284943347, 1.6047861656166083, 1.333107638366166, 1.8806948344302217], [-0.09967186866205147, -1.543254593481108, -1.1426626828788555, 1.0658446504275063, -1.8291762085424772, -0.30408858023175656, 1.6180256267232331, 0.6415440035378376, 5.054667661463762, -1.4018118919688645, 1.4946370850569537, 0.9003914459188695, 2.9293450984135228, -0.9432170444663197, 0.4050294689578001, -1.2385376694066677, -0.08559041709126058, -0.6053663215383562, -1.5891937687688156, -0.37959770781710167, 2.350598281560214, -0.6156398547768502, 1.1570427548089137, 3.5739754152713017, 1.8964232936843706, -0.36535967406781994, 1.8210555182291825, 2.3133245861605727], [-1.1220098083454704, 3.684424488263409, -3.2055420945327855, -1.25820382353008, -4.725989288734472, 2.003564870439804, -0.49756287105876706, 0.4044523939268112, 2.4080187505630652, 1.418911564415668, -3.4364765997343585, 2.3587598528351483, -1.5002737834853417, 0.40447851016726544, 6.161585766854885, 0.45755360632751896, 1.3586923314311015, -2.713668393980261, -0.09106307997757335, 0.37753186996351196, 1.6841697427989817, -3.4006649356537966, -0.3355757150792332, 3.15136927421315, 2.101376825145086, 2.0077360468869676, 1.0559255925508348, -0.7409531646525711], [-2.7034774691637473, 2.678663301666398, -0.7312748641575988, 0.8914538417129865, -1.4468595906655708, 0.8338027295214566, -3.017613833966924, 1.8311743891408547, -0.9553953416496732, 2.630506752094419, 0.20357218247368658, -0.0862198211191163, -0.22087130942061184, -1.5561343022768066, 3.588253613593438, -0.6225668561182178, -0.783690415647873, -1.090640622475778, -1.3258263993101944, 4.350078206155954, 2.5226846596100563, 1.0266645045910814, 0.48471885999831754, -1.7180654016213985, -1.9875836543233683, -2.803633366954597, -1.227984773672578, 1.2669807932238082], [-0.7850325159857258, -1.5570314701525496, -1.1257761224215541, -2.0771098199860543, -0.7835334198261346, 5.539112917558753, -2.1314886890381537, -3.3781745907730785, 0.6563806584867437, -0.1986101391939188, -1.7278190592987919, 2.183489782057415, 1.0994323323368402, 1.4030312537792278, 4.180665577623324, 0.2247503538861776, -0.1798251586287919, 1.112921856451001, 1.5464007799830755, -2.4360780027658993, -0.16575798067356218, 1.023913376122848, -0.5393286488527331, -4.2700662676604475, -2.128572570900868, -2.288659282958247, 3.0139323091493204, 1.0587092430357583], [-3.3610934296961523, 1.3400268205871102, 2.6659765380630374, 0.7278727286721689, 0.4128076918485779, 1.8313733238963465, -0.8156046899961398, 1.6216171977051528, 3.4103104662973673, -0.544353187090663, -0.050116294747612145, 7.0451790314407425, -0.33570321483742116, -0.3591353175515686, -4.490482032385828, -3.130197696506894, -3.25068683992955, 2.0398362844821403, -2.983239816053658, -2.291277945623262, 0.9185544226755504, 5.175761380190787, 2.5317608096958093, -1.957634298319404, 2.909722454874722, 1.198269904725293, -3.154567186907225, -1.625868558344694], [-6.203317386613589, 4.307269039530025, 1.2810145321441855, -1.4531725152860853, -2.0190748823887037, 0.9913453850873061, -0.3260218345193475, -2.096130229261617, -0.14197274099323276, -1.8798635041818452, 0.46683481589658327, 1.3900886692154502, -1.5986658797383837, -3.336705354298779, 0.5179626585834944, 1.1493842394691602, -0.3786122439345718, 1.2819293111147463, 2.0473045977794886, 0.14080877482964962, 2.12638127083321, 5.298305571470326, -1.057769353982067, -0.879300728151492, 2.01343025714101, -3.809183274576231, 0.9358175539821931, 0.9525102868611208], [0.9790095445827736, -0.8015078796080196, 2.8260429516277132, 3.994298384843446, -1.4565051788342298, -3.829227248077311, 2.3519171978068516, 0.6267627673719104, -2.800602451761187, 5.586810968436438, -2.1260247131475163, 1.3010310737931552, 1.7072928731898778, -2.1883202786515445, 0.9376628743236376, 1.0161893783079234, 2.919163299939677, -1.2216177623222175, 0.8982598951029976, 1.875118358220238, 2.4336320922958614, 1.013646458943829, 1.449338146051682, 1.358580218882632, 1.7618342176898967, 1.6849588073732895, 6.205124421857153, -2.5149307988904317], [-0.3779014924444941, 0.6729220935652627, 1.4897476465905104, -3.681981092002413, -0.22186720102059598, -4.356500544493296, -1.4969051178442743, 2.6469171655497696, 0.5150943121930602, 0.5527543679485322, -1.763335892217663, 2.1852099350656067, -0.24865883036800462, -0.16985849869376646, -1.6312740277480933, 0.8809835219248341, -1.6559637149041975, -1.2453625700900013, 3.016229463998413, -2.7639729449212807, 1.2032719172416497, -1.68636038684739, 1.3981245053086893, 1.103346506873482, -0.5969621379371945, -1.5884007535734201, -0.12250114708364523, 2.5617399892796513], [2.1969601112579085, 0.5068795702090092, 1.5423611835059214, 1.3747835815140965, -0.4678552515895219, -3.6560296066095352, 1.4836751267850676, 1.0373836948219228, -1.0903867666418061, -0.2344683840353296, -1.1948274580207567, -0.8384293100116349, 2.8473195840597407, 0.49792260007747124, 2.337961064775483, -0.564288301262545, 0.9900932885806533, -2.0324685606433643, 1.0081911393919372, 2.539789845694073, 2.5174971296069497, -3.550242263347887, -3.066666772127128, 1.9643695540842319, -0.7455897712960353, 2.8433287326451353, 2.3288558931353345, -1.2600239571313059], [-5.581232814311551, 2.3528424565062527, -1.4261966136137116, -3.678835830343828, 1.7565533853031603, 1.576552048679316, 1.5653638074062224, 0.8660736231584042, -0.23412060490325703, -0.8556510142437144, 4.2588838473808455, 1.279842915852726, -6.030013255889546, -1.217108862298588, 0.8484005789324595, -2.3011737595639405, -0.3979711783372326, -2.502064050027021, 1.1002028473392231, -2.0558454825664354, -0.2161157715268295, 4.439924397772876, -3.188400087633842, -2.442418398716214, 1.8188036339832454, 0.055225329501049164, 3.317605837388533, -0.31018039020544175], [5.4325698885195255, -1.9627844630113425, 1.8123987507790287, -3.6731579146216538, 0.9076554132218168, 1.8986927473971886, 3.80353913698269, 0.16151553840776411, -0.9529355040738179, -1.6023568044565806, 0.8695625933744439, 1.8156729659902362, 1.3789831453680463, 0.6418971024415466, 2.269372035933152, 0.9956608427660942, -0.15824203536793122, 