{"generation": 39, "fitness": 473284.80957058695, "board_size": 10, "snake_size": 3, "input_direction_count": 8, "vision_return_type": "boolean", "network": [{"layer": "dense", "input_size": 28, "output_size": 24, "weights": [[-0.9345566312474097, -0.13013701565301072, -2.293151159666119, 1.4707958089981503, 0.5635520879566893, 2.1266397346516364, -0.8025155359772089, -0.8900924515711515, -0.9087695542036794, -1.1959244552914157, -2.0629959881055457, 0.014094022645279036, -0.09465022134724654, 0.6273532426150514, -2.328168850043462, 1.42995847111833, -0.33800411383856876, 0.6808445014361375, -1.909920462044761, -1.1413817685863767, 0.27570291454397156, 1.1922550496428475, 0.2749193834391117, 0.3604095574120395, -1.2732487651923792, -1.0570937377231933, 1.847845411997297, 0.6306572713263956], [0.30170151230980347, -1.073315546096948, -3.038529956484743, 2.5626169334129214, 0.043306550998867474, -0.6896545924165062, -0.45858989023471775, -0.305512831909496, -0.8511989762205757, 1.7175641456032673, -0.3939430898439274, 0.6521369006228441, -0.3593487178956416, -0.22331915778228484, 0.4769023746781127, 1.811288024629643, 0.9304605580756973, -1.047028964148597, -0.6869860069459792, 0.6903931444973138, -2.4415046644670633, 1.3309718999191111, -0.19051350315675242, 0.2850357851390488, -1.6563892232647406, 0.45241307212420256, -0.7819793903664329, -0.1573080812856067], [0.3370502010464502, -0.8794316343274149, 0.21657890520740974, -1.55471839792093, 0.777441330833363, -1.8084345039725085, -1.0551751968403105, 2.3559635916001063, -0.04582592608018865, 1.7171823874176384, -2.21855104724595, 1.4026332815915077, 2.129959616817163, 1.0359701330674735, -0.7521075357096758, -2.1401306703947873, 0.5581496701219661, 0.7196031589265962, 0.3458749959123921, 0.45595587316983405, -0.17590920492049966, -0.3788441153628832, 0.9139289792743442, 0.029196044015215694, -1.787475169947788, -1.4022410144619775, 0.9591017587635868, -0.13531492106505982], [-0.09967186866205147, -0.935451273175189, 1.3428282078655243, 2.7217066927311295, 0.11072226654022332, 0.5960626353773442, -0.4301457649522473, -0.10165359779971528, -0.6553894457572702, 0.052009735978389815, 0.7983790209503305, -0.30512265884511414, -0.012974383567443182, 0.752774215515768, 0.20999879740633776, -1.847975379369243, -0.8321114287301424, -1.1506729068390233, -0.037997003741611746, -2.5451994851600084, 1.8246788599535515, 1.4651877756212464, 0.5130920671880096, -0.9881123300440504, 0.7331761395854571, -0.5654428297761265, 0.7846718186934992, -0.867307072725537], [-0.5544331470014556, -2.00211202814364, -1.0177128281798642, -2.00361979773269, -2.1090243068344403, 2.2002477506432236, 0.12035159002408746, 0.625158481222204, 0.4877059477202007, -0.21708309028951178, -2.5165831174842674, 1.300078169020498, -0.49040725794274875, -0.3347362467446535, 1.7682591177706, 1.0234192257726005, -0.19678532579499974, -1.924269067649929, -0.4165815446352066, 0.8675707211478052, 0.2956389832053352, -0.17393418937298202, -0.6378814228413954, -1.652403314426978, 0.7379777516077255, 4.574223187204848, 0.47824605435344814, 0.09129380057582659], [-0.3489434048972542, 1.2753250801189477, 0.05303502439572472, 0.060704137396943914, -0.8827955504927754, 0.8338027295214566, -0.15142124019157757, -0.30798787346114576, -0.03704111063164334, 0.8442524853979689, 0.9666356629994197, 1.8233027162026836, 1.656984175629113, 1.152144368401359, 0.5258038914926041, 0.5728133584135302, 0.8404712866304381, -0.193492732451349, -1.2875614939439597, 2.777501540371487, 2.020089398836017, 0.14832009808636704, 0.6241841694677199, 1.417089652604546, 0.5746907639057066, -0.314424967718577, -1.398385751687059, -1.295242287711286], [0.7936312829486158, 0.12178703059691487, -1.4269535918091467, -0.5796752892315425, -0.745243746110374, 1.9978176281364102, -1.405936311055844, -1.5957418021871113, -1.3890907164897508, 0.3637418701571169, -0.6970378519465379, 1.982176413692287, 0.05749454948906174, 1.721255996566357, 1.7177328627682513, 0.23664208687250377, -0.7817754575014442, 3.3801930965910048, 0.7943501466886949, 0.28759526074787245, 0.326490236992221, -0.4862780705731069, 1.2665486905917156, 1.7574744933915518, -0.5860265570716048, -2.288659282958247, -0.03751855294045303, 1.0587092430357583], [-0.6099027010131037, 1.3818212879295002, -1.2984006866486515, -2.29740432005271, -0.010268427827903492, 2.1637892531776295, -0.17109952189689115, 1.4135996949392422, 2.268496171444732, -1.8544982412540574, -0.3005244146626014, 0.49191511756009787, -0.39553004823410476, 1.392905358550227, -2.265673641745106, -1.3310323303487226, -1.2574793156355049, 1.8535822386360739, 0.7913549636883499, -1.0703228375108762, 1.0462132500199928, 0.35050407732328737, 0.5797809794646942, -1.0191146976008614, 2.6899839022653302, 0.0572064116518394, -1.3162377257041364, -1.255352603914087], [-3.5306861327038037, 5.45781963782227, -0.24334034611439326, -1.4531725152860853, -1.51401882177983, 2.096962925681695, -0.22652413647306013, -0.4524720426450506, -0.14197274099323276, -0.9209923425189412, 0.43900367293387466, 0.8971468271154299, 0.7044385276153756, -0.8664713279987961, 0.7729120646247218, 0.17102015010864718, -0.881796397775312, 0.16244344968306101, 0.7041413458331192, -0.04099166903242146, 2.1174984463593223, 0.0377591343203878, 1.1839206587058022, 0.024649701426950776, 0.940173545156805, 0.29394630371235286, 1.3633826704439587, -0.011475800920690976], [0.050861205838625856, 0.18626839426774894, -0.11400231570184038, -0.11426992944977338, -1.207398495435331, -2.941482537178552, 1.4434521358759018, -0.46420778052608613, -1.5523675586325942, 2.898713076022248, -0.3537566725560817, -0.28978005566746856, 1.0283864199452877, -0.7416438930631415, 0.38910110751378535, 0.4975342703194492, 1.4678128015182432, 0.2770119222198515, 0.8582927882623783, 1.0351282121182392, 1.1330717167471402, -0.49370760908603695, 1.757957575313319, 1.0549431360942125, 1.6410856277386707, -1.864684142548663, 0.6042269170547327, -2.596657456110543], [0.3268930810018511, 3.806914536757133, -0.5709575213650444, -0.9674887592855628, 0.77712756450283, -1.2381197062285247, 0.8806045953049716, 1.0417945675306959, -1.5140976177452938, 1.2633769732178326, 0.13514140722455026, 2.1852099350656067, 0.06554160026047406, -0.32284742407679057, -0.5409828020370484, 1.0002649215055566, 0.46408792717214364, -1.3969595553157592, 0.6715871381051151, -0.4901029550602207, 0.9862598767380704, -0.3932133630960034, 0.8211939265091812, -1.4090959883810794, -1.0321252260267744, 0.3214614879949089, 1.0686883939569514, 2.580389181304473], [0.8057604768856477, 0.5068795702090092, 1.1179269213755205, -0.9491582312858373, 0.48723216752054266, -2.9187275059637217, 0.33232306353161656, -1.0639729554911406, 0.18591486184681782, -0.2344683840353296, 0.22734936252364735, -2.048006532985087, 2.8473195840597407, 0.49792260007747124, 0.345006424206233, -0.34923645682341564, 1.4765183761052678, -0.31023534908912054, 1.4997124705432845, 1.7098780695452864, 0.1177794827720895, 0.23425284807221292, 0.3402859024163507, 0.5558112461256364, -0.4895897459828235, 0.9809119051498252, 0.3849155725272334, -0.24653071501313115], [-2.754354500349866, -0.5849028029538508, -0.30504382463967317, -2.6154059621188424, 1.0911759710041373, -0.21391029036365405, 2.016932781178207, 0.40604820074689074, -0.5018129148637007, -0.8556510142437144, 3.3262304985552404, 0.7107798796206903, -0.18129345209585124, -0.6117236178155356, 0.2149722823327791, -2.5759216896977235, 0.2415938621544575, -0.3948027179381497, 1.3809692685209254, -0.7856601752907029, 0.0657673517647327, 0.5780388957756479, -0.7576360879927784, -0.883827858793953, 1.1759386300670447, 1.7713130791818568, 1.4586722633352296, 0.9249956007587516], [-0.3821247115276476, 0.003312521307992755, -0.8427174255791483, -0.1680940690042496, -1.171511944872563, 0.8273287126598691, 0.5667422340935184, -0.18250477574631666, 1.0872554077556904, -1.5951653226025626, 1.811894949075343, 0.7300643769216026, -0.8578670751766349, 