{"generation": 27, "fitness": 177705.62551062633, "board_size": 10, "snake_size": 3, "input_direction_count": 8, "vision_return_type": "boolean", "network": [{"layer": "dense", "input_size": 28, "output_size": 24, "weights": [[-0.9345566312474097, -0.13013701565301072, 1.101100949704351, 0.6705351213476825, -0.6140482212365896, 1.4314394040750344, -0.7306616245773936, -0.7646795283732555, 0.39243895539499607, -1.1959244552914157, 0.28124438508943994, 0.014094022645279036, -1.0908643480617877, 0.6273532426150514, -2.328168850043462, 0.7231939869715702, -1.0597228463550281, 0.6808445014361375, -1.909920462044761, -1.1413817685863767, -0.5978855199938111, 1.4641534131466887, 0.2749193834391117, 0.5006525785853286, -1.2732487651923792, -0.5667802311363446, 1.847845411997297, 0.4274587938217426], [0.48671954490498737, -1.613113052698775, -0.3296099063451376, 1.8125355553600082, 0.03748611280997305, -0.7351641634683692, 0.1910336422551453, 0.04418664767434466, -0.8511989762205757, 0.8744212226843713, -0.20102487950184833, 0.6521369006228441, -0.3593487178956416, -0.22331915778228484, 0.4769023746781127, 0.6722728642932512, 0.9304605580756973, -1.0253501680025896, -0.6869860069459792, 0.5811332878925226, -2.4415046644670633, 1.3309718999191111, 0.5476877120615715, -1.525885263198243, -0.12450051092714687, 0.45241307212420256, -0.7819793903664329, -0.3359173607200642], [-1.6384438507510741, -0.6758266481934962, 1.0775931696427525, -1.55471839792093, 0.777441330833363, -0.15796734359763298, -1.0551751968403105, 2.3559635916001063, -1.985445551279296, -1.2313207849114318, -0.6342261459554909, 1.4026332815915077, 2.123409082586074, 0.7983356083818349, -0.23688252615913596, -0.8654472622070303, 2.046513248592481, 0.04633639327146244, 0.3458749959123921, 0.3515507657765793, -1.1471457089789512, -0.3788441153628832, 0.6953737226483545, 0.029196044015215694, 0.798830156811682, 0.5643443257236096, 0.9591017587635868, -0.13531492106505982], [0.2500788621608113, -0.935451273175189, -1.2772444201840685, 1.7349774360793504, 0.11072226654022332, 0.5960626353773442, -0.4301457649522473, 0.4900692061570824, 0.38527695287437247, 0.052009735978389815, 0.7983790209503305, -0.30512265884511414, -1.178862958128502, 0.608719992994886, 0.2909425190975481, -0.7121505700422169, -0.09211581898687715, -0.8091853119812673, -0.037997003741611746, -2.219496875415941, 1.8246788599535515, 0.8050276229943933, 0.5130920671880096, -0.7769447817925211, 0.7331761395854571, 1.1816980925388216, 0.7846718186934992, -0.999576415198567], [1.800018064432605, -0.8563509281235915, -1.0177128281798642, 0.7552864509067901, -2.1090243068344403, 1.226024394028691, 0.12035159002408746, 2.4726055872247934, -0.40004931169936153, -0.21708309028951178, -3.5622190079276086, 1.300078169020498, -0.49040725794274875, -1.0593475264007641, 1.059709769915697, 2.9114613573840673, -0.19678532579499974, -2.907126885661669, -0.4165815446352066, 0.8675707211478052, 0.2956389832053352, -0.21251966372410658, -0.6378814228413954, -1.652403314426978, 1.1227925006310255, 2.6981140632335405, 0.47824605435344814, 0.09129380057582659], [-0.3489434048972542, -0.7190427757725043, 0.05303502439572472, -0.983917736185467, -0.8827955504927754, 0.35943685051199514, -0.15142124019157757, -0.30798787346114576, -0.4224355175277086, 0.011692653481687687, 0.9666356629994197, 1.8233027162026836, 1.656984175629113, 0.4062306499232346, 0.054948411218614046, -0.05388805193110201, 0.8404712866304381, -0.3232048651190005, 1.3033630036971953, 1.0338115813995972, 2.020089398836017, -1.0135428958866801, 0.953406807825601, 1.0205091642733095, 1.3951125113556828, -0.3490118030468199, -1.398385751687059, -2.5026828720617518], [-0.5892552475359643, -0.48787432711497314, -0.4955017346225769, 0.20602394498138435, -0.745243746110374, 1.9978176281364102, -0.6080407753596511, -1.5957418021871113, 0.7975239664153416, 0.3637418701571169, 0.13240130867635824, 0.8842161682198271, 2.892634079054867, -1.2082054932365835, 1.7177328627682513, 0.7790365992326632, -0.6520403015653831, 3.3801930965910048, 0.7943501466886949, 0.28759526074787245, 0.9256543568911033, 1.5415734167460435, 1.2665486905917156, 0.6017421014881617, -0.5860265570716048, -2.288659282958247, 0.4254162772967691, 1.0587092430357583], [-1.6150262474929689, 2.2671313963731055, -1.2984006866486515, -2.29740432005271, -1.2083367841547636, 0.7373249229857779, -0.17109952189689115, 0.928612231924949, 0.8449945110484043, -1.8544982412540574, -0.3005244146626014, 0.49191511756009787, -0.39553004823410476, 1.682071333696174, -2.041300330991451, -0.38357696141543307, 1.704652463471123, 1.2105386233897018, 0.7913549636883499, -0.7062261778902699, 0.9635722568564712, 0.9209379326933089, -0.23812111445896555, -1.1174767259004479, 2.6899839022653302, -0.4094625956833623, -0.3760811089172831, -0.9183368392815605], [-2.51199808935918, 3.1921094551100446, -0.16051769782592928, -1.4531725152860853, 0.673422836286858, 2.096962925681695, -0.9525838327989353, -0.4524720426450506, -0.14197274099323276, -0.32936972520752894, 0.43900367293387466, 0.5491806973261819, 0.7044385276153756, -1.3213664779366914, 0.47467728082309457, 0.755414371630567, -0.881796397775312, 0.16244344968306101, 0.9239296988056007, -0.04099166903242146, 2.1174984463593223, 1.05877280364278, -1.20309284583666, 0.024649701426950776, 0.106455530632804, -1.7154836257417272, 0.012856721834944906, 0.338509744019135], [0.6505071956488846, 0.18626839426774894, -0.11400231570184038, 0.21972825184308054, -2.6638606943859826, -2.0973333759969743, 1.4434521358759018, 0.3740556345272563, -0.792667597409334, 2.898713076022248, -0.3537566725560817, 1.3066512762840918, 1.2710231428092817, -0.7416438930631415, -0.22076703577765877, -0.5081471672169633, 2.1603303371725344, -0.9410371233020931, 0.32552061880484406, 1.059040105510364, 0.25300655636153846, 0.007226580518664649, 0.4223075324125156, 1.0549431360942125, 1.6410856277386707, -0.8696791169587462, 0.7297904622429294, -2.596657456110543], [-1.3815217086015186, 3.457265556693719, -0.5709575213650444, -0.4634641544745297, -0.22186720102059598, -1.2381197062285247, 0.8806045953049716, 0.5743604972074252, -0.9252729685173784, 1.2633769732178326, 0.13514140722455026, 2.1852099350656067, 0.06554160026047406, -0.32284742407679057, 0.03247425646593638, 1.4107150206517711, 0.46408792717214364, -1.0595365688676368, 1.4854791101619187, 0.8863310244743519, 0.14520148210752903, 0.5426933306072013, 1.0290410107739834, -1.4090959883810794, -0.05221675930470138, -0.3495739743225621, 2.231645188385005, 1.495829123367609], [0.8057604768856477, 0.3921440966934657, 1.1179269213755205, -0.844737424832896, 0.48723216752054266, -0.7349447675443682, 0.33232306353161656, -0.163834992417631, 0.18591486184681782, -0.2344683840353296, 0.5175920240469385, -0.9598941889944135, 1.5541970629307547, -0.060030022629771196, -1.2835377108081776, 0.5361830992511447, 1.4765183761052678, -0.3033228088676783, 0.8962951010887243, 0.6797087525866892, 0.1177794827720895, -0.46242136610308315, -2.002391980529821, 0.19077612562689983, -0.23513932373272078, 0.9809119051498252, 0.7663882335344515, 0.35069152324880776], [0.11922831216475183, -0.5849028029538508, -0.30504382463967317, -2.6154059621188424, 0.3419941711103789, -0.21391029036365405, 0.9946088566380749, 0.4133721390106109, -0.5018129148637007, -0.5689278267205986, 2.747606992247966, -0.7118039814413695, -0.3372037844714708, -0.6117236178155356, 0.2149722823327791, -0.6534184273456454, 0.8014844563300629, 0.6738939467236456, 0.7544890922816756, -0.7856601752907029, -0.94674061903139, 0.5780388957756479, 0.2816187579068412, -0.3878795032756062, 0.6195077662982413, 1.7713130791818568, 0.17966944200003665, 0.9249956007587516], [-0.08924594373957735, 0.003312521307992755, -1.3207904556670176, 1.4417949530914145, -0.6908206278861637, 0.8273287126598691, -0.0913366851437758, -0.8824059037114491, 0.13246348228200477, 0.16141242754933116, 1.811894949075343, 0.06343501135713392, -1.5597268973130645, 