{"generation": 35, "fitness": 318010.9934797036, "board_size": 10, "snake_size": 3, "input_direction_count": 8, "vision_return_type": "boolean", "network": [{"layer": "dense", "input_size": 28, "output_size": 24, "weights": [[-0.9345566312474097, -1.0839561279830718, -0.5811181130457793, 0.6705351213476825, 0.5635520879566893, 1.4314394040750344, -0.8025155359772089, -0.6485032649579159, -1.5066865143512431, -1.1959244552914157, -0.5759226858549192, 0.014094022645279036, 0.9941904866696841, 0.6273532426150514, -2.328168850043462, 0.9080327238155955, -0.33800411383856876, -0.9696988648274971, -1.2281273616987332, -1.6713256912203107, 0.27570291454397156, 3.095673011743209, 0.04325517086050007, 0.3604095574120395, -1.2692177586395301, -1.0570937377231933, 1.847845411997297, 0.6306572713263956], [0.30170151230980347, -1.073315546096948, -3.038529956484743, 2.5851792504957807, 0.043306550998867474, -1.2198008400180163, -0.14404170760356183, -0.305512831909496, -0.8511989762205757, 1.7175641456032673, -0.3939430898439274, 1.5014093426791437, 0.3825473512567955, -0.22331915778228484, 0.4769023746781127, 0.6722728642932512, 0.9304605580756973, -1.047028964148597, -0.6869860069459792, 0.6903931444973138, -2.4415046644670633, 1.3309718999191111, -0.19051350315675242, 0.2850357851390488, -1.6563892232647406, 0.45241307212420256, -0.7819793903664329, -0.1573080812856067], [0.3370502010464502, -0.8794316343274149, 0.21657890520740974, -1.55471839792093, 2.2318018847462566, -0.15796734359763298, -1.0551751968403105, 2.3559635916001063, -1.2311900554582578, -0.1603858566299694, -2.21855104724595, 1.4026332815915077, 0.5349543772729191, -0.3158608640580345, -0.9514055780610718, -2.1401306703947873, 0.5581496701219661, -1.1875814221282919, 0.3458749959123921, 0.3515507657765793, 0.38643777615738084, -0.3788441153628832, 0.9139289792743442, 0.029196044015215694, -1.787475169947788, -1.4022410144619775, 0.9591017587635868, -0.13531492106505982], [-0.09967186866205147, -0.935451273175189, -0.1279425282670988, 1.7349774360793504, 0.11072226654022332, 0.5960626353773442, -0.4301457649522473, -0.10165359779971528, -0.6553894457572702, -0.9806412355454308, 0.7983790209503305, -0.30512265884511414, -0.012974383567443182, 0.752774215515768, -0.4789687263197939, -0.4310533095663775, -0.8321114287301424, -1.1506729068390233, -0.037997003741611746, -2.219496875415941, 1.8246788599535515, 2.0638277004985546, 0.5130920671880096, -1.5877577750119913, 0.7331761395854571, -0.5654428297761265, 0.29905790963312445, -0.867307072725537], [-0.5544331470014556, -0.9984734462445174, -1.0177128281798642, -0.6794955293920474, -2.1090243068344403, 2.38337871033133, 0.12035159002408746, 0.2008580043447743, -0.00926529113086122, -0.21708309028951178, -2.5165831174842674, 1.300078169020498, -0.49040725794274875, -0.031733591689706964, 1.059709769915697, 1.0234192257726005, -0.19678532579499974, -2.713668393980261, 0.9889850491562637, 0.8675707211478052, 0.2956389832053352, -1.9968168177138201, -0.6378814228413954, -1.652403314426978, 0.7379777516077255, 2.801493448311629, 0.47824605435344814, 0.09129380057582659], [-0.3489434048972542, 1.2753250801189477, 0.05303502439572472, 0.060704137396943914, -0.8827955504927754, 0.8338027295214566, -0.15142124019157757, -0.30798787346114576, -0.03704111063164334, -0.09152612991379983, 0.9666356629994197, 1.8233027162026836, -0.030123974213003404, -0.32706168992960527, 0.5258038914926041, -0.42068148273615075, -0.5615054095985347, -1.5882393879817993, -0.4033584018605275, 2.777501540371487, 2.020089398836017, 0.14832009808636704, 0.48471885999831754, 0.6144930267866295, 0.5746907639057066, -0.314424967718577, -1.398385751687059, -0.9570829065589334], [-0.5892552475359643, -0.32235798184560616, -1.1257761224215541, -0.22981633722908204, -0.745243746110374, 1.9978176281364102, -0.6080407753596511, -1.5957418021871113, -1.3890907164897508, 0.3637418701571169, -0.6970378519465379, 0.8842161682198271, 0.05749454948906174, 0.2872533723706038, 1.7177328627682513, 0.23664208687250377, -0.6520403015653831, 3.3801930965910048, 0.7943501466886949, 0.28759526074787245, 0.326490236992221, -0.4862780705731069, 1.2665486905917156, 1.7574744933915518, -0.5860265570716048, -2.288659282958247, 1.1937429282741303, 1.0587092430357583], [-1.5639237103277424, 1.3818212879295002, -1.2984006866486515, -2.29740432005271, -1.2083367841547636, 0.18639195289734212, -1.297163266216922, 2.014857019769024, 2.268496171444732, -1.8544982412540574, -0.3005244146626014, 0.49191511756009787, -0.39553004823410476, 1.392905358550227, -2.265673641745106, -0.36554588741778976, -1.2574793156355049, 1.2105386233897018, 0.7913549636883499, -1.0703228375108762, 1.0462132500199928, 0.9209379326933089, 0.26636010314115355, -1.0191146976008614, 2.6899839022653302, 0.6282611820748916, -1.3162377257041364, -1.255352603914087], [-3.3712500070604525, 3.1921094551100446, -0.645685178108452, -1.4531725152860853, 0.21693952583424997, 2.096962925681695, -0.7609934590041216, -0.4524720426450506, -0.14197274099323276, -0.9209923425189412, 0.43900367293387466, 0.8971468271154299, 0.7044385276153756, -0.8664713279987961, 0.7729120646247218, 0.17102015010864718, -0.881796397775312, 0.16244344968306101, 0.7041413458331192, -0.04099166903242146, 2.1174984463593223, 0.5516609305731757, 0.19746964885885518, -0.48282291414519146, 0.940173545156805, 0.29394630371235286, 1.3633826704439587, -0.16260505307689455], [1.9150362661592717, 0.18626839426774894, 0.9021040758874648, -0.11426992944977338, -1.207398495435331, -2.0973333759969743, 1.4434521358759018, -1.7365125142856206, -1.5523675586325942, 2.898713076022248, -0.3537566725560817, -0.28978005566746856, 1.0283864199452877, -0.7416438930631415, 0.38910110751378535, 1.0614136258836282, 2.919163299939677, -1.2216177623222175, 0.42893445028832927, 1.0351282121182392, 1.1330717167471402, -0.49370760908603695, 1.757957575313319, 1.0549431360942125, 1.6410856277386707, -0.43217871021748955, 3.202223048865605, -2.596657456110543], [-0.22183909418891168, 3.457265556693719, -0.5709575213650444, -0.9674887592855628, -0.22186720102059598, -1.2381197062285247, 0.8806045953049716, 1.964012427195391, -1.5140976177452938, 1.2633769732178326, 0.13514140722455026, 2.1852099350656067, 0.06554160026047406, -0.32284742407679057, -0.5409828020370484, 1.0002649215055566, 0.46408792717214364, -1.0595365688676368, 0.6028963708408235, -0.4901029550602207, -0.2660865092097151, -1.202822835272012, 0.8211939265091812, -1.4090959883810794, -0.05221675930470138, 0.8501407293474776, 1.0686883939569514, 2.580389181304473], [0.8057604768856477, 0.5068795702090092, 1.1179269213755205, -0.844737424832896, 0.48723216752054266, -2.093944892403716, 0.33232306353161656, -1.195595130022087, 0.18591486184681782, -0.2344683840353296, 0.22734936252364735, -1.7753643537213204, 2.8473195840597407, 0.49792260007747124, 0.345006424206233, -0.34923645682341564, 1.4765183761052678, -0.31023534908912054, 1.4997124705432845, 1.7098780695452864, 0.1177794827720895, -2.9251380650418213, 0.3402859024163507, 0.5558112461256364, -0.4895897459828235, 2.4149808023678094, 0.3849155725272334, -0.24653071501313115], [-2.754354500349866, -0.5849028029538508, -0.30504382463967317, -2.6154059621188424, 1.0911759710041373, -0.21391029036365405, 2.016932781178207, 0.40604820074689074, -0.5018129148637007, -0.8556510142437144, 3.4473389178046183, 1.279842915852726, -0.39129417538470146, -0.6117236178155356, 0.2149722823327791, -1.6218545717671797, 0.9437156433405234, -0.3948027179381497, 1.3809692685209254, -0.7856601752907029, 0.015662548873539794, 0.5780388957756479, -0.7576360879927784, -0.883827858793953, 0.6195077662982413, 1.7713130791818568, 0.17966944200003665, 0.9249956007587516], [2.645161929995746, 0.003312521307992755, -0.2615969060871063, -0.1680940690042496, -1.171511944872563, 0.8273287126598691, 0.5667422340935184, -0.18250477574631666, 1.0872554077556904, -1.5951653226025626, 1.3843385437694005, 0.7300643769216026, 