{"generation": 98, "fitness": 17180645950.349392, "board_size": 10, "snake_size": 3, "input_direction_count": 8, "vision_return_type": "boolean", "network": [{"layer": "dense", "input_size": 28, "output_size": 24, "weights": [[0.21336574856913237, 0.28146372114088075, -3.548937087549163, 1.576355812789056, 0.5635520879566893, 2.920186809842091, -2.5235790116142915, -0.45634026915516185, -1.274702888330535, 2.6273039243316454, 1.7197081434832042, -0.37233717773097685, -0.09465022134724654, 0.6273532426150514, -2.470575186613001, 2.621993018726042, -2.7507417253480697, -0.9466261096191076, -2.1992891186657157, -1.6713256912203107, -0.899759637780652, 3.341916535543627, 1.1446661545885914, -1.3019423757282869, -2.242367397477941, -1.2886912364666459, 3.0750220990767265, 0.04537912005829958], [0.4299227269227578, 0.41105132515174536, 0.21482213689034158, 2.6464312185532988, -3.0186822377685862, -0.5455022106427807, -0.9656535757735603, 2.045635226739588, -2.9348638070406405, 1.7175641456032673, -1.6469031693237186, 1.5014093426791437, 1.1536283007410917, -0.4543991923799594, 1.0172617738741174, 0.4589288369664133, 1.7127060982605415, -1.4671983492375735, 1.1460747190593294, 1.099448137091259, -2.8302452503941637, 1.961858566957754, -0.025950891708011015, -0.5392669729003378, 1.5329736662859628, 0.45241307212420256, -0.4790083051920541, 0.8985266645755843], [0.3370502010464502, -2.8979802660638967, 0.9580108013455717, -3.445278822248242, 3.0395986033830957, -1.7102189885405312, 0.38734864133170577, -0.3458922879786115, 0.0646942082120574, 0.8879994860074831, -2.21855104724595, 1.6678115947473404, 0.5407538371180045, -0.3158608640580345, 3.1748000109825556, -4.775226839500892, -0.6527080339337699, -0.8483463006121397, 1.2872704504393342, -0.1887577379421066, 1.1773020993699965, 1.0248725328479564, 2.0121286399333806, 0.4993333350633857, -1.6590087284943347, -1.1567983559746962, 0.9591017587635868, 1.5507591003400076], [-0.09967186866205147, -1.543254593481108, -1.1426626828788555, 1.0575502025479424, -0.5525198264792373, -2.031247155885405, -0.4301457649522473, 0.6415440035378376, 2.2452243341900986, -0.8578730082304152, 1.670843482501549, 1.412876289715316, 2.322555665062094, 1.6082401135499493, -0.4789687263197939, 0.4594686805730683, -0.08559041709126058, -0.6053663215383562, -1.5891937687688156, 0.30291122194033904, 2.966619069493182, -0.9882410958535053, 0.838788078026868, 3.5739754152713017, 1.8964232936843706, -0.5654428297761265, 0.24509829469845185, 2.3133245861605727], [-1.1220098083454704, 3.847974213084052, -3.2055420945327855, 0.4553307564422079, -1.6821753156881034, 2.6018835977032757, -0.33322669526496984, -1.8253711555554988, -0.014601303869351101, 0.1602025638016792, -3.4364765997343585, 1.300078169020498, -1.5002737834853417, -0.32064514775966346, 4.738162610059936, 1.1144552069643359, 1.3086444211787678, -2.713668393980261, 1.106983796374482, -0.8124897640743324, 1.3547492106137153, -3.4006649356537966, -0.05257468119140407, 4.471001917497956, 0.4085988101708219, 3.4496690122237, 0.47824605435344814, -0.7409531646525711], [-2.2713650845667326, 2.678663301666398, -0.7312748641575988, -0.8156906769455896, -0.8827955504927754, 0.8338027295214566, -2.197166253100875, 1.9382872544928982, -1.0803028928064558, 2.88957814163753, 0.16705139307932348, -0.222866213832581, -0.04150328560558059, -0.3677781345707045, 3.588253613593438, 0.1345067957004245, -0.783690415647873, -1.090640622475778, -1.809851475970847, 2.6795718448681862, 1.5623931341991, 1.0266645045910814, 0.48471885999831754, -2.1636723762878187, -2.3016522835873947, -3.634305162239577, -1.227984773672578, -1.51310954068592], [-0.307381892730321, -0.6102368865280066, -3.5540023641081664, -2.0771098199860543, -0.745243746110374, 5.539112917558753, -2.943541917390543, -3.3781745907730785, -0.19765734469531004, 0.35523267884652965, -0.07035688114679184, 2.3990733431132165, -0.008945130008197744, 0.05755906685369494, 1.7177328627682513, -0.6680938153146909, -0.1798251586287919, 0.10988080290763702, 3.0126130676466305, -1.3415738751613733, -0.16575798067356218, 0.7991847685126053, -0.5393286488527331, -1.7686935848698029, -0.5517270760217129, -0.8293280569305099, 2.292407677232357, 1.0587092430357583], [-2.017688272769291, 1.3400268205871102, 2.6659765380630374, -1.4982598493191268, 0.4128076918485779, 1.8313733238963465, -0.5159901957921789, 0.9640644896574613, 4.27394093006578, -1.548194198143032, -0.3005244146626014, 3.6505086879762056, -0.9387891122853083, 1.392905358550227, -2.7798948253908167, -1.7814275985237766, -1.2574793156355049, 2.7357312739617816, 0.7913549636883499, -2.291277945623262, 0.9185544226755504, 3.5216026527574082, 0.3184558269193154, -1.743075714072937, 2.909722454874722, 1.5525422094770054, -0.5619678581730505, -1.625868558344694], [-5.275128311542894, 3.1921094551100446, -0.8119757055765622, -0.27328097009439056, -1.7693164939758501, 0.47800936336413913, -0.3260218345193475, -2.096130229261617, -0.14197274099323276, -0.9209923425189412, 1.6574294924401523, 1.261478732259523, -1.8224108531433514, -2.715963190484501, 0.5179626585834944, 2.354115178026831, -0.9562110553378975, 0.46814415935515646, 0.24979652428048527, 0.14080877482964962, 1.7900011394204152, 3.530933343905046, -1.057769353982067, -1.5879195281622607, 1.5258590009656041, -1.9424934608587963, 2.1348097944147573, 1.382579287368261], [0.9790095445827736, -1.6475791681469154, 3.442757586577695, 3.994298384843446, -1.1920874262065304, -3.829227248077311, 2.0214570952628734, -0.46420778052608613, -2.800602451761187, 4.109548864695545, -1.9156202219999527, 1.3010310737931552, 1.8130917199077756, -2.1883202786515445, 0.9376628743236376, 4.014739537367807, 2.919163299939677, -1.2216177623222175, 1.400334010216695, 1.875118358220238, 1.47411722692623, -1.2165464333540104, -0.07764410582304548, 1.358580218882632, 3.527989988734257, -0.43217871021748955, 6.205124421857153, -3.375359054793949], [-2.0585196000105173, 1.0035356984518824, 0.9916930683278125, -4.440597498134286, 1.7959731699908181, -2.442957953340173, -0.478575133129563, 2.6469171655497696, -2.1510637287362475, 0.5977917102385608, 1.2217511773745626, 2.1852099350656067, -0.24865883036800462, 0.6665779014539064, -1.5635720609685784, 0.4965437411010248, -2.7147283292890143, -1.2453625700900013, 2.2878061482549428, -2.7639729449212807, -1.12808262651698, -1.2814822762017606, 2.97181788417946, 1.103346506873482, 1.5555666807215012, -0.790452115473167, -1.5915493728002277, 2.580389181304473], [1.473221890479154, 0.5068795702090092, 0.35021897007577285, -0.5173365369026467, -0.3398875131704263, -4.764243836977181, 1.4980116668329095, 0.11554560683258752, -1.0903867666418061, -0.2344683840353296, -1.1948274580207567, 0.11417454807561045, 2.8473195840597407, 0.49792260007747124, 2.337961064775483, 0.3168101698786153, 0.641431915012026, -2.0324685606433643, 1.1293839594263457, 1.8623582283724636, 2.2172104716152115, -3.550242263347887, -2.0972868103698854, 1.9643695540842319, -0.22354691262168586, 2.409283182478718, 0.059897195663430436, -2.1173877827924015], [-5.581232814311551, 2.402328830630335, -1.7700416837817814, -3.678835830343828, 2.8858209080614716, 1.576552048679316, 2.1517904481165466, 0.40604820074689074, -0.5018129148637007, -0.8556510142437144, 3.4473389178046183, 1.279842915852726, -5.238586870351007, -1.579508648489932, 0.8484005789324595, -0.34478262015562167, 0.6230833821552468, -1.4856427785831103, 1.3809692685209254, -1.2306371909315676, -0.2161157715268295, 2.982969907146134, -1.0710740334085889, -0.8130434806587267, 0.6195077662982413, -2.026859935987798, 2.243697454505396, -0.8503775670723261], [4.427992301037756, -1.9627844630113425, 0.933956131010453, -0.2802424516686495, 0.9076554132218168, 0.8273287126598691, 0.7717559883373031, -0.6097611779389734, -0.9529355040738179, -1.0313040878010558, -0.10978384677500808, 0.7300643769216026, 1.687797314508308, 0.6418971024415466, 0.6889973717875273, 0.5980096819466633, -0.11181946176322602, 