{"generation": -1, "board_size": 10, "snake_size": 3, "input_direction_count": 4, "apple_return_type": "distance", "segment_return_type": "distance", "network": [{"layer": "dense", "input_size": 14, "output_size": 18, "weights": [[-1.3277190611836194, -1.1172861922156798, 0.46516537228178545, -2.6451655767193882, -1.7113607474056778, -2.2300092280086816, 1.9953707106061778, -3.472342235866614, 0.6911096917097392, -0.17959576374684047, 0.6537161721647211, 0.47102737300593706, -1.141931003921635, 0.7766293463477287], [-1.760817464884266, -1.910998340604233, 2.057533349221743, -5.101071695524339, -2.040440716508297, 0.022452995842058832, -1.8630156060396634, -3.4997870344183033, 1.9364948525834023, -6.029971037929623, -0.6309672939252894, 1.7543936667038393, -0.07546996995988278, -2.8496981154858543], [18.84438702111968, 1.9139834963158873, -0.5135493324146362, 2.8607892445730387, 0.1329518703320689, 11.158762173122904, 4.923392738758671, 9.615616169936683, 17.652256394587436, -1.7801440521934029, -0.30569123193064196, -1.9220060747888128, -4.030148370761546, 1.1808829361572937], [-0.004224402709350089, -1.5022633864569253, 1.2504116383868547, 1.8117689997037478, 1.2630271745081085, -0.959184505411289, -2.261467855842593, 3.5752259114883986, 1.2679693830601009, 2.103768172277184, -0.9165412350133532, 1.508078208889947, -0.7617205661952915, -1.2586184671301248], [-9.239255031120315, 1.438691611747894, -1.8534772596086682, 7.959683769426644, 0.387014903531272, 2.000888924203266, 4.239686443532065, -7.58522058295066, 3.682706954491971, -0.670971669828206, -0.5068982234319569, 1.2869881985278169, -0.498636941507137, 1.924397846190574], [-7.457971623154847, 3.884964828199202, -0.8350937134452083, 1.2029764524442748, -1.14842936246947, -3.7898469405272466, -1.5961696848418125, 3.6254233463814445, 3.865329333196336, -3.212529454355662, 0.7264834757240664, -1.1473488562371696, 2.843526283095059, 3.3979428715340276], [7.796982385800781, 2.2831058718842194, -1.0727047897925717, -4.195900470436502, 1.1253797205338136, -5.507022330491203, -2.9623930205462505, 0.31052622591908946, -1.5773527013154438, 0.6261816086633286, -0.03691003550899289, 0.2821946185858029, 1.0362652885106265, 0.7387656640439512], [3.4781971723372105, -1.1548244609027405, -0.19364855806460404, -4.156963735206067, 1.911657857078336, 4.754569875851175, 3.5975483003319693, -16.61969753635103, -1.5488277263926284, -0.5113586453592627, 0.32954313093769, 0.462902385448906, -1.7865906123286819, 1.99500461362058], [-1.9293884726757882, 1.3621293198674966, -1.78514435802934, 3.090143095081884, -0.8945306242714478, -0.4654867045693104, 3.899158436914433, 7.116531504229225, -2.8388315313430468, 0.9178692162532742, -0.14044928971844314, 0.04278370257854578, 0.26297240349925666, 0.40407087836210503], [9.78147605244282, -0.07471139761976653, -0.5260955846425894, -1.2199849551408317, 0.34296899574255524, -18.713240973495825, 1.1078267758129767, -4.091850367817099, 7.009918524436055, 2.579651454954652, -0.7256572751063031, -0.9019562442089802, -0.21672615750425825, 1.9714610693249917], [5.457574034544228, -0.8692475324309714, -5.340118838375138, -1.5253251488266784, -3.0148729967176293, -1.1319315509347128, 0.24288616994300016, -3.285484615008294, 5.1718509415616465, -0.5708848372543498, 0.11635179304435032, -0.8359698387807343, -1.7039453860300044, 1.8262936344639416], [-1.9473778875047403, -1.2703712540713639, 9.9244845937669, -0.6754911853903353, -2.572259896052703, 6.065380107565303, -8.371907810991484, 3.764701206187847, 0.15580209892127464, 1.466336633840519, 0.13276092485978613, -3.338769121029823, 0.654695702433019, 3.001239784720439], [13.030874963012204, -1.0299302490275886, 0.23660705549992814, -2.9346291041166, -1.9338263558753643, 3.8712162206075598, -0.2351596228152482, 1.2609154975539545, -3.6576221229318384, -5.19890178166873, -0.6840611679214108, -3.197894933420281, 1.6410125934970892, 2.6464278180774037], [0.44745437548113814, -1.464859826967284, 1.0295173827024295, 0.8558776079394553, -0.03490359555197559, -0.28716611428262245, 1.5520033222715204, -0.0013750477836102313, 0.8182635684426117, 0.14580226627804974, 0.9255455151896872, -0.27396250288381185, -0.3007592686058902, 0.40285207673957313], [1.576022133391837, 0.5523170125551868, -0.298303961781645, -1.822751391694564, 1.2641785991071925, 0.4558658858015504, -1.6019610951788148, -4.676903510269536, -1.5061566334329164, 5.817471222199208, -0.17185992905220873, -2.0108107786256357, -0.5820063572710109, 0.6351625954437855], [28.190945703650403, -1.1198411083175175, -4.293933709128914, -4.685844233843918, -1.1083167886603946, -48.93228426754071, -4.243106485884126, 3.494341531775942, 15.105638454678285, 1.5113023107749006, 0.15943974489334334, 1.1328727589282537, -1.6496375380382584, -0.3446876665719473], [-5.851211763913254, 1.948258850089398, -4.249828051610434, -2.6170570753366036, -0.22662995409398853, -1.2533966927833604, 5.38659289223767, -8.215983220357653, 1.8530369257078323, 4.309454392324652, 0.21898849968667294, 0.6906291187206147, -1.2318920455377689, 1.5427779261991414], [-3.786419641065049, 0.23644406807019824, -1.4575019885601768, -0.552643832522274, 1.639913029056941, 4.313679942648436, 6.227512328624134, 0.010680798423177517, 1.719752974762199, -5.29534810733511, 0.17725624801662557, -1.382853721259419, 0.20837479791760882, 2.4076109310967553]], "bias": [[2.9012081308613062], [0.3821359472409879], [-5.412262001719321], [-2.3096160761391076], [1.2633832408046757], [3.060452731023725], [3.950319931130118], [3.337239831989686], [-1.648547685999035], [-1.9789562816921416], [1.3243985033786176], [1.1417674476255275], [0.2578093120345619], [0.649975755276868], [-2.889909033333871], [-1.8938071471072484], [-1.050618123460531], [0.3117116831036253]]}, {"layer": "activation", "activation": "tanh", "activation_prime": "tanh_prime"}, {"layer": "dense", "input_size": 18, "output_size": 4, "weights": [[0.9456343803808842, 0.4625205179906531, -2.536149968975016, -1.6082323370317542, -0.6673469170899454, 1.6470568493931725, -2.9172852817217123, -1.2109325750010567, 1.4445955175643992, -0.6888025359677664, 0.5454537369261899, -3.234463154681339, -1.2220765625291639, -3.7561155572442027, 1.6228846948665006, -1.6660225805433533, 5.721729090202858, 2.9235051107954946], [-1.3688089877527752, 6.688197178237193, -9.115328806598754, 2.4186794738984747, 6.887253432903544, -5.0636611315048095, 3.5760104999912965, 7.1037940388358365, -4.704461112369196, 6.600560093747209, 6.699151725361815, -7.114251586477253, 2.9020254592600367, -2.519929514550464, 8.132222958885977, -8.02030855597946, 3.2062801436226516, -5.963032878499238], [-2.281919600684181, -3.043073362621029, 9.194283244631533, 2.5946950419079116, -8.034512544643968, 0.7517535514333149, -6.6989820883879325, -8.067490513625934, 5.628680411656582, -6.284747114241579, -5.101860075121821, 7.449425209224288, -6.119345213501266, -1.6365002845802512, 0.5586867925733962, 8.357488695981289, -4.875968725444866, -3.628903517757816], [1.3712469041603852, 2.6062027772748286, -2.7566047874754034, -4.533497033299762, 1.1997816703324011, 4.823278875157763, 1.3525685982338196, 3.171973280690471, -2.1415365880026287, 0.9712896352635099, 2.5350362206487587, 1.4546723780996855, 3.1189746687391326, -3.456270314658049, -0.6797082712637526, -0.1275300538562625, -4.382339260769731, 5.56045839974633]], "bias": [[-1.6451589237299273], [-2.646372154427207], [-3.3014203960326225], [-4.970127282132181]]}, {"layer": "activation", "activation": "sigmoid", "activation_prime": "sigmoid_prime"}]}