{"generation": 625, "board_size": 10, "snake_size": 3, "input_direction_count": 4, "apple_return_type": "boolean", "segment_return_type": "distance", "network": [{"layer": "dense", "input_size": 14, "output_size": 18, "weights": [[9.851707340099745, 2.5817097022002993, 0.34169747855581445, -1.1097132380888337, -1.0442145484805547, -4.616103351339369, 1.5832671208286944, 3.2727846298048813, -0.7813243564309279, -2.9017419644492723, 1.777823876925103, -2.845367884396536, -4.541593210538675, 4.377583427829404], [2.343596533017641, 2.313938777447544, 0.12234452889556202, -5.837740487920657, 0.34188811487190174, 5.835092063229464, 3.393880527117162, 3.1870084615440852, 2.6253201733194986, 2.3685105048395223, -10.884212295988641, 2.436729731420598, 2.3678901784192874, 0.905838868780412], [-0.6307454290796276, -4.393848663793875, -0.6743251072646101, -2.3981970254697242, -2.2596612732370955, -4.860493991422667, 2.7148207266755358, 4.013900575751582, -0.7074457091429034, 5.3203736840316775, -2.2790979875354784, -1.762279176639602, -4.458188711912263, 1.863293286599943], [0.20610513936498842, -4.590437772030717, 3.948174145803524, -7.62765330475423, 0.36832193222807064, 0.6684852264662636, -2.599332234686586, 0.356746677532799, 1.1166067132026922, -0.15049456123377963, 1.3982744518310297, 2.8161767388889336, 3.8841783944755703, -1.7528650308689038], [-4.281696615740979, 5.98830426654175, -0.13581476862733594, 2.0980106273506287, -0.6890244146990722, 4.843802492764478, 2.4382788109236295, -5.888454764133741, 0.2944417896709013, -6.549121879408596, 5.915798698196551, 2.1613019910292044, -2.757541650026791, -1.4524173124386697], [2.456326230735689, -0.522089920802633, -0.010780060695437577, -5.153582815009003, 0.9415241281082183, 2.2778329215759565, 1.0876736594859011, 2.28823221168755, -0.7866257564039962, -5.010430923672229, 1.1337048469720714, -4.378214810512497, 0.37101161061659405, 6.282671075124098], [-0.7979916382246686, 9.673508473599549, -1.5355480374841686, 4.400139802296635, -2.364098398361726, -1.1593865724587844, -0.23304734578796105, 0.19119169171533734, 3.3687720180194787, -1.2120754881500106, -3.7837926304663423, -0.8712368920743538, -3.626688991613746, -0.0858369444309679], [-1.0900082217984224, -1.9561846772289326, -2.8981779808261763, -0.12731115311157232, 1.2828757733506626, -1.7899080983497322, 8.73259385561677, -7.815686564886959, 0.7745959509883983, 0.03257504763187047, -1.0922577764308206, 0.4153224856244405, -0.2636909047381699, -2.521076406113534], [-1.8787803935457084, 2.4776384962851887, 7.238830894228203, -4.165623818791478, -1.2902579686728957, 4.6459744360257496, -1.5267410879090106, -1.9764953497269544, -2.575296016602316, 2.846270254346857, -4.050542897350548, -5.684421637127328, -4.524314859564856, -0.05485165865934567], [-1.821816332001246, 5.1860384768832315, 1.3664661013385038, -3.206682968206129, 0.15557671490908048, -5.533134476839865, -1.927531651074723, -2.353442682268369, 3.326451893254232, -2.0332823510735873, -3.7364018652786197, 1.072598623910535, -0.48739089559400417, -2.9238636955454718], [-2.9552517692473312, 0.9492032080178672, -1.4652554995477625, -5.7765703188909185, 0.5906543384836367, 6.268642330137616, -1.602720420493764, 4.501741716885285, -0.9176763592376911, -7.227326477804628, -2.508157175763769, 2.696750655013605, 8.702198903023694, -4.427402326274251], [-2.3028206934701982, -4.673984954608467, -3.3058052720854687, -2.0931473315186135, -1.013674540049176, -5.2937351943825215, -2.273493142615259, -0.8253730720891649, 8.689919664479898, 3.558625922876912, 0.41154216753610995, 3.227343672156103, -4.364269952379639, 2.3600078091454275], [-6.042053807322396, -3.212894831341476, -3.350638822671138, -2.353842821134642, 0.7891025768605628, -2.8433764485652406, -1.0938076800031313, -7.2376047769245, 4.832209311122217, -3.730329239281405, 1.1822260992174733, -4.109506392839688, 2.1664555739039137, -3.3682284390233814], [-7.89386227646088, -3.1698264412126047, 4.9426604847528415, -2.4478884193259245, -3.2543153383440093, 4.696838544278534, -2.232097290067294, -0.9662361914863727, 3.4211012352926833, 4.1762554347627585, 0.9794649791038516, 0.9642723101485374, -3.504913037553834, -8.06581224958102], [-0.3142714052559352, -4.060787668382687, -4.393895091277032, -4.02318755165267, 1.2787514224171441, 4.773967633426233, 5.68785142062421, 6.96197694818224, 1.6864533470687577, -2.009618443044217, 2.699777211582163, 2.984380437055982, -2.5028099840114875, 1.454226238157075], [-2.4494517181978313, -3.066143362232856, 0.1054663942786423, 8.746574998625327, -2.488000483837734, 7.749112160611507, 1.1866185343167643, 9.827600566737617, -4.643662701395333, 1.0369283964414127, 4.8725037970182905, 3.42974017730453, 0.7888308558200484, 5.785058610507027], [2.124834577811974, 1.1867652275515064, 5.342190071655823, 2.6978851468805285, -7.337219146986657, 3.8681784297941304, 2.6208675862630817, 0.2815136301094685, -2.5065895730654693, -5.039445704670816, -0.16388680858249027, 2.9340751031725656, 1.831128048739792, 3.908816981717071], [6.910682059783022, -5.22765695040626, -4.26229168312791, 3.0227078065473325, 0.6454401378492487, 0.8382976755740565, -1.6202865364942836, -2.8562730181695297, -2.0080557141236257, 1.0897631518924682, -3.9501796008078376, -1.9723761334122372, -2.1204765119950686, 2.8182446101330685]], "bias": [[-5.348567294106527], [-2.534320537824851], [1.0850492690581999], [0.6276161979852557], [-0.48498582414688973], [1.1019928903114076], [-0.33271133810223485], [-2.680121320505367], [-1.532776192259453], [3.0724594724932626], [1.0207864647332092], [1.855333787234976], [1.9032418962371935], [-5.779113781463455], [-2.3605619499991635], [-0.4891338730925072], [2.546579746128699], [-1.2516672995455496]]}, {"layer": "activation", "activation": "relu", "activation_prime": "relu"}, {"layer": "dense", "input_size": 18, "output_size": 4, "weights": [[-0.07489694550343112, -0.7980273669501401, 0.7137579983022473, -5.998770305515155, -0.008819524797243183, 1.543622010054483, 6.117768329428853, 5.764819973151638, -2.661237749242446, 0.14386303228271557, -0.20623998147543626, -0.37485787677958143, 6.3808538714798235, 3.9284172221173073, 2.160221670043963, -2.0122714376637916, -1.0251752657450621, -3.8552219596505464], [1.3458905812712267, 1.563078569313607, 3.5773494419950866, 2.303757019824761, -0.49129688786426695, 0.5929741534996233, -6.972815668307756, -0.13297388399873156, -1.9750648171150655, 2.497456412235678, 5.281690201199505, -0.516500069825468, 3.327633393816164, 0.5041230345820784, -1.0678342370282843, -3.128840694624699, 0.17446398134778895, 0.17187538150446235], [0.6131822259983803, -0.38317511014276995, 1.1395344053475143, -3.6446021267536333, -2.235365667884599, -0.9425792208870909, -0.13608683949932, -7.5591206715319466, 0.3784126389993615, 0.48077162055170697, 1.9397599361130482, -4.049391150138925, -2.101478785277673, 1.0589137564912396, 0.2817480080471345, -0.4055426017812659, 2.14320487576414, 1.374088244424469], [5.377519472712221, -1.8933108983445373, -5.879879088203111, -5.265576913609749, -4.3496334856869545, 4.597455128249342, 4.274713140191228, -0.42888993017175847, -2.235006094048521, 0.9807727658304987, 0.6895760617503762, -2.5476640193163216, -0.7163256715541202, -3.191614073025238, 2.7559735996160817, -3.0730947613872996, 1.0676128785565093, 3.5895871603099225]], "bias": [[5.005282772887403], [-0.4091786623546634], [-2.087909482408861], [1.6462514880821593]]}, {"layer": "activation", "activation": "sigmoid", "activation_prime": "sigmoid"}]}