{"generation": 627, "board_size": 10, "snake_size": 3, "input_direction_count": 4, "apple_return_type": "boolean", "segment_return_type": "distance", "network": [{"layer": "dense", "input_size": 14, "output_size": 18, "weights": [[10.334602095958944, -1.1709087969255383, 0.6338405581742259, 2.989100548919663, -1.045121293347106, -1.6396973806515163, 1.8697303728345804, 1.8500853243250057, 0.02967727494142347, -3.3106659571244776, 3.8571397011873456, -0.8959899657026804, -2.7521890658636226, 4.840216484146773], [6.494039314896542, 1.1420042921154314, -3.3402170955459285, -7.031664959870722, 3.506920780353751, 4.7613638353813155, -1.5738551054134269, 3.1870084615440852, 0.6119264711644066, 2.932604137951094, -10.717340373957619, 4.184890534447538, 2.4948177990521367, 1.0610831985366778], [-0.5342102768368144, -2.934788081787251, 0.44944316578162224, -2.125396796787779, -3.2396448647725866, -4.952912786581449, 3.086176758986865, 5.934840814728707, 1.60670505554232, 9.42795523898364, -0.9301564981382335, -1.4935526621444062, -4.269082758207082, -0.3977435702244127], [-1.159677601064652, -4.339659376241819, 4.590776921717912, -7.584851161675855, 0.3059738703862781, -1.6982444046307061, -2.6033154191224774, -0.08747340432967521, 0.8539055141865777, -0.05296324306516831, -0.07657124684225791, 2.352477315557004, 3.704153399944232, -1.7995030859754817], [-4.9245954968957815, 4.530437727642409, -0.13581476862733594, -1.614772168580302, -1.0050000008494069, 2.2125397210262876, 3.2947935879072974, -6.0005680289780345, 1.6288080579459403, -7.347739815461744, 5.520559995152594, 2.5782480759343533, -2.785321732335508, -0.6308990879998408], [6.102941526014842, -1.8098546760935235, -0.3990414639805559, -3.5362711806909, 2.0711516505802874, 0.7928513901160219, 1.0907503588992693, 1.3380267793785605, -1.6293524078007806, -4.682251908173534, 0.7195845260246363, -4.2628780195829865, 0.9336394603042313, 6.312496085198481], [-1.5447297731854261, 9.195558137163104, -0.9503981676654072, 5.595622919091465, -2.7080400804876854, -1.8100672810720737, -0.7867133078539436, 0.19119169171533734, 3.3687720180194787, -1.4592715400719043, -5.285037452148314, -1.0726883098786613, -4.704312261236961, -1.1844045404408783], [-3.0448621155865565, -1.9868442900651437, -2.8017737985102418, -0.12731115311157232, 0.5131126383805222, -1.9770453426392816, 9.721658731005245, -6.665114363700321, 2.1978050968140774, -0.02576638941060693, -1.2627173422664262, 0.770488229898613, -0.7497880043397948, -1.9955524036297092], [-1.566803305357242, 2.4776384962851887, 4.940189475234305, -4.159520473129153, -0.9070576480990831, 5.363712338046639, -2.1506472430579464, -1.9764953497269544, -2.9024612264622207, 4.461696731973288, -2.6379880035860492, -4.536179820631588, -4.524314859564856, 0.10694950901614311], [-1.8245940128403528, 3.167219947808274, -0.8635721380968773, -4.280840138994099, -0.00022306089103154778, -7.950770338061224, -1.5550944360899361, -2.353442682268369, 2.72615022799738, -2.0332823510735873, -1.264501580145036, 1.072598623910535, -2.42769639029544, -2.378797780572728], [-4.1326042448069895, 0.9492032080178672, -1.7495064409928793, -5.7765703188909185, 0.5906543384836367, 6.414940660805678, -1.1941579590847788, 4.38603723787004, -2.4434202084895924, -7.066621082686753, -2.508157175763769, 2.3161575995932404, 8.981608902030144, -3.950232627885497], [-1.1915836559989061, -4.06883722883239, -4.404658355742761, -2.973193919946273, 0.4492880740782069, -4.718453823294517, -2.7550026313673404, -2.0666365531196744, 8.689919664479898, 3.693969515869863, 0.41154216753610995, 3.087187150786646, -5.098095334397678, 3.0331094040250655], [-6.577250249336096, -3.13541700733417, -3.350638822671138, -2.7215589167913414, 0.3522086708506107, -2.822453403522093, 0.06229342970771179, -4.684609732035823, 4.4115649860653745, -2.9053865985710345, 1.8299734991190046, -3.792010520132032, 2.1664555739039137, -2.9957154905115906], [-7.770278680457181, -3.1777143467872557, 5.980977405196213, 1.2041011585592751, -4.240378708541867, 4.696838544278534, -2.828653088857008, -0.8416045926466575, 2.7548395435688864, 4.1762554347627585, 1.1491406843526846, 0.9932764624824084, -5.242709914392813, -4.63917203829341], [3.189339173278092, -4.54797679046564, -4.054351512186088, -3.3151955811879326, -2.1396841922804324, 2.8624466901989227, 4.252409093544346, 6.451868332490949, 1.4332652623281623, -6.297906309736341, 3.8713909056095637, 3.5717274360232194, -2.749819513979234, 3.0174064929834614], [-2.4494517181978313, -1.1883159878679126, 0.1054663942786423, 8.746574998625327, -0.8450958895599094, 7.749112160611507, 1.1866185343167643, 11.141996418854138, -4.5521570188530065, 1.6063201039638488, 5.87579528338472, 3.3962689519722096, 0.7686837323487264, 5.785058610507027], [2.124834577811974, 0.4148631022005642, 5.342190071655823, 2.6978851468805285, -7.337219146986657, 3.8681784297941304, 4.5491970736610625, 0.2815136301094685, -2.5065895730654693, -5.039445704670816, -0.16388680858249027, 2.9340751031725656, 1.831128048739792, 3.3192342215609143], [10.030557724562996, -6.004501380132901, -5.0001669867134435, 1.3581465888326893, 0.2601171255263642, -0.2959306274265434, -0.367020430640707, -1.170747809481514, -1.666360215328552, 1.0897631518924682, -3.787127583131966, -0.90213148762291, -1.0411391403482355, 2.5604009232858265]], "bias": [[-5.348567294106527], [-4.0521111403221655], [1.3205575948602573], [2.098162250196014], [0.09637734985214946], [0.4622023730158398], [-1.1643973357260564], [-0.5707624582596189], [-0.7914874939187175], [3.764413804623958], [1.0207864647332092], [1.855333787234976], [1.9032418962371935], [-7.410907371622213], [-1.9460415469212653], [-0.6585449875092622], [3.7087024311519072], [-1.2516672995455496]]}, {"layer": "activation", "activation": "relu", "activation_prime": "relu"}, {"layer": "dense", "input_size": 18, "output_size": 4, "weights": [[0.29351213566745427, 0.9458912769998504, 2.4712796991738872, -5.886972898809411, 0.48701144675823493, -0.19520699788058116, 6.117768329428853, 6.895048733692638, -2.661237749242446, 0.14386303228271557, 1.0786808644642985, -0.691636014890676, 7.57602847496974, 3.7477052951298546, 2.193378025276959, -2.0122714376637916, -1.7990401074086455, -2.541303784146781], [0.47059162935058474, 1.563078569313607, 2.623059073462929, 3.3973065245858742, -0.49129688786426695, 0.5929741534996233, -6.164232282090447, 0.0016937523318363845, -2.179802961041852, -0.4507351270277973, 6.560192579020644, -0.08894418798906262, 3.327633393816164, 0.5041230345820784, -1.031767161313263, -3.490993616301497, 0.17446398134778895, 0.17187538150446235], [1.3317196710655268, -0.4761092884594764, 1.1395344053475143, -3.6446021267536333, -2.235365667884599, -0.9425792208870909, -2.0957493211111875, -6.220935667142808, 0.8454997959438736, 0.48077162055170697, 0.8839781131010838, -4.217087318235817, -2.833417291433552, 0.8033369390629452, -0.646285219292055, -0.07882762966333934, 2.479628108669489, 1.0407907478397576], [5.841108823301658, -1.5077783947441685, -6.58800834524476, -4.829718129365782, -3.096382443743828, 4.597455128249342, 4.274713140191228, -0.6282990400170245, -3.0394494675301313, 0.3102366118524481, 2.1113137787093814, -2.4116313937069176, -2.2640827208314565, -4.167357429649635, 2.8531499478111213, -3.0730947613872996, 1.0676128785565093, 3.5895871603099225]], "bias": [[3.2465726109780535], [-0.8308789715202676], [-2.087909482408861], [1.1473998238878769]]}, {"layer": "activation", "activation": "sigmoid", "activation_prime": "sigmoid"}]}