{"generation": 634, "board_size": 10, "snake_size": 3, "input_direction_count": 4, "apple_return_type": "boolean", "segment_return_type": "distance", "network": [{"layer": "dense", "input_size": 14, "output_size": 18, "weights": [[10.715751832688637, 2.648322711585156, 0.4835543470724474, 4.749178033910222, -0.9198968503375458, -1.6714954975134126, 2.298614877237205, 3.6378874302391226, -0.16016144955527922, -5.241580936657914, 2.3554586284210517, -3.7592426361151823, -3.288693381282283, 5.1576395999575615], [2.2707726639211083, 1.6905297631143164, -3.686590482183474, -6.593208822254014, 5.846841463440377, 3.6703248257201526, -2.057286733826394, 1.7466950140662607, -1.388321418403358, 3.3593228560795017, -9.21574853911253, 2.436729731420598, 1.4893162712606043, 1.1708730315491394], [-3.1082715852026146, -4.393848663793875, 2.548309490595588, -2.6755442007714154, -1.1201474636360942, -4.921009912182072, 2.2599524610817676, 4.636530503675935, 3.229593302564987, 7.230424713554639, -2.0255899733422296, -1.4464147737296906, -4.501093690016681, -0.49618229324568003], [-0.4703623683009941, -5.413722235139538, 5.1061427024613035, -7.584851161675855, 0.7520593033430244, -0.7583875988273477, -2.108579730780159, 0.650465218212528, 1.205389600824069, -0.6773007081917561, 1.519107961949477, 2.8161767388889336, 3.8841783944755703, -2.729667587256936], [-3.095366078050469, 7.677150418546669, -0.6357812590872303, 0.8251217594173337, -1.3317027194641096, 5.106759402049168, 3.40439880805538, -5.046717098459905, 1.2584076681551597, -6.549121879408596, 4.380359102089975, 3.5977818877376517, -3.253423653137703, -1.4524173124386697], [6.166723281973603, 0.36884410139853896, -0.010780060695437577, -4.218740854570407, 0.9415241281082183, 1.2312307556530975, 1.0876736594859011, 3.3385270252219916, -2.0703448032179548, -6.813847643851071, 2.4636688440949572, -1.3298614186888538, 0.9336394603042313, 7.573973320322942], [-0.23238091286358975, 9.249441533904646, -1.5355480374841686, 4.472546585175508, -4.015435747489309, -1.198369090857062, -1.0406496092056023, -0.9383540389713254, 5.157377656891484, -0.5880316195120698, -3.0051099011766813, -0.9706099971525142, -3.600267822936867, -2.301073175117412], [-1.7340409290460448, -3.391770086525711, -1.4163106226870688, -0.12731115311157232, -0.024284948344891255, -2.6683849129339006, 9.838971819045303, -5.3252114437675555, -1.166082799679759, 0.03257504763187047, -0.9459214949264779, -0.2536237355901645, -0.14482411839581197, -2.9451149985320706], [-2.459973802358004, 1.3954614976587802, 5.181929664250922, -3.2005422503737164, 3.7408928519865934, 4.401037505677213, -2.470020700391677, -1.6663263282291938, -1.6078927949280724, 4.585574244845277, -1.5331486490522408, -4.536179820631588, -4.524314859564856, -0.05611534257713058], [0.7709474673772486, 2.5134488637821963, 0.7161923982618161, -3.5581036169974265, -1.3945204191447298, -7.950770338061224, -1.5550944360899361, -2.353442682268369, 2.798233566241064, -2.0332823510735873, -0.4763194105109462, 1.072598623910535, -2.42769639029544, -2.378797780572728], [-5.001353669213176, 0.9492032080178672, -1.7495064409928793, -4.42554116332178, -0.47509943305714053, 6.414940660805678, -1.2936239970615693, 4.38603723787004, -2.4434202084895924, -7.066621082686753, -2.508157175763769, 2.3161575995932404, 8.8233532462208, -2.8059824412333887], [-1.1915836559989061, -4.06883722883239, -4.404658355742761, -2.973193919946273, 0.6419177660226114, -5.298746242870206, -4.01728364542021, -2.0666365531196744, 8.689919664479898, 3.693969515869863, 0.8981113130092966, 3.087187150786646, -5.098095334397678, 3.0389123766248227], [-6.577250249336096, -3.13541700733417, -2.5129777292381714, -2.7215589167913414, 0.3522086708506107, -2.822453403522093, 0.06229342970771179, -4.684609732035823, 4.4115649860653745, -2.9053865985710345, 1.8299734991190046, -3.792010520132032, 2.074133059359156, -2.599553660945274], [-5.639159724758156, -1.2622247677671796, 3.0949146086701758, 0.028108543715859247, -1.4945525886057645, 5.655812207533477, -3.6176664099613998, -0.8996966737394442, 4.526777346855332, 4.1762554347627585, 0.7764145771288704, 0.9642723101485374, -2.6553805178521848, -5.530547497461109], [1.0405940971634642, -4.3052574141120195, -1.5933372208942895, -4.702009885690769, 0.3562372937677517, 4.11894955655463, 5.68785142062421, 6.866068919477753, 1.6684852904587646, -3.49961826571116, 2.699777211582163, 2.3369526494825976, -1.5720965566567862, 3.0624317217386032], [-2.4494517181978313, -4.269026127998734, -1.5605857787952955, 9.241232946244605, -0.23681583080917346, 7.3563278089186275, 1.1234776852142732, 11.965964933841256, -4.159396030166106, 1.5038389047514178, 5.87579528338472, 4.4362971532053805, 0.9991021144137997, 6.599773678061036], [4.203840698684351, 0.6738167404150207, 4.802698857736988, 2.8198354516232276, -7.337219146986657, 3.8681784297941304, 4.171187349619361, 0.2815136301094685, -1.913405518275089, -3.3376478345515683, 0.35536332751470745, 1.2694621754039912, 0.44959463164097996, 3.3192342215609143], [7.157256434141308, -5.7300793387798015, -2.7403891536220972, 2.1404108443565844, 0.7641130866889513, 0.8382976755740565, -1.6202865364942836, 0.23807366662037072, -1.278898859136568, 1.0897631518924682, -4.79013775703181, -1.9402523423356994, -1.4665185260638771, 1.7456975546852205]], "bias": [[-6.294774224047468], [-2.534320537824851], [1.1092506047815878], [0.6276161979852557], [0.378900065977654], [-1.8994337084354136], [-1.1978851363845193], [-2.680121320505367], [-1.532776192259453], [3.0724594724932626], [2.6796355628086], [2.332679973148661], [2.6012790973625237], [-5.098402526097053], [-1.525526429283694], [-0.14107389873664217], [3.8167718537463307], [-1.5601421436087615]]}, {"layer": "activation", "activation": "relu", "activation_prime": "relu"}, {"layer": "dense", "input_size": 18, "output_size": 4, "weights": [[0.28860545241082747, -0.3496989847804819, 1.7085202494540752, -5.960656771757274, 0.48701144675823493, -2.321999045313472, 6.117768329428853, 8.593155390699577, -2.661237749242446, 1.4355682621129056, 1.0786808644642985, -0.37485787677958143, 7.993424936940974, 3.84515346600626, 2.193378025276959, -2.0122714376637916, -1.2509383865389148, -2.41429955858049], [0.5524014247915775, 1.563078569313607, 3.297029135449619, 2.596873539157428, -0.9668606740067067, 0.5929741534996233, -6.164232282090447, 0.4812704464526116, -2.179802961041852, 1.552970264787343, 6.560192579020644, 0.4519575745957473, 3.9327137370664835, 0.5041230345820784, -1.0678342370282843, -3.128840694624699, 0.17446398134778895, 0.17187538150446235], [0.7023099451405297, -0.38317511014276995, 1.1395344053475143, -3.3488404409535453, -2.235365667884599, -0.9425792208870909, -2.2749899696482383, -7.5591206715319466, 0.3784126389993615, 0.48077162055170697, 1.9397599361130482, -4.580912948106717, -2.678366791486868, 2.357347811131177, -0.051457047552560475, -0.4055426017812659, 2.14320487576414, 1.374088244424469], [5.377519472712221, -0.9139202715804724, -5.879879088203111, -4.669417547220318, -6.412228676069175, 3.391398813488917, 4.274713140191228, -0.6445131775984433, -2.235006094048521, -0.3657839067377072, 0.6895760617503762, -2.5476640193163216, -1.1331367721384988, -3.191614073025238, 2.7559735996160817, -1.8369257686624119, 1.0676128785565093, 2.862625853293909]], "bias": [[1.7186039432363744], [-0.8308789715202676], [-0.26902154250325244], [1.6462514880821593]]}, {"layer": "activation", "activation": "sigmoid", "activation_prime": "sigmoid"}]}