{"generation": 86, "fitness": 31875.42999418287, "board_size": 10, "snake_size": 3, "input_direction_count": 4, "vision_return_type": "boolean", "network": [{"layer": "dense", "input_size": 16, "output_size": 24, "weights": [[-0.14483211786207423, 1.7517350791522757, -1.111244248108327, -1.283488575646617, 2.388776470325981, 0.1084826367952979, 0.027857194847418082, -1.714995812051888, 0.5588929995968548, 0.30957685598405416, -0.7644759916169432, -1.1964525654170899, 0.13026154867702744, -0.598660905267007, 1.7074867179480677, 0.05938981801976967], [1.35774600644825, 0.6078373566827722, -0.9133612238310134, 1.904069402165027, 2.0249577409511654, 0.3098435337554546, 2.6450382798379013, -3.0657826665515215, -1.427439282295305, 2.084861742965135, -0.24849072730527366, 0.19832557399242248, -3.2098209058852207, -1.7451669892408859, -1.6139049861426122, 2.469748387978058], [-3.112020657602169, 2.3114778132266585, -3.9520404941495997, -0.3099629256587879, -0.40565578860885676, -0.07243242740253031, -0.4175133577640382, -1.364563325445958, 1.5537350099748486, 0.24660058975097976, -1.5570332596122938, -2.668941878734004, 0.5569625666147154, -0.9611304484931131, 0.07622525771561264, -2.6682203905469026], [1.2011973989502605, -1.19626247311927, -1.6115267522491172, 2.24346904031682, -1.4054629859858354, -1.3742208158690707, 1.688141898539171, -1.5568912132060695, -0.44767964263136284, 1.1978329164458428, 0.414524428034612, 0.3718696973629365, -2.4563547486482755, 2.8957193079141628, 1.0210289292605816, -0.04509736563258021], [-4.6063869448246715, -1.240426692140839, -0.3362658313618954, -1.8723647074120948, -1.316936589027648, -0.4142083728995719, 0.3047698058842412, 1.9643382731148917, 0.9712085880777996, -0.6271924869040943, -0.9057552162747287, -0.7832921028855588, 1.3583983624256155, -0.49039864336203065, 3.799292300879043, -1.134666091344147], [-0.3040731511168708, -1.0295088479383672, -1.6581913115343139, 0.31390027786553165, 0.2761094166270619, -2.7086164026524195, -0.6241570936295984, -5.968196661514128, -2.7709209175986738, -2.6336194148885266, -0.6972242752637676, -2.0557454088377165, -0.392793706623937, -0.3633352274414985, 1.5740472826466863, 1.9367086848477115], [-1.9394120819217116, -0.2880557064719331, -0.8414618175037221, -0.9647123334823042, -3.7403872161667877, 0.8001568895494781, 0.21917078739422405, 2.946154416396123, -0.42887057497452874, -0.0307565519134334, -3.223442133797808, -3.190880492967175, -2.419429712378768, 3.4644376844986797, 0.7442077691131426, 1.3374870452267489], [0.3245890380524008, -0.7694427617525426, 3.3687840417032904, -1.4317272525661648, -2.9641675312819076, 1.5083885987945895, -0.8984264887056072, -2.278532808174577, -0.9804259914296114, -1.1293065191987497, 0.31802051468482095, 0.9479510353580018, -0.33715569509816157, -2.1670057525612596, -1.1834598889147014, 0.06987062298795066], [-0.22284204250480133, 2.3083628797041524, -1.3097220112796484, 1.9241908661896405, -2.6606233871035303, 0.2168504578411079, -1.3924994917374542, 0.23671666929050694, -3.9397056851081746, 3.102309356775732, 0.19667818212300014, 0.2753139110071915, 1.2286023479438006, 0.5508423668721705, 0.11888472000415312, -0.05206170173312619], [-1.504528866370855, -1.625572969008016, -2.4986869684222857, -0.972329419599385, -0.9336017677992434, -0.33876902295323363, -3.7029798728140713, -1.1373766715000075, -2.0830075214845962, 1.357246928358043, 0.1472095304080333, 3.0397208094655026, -2.3219869197917817, 4.260560533538625, 3.1590500635988303, 0.4027168590038291], [-5.377485815264136, 1.2167267922604634, 0.9222284431986936, 2.589749948982748, 0.3772345680789393, -0.9219240541153653, 1.2367363708048233, -0.5015958001886136, -0.05515527266673659, 1.9322501973438941, -1.0388683932503349, -0.098645475442944, -0.9179310347334011, -2.873224197420404, -0.2943930789025393, -0.4945758401458785], [1.3504194196529518, -0.9648607957977382, -0.23330490489562494, 1.4457915048989203, 0.38871654131892497, 0.8255475913806469, 1.8732487529496615, -2.625226142272852, 2.8487666288240585, -1.194070729300511, 4.115523133820336, -1.0972063896035618, 0.8739891857019968, -1.0265680769970773, -0.7632115732222245, -1.8691962252834133], [0.2467167461638754, 1.093655704658929, -0.7774627536744576, 2.269158017431966, 1.8904837515182638, 0.3482178159385132, 1.0045271761023895, 2.562237097460915, 3.7491097629273957, 0.10793397782586434, -0.7596690038294773, -1.1934410639056432, -0.07569035490157228, -2.664303535013675, -2.279990150512433, -0.1317179376805887], [-0.012374607419928796, 3.7554499273409174, 1.470708883373868, -0.9838022746424201, -0.43477929655152436, 0.7184590609337044, 2.4646094340455935, -1.3442298303051146, -1.5768972377919963, -0.2388855657222516, -0.5251503262841997, 0.5778271378300314, 1.659403623069701, -2.3163506032511276, -1.6152778812368596, -2.360637241482388], [2.3879838471288215, 0.6699424245413983, 1.4314200416374991, 2.304508847020034, -1.3305672481021702, 1.3140204252305039, 0.5159024721603529, -4.732639658249402, -1.8305551405728049, 0.03154377442235812, 1.3099450602512341, -1.5617774616829305, 1.6617977611587398, -1.221418063616634, 2.932416119646626, -0.4794521478240696], [-1.507729240703242, 3.5869112573655824, 2.2378329296047332, 0.2952662661441939, 0.7417229311519584, 1.6278949120855772, 0.14138459186158095, -0.7706153603080351, 0.31986936203698785, 3.592547614938078, -0.18549857680947057, 1.085038121911284, -0.024781459708692166, -0.14055869901158047, 2.2822523161219217, -0.9764762644643974], [0.5034245730978752, -2.499778820919718, -2.271691927657339, -1.090715756154704, 0.3522791421095708, -2.3978797826606115, -1.0153360062360743, -0.19269429349832565, -1.5113346602457525, -2.06798282457496, 1.2912630126705866, -2.266914092367709, -1.798119525112255, 2.2086176048546826, -2.1147152935036164, -3.4175383022209864], [-3.1045439612711494, 3.1701321206939106, 1.3360776977682958, 1.6431170607163759, -1.8426657755590168, -0.13046114146795013, 3.650478872047034, 0.5426880855529692, -0.7216506852783442, -1.0428726073004233, -1.7670816651543708, -0.26464419353353774, 1.9484131066642623, 0.27779735203344524, 2.166549835581257, 0.41529623581532027], [0.32383002784820736, 0.02574963152333004, 0.7404003060623228, 1.452186659190124, -1.0534088618102795, 0.09030729326519937, -0.3808701217704741, 1.7064213234393286, -0.8837468436614482, -0.4745315206822997, 1.5897998294220343, 0.4253753420235511, -2.140261493604007, -0.7668769279178834, 0.5973357520706274, 0.022015838952558653], [1.4369595423081845, 3.6880622243236356, 1.7533977904701756, 1.5090529746474266, -0.7606649924849845, 1.339812938274456, 0.8279496277915619, -0.31923426305871105, 5.566268255819436, 1.0884512412302298, 1.586503642401953, 0.7890754849711531, 0.9482151211880927, -2.153438940610418, 0.882519895113569, -0.14942919416544376], [-3.2461368578289487, 0.7634958835959454, 1.9777915932426362, -0.9320776126757182, -2.7218504066896925, -2.559732629012676, -3.4869431192158205, 2.251909225511186, -1.7305485380006929, 0.6300668900203772, 0.5532467370457614, 2.632131547112351, -2.0879532735286257, -1.3002615673094406, 2.939526159079139, 0.826102687038692], [-1.4340599655180615, 1.367363543969253, -1.5579388754232335, -2.1085059762855316, 1.6200513159788439, -1.1095005945545142, 2.000483916064457, -3.5730885792832545, 0.9670766536691864, -1.3023705738823266, 1.0646750911643248, -2.493653588583485, -2.042237521958004, -0.12484759426103365, 1.327168616909815, -1.2102420123825315], [0.6044484812767096, 1.3808155146090835, 0.264632447636831, 0.652513705242581, 1.0900527752986429, 0.8377178209951294, 0.6730762160768908, -1.1394762367836928, -0.09376992885560126, 2.821388349021512, -1.4833468849020115, 1.9127976562615456, -1.5455361323340941, -0.7195416782442554, 2.364247409531253, 4.872733779069427], [-2.731032381253579, -0.2456010058119185, -2.605493473774731, -0.3938570314107801, 0.5503299417566887, -1.3521454716245822, 3.11831406760274, -2.5056661947209675, -0.220604033805338, 1.0918477287668766, 