{"generation": 216, "fitness": 13378.699080648055, "board_size": 10, "snake_size": 3, "input_direction_count": 4, "vision_return_type": "boolean", "network": [{"layer": "dense", "input_size": 16, "output_size": 24, "weights": [[-2.1860325134759577, 2.49538105241349, 0.38210826167787526, 3.1533150739355085, 1.6525291511887235, 0.34649445418958535, -0.9655877416844141, 1.2073058215519796, 0.560906721848786, 0.565662721221772, -5.690808875280303, -2.0143357484507733, 8.600325017502481, 1.548832415193591, 0.4731869374046682, -0.03099904541775156], [-4.887811322344032, -2.7570693254612215, 2.475794425271124, 2.012155002020244, 0.9842888763826307, 1.6518378601640529, -5.467739250768121, 1.2703888691477423, 2.5698758381999562, -1.675284896516353, -0.9057025599999835, -4.20281770298978, 1.9313820871229068, 3.4657378382713224, -1.2127097714367654, 4.341958750813554], [-5.649760944287565, -1.4674255147605852, -1.3134811619106475, -3.953891948115319, -0.2928331445676603, -2.994324614856506, -1.6764927572204145, 1.5074948665560983, 1.7112194327456458, -9.908528455665508, 2.6647397136273576, -6.6026779336222985, 3.9048305024136383, 1.8621608322490868, -2.458114556133801, 1.7427037421844958], [-3.233833071563663, 3.1030419609370195, 8.627428955145389, -0.09631887210645523, -1.9033315212814115, 2.8015382027209585, -1.505291363629279, 3.089660065851538, 1.849238056552411, -4.611983838005279, 3.0970533569055467, 3.713073320437607, -3.12396302763913, 1.68947219343131, -0.8083725371797725, -0.7514185889317444], [-2.3431997439124315, -6.297563385917586, -1.0438955353059622, -1.07315857315595, -0.35491717770273723, -0.6314878465336151, 2.423565991351442, 3.84940551985006, -1.6304330393021642, -0.9339204052878042, -0.5961459991691697, 2.9651143976792436, -2.564041389939807, -2.341351838453927, 0.5040152112998999, 2.9290700701806283], [5.523013016039408, 2.289229607334122, -2.791715527684546, -1.1832669282213593, 0.976623652248924, -2.469885875701093, -4.74171624005491, -0.4888843993927394, 1.0761661710772266, -3.010427365946076, 7.9321882650952436, -0.6370001118513211, -1.305648918150691, 4.7416138676684545, -2.4107872634273795, -1.224293364534372], [-0.6462020759631665, 3.5361445997564354, -2.742227830056673, -2.805262837397989, 0.6902661569404662, 1.198313364448687, -1.7827302892285968, -0.9667998148600628, -3.863202142871536, -0.13943048300412497, -4.091851547977017, -0.4022691822820105, 3.8225088499468134, 1.0379371861087756, -0.2592449207296824, -1.6003306025858846], [1.8645511381037234, 0.5981768325976906, -0.9236896996853494, 2.2320454732093435, 1.716178510438934, 2.032161572168085, 6.3665245509580854, 2.109819717929824, -1.0534885286132218, 3.4888928245421447, 0.3116975523974937, -1.150438939907401, -4.172511312383351, -5.942476147599241, 1.3910733019637047, 2.654287448743216], [-0.7824032298533721, 0.500374507211816, 1.7818081501176923, -2.0107997244135527, -5.975800355931298, 0.36308065963842373, -3.8683537596767565, -0.9989971699071594, -3.0546722852599055, -0.5383069194938761, 2.261819207365279, -0.505330923532816, -1.0123865630042002, -0.39286314352936924, -3.197353817500023, 1.4148396096099969], [0.07964478590032398, -3.7010345516727883, -2.643958861562639, 5.140715105887766, 5.197496315466795, -4.277654089070913, -0.05266545078112678, -3.0170049908773313, 1.793934435176982, -2.072227790013504, -3.7626761675646074, -3.9664303501256795, -5.840112226893445, 0.6026167903109227, -2.486162844655597, -4.526206397438608], [1.4625249841090286, -2.9868496042270727, 0.9123309191922657, 2.9910118510552044, 2.7942114052761626, -3.1445329724335442, 3.591278527556649, 3.7108166551440256, -1.885686954849809, 2.0021374120174245, -2.9172903065880647, 7.316874971590307, 3.8529045404951265, -1.8932595187503751, -1.3547015280004242, 3.1302551744107205], [2.2005899448448747, 0.9574482525717325, 1.0336809345904818, 3.0562804033764386, -3.2681513367976853, -0.20343349628264637, -2.3638532332931455, -2.756037551358834, -0.774663100694918, 3.8186700871901476, 1.287236830603863, 0.1615552106315038, 1.6899948725927658, 2.7465827188259464, -2.958958695201122, -0.7641233902559941], [1.992318286767735, -4.500361548907437, 2.5083130763333417, 1.6557385427311788, -2.413661663363563, 10.623490689028433, -0.2318874534069697, -6.7224501091425175, -0.36456177278320645, 5.629039344858341, -0.013232737512138937, 2.40365430724917, 4.41325607807947, 1.428047053247434, 7.257964523286666, -1.092115077477671], [2.2443418693425192, -1.174888704322517, -0.59828130824868, 4.386375348566915, 3.285338171257567, -0.9687880085673658, -0.5194777020546231, 3.4011046129527194, 7.952135100896649, -4.106145973922196, -2.5308361451042796, -0.6361853766576016, -2.555940234702704, -0.6579611221486279, 4.337622195111617, -0.6942053697608435], [1.267093782612164, -4.294197506072899, 0.2498970504747158, -3.640070945343306, 1.1524615010372115, 0.14683166799332265, 0.6506056202324391, 1.5220242184312416, 2.3783898359935085, 2.7322484996363716, 6.738683760183888, -2.6657536734709675, 3.381976590751936, -0.05392262936005184, 1.4387337120105672, 2.2036870662711583], [2.0017437445796786, 3.7996555901904596, 2.2732944044647354, 4.401557085582771, 2.192245322839243, -0.0035924602635060143, -4.230615037507593, -2.007631963366075, -1.8280242936172977, -3.0313958921679625, -2.317670038715176, 3.3100574453396656, -0.25938675395796523, 6.26726905756915, 1.632185796643329, -2.2754426912541437], [-2.264271091218329, -2.612750397869971, -1.3338207402874505, 1.3787839984091046, -1.2563372305313623, 0.27185279707204946, 0.9655180435261708, -4.921268001108429, 0.4654768890365315, -2.0483571254161967, 2.110623262884004, 3.04669902647719, 0.8626983045632035, 1.9100725177681344, -0.7969252547876079, 3.6208036166680775], [4.429278220157151, 3.4214181673951796, 3.6407084824401466, 2.6163780416745173, 2.0183168097855075, 3.47172680819566, 6.024997375371059, -2.4132516179574215, 2.3545610014621934, 2.6515943946425415, -2.1046137660804716, 0.9845976345447999, -0.4258990038763528, -0.6804201938954866, -0.8379492602837364, 0.9988369642397479], [7.8591950517754015, 1.237744304809382, 0.17768498731184235, -1.829986324831145, 3.6474203256633864, -0.280990590711929, 0.16204765879887684, 0.8353141099242292, 1.297360273137857, 1.0943355313660712, -1.7614005896208362, -3.6312167520890095, -5.0181030397394775, -2.7465782843817923, 0.5504061839475447, -6.545778616536554], [5.307177842050695, -0.2761662892109724, -0.13940869110560178, 3.5755862192884997, 3.2816948053937756, -5.142504325452851, 2.3278982128736407, 1.1573933492647908, -1.1078098189031593, -1.814309012592678, 0.695697385183328, 3.907246111451985, -4.328381834537849, 2.6222684866932613, -5.497397251687908, -2.4056818790436054], [0.16576477881016144, 2.863421341010109, -6.401034132412126, 1.7290688503377876, -0.1626374163929778, 1.993344852137457, -4.756438033404493, 0.5368960360844024, 4.595551589052915, 1.964733162169586, -2.8227435470167985, -1.3220891446983103, -3.995531611964999, 0.12550614765299273, 3.5756844373330603, 1.9400102115043616], [-6.545024601637952, -4.231761430532576, -0.992940044612467, -0.26738504890471837, -1.9806083826947374, 2.1459883008582317, -1.1080405097134052, -3.2261726756668305, -2.351002735847347, 5.471308887247432, 0.3745329130538473, 3.077694983035933, 1.1142735113771431, -0.20834220246871243, 0.7122319729148312, 1.0842858970380478], [-0.3886140521586654, -2.0427554130579244, -1.7263955677412879, -0.6185974561741017, -4.862166212021067, -7.784235963500757, 0.73223574295552, -2.9026014467570405, -1.2364021810344157, -2.8058308596386, 3.0637658081168717, 1.773471002873645, -1.6865361528732863, -1.424389376269999, -3.81611910064842, -0.26178486116928434], [0.5909820971584936, -5.153064992120404, -6.217237590762332, -4.194201722172449, -0.643855630671399, -0.23324294337738305, 0.17867163523222063, -0.42607505691179837, 1.697687593592471, -1.4561976811231439, -1.6104690225955767, -3.794115724627245, -2.137128886333327, 1.0134849129576744, -0.5929901896362143, 