{"generation": 306, "fitness": 265192760.64592552, "board_size": 10, "snake_size": 3, "input_direction_count": 4, "vision_return_type": "boolean", "network": [{"layer": "dense", "input_size": 16, "output_size": 24, "weights": [[-2.772542553841654, 1.4483398687543585, -0.16639241675219046, 3.028753453026219, 3.4020570691301653, 2.000903717922162, 3.3650301913487497, -0.2114670399752906, 2.6593043408953885, -5.1336135487838375, 0.03264106221814539, -4.430001588140575, 2.222111248167823, -1.5278073694928207, -6.053489938266855, -0.6476494947705358], [-2.1710139525568, 6.9273504083386275, -5.6936008096806505, 5.133763715258599, -0.05449464562679651, 3.0760043773863304, -2.657630789950737, -5.414172871485499, -7.1891578309240955, -4.5479150501433985, -0.685145250202234, -0.2455203311467089, 3.627045326874465, -8.573344786529217, 0.9283838099867777, -0.28167632442350277], [-3.074988700362833, 5.306425361950821, -1.4905578232957724, 3.6801271641263535, 0.7503169199506476, 1.0682980382470082, 2.7824642116013982, 4.361201807955301, -1.2975724317072839, 4.453905087936014, -0.6073827506001752, 2.0181433025744617, 2.8916011565531194, -3.946543811221617, 1.9325684556179703, 0.6599828982146562], [-3.6343793174693353, 2.9415931700470654, -3.9436724818104647, -0.07072553094935208, -5.464055429496695, -1.2202483215701418, -1.0138267409544484, 1.2251759901576222, 5.411534586016451, -1.3078196111944893, -6.647896614848086, 1.7095167635164141, 0.30582865007733395, -1.4674733999873473, -5.956986858473476, -1.4373397612702306], [-2.3824479793326176, -0.4929273101707757, -1.7860876984011458, 0.9523699824918208, 6.954885677289329, -1.6557717244184245, -4.6667798899316, 1.6889878628840747, 2.2778546542097216, 1.6508494164357854, -1.4013471221406941, 7.2001405021886455, -1.5722552793182243, 0.6687761505873763, 2.865816700986984, -1.0121011532573663], [-3.335761569829193, -4.939636686807328, 3.2699005794260043, -4.38383493973596, -5.758895932205875, -1.8966788688800005, 2.6636249348316703, 0.31743545322949895, -5.130490136490922, -0.5718578821675975, 2.1296907394734856, 1.1848129131532943, -0.5295242219523668, -6.024285553133312, -0.3839519810082599, -1.147813568912547], [-1.0984993454800507, 4.733495689261458, 0.026229722154265556, -6.083295475649612, -1.1415647272687792, -2.382020046394988, 0.19727951814611222, -0.03571837575208425, 7.9719915195957665, -5.9579805322534405, -2.5422458719186674, -2.010374124077246, 2.687297055221113, 3.4277448875433945, -6.768498262987955, -1.268842784943357], [-3.659412626843638, -3.5690836828400143, 1.0264460624592582, -1.6497363127204066, 3.509076506682404, -1.2472661023982394, 9.103964974733552, -2.780533036568049, 1.7979918387398999, -1.0867769284748037, 3.4494572130656005, -2.0831252095037702, -1.631458382954126, -1.860699377878459, -3.722357075179997, 0.260527519459281], [6.7883548011026615, -10.683675275490321, -3.7765296609764425, 2.0656827940491507, 1.7808620508544344, 3.4734570551292903, -1.4149619548429233, 1.6675630965556207, 1.257063525223728, -2.5819446847901846, 0.10013066524728154, -2.6000499874469916, -3.8222939537572462, -6.660448612176212, 0.43246893625774163, 5.1846977614888985], [-1.4349413679384053, -5.362464516858644, 2.228058890146272, -8.926397529134402, -0.23286064299561682, 0.22437148712478056, 3.705823448752277, -3.754832135739404, -1.5484040279796005, -4.5241674734559885, -1.3564277296232172, -0.5599717109998503, 1.2760635980668156, 6.480294975302975, -5.9801064750444795, -0.7017677207555696], [-0.235771226752316, -1.6454788653327088, -1.6761666123057828, 10.209404899612608, -6.063897690378215, 0.26155931079483996, -1.9225465972538913, 2.0456902980370035, 2.670156477008614, -1.348438004077865, -1.3075241398767645, 0.4342409840138153, 6.587711198814481, 9.293564759280772, -0.24789293192177053, 1.574725074840946], [-2.953375740232396, 1.6230751224541644, 1.0864670435888, 2.009570664702756, 3.1930717010944267, 1.5224264512338135, -1.1385668871934573, 2.3458079447830658, 1.2676369990580403, 1.715320391906533, -4.469467981128177, 0.08874250664895289, 1.8641534717236423, 2.601382078997973, -1.7031582074402931, 1.2135119323491292], [-4.759819234030764, 11.349826030306014, 0.8538160837924986, -2.117703934123884, -0.6068302604150759, 0.28854366440454027, 4.739384428260454, 1.139910320580519, -2.769316248345082, 7.511462445867372, -0.6863472100321418, -2.483633277082843, 3.4541021146096345, -1.484169267947702, -3.0137617901787235, 4.368355385245601], [2.4732906698225645, 0.8110089970182324, -1.82281480511081, 1.119388691573556, -3.476102645454735, -7.171390742551821, 4.468133594174035, 3.342510022282706, -0.17158825107766928, 6.129584398244279, 2.259082251558575, -0.3431299839524923, 0.02888699017228845, 7.181095062182554, -7.535984817464544, 5.866186026554365], [4.151323510967529, -5.363901045187934, -3.5869869262228544, 0.3956341382598092, -5.213741647422068, 6.929691867810001, -5.890481961977313, 3.3451400244255294, 0.7479765675634391, -3.7723383140434237, 3.598044573284824, -4.944622274977797, 1.63629875724241, -2.821766021839159, -0.9772998190185689, -0.7952534512922023], [2.688862366083162, 4.032812301889, -2.3029762190075806, -5.554773858095552, 6.59963765094269, -0.674895945394895, 1.9143540158887629, 3.658311828771001, -0.1601184350298766, 2.5099025594509605, -3.4499281721637236, 0.6604677466107827, -0.6351431175409926, -1.3846952362929215, 8.115493900141667, -1.379749391931492], [-0.18350292755723352, 1.2856305452339511, 5.112873906081107, -6.730093897767751, 1.855721659592025, -1.656883880546952, -1.3558046675838753, -1.203105257945516, -3.8718588655659896, 0.11808364468493071, 2.583349290601713, 1.4971221688631673, -7.556063928354813, 0.0331842210267802, 1.4352438441104676, 0.030247148595055062], [1.583577130489973, -2.3784684293794136, 3.8123832898399868, 2.822632768841263, -6.358126013371639, 4.602378510698499, 3.865329958925624, -6.85723496365331, 0.7000947088288475, -4.846719417534925, -0.0853686806292327, 2.438574305795417, 3.787755218679541, 2.7159935782410756, -1.811502336160554, 4.6922788678525045], [0.12313793003963715, -3.773069335983495, 8.521370256079882, 1.2607084577354715, -3.6874389214191163, -0.8184770486396417, -3.2302523339422016, -2.4653176692459264, 4.096539028514859, -3.2111442225326625, 2.7827460224967187, 1.646202997045632, -2.8527377510803804, 5.2937317837310776, -10.100868721749912, 0.2184607496918789], [-2.250410800923637, 3.1935274780385865, 0.6891451632310095, 1.248807414687152, 3.8754534031098027, -1.5961697668336985, 3.101358477142233, -2.5386622313672222, 3.966427688664055, 2.582277975468477, -3.33192047648715, -3.8781562330488404, -1.7703351400235494, 1.730448905085844, -2.151760960408506, 6.291913373740763], [2.313822064588581, 2.410808630145311, -0.7356342421188935, 0.06434650117659668, -1.529388012784327, 0.3567444328767929, 3.487650238831908, -3.629003610455256, 4.846848710971628, -7.422123700115316, -3.273828095674263, -0.21156114843577278, -6.021401567122003, 0.3021972631043853, 4.843938772360075, -2.3261111246603705], [1.531096152221671, 2.2876722918209658, 1.9048480104754681, -3.0511997676205844, 1.4079852613202573, -2.2062178768286844, 2.9889526434067406, 5.281812176085003, 5.218924121649002, -8.548568499824503, -0.27771447551889095, -3.5297728069000485, -7.643131524461273, 5.335450031075659, 2.065588503577648, 6.673969651917329], [4.1233971525919655, 3.3699441329412467, -2.570758587230542, -1.584082335534555, -3.142819829979821, -3.0198312003403367, -6.875731567688476, 1.0636015664479521, -2.129468570530226, 9.203559596482936, -5.751622298352186, 3.3178372255887436, 1.6033536444199248, -4.972720270917758, 3.405510892427194, -3.2744132589438855], [-1.1646051623950069, -3.543718315014482, 9.781222039525797, -0.16567208389040017, 1.67194873057174, 3.595812389621332, 3.297358302318292, -0.09807335690578124, 2.618170847650831, -2.0001839164225905, -6.833629074898575, 4.5579876317229076, 6.037587367074098, -0.869898413530137, -2.005134032267761, 4.0496221623158]],