{"generation": 407, "fitness": 1.5845632502852868e+29, "board_size": 10, "snake_size": 3, "input_direction_count": 4, "vision_return_type": "boolean", "network": [{"layer": "dense", "input_size": 16, "output_size": 24, "weights": [[-4.646234226907335, 1.1661069930793921, -2.392810854719232, 1.7154316177829316, -6.352235756895917, -6.723154378550669, 0.7751458620499835, -0.2346818846306784, -0.04856921919755053, -6.7830426427409, -1.4160113094031752, 2.3687568886645813, 5.28053282624356, -1.8501423575187645, -4.039788636936164, -3.811500184278258], [-4.877719450341204, -0.44113221472919695, 2.043055945107382, 0.0969403296587873, 0.3573535063990718, -0.23720169111254585, 1.835120977293156, 6.1461246923433475, -2.5977322299299552, 1.4504648195883934, -2.0591255833177238, -4.329033642377224, -0.7321520813776601, 1.0818846282531722, -6.92947438775246, -0.2452307934956035], [-0.7173670212294789, 0.40086067432295347, 4.175536135312265, -0.8670828229373919, -1.5801077813204452, -0.32091862843194535, -0.19767227724956116, -1.1916773167527661, 1.612121630017079, 0.18448413817765247, -0.4493121372368476, -0.6163722819410071, -0.7838070852460582, -3.572729511619661, -1.1310498988495317, 3.5732176383467964], [-3.842217961214812, 0.008538091226627742, 0.05791572627013997, -0.560631364836955, 2.8665914207192382, 0.7138782476015072, -0.43344786949375846, -0.3335031763327259, 2.518387995870376, 2.6184822535763175, 0.2658381171363148, 0.5937393359008983, 0.5209757925579352, 1.4823050874284298, -0.7277461229228998, -5.942976495572585], [-0.26309501833668364, -0.9676301389579878, 0.9441507949317268, -3.2046269501443563, -1.0726307079670825, -1.9290103089895945, 2.68678698520447, 2.3086154928761755, 3.4183548830542883, 2.176504464089855, 0.8616184516182708, -0.7925858362274171, 2.5172479978613884, -1.9318607958575318, 0.6980470799968655, -0.7821939141510653], [-1.8926682801553176, 2.547894816417576, -3.6451849796243856, 6.87928347510625, -2.9523411048310626, -2.781699808344073, -0.018667903708983746, -4.012996348506549, -0.06738715899289915, 0.2821135377182854, -2.0475910808765385, 1.0730417613214642, 0.5782856477214888, -3.7625786072405347, 5.507697137461566, 1.058264734677739], [-2.658998834159754, 0.20766456265131666, -3.577181482039295, -0.8751292615511921, -5.802738254387243, -6.685003948009026, 4.113753958632112, 2.204306835025347, 0.32929767762671147, -4.085849038374159, -0.32839313420798466, -1.71299370723507, -1.4714553785881732, 0.45997673748699386, 1.9568635555160157, -0.9265996224636175], [-4.209867715835425, 1.5048304161974742, -0.2408235118314429, 0.24144063674651567, -6.428346585581033, -0.21343809176992645, 3.8304780584567464, -3.3428088896641692, -6.114326592408129, 4.695304439026842, -2.0554560513942866, 4.916437576695464, 0.24507572858673987, 1.02794225930415, 3.634344236643437, -2.0413481858013207], [0.17203612901586635, -0.6893749533527165, 0.3467442491858992, 4.642084616637432, 1.4491947603537532, -0.8797517395956667, -0.4079317853130726, -0.7568341681137273, -0.1481666847020714, -0.12363680096954233, 4.986435738978274, 0.46985625539001574, 4.656617714906934, -3.8128114372675848, 3.6406932652517052, -6.460604322360348], [-1.4228471404532588, -0.9763136051762432, -2.773653813373186, 3.1750459235527075, -0.4521593138300397, -2.9629048415543897, 4.875606966865447, 2.1600190880543773, -2.8204020465826485, 0.6838398165698989, 1.683033553250529, -4.383754113236044, 2.1567039301817506, 3.0014077837622333, -0.45197727914843516, -1.8859393282371566], [3.904263645988771, 3.4966165983306183, 1.20737225762568, 2.2183853023902733, 3.465207209840069, 1.755795038298576, -0.3781043798805409, 0.1465232632551589, 2.531189176411639, 4.520246160595497, 1.4946484488456087, 2.205204295909004, 0.8068254979662279, 8.365254146819957, -0.10503442036104643, -1.6562296130193501], [-4.236655500422724, 2.5404738228220483, -4.521128759061759, -3.595117736536429, 0.8968155896007606, -4.525648634144498, 1.7252735114263709, -1.4180238213510377, 3.952254855014046, -2.2001423328435488, -1.644640836329164, -2.229332485293017, 2.2378168444779356, -2.1332110812013565, -2.457042982312711, 3.762801315033718], [1.7605176020212137, -2.3568666730048706, 1.063934838574418, -1.5891520997875421, -0.2531108972148172, 0.7353341124414622, -0.06466052647940626, -0.27708136126596894, 1.642681788342749, -0.5350835956069872, -0.8968227856021707, 2.287771595005377, -2.581036773700621, 0.5761501648248075, -0.1207851098465238, -0.3227830057816094], [-4.353965474068069, -0.12790885389761808, 0.5546675624692208, -0.5912429674908042, -1.2966865601278257, 5.106777796111952, -3.2984776840692116, -7.247388970432577, -1.0240486909967754, -0.767617515378618, -1.061288400979113, 2.971023963453114, 1.8858163375117893, 2.5108043747419684, 1.1006788007014645, 2.9095964269337173], [-1.970181124979674, 2.1969804827898027, 0.7350182007821514, -2.812472769312274, 3.6618609958945756, -0.0680937136534524, -2.0796833371344334, -0.7771898319906803, 4.022004013944671, 0.8794282398380926, 0.48642811394098306, -0.1271759756526425, 4.638826352653751, -0.8779940130023055, 1.815637149203952, 2.0061589295362103], [-1.7753933501434862, -0.38641701730256994, 2.9558946781901136, 4.325771655164139, -3.0974912395611773, -3.2206668514782, -2.6151045777057598, 4.870060362547139, -0.939240431098427, 2.9102157383840455, 1.4376901305568452, -0.9548983792225803, 3.669917240784322, -1.4849007605485889, 3.1228490151370774, -0.7182429107611099], [8.352752026019898, -0.483037474123158, 1.2463302853789742, -3.5074106522375157, 1.6385509743790319, 0.21748448535269282, -0.3613971760004313, 1.6654691265935397, -1.7612448896801591, 3.7033032471649934, 3.5225555235706487, 2.862101633397964, 0.9092964017818366, 1.613871289651319, -0.024356068752562188, 1.1337116210509088], [-1.7903890783809455, 0.7592156745334753, -0.6666332125883541, 3.8835051402341385, -1.58850393791912, -1.2452388633883609, 1.4590267811050537, 0.8532204455781791, 0.3816842692371776, 3.2028138768389622, 0.28705353440780723, 1.114540302084281, -4.248348371644378, -0.4581497240870033, -0.8506987463804611, -2.1483882571216153], [3.4893521115446777, -0.9886904386346252, 3.546864435746345, 1.7164135364190498, -2.318503745276261, 2.2835924622034907, 1.2899718988613003, 1.597052032775912, -0.19166357107650767, -0.5297902934173618, -4.771334289845683, 1.1357035343860509, -3.708172469166855, -8.22937891198837, -1.0816513891462982, -5.638458694114475], [-1.3782284467117345, -0.9601773525210775, -5.137520202937256, -2.7381470520455853, -0.5659493707591187, -4.124427443905265, 0.2837430319360918, 0.12723370478942098, 1.2939231769977164, 4.7557186350532605, -1.8428825162807336, -1.0058471683368118, -2.124321700474967, -4.905121017948287, 2.331819447715959, -1.2123521523837963], [3.83334988599632, -1.7904207049168412, 0.6392094295039452, -0.40897606099336226, -1.3585332903998055, 1.3870043504647365, 3.033144519592449, 0.460811709201405, -2.4955472001125387, 0.4990159946563545, -0.7170841093819413, -0.4707621541523238, 8.720023160868637, -3.253197107260111, 1.8042395388756929, -0.7888048620658893], [-0.640039218909913, -0.6883953266392842, 2.6960452756387707, -1.843832907969467, -2.9934486786213172, -5.447109299500406, -2.0628099812759273, -3.466182037208447, -1.363551034375599, 1.606247493345232, 2.056768262101985, -2.038678305796787, 2.41846855057158, -4.689136252968863, 4.120996644536456, -0.8947161017544705], [0.3205562968928197, 0.8377226701446895, 3.0309826005281453, 5.374504443595139, -0.7163771500719296, 0.11901608337258224, -0.5622045979198431, 2.701484618330622, -1.4139091079651454, 2.6232594394712416, -2.0911119269067013, -1.9442569948404769, -2.335965761333276, 0.5480535075532103, -1.1728556366857106, 0.9333060731869673], [-0.6878628593816152, -0.7971188422897978, -3.9701120652507913, 0.9189829582426766, -4.463367968277804, 3.6406801034475187, 0.2626529659182384, -4.4321013429539295, -0.19624625310295984, -6.069563748869262, -2.1285179830582903, -0.9206734753078113, 2.680138263662283, 