{"generation": 212, "fitness": 13373.63431834476, "board_size": 10, "snake_size": 3, "input_direction_count": 4, "vision_return_type": "boolean", "network": [{"layer": "dense", "input_size": 16, "output_size": 24, "weights": [[-0.9110115766709309, 1.9096598548637918, 1.810483392857149, 4.003451983335827, 1.2615901847210438, -1.332210979879993, -3.5576532114427746, 2.4861864366604136, -0.14254504362820458, 0.30490370107839765, -4.4524112230606585, -1.2583761076489028, 3.690855248422934, -2.3404406900549084, 1.2209955149981846, 0.20134839890271194], [-5.328946234037274, -0.2017963032655279, 5.816958733365506, 2.1971854999061953, 0.5751376079747934, 3.9113450859163166, -3.294885292623395, -0.30407129940536687, 2.3927230804256516, -4.0625882328060685, -1.238454299101317, -2.4333965544517335, 3.666456436671275, 5.343186674135643, 3.504478137042774, 2.029495017211782], [-0.24660764026626458, 2.154900400699714, -2.4923552241128486, -2.637021608801979, 1.293406060784166, -2.485520709445554, -0.2847794967321423, 1.8571858067081028, -1.4648787808745225, -6.752854129524187, 5.232949654574307, -4.212558826557061, 4.798460688289168, -0.7155247711958608, -2.924282776644444, 0.44085478727873206], [-1.1001275306350504, 3.3596590503208223, 6.492667788432384, 3.117540212958423, 1.0614981098274707, 0.49244702195255863, -2.0301169794731133, -0.01021386990890738, 1.6539882161936426, -6.535910855264935, 2.3106806100883537, 3.713073320437607, -5.907672264269667, 0.7507074452940476, 1.5467381125270347, -1.5391734909640942], [-1.5348057604319607, -4.2728329148002455, -1.4420059601988482, 1.3759590627645404, -0.7120549810084496, 1.8992184333468929, 6.275391475484906, 3.6559126064002894, 1.0653126203014145, -0.5975190226831693, 1.7564250772646939, 2.9651143976792436, -4.0082837387533825, -0.17867444853803066, -2.4929058947306375, 4.738549434752182], [3.321423258718941, 2.9029673069069704, -1.4539420446957052, -0.7338122560648379, 2.0714056567935004, -2.6078511382526233, -2.808463168110063, -0.6869159047364379, 3.1531050124032776, 0.3857785877936405, 5.124145466730634, -1.0235444295237406, -4.2935207295631725, 0.5190130697913655, -0.47723577294242037, -0.7669820724460824], [0.20080310407716911, 5.238683156762265, -1.5278449169849957, -3.5928604244725646, 2.1804706364735167, -1.6770986153135419, -1.1006246518795912, -2.6145043047003114, -0.23422787300280157, 0.4241789037246285, -7.456582934202451, 0.3710326965523585, 2.1832874275948715, 2.1643705669025985, 1.0583281227227275, -1.28756726783044], [0.12517807040329532, 0.3558973736609071, -2.853397648952577, -2.0633647458703446, -1.3171526430018026, 1.0711730586778492, 8.693250374859907, 1.3355044128916163, 0.3936421347844671, 0.8817468738647436, 2.30378926971519, -1.8425589656347732, -6.173187498840323, -2.7090203781345754, 2.410306134150982, 0.48317179876719446], [0.9218461051901701, 0.37106579498229275, 1.2213500499558392, -2.3180139565376097, -7.398704831847729, -1.1497931232737824, -1.2473990846184757, -0.21265621470571394, 0.7988273466930536, -1.1594062959526332, 0.729603495683967, 1.0327456817587728, -0.9443958783818497, -0.9132267972223386, -2.287165616330316, 1.5688860784524947], [0.5036244709397001, -3.7010345516727883, -4.359452362988865, 1.2422028943111643, 5.056771749986644, -1.7172673336980147, 0.730077945128848, -4.805366795933866, 2.995276963417559, -4.4723767438315365, -2.3290980414094253, -3.31843537330164, -8.461332895056252, 1.8819291255334918, -3.3186926111718544, -2.303638095395195], [3.850194511956853, -1.8706932952241901, -1.220724773006641, 0.0884968117497057, 1.3106417243946247, -0.8245250964296588, 1.3010318234438052, 3.0469029883163796, -2.07217910950564, 1.5306111246958443, -1.1131965511276891, 5.972776679332164, 3.1500616248604207, -0.5238111410926736, -1.976467374091353, 5.522620349300687], [1.8067818674816172, -0.09306992110711217, -1.9624590244845057, -1.248651795609987, -2.0221939334672743, -0.5630501664709591, -1.2705951207463677, -2.756037551358834, -1.349138485597835, 5.189745826139561, 1.2115273234868036, 1.1510092262852687, 3.288091507746331, 0.522398304421615, 0.5258437820966262, 1.3771438862435017], [2.4875675407734743, -3.3330070974245545, 0.6578032872985595, -5.722688684368795, -3.0093006508168236, 6.257567703321054, 0.10549210247680224, -5.1779482447046545, 0.3584104479477287, -0.8529831708337245, 1.9532818115179482, 0.164279861089627, 2.749930197455487, 0.9952599635122366, 5.340834648871879, -2.216772179972147], [0.2181953187208333, -0.03540031418185963, -2.559741679974579, 3.795874154339059, 3.7990271057074123, -2.007686703643537, -1.8800249461294818, 2.535873348846611, 5.682356648292347, -5.567997309735763, -0.6888759850694413, 0.7737687374066029, -2.239460654469634, 2.7991988657761966, 1.9546443575314658, -1.6671924008572963], [2.097813080488533, -2.859793551835822, -0.6199473282509825, -2.1059269095181845, 2.6665387267382266, -0.10446245452990582, 1.5375378059510312, -0.6213958167759508, 0.3055790487473895, 1.806032774624579, 1.075420956517532, -2.5229816117313795, 3.0257160256119273, 0.7195403296777798, 0.7883514066786268, -0.09297393081876643], [0.22555454294098, 2.718626618874346, 2.508748526818038, 0.9462980391567124, 5.3074394556320605, -0.7512470916527587, -0.2902880772519158, 0.1884700430609951, -1.8976583403352012, -4.139096548164307, -1.48945607404506, 4.4392952771775995, 0.03509793611640845, 4.549086626471431, 3.466405216149016, -0.49213674253592843], [-2.264271091218329, -0.8354636697796934, -3.170137037710063, 0.7990988294125976, -1.9192528753363212, -0.07722952415470952, -0.8059041121706294, -3.4285258228110522, -1.3021118038241544, -2.7022717322024743, -0.368301907115976, 4.489002636594094, -1.1642953369180593, 0.7940618116089004, -1.059400752552091, 1.5496520304430972], [3.707680133574199, -1.4816913518868207, 1.8331516603487152, -0.010481557758544313, -3.405824080416216, 6.493628533773469, 2.5654842911588496, -4.686102036855768, 1.0777520667061675, 1.0559878822868733, -2.7137909817966235, 0.6498273494844671, -1.9766565430738052, -1.3993413238321315, -1.8359825963284777, 0.21926759501100324], [3.3871110372718185, -1.1391829900520216, 1.0769380471309928, -3.1590626671689854, 2.9078765098844928, -0.9277055977357587, 3.0333192496399537, 2.6069944603293393, 1.6026317610505565, 1.6114585039274631, 1.6270821989138797, -3.3568108342289986, -0.9251514466179243, -4.488845991107219, 3.8264851298120584, -4.8831082414569185], [2.8348605825183113, 0.28202583284718385, 1.3166689411186367, 0.39918598394726, 3.3122464619856755, -6.109873113518807, 3.5350236171209075, -0.7050488194444797, 2.011194666604349, -0.1321723962059373, 1.5356060746987268, 4.647364779602302, -2.265575682500614, 2.171534858985754, -6.029507027300096, -2.4056818790436054], [0.11411774028523025, 1.9884606813869632, -4.334633967525673, -0.6998120138426179, 1.1593065227070674, 2.47093825407627, -5.098760279343534, 1.1647900219545795, 4.227560127568237, 3.2635770136197735, -3.931033499609068, -1.9246267572833053, -2.4792582046831146, 3.041585297708618, 5.55426762356542, 0.05363441266062585], [-5.583976418974995, -4.3486443232399665, 2.3469816760095186, -0.26738504890471837, -4.390048952115475, 3.327557192463954, -1.4654333230348515, -0.7481412282295103, -3.5695469828938102, 7.581403843870056, 0.4996339700727148, 3.6494073629637263, 0.03363400820813289, -2.1376054732954213, 1.2138790073584567, 0.3685335567169119], [-2.3190869061481245, -0.3764913943559435, -0.20395947812185966, -1.8522370891338182, -1.8964857034541822, -5.634670706525165, -0.9727925459524212, -1.6418854404041703, -4.310446727142197, -1.2014966137188008, 1.3150522003873286, 0.5313613324286245, 0.43172947152980923, -0.7315068533013579, 0.8479456546832178, 0.48486214310062786], [-1.7802680097411723, -4.6648744560763244, -6.205310591375781, -1.6704882902623281, 0.5049037077165985, -1.1950881864435847, -1.7367133090820104, 1.4717733843483287, 2.027813253651223, -1.1730071423537078, -0.9394961642538724, -8.113523686524772, -5.7184103988994455, 