{"generation": 37, "fitness": 5898473217.648916, "board_size": 10, "snake_size": 3, "input_direction_count": 4, "vision_return_type": "boolean", "network": [{"layer": "dense", "input_size": 16, "output_size": 24, "weights": [[0.801203204273055, 0.6576182487275621, 0.5164730392740613, -0.4119091410480804, 0.35125194672887794, -0.25210652400640376, -0.7577184054637156, 3.4880228232491968, -0.8149777140495609, -0.09599230536568029, -0.712837408057651, 0.7592824553572315, 0.4335354803163427, 0.8067562892898379, 2.0561606245320605, 0.9482396377065796], [-0.28707432578172104, -1.9456954601286165, -1.2511569729984036, 0.7621741588857383, -4.051515159757396, 0.785030608076268, 0.9391951535870401, 1.1306292070934585, 0.34420455300930775, -0.7150580985882062, -0.31819589479176247, 0.03385075345813138, 0.13756186812073157, -0.1321191652952467, 0.12533622474218498, -1.0357169638416508], [0.24052807038870436, 0.7777870177640371, 0.4791008238386003, 0.5707877276469273, -0.6363604064460858, -1.0518191253838036, -1.1714736734749458, 0.08597938601565974, 0.07282566126804402, -1.028764287473883, -2.7155798708573755, -0.17245995544887238, -0.5662952788310345, -0.16073550101543665, 0.27118096132273517, -0.887392705656814], [-0.6908857433360917, -0.16216914053202425, 0.6793396687480739, -0.7767802141760654, 0.8670263865675882, -0.5987066509433348, 0.4698143623845037, 1.6921316503114987, -0.44501135914169665, -0.37231311460207217, 3.6040354391995137, 1.1494125023122639, -0.2965473999689608, 0.3381369353713114, 0.45081581763223877, -0.00978642780161798], [-2.9327856017514167, -0.7386656199316857, 1.7067537472247083, -0.5784941276437459, 1.8500979990560245, -1.1857509836798599, 1.4684521796293246, 0.6547073493163551, 0.27150135960152144, 0.5637339373922707, -1.3974071279840223, 0.38602702451607107, -1.1614906153684184, 0.6761987299922496, -1.1896866854589638, -0.8010426942501823], [-0.881568706976503, 2.679500389671264, -0.7151349866376262, 1.3986054657988949, 1.4725951954663739, 0.601732481801778, -2.498871901763155, -2.5781482862939047, -1.87659838200736, 1.6860494929448406, -1.2696295042429586, -1.0277046335564024, 0.5865251163062004, -0.6569696599573471, 0.5591817662385616, -0.4449677307816131], [0.14437050949990882, 1.8989739410589572, -2.964240582098803, 1.171307200603734, 0.9567913509715902, -0.5781001713411013, -1.3464062812503397, -0.7572591696467144, 0.6228547159120144, -1.7439622754527702, 0.4092803027993974, -0.6980526094752344, 0.07187818967608811, 0.04688141299310766, -0.9010768461400103, 1.301726696781256], [-1.3194572745353876, 1.6484931287370306, 0.3345701185107024, -0.030856707679314963, -0.42598938430889177, -1.4993193963637461, -1.8573680684753076, 1.1012782630756452, 0.6042021019591155, -1.3379157690776635, 2.5254087205105717, 0.12255185206947594, 0.4010989842972621, 0.6751466162249724, -0.24203052427132726, 0.779250421741885], [2.927860868175854, 2.8253263283291834, 1.5983207744323562, -0.30979771176666143, 0.08813616374015565, -1.1464490424104863, -3.3122657735116836, -2.4361186179545418, -2.756342818660219, 0.7711749853404914, 0.42900482635250303, 0.9904734273433067, 1.1216432295153724, -1.1662422438038813, -0.6051430837020828, -2.5338909731488752], [-3.8518403555271616, 0.16928343485279007, 0.7383490563537884, 0.8133490441606006, -0.6209221645012308, 0.5731044285455449, -0.40769930848589553, 0.5744642411137306, -1.4880593194933562, 0.6187736136915232, -0.9985267776813993, 0.3587902505507885, 0.937819214864698, -1.3778115730735032, 0.9940841222746044, 1.4607416781649007], [1.3241557232055854, -0.5925178220583616, -2.123544984954924, 0.05051453224632674, 0.338311616571962, -0.4575760058356262, 0.7107789908350042, -1.5285033416087328, 0.11134378024046004, 0.9213922251742704, -1.1896377845284007, 1.2177112700616806, -0.46394499859465177, -0.5109853099935532, 1.0477587291905308, -0.0888700062156198], [-1.04043101220247, -0.5235573094177839, 0.008711259091359724, -0.28131791933744965, 0.09286250507877547, -0.5232335294399794, 3.14932448325158, 0.1474546945600821, -0.028070078658541275, -0.836462019151117, 0.7577171569907609, 0.16932933599101685, 0.437324550487542, -0.7632331209688143, 0.41882800493542405, 0.7220106374249988], [0.49821822950040184, -0.6339556410079424, 0.9951962503099285, -1.0509918132230864, 0.3483921187669065, -1.4016273928127698, 1.027109174596697, 0.8843151062524179, -1.0534274179262646, -0.043463924617625826, -1.2903358482451346, -0.05919588446853975, -1.0509665567281945, -0.2980082354633131, -0.31965246176591045, -0.6818596529409824], [-0.17857503512785344, 0.36151995857368635, -0.9115103115337342, -1.0377485606293546, 2.421946157818801, 1.7151493652107288, -1.2786481937442038, 0.8601323114840498, -1.2355207774397705, -0.41932760709260336, -0.3931359027896546, -1.0898913171662141, 1.8868300727552716, -0.18982591186817377, -1.2252604708946344, 0.6754652139285497], [1.7566066910604916, 1.8044579677740031, -5.016984643823794, -0.15084616013043586, -0.11868153739186216, -0.49519846573420545, -0.25469898776487887, -1.6143738980572622, -0.7037929822902309, -1.1172110509449638, 1.205544405776564, -0.08720039566626259, -0.13035157763509614, 0.1539975931697245, -5.3466512102209816, 1.01724920053578], [-2.303234488753405, 0.810369079521504, 0.3371666933375972, -0.5484253088715685, -1.7097269257404384, 1.9195478686051421, 1.8515556765418768, -0.8897872298306184, -1.390381906086301, 0.6691644773271077, -0.9668882809009074, -0.07762333352389827, -0.588705812725892, 0.6703443410471869, 0.7590136862139796, -0.5640717283844421], [-2.635293899371638, -0.9056422544489229, 0.6987890055078156, 0.10268061463052641, 0.9235402950737065, 0.06656383944129884, 0.25671665063349763, -0.5234957514577689, -1.0376074498435082, -2.4709913258264367, 0.9850962814304616, 1.401780116197674, -0.609100916106254, -5.431035407023594, -0.3452265633079924, 2.724375590874187], [0.39382490548084026, -0.19608479179893948, 1.1500981499092355, 1.1184256560411319, -1.0449873439029904, -0.607930499849969, 0.29213239243936645, 0.9848055285799577, 0.3941355674321574, -0.5115821075349172, 3.2277280607402155, -2.285382848193849, -0.46132119020475515, -0.2604346412230116, -2.9565213706923874, 1.6056096431222557], [0.8509705252008469, -1.6326990022103736, -0.955823388339653, 0.6831836903099175, 0.07158989120777426, 0.791775662248417, 0.32770781521483944, -3.0173470476737143, 1.5781706579260595, -0.6646847201399093, -1.0280163042203077, -1.092131233672808, -3.1684375190467855, -0.8432696095755945, -0.2273228792307047, -0.052767152245506654], [-0.7555365091887842, -1.3897730319647659, 2.318769504488961, -0.24627593550045723, 0.5704303293536435, -0.2941363528733656, 0.13063121892196494, -2.197313780004258, -1.1922248812356526, -0.21909989476197478, 0.7622350880330395, 0.12918387517992724, -0.8436074527194397, -0.43575227408591277, -0.11588312955174329, -0.43800638512808987], [-1.500090848286393, -1.4017458919349348, 0.849154882102203, -0.19185478386784896, -0.9155411061196568, 0.9470076328932104, 0.5080448837300036, 0.6446454044886544, 0.18933329732396859, 1.1282352224503316, 0.06045629712034753, -0.025259285378793184, 0.7014137596023753, -0.4772697497504199, -1.2378158141426818, 0.9639111744802145], [-1.6720013261086206, 1.639146869936709, 1.1041093923306615, -1.1930818282068278, 0.9494578097619792, -0.4450980824589511, 0.5581372520250618, -0.6559182049607999, 1.2713057517155946, -1.2585699598236497, -1.2508024695127506, -0.20443288062288167, -1.9858553550634954, -1.4446354545747322, -0.09976025501246223, -0.1538205810265003], [-0.683624720907692, 3.462372586178209, 0.7557635302081624, 2.6630264738750786, 0.36102470784890994, -0.22506003389810034, 1.310219471892814, 1.214514476058652, 0.7461131720770229, 0.914557350976934, 0.27390497534698066, 0.25279491901501916, -0.6620868302701151, -1.232221639945846, -0.013886924181157223, 0.3871306643004524], [0.8241955788396506, 0.6711428743951842, 0.7734877687945623, -1.8367427589039371, -0.2030593848715636, 0.007465241372065251, 