{"generation": 27, "fitness": 14688.911206496588, "board_size": 10, "snake_size": 3, "input_direction_count": 4, "vision_return_type": "boolean", "network": [{"layer": "dense", "input_size": 16, "output_size": 24, "weights": [[-0.9662144155974883, 1.72683689008535, -1.811704656416504, 0.33948808753338316, -0.6329558121113049, -0.863195609809158, 1.6365862764382149, -0.6497318617138336, -0.21554925012132653, -0.5844229057998389, 1.3324402599381022, -1.1059079988039175, 0.5674450692950186, 0.8850451401687868, 0.1503679982532098, -2.1465315218930736], [2.4682924846058585, -0.07702285473058623, 1.3979722219465203, 0.11538366325757017, 0.18293844009069735, -0.0025231761075152903, -0.40770831267107166, 0.40200286504324345, 0.38483296903152286, -0.9423164049196233, 0.4928869300303845, -0.8501035787819027, 0.758099973679913, 0.3290928533368014, -1.213619419612717, 0.5399232502634421], [0.18351871517402507, -0.42034514581989035, 0.38108604078108943, 0.8644786773788598, -4.054342586620838, 0.3829328686869373, 2.8101578717492726, 0.37407979780125306, 1.6784291352351564, 1.0559477076033887, 1.2084349062432118, 0.6294047806961764, 0.5754798244817281, 0.7589983448427335, -0.1216789427708842, -1.1310018218119609], [-0.20957061934810983, -0.45107387767165685, -0.2257755681054745, 1.0275710094889619, 0.8850374300460424, -0.047213832350522456, -0.8600390991722329, -0.9826125253407724, -0.3180634651631249, -0.4718701615899821, -1.7984741210417443, -1.061409482713275, -0.24823979346941513, 0.9464862526052488, -0.2982330738070038, -0.34631414686776085], [-1.4141304458569124, 0.6456543767412202, 2.7129796379584237, 0.5073203182371274, -1.0676695900005377, -0.6006972358454126, 1.5758364004360774, 0.729133267962582, 3.1589637625176943, -1.0257349050543365, -0.613748157339103, 0.590026210988269, 1.685226994261297, -1.0687025771972711, -1.4916023571819585, 0.6743056018746179], [0.6704297448300758, 4.139221658429728, -0.8318408815532006, -0.5597928156384699, -0.5341765974402521, 0.6784834556438974, 2.129844979383868, 0.3381741460322095, 0.6723856310392029, -2.1178429582327087, 0.33107967653548176, 0.3571380791363392, 0.3440063272599646, 1.892905160055574, -0.5077665543844879, -1.885685602841107], [-1.138976416585994, 0.12847883232803103, 1.0106726692254342, -0.8656102559883414, 0.12923602769527398, 2.377019699849326, -0.5197496268173876, 1.9912243262168816, -1.9374982888890617, 0.9071049053692469, -1.8073878695352694, -0.7561162614439061, 2.419616766206169, -0.6543085245880418, -0.43016707902803, 0.07106563174917713], [-0.07767678495636421, -1.8399995175875778, -2.616146223699668, 0.8093990947342631, -2.098623791381445, 1.1827468207314293, 0.6294689078920522, -0.17379095862738692, -0.39214434098771744, -0.6634333904087352, 0.9178022370492271, 1.0430161842065604, -1.2821559506113505, 1.1514913157429687, 3.4193948397627554, -0.9562210054483746], [0.7136704172140116, 1.05367094900437, 0.05616075389325892, -2.0178712459716817, 3.1338724463960115, -0.32570999851321236, 1.1276977346524322, 0.7993843965870742, -0.5338590308766347, -0.12231606105394932, -0.40582602183292926, 0.643019415349516, 1.8505302314280954, 1.5239472329475188, -0.85808193325952, 1.5452175477138512], [-1.8675868151920374, -0.6162279570364688, -0.5917326014487649, 0.6976360537003343, -0.7181660902925247, -0.538372749754823, -1.7737514613346024, -0.790002374225488, -1.6081814347650423, -0.4007764419154648, 1.204544083212479, -0.7688183506526591, 0.002987903882474746, 3.1344148666175893, 0.9653373539979055, -0.34748229548745546], [0.22832876499407273, 0.3299716592044295, -0.03887537240089878, 1.0710713551571986, -0.616760265202571, -1.2658035085997765, -0.31311925228181103, -2.3020156538517655, 0.05141634556534069, -1.7393230803980169, -0.6563521563114634, -0.1254057810081438, 0.1126638902973568, -2.8517976437197197, 0.4385531771886324, -0.1278400908256736], [-1.104915804949436, -0.9289241836696216, -2.0463874963197224, 0.5124294296973275, 0.1990053330030297, -1.094873496357061, -2.70773942659942, 1.5178770101704928, 0.6401921484445046, -0.5684026097645735, 0.9604787061564167, 1.1959719679875491, 0.766237020751203, -0.9133030240122012, -0.5678129617033989, 0.4168844299090755], [-1.2772663972517866, 0.241884389778034, -0.9887839786583466, 2.806484877769781, 0.5259381109243306, 1.841865330713597, -1.3885032971262516, -0.7108214660075385, 0.4403632677618372, 0.3555241498093171, -1.538460147720825, 1.8662469615058208, 3.4238740194462745, -0.22330778559033154, 1.1344127032423084, -0.008380129082659726], [0.7777715481460152, 2.3878831804360114, 0.9324552622654929, -0.2670624418828311, -1.5597114040563818, -0.24088445619159485, 0.9139553766215414, 0.3277099803445652, -1.678680282358983, -0.4168945722853383, 1.5890311934126162, -0.6275216169653217, -4.810502149489156, 0.07216525802246171, 0.6804390336667592, 0.16677920867462492], [1.2470934879340883, -1.118273519046547, 2.683715608980816, 0.12764797805505412, -0.09890227294418041, -0.7371969489045018, -0.026937746752232483, 0.6945434017857448, -2.2218323296001823, -0.7395548020569089, 0.430809319695328, 0.3852536686475386, -0.7147600588730152, -0.5174616604615907, -0.10457326794861238, -1.1006967681235615], [-1.46720005687277, 2.1612150097797698, 2.7834237400228528, -0.39648111912825823, 0.6900113854400041, -0.997610062498694, -1.0546430719939957, 0.43122366521432864, 0.1263472807141599, -0.8322813284655606, 0.053220491802473846, 1.9399078165745813, 0.5021840175557708, -2.0250502667029657, -0.1587023581293403, -2.3030500277782586], [0.14574074401998321, -0.7228506131778805, -0.44415183324490115, 0.4826830338560996, -2.455841716910424, 0.034274448273629465, -0.598030451338081, -0.52058896813946, 0.21886706895209085, 0.29250545901165337, 1.0707715045204438, 0.5670759587817407, 1.1421870688190128, -1.0227999124314469, 0.5241729201820433, 1.2871081418870878], [0.26585237640596393, 0.2910281338617343, -2.4874181238798494, 0.2744215142392661, -0.12890039200217118, -1.8273490145673603, 0.3420293372257335, -1.6919266830603212, 0.7016912576479748, -0.33920032434421965, 0.11444158626144807, 0.11721529901835365, -0.3799463094433333, -0.556806322469588, 0.20259168203864636, -1.0739908637350883], [-1.2591379833715473, -0.7759149342471059, -0.5488789870698287, -1.0858201528529805, 0.40240834815089865, 0.41343965743807476, -1.820793836865559, -0.40046547404732014, 2.316324886900925, 1.7800898450648839, 1.0413240420142609, -0.4414368715983224, -0.14931690896570216, -1.188920793303899, -0.9693231780863998, -3.140068155126552], [0.24263411699439452, -0.6566573473979839, 1.620901732601954, -0.4736127576119342, 1.615000448610224, 0.664314262288143, 0.7315973282159205, 1.3299591515097975, -2.9254066835008996, -0.2226015360346311, -1.9649381167864042, 3.7262043882533114, 0.5862616834242602, 1.9544570330690318, 1.077228412825193, 1.3457708292808233], [0.9676838395205472, 0.09085952254081009, 2.8097532851455274, -1.0437982791915303, -0.0597739270520079, -0.2011985028400387, 1.8135743944918885, -0.7294066802568846, 1.1934534182920828, -0.34785818387334533, -1.2006751939344382, -0.08257248555566621, 1.1505360839010215, 0.6262895467646019, 1.1317110459235877, -0.12610100846232652], [0.004569543900341477, -0.9150409172203104, -3.4795536878872224, 0.41197437401912684, -0.3985627745767364, -0.09264347880922219, -1.7840243172409074, 1.236651143222659, -0.4729364080796261, 0.6415997345446023, -0.7668689162745099, 1.16336926529878, 0.4296951655195078, 0.024511200474264694, 1.7938203561056056, -0.9011999921630981], [0.9092556838638509, -0.33801535458450394, 1.3742213833162527, 0.2157693816483055, -0.5273295067330657, -0.8588118734916454, 0.43348911356302355, -0.018369409809638526, -0.5423253362577802, 0.9608008636918735, 0.2275887570599433, -0.2519797633056089, -1.3901711379595458, -0.9702330690733771, 0.5903840221562402, 1.512541918137559], [0.12377408173707583, 1.9803553501882516, 0.0944718392232934, -1.2831234737694757, -0.3075301037679805, -0.18973809551387544, -0.26602227516738686, 