{"generation": 48, "fitness": 31873.589063291216, "board_size": 10, "snake_size": 3, "input_direction_count": 4, "vision_return_type": "boolean", "network": [{"layer": "dense", "input_size": 16, "output_size": 24, "weights": [[1.5158599953779945, 0.10560318166593483, 2.06735503133555, 2.4736174612296002, 3.777679239473743, 4.5014751477992, -0.18098525013169162, -3.7458462502389405, -0.0943985681111168, 0.8070489664316949, -2.856694531395734, 1.2792181656094619, 3.7451489515599885, -1.4844639885026232, 1.7673959020043084, 2.1687943570091295], [-0.3834984843357611, 1.2924383985050003, -1.1150365117401226, 2.7582336998385806, 0.6902124164972612, 0.0780649170465666, -0.9596727739903325, 0.49446620864154067, 0.6142953284408478, -1.0514857245134883, 0.3726454574818261, 0.2420517465373953, 0.6681784981411159, -0.7700435610605025, 0.07197939983887292, -2.6968847962546936], [-1.9142011796363056, 1.223541147221618, -1.1337988771983982, 0.7003148642624855, 1.7640247810262668, 0.8872906583008986, -0.13946824299691452, -0.7682825302422414, 0.1692192988083393, 0.3998853916867379, 2.4234438208658666, 2.5436801766820833, 0.6317434011875104, 0.9070505917325475, -0.5594859107485757, -0.6874000827321944], [-0.5705945191113693, 0.546614437024384, -0.030673796520003016, -0.5228723254747394, 0.1360260824351113, 1.1816940551061033, -0.9169624597416517, 1.3521142816926448, -1.0825193010108585, -3.0290897537848456, 1.7834055647922487, 0.5909458493632447, 4.310007340387541, 0.8132931649816804, -1.9114804242558006, -1.5670170062941915], [-1.4813563514049835, -0.5218486032487228, 0.9980776255525561, -2.3435751161387564, -0.5218422714287407, 1.3783673531983824, -3.222837091044411, 0.4184637735035288, 0.02942671857721231, 0.2087325483092276, -1.8163160565557062, -0.8963969029355565, -3.679849595480849, -0.8471530191903147, -0.17311114922197038, 1.7195564130830483], [0.2318184688184537, -1.6414060998451678, -2.540356437331739, 1.072298015943946, -1.7401623660320313, 0.3448908620189538, 0.042624154152656746, -0.44644451169800137, 1.6414245680195576, 0.30856265480552264, 0.2900717922679553, 2.29481902561566, -0.0350261314365492, -0.6343940410121885, -0.7410350691007401, 2.4656621070468567], [1.4874961461120702, -2.8274835413300377, 2.5107078791023376, -0.08395408135325447, -2.023955367151319, -0.023223601752978995, 0.5199338410020615, 0.6850966246164008, -1.6115385536997435, 0.08383370814859226, 1.2740458540235702, 3.163673273470482, -0.34791311901554034, -2.445980334277656, -2.031212275498159, -0.13681053337961785], [-0.16824474408079926, -0.4931988101199772, 0.6095505800371146, 0.6669652418720386, -1.1684931845016153, 1.0899973908483334, 0.695472037050709, 0.04007701718105694, -0.3543307647288402, 0.22283233391845036, 0.2980970214713057, -0.4446288636345517, -1.1024100213965362, 3.0551223626365456, 0.018875794749478647, -0.7735329635035522], [-0.5767124007559783, -1.964031309783472, -0.7865871580027736, -1.8550243231217363, 1.801580712116963, 0.43133862166515224, 0.43416810612861967, -0.6167533611310265, 0.829121729105393, 0.4125348048915991, -2.442112691296106, -2.688051720669704, 1.1336396806503168, -0.5859165612662465, -3.6694028222866297, 0.3369729279745588], [-2.1775240080131857, -2.0648994029232783, -3.640333256816983, 0.3711432849177799, 0.2662938206361227, 1.861231031954893, 0.10339984926353102, 0.03741235915040375, -1.319284281603145, 1.8614804592867995, -0.5920477147304519, -0.298610150976758, 1.2015844130311863, -0.23959061887408686, -0.7409185673431044, 1.3078400219127853], [0.47335893936105305, -3.0510194668805473, 0.004751197740747448, -1.2357600886774907, 0.2830436645420955, -0.34640089825999154, -1.3411622040772535, 1.6232659755486385, -2.04076236850244, -1.4180414223607112, 1.052489603336819, -0.9206443526544587, 1.3320409806731452, 2.8108762581126108, -1.417091163382032, -0.12817149209436018], [3.3884039067839202, 1.2009547884851763, -1.133269196931373, 0.2751247536258199, 0.13381467444120299, -3.097305120459135, -0.11576806293388564, 1.1514969398234849, 0.8369089988179466, -0.5180661471192771, -0.5290876744069168, 0.44629811159299937, -0.7097918452914711, -1.618213508156615, 0.39205507656015287, -0.45215564837647637], [0.23314008528282648, 1.2413715757160555, 1.168389581943209, 0.36744886759982365, -2.3611876297786285, 0.9714434172586914, -3.999487456248081, 1.8580848742144225, -1.5017002626320826, -2.122130451616063, -3.813961842348745, -0.6707681572703541, -0.045414686521141334, -0.34917854601307197, 1.6558251406922582, -0.25320830979736453], [-0.8761160196684146, -0.952566979259065, -1.0456712575983247, 0.2308326904710773, -0.2333382443967329, -1.6326305650355624, 2.0299275848635605, -3.039217982665395, -0.6356045388225482, 1.5467812337883013, -0.26238652868644197, 0.23560571047698242, 1.360655220483274, 1.394198348040931, -0.506251102277623, 1.0165669380734987], [-0.32427620513689437, -1.6109391326985425, 1.5024506353205775, 1.6119877727439151, -0.5501142849874586, -0.022534024056527935, 0.1785420209757964, -0.38928319542288836, -0.8902846760686499, 2.5207113380046167, 1.4456057456066862, -1.0141712927949582, 0.3404099678169625, -0.608585081854551, -2.7941445708176325, -1.2638900081021136], [-0.9608132505546914, -0.5072073666414127, -0.7215893829695905, -1.2165362347772468, 0.09134449539621259, -0.10907820412646463, 0.5063217875748015, -0.22141609014427038, -4.050229958440113, -2.307290010296721, 2.4251040386985823, 0.4934384089701234, 0.582331448241679, 2.667889517754026, -0.10224646875230253, 0.5119551030578077], [0.07337160674520364, 0.08707818882612894, 0.33461172320649524, 0.8188450670728875, 0.266905279930794, -0.755349284304654, -0.8490203502253544, 0.2229297283915318, -0.05300874678352696, 0.7209731246465425, 1.7306432604933524, -4.200531445767209, 2.0731240896960097, 0.7192877242072635, -0.4246328093842324, 0.05029878330073484], [-1.111732252548525, -0.07220479752745046, -0.2995436800087025, 2.7660218656511475, -2.4000520123405122, 0.06749142662845697, 0.461249620676199, 0.09128779298680179, 0.7359058903881949, 0.960834483467234, 1.4457372536115718, 0.1415137438272428, 0.8746922381672144, -2.0613349461446737, 1.229792250091485, -3.311246570712331], [-0.8728979780959816, -0.7779219330333936, -2.4466040710576813, -2.3401811270974515, -0.543957812061834, -0.015471914493347894, 0.04928074908415081, 0.34092173254114755, -0.6180278623643483, -0.8708975315649738, 3.6469686840031246, -1.2874553899637853, -0.34791934810171565, -0.40498412901151903, -0.5508806764663801, -2.240572304057584], [-1.830687711626485, -3.5856334603332147, 0.43559973304173777, 2.7301884632113156, 0.9948025735381922, 0.7412276913546997, 0.5232811328295349, -0.4397586617791396, 3.3072508759209502, 0.0016967328018430983, 1.682997389733411, -0.18824089301093044, 0.22139894177066372, 0.7837732256406521, 1.6587308399907852, 1.1534455442706548], [1.281166394217161, 0.8975049588473403, 1.0356254002976493, 0.9175940426497067, 0.7266941634588899, -0.2528375426311881, 0.6179557059179677, -0.24528145112482969, 0.4089669113989547, -1.8329920112890894, 0.5998143792159283, -0.17411623850768818, 0.9587000151467013, -1.3454423703778482, -4.318223148621039, -2.8582931530580393], [0.4659231847941744, -0.887274533564236, -0.9059155355999375, -0.6546649671045472, 1.1009523034854545, 0.23961663205284955, 2.492896039956545, -0.7383079672472233, 0.28547746822124404, 1.1134061948747958, -1.6373827391683635, 0.30011438699099213, -1.2206411321173807, 4.125109279707962, 1.9921724000809262, -1.2976726105745564], [0.10668430436482212, 2.116461591695575, -0.623733865915258, 0.16827178021691386, 0.6463355061880554, 4.382095522678727, -0.637381738235089, 1.6578542112159935, -0.9466160824046552, 0.5734192810444625, -2.8645759342057215, 1.651934654605502, 0.19650416885111543, 2.832090507720248, -0.7263353870574616, -0.7475759638385838], [-0.6736753173554337, -1.245214787649747, -0.40065185453746993, -2.36220390959921, -1.1900849415613917, -2.42271867596472, 1.4201951125556669, 0.5608940661493407, 