{"generation": 4, "fitness": 2149.9540739565236, "board_size": 10, "snake_size": 3, "input_direction_count": 8, "vision_return_type": "boolean", "network": [{"layer": "dense", "input_size": 28, "output_size": 24, "weights": [[0.08877414432038444, -0.8527289335796322, 0.29281143472229676, -0.06063057579190656, 0.2386625724582394, -0.9356762532365974, -0.04140926667441569, -0.7338692069633135, -0.7754037571755399, 0.35728852303720576, -0.44071068823991477, -0.5040731867349257, -0.08292749478573369, 0.6771743884515344, -0.9216197623649973, 0.2826804624181749, 0.15292319168528823, 0.9366826750126775, 0.7264923933232159, -0.4573639529083866, 0.26335227267821226, 0.20208841345180312, -0.3513930856690688, -1.249294351314961, -0.4719486925675678, 0.6643514135492881, 0.28617430113158715, 0.19339729928409444], [0.19369612627825528, -0.4720294086281873, 0.32540195165450037, 0.7016418832804352, -0.8902503439002547, 0.4062906815656475, 0.6579095383414515, 0.04972466237310291, -0.22799447079455182, 0.7798993088565662, 0.009178340699103504, -0.04189410198252319, -0.526380511279223, -0.47642668246717657, -0.6404586319106544, -0.6880200159361962, 0.8415694189119809, 0.8174216334127764, -0.8518077395355312, 0.8909533342760003, 0.4913913238818808, 0.5116225346357499, 0.0516992640872842, -0.8707227357687253, 0.9082373022226558, 0.8381185908823159, -0.5434995814352499, 0.13320518309494034], [-0.5326888531274239, -0.4436225544079242, 0.4813799959417342, 0.8134884871926816, -0.9540265364554039, -0.17448240989380337, -0.30289345091395625, 0.9994996828687293, -0.4008303684158514, -0.3149520944633182, 0.3654409010250754, 0.14065260598135487, 0.6514121292732402, -0.9376941864268016, 0.9477558965156561, 1.2240252617739684, -0.9253369669313507, 0.7435289765269216, -0.4979788588014351, -0.18509159791842555, 0.6216207953297457, -0.7235597603458481, -0.07453568232318608, 0.4621644562807583, 1.6423807939541035, 0.18778295251166477, 0.3517772223718607, -0.7403435096330382], [-1.147559738926856, 0.5652544366684653, -0.24714402777805877, 0.6668227661294228, 0.6120006530789681, -0.6368077017138438, -0.8095860171039366, -0.9809131628891237, 0.1726846326626621, -0.9435260543386692, -0.042783849432740606, 0.9312074358219382, -0.0832650974533573, 0.5078695553565957, 1.2803183794234738, -1.0642817085360594, 0.6575321024223728, -0.33005573395080945, 0.7549315268273136, -0.5092110128643401, 0.7668549879721613, -0.48664711128700655, -0.20492741051982133, 0.5911108334569015, -0.5593757049194081, 3.015846112495861, -0.4093645975222535, -0.8302323083786709], [0.3885076000100858, -0.28659115140799996, 0.2924979412705069, -0.7514412157105905, 0.05427195599030088, 0.7462160287135711, 0.8407324517510606, -0.8561349222539216, 0.3792131648231054, 0.09866722973245978, 0.1222259343105625, -0.8540804716098833, 0.26121034792347486, -0.619661787084339, 0.24070618484186124, 0.7636771079385594, 0.2941606684941198, -0.5605519876684382, -0.5035555753546828, 0.6982619009761186, 0.8244537236978906, -0.3848490268831213, -1.4247665662208902, -0.3251607790367119, 0.33351671106193526, 0.08103797308717153, 0.4692765585335119, -2.5636430021816556], [-1.057072503164555, -0.25283391040218106, 0.09065098824523266, 0.7913177635651072, -1.3509015991178925, 0.8705564436940156, 0.9317034907574623, 0.29693824631823884, 0.41345493253848487, 0.7598217089360313, 0.38258496348565174, -0.7725621596263359, 0.9981720304016597, -0.055454320402073654, 0.8021119214142844, -0.44862741351456004, 0.14837221831881758, 0.10881974130858033, 1.9482073161967641, 0.37586204201596196, 0.13379147958962134, -0.7512001901337928, -0.2581213232210484, 0.4301031158133062, 0.23467061758600138, 0.9173284341761591, -0.15821321853817305, 0.4119201897139837], [0.16340711981277134, -0.9249074254561005, -0.8118605123313452, -0.06968314001096387, -0.6051054751144942, 0.22491235221587647, -1.107007325623998, 0.1566253856083309, 0.4970296420984228, 0.06812599772764805, -0.5975574910590771, 0.685326131661943, -0.3100833655730877, -0.568060077373028, 0.44197974791752337, -0.23266652108542152, 0.34412150734083213, 0.4638951554012001, -0.43561877673727256, -0.10190277189262287, -0.04620744938858534, -2.4063934809350718, 0.9325555844392452, 0.4782681450189612, -1.6232155184128496, -0.7009023904897531, 0.7511068763398363, 0.26853840166796705], [-0.05739660281909087, -0.00030491052352421555, 0.042944364239578814, -0.543086705735601, 0.4340703885941375, 0.9019866735524151, 0.917802811039587, -0.9310205033981531, -0.6721960650563761, -0.7097958469281704, 2.4227419131505203, 0.9679266575378984, -0.37429107516269333, 0.42329687174831365, -0.8907285722853946, 0.47355992184870654, 0.1508770719431321, 0.023577722011391522, 0.43280217415902666, -0.5478224604138413, 0.5242378165782047, -0.6159810457846149, 2.3596025453781975, -0.4134015772372896, -1.2796700411110926, -0.8861850163671736, 0.1562692408477081, 2.229714206343067], [-0.8414738060193268, 0.36236959027845295, -0.5407824503232252, 0.27319683884378265, 0.8307487461054581, -0.07483372289844414, 0.8560138483103829, 0.11873617223435651, 0.1006727518915922, -0.7612096595297442, 0.658986629225917, -0.2719288903352679, -0.5405679545211557, 0.5693344508694118, 0.9386705275323857, 0.6673357755368365, -0.8622640451805044, -0.25140348972010496, 0.19548747009355694, 0.9524524404218055, 0.11481788690909968, -0.7423104232891424, 1.1442261862853185, -0.2733629481817248, -0.08781928403479888, 0.946041416944073, 0.1377952726191798, -0.7007604063859638], [-0.955391263391081, 0.29673312448624256, -0.15351461184168103, 1.179066759981858, -0.6775568348733503, -0.9885121397471925, -0.7035653746450294, 0.846320307585624, -0.6039459614006213, 0.748244738060573, -0.29832298506509525, 0.5870002390859581, 0.13163109493269132, -0.020736494060223487, 0.49124532352716677, -0.6516419355072884, 0.4443708688880943, 1.1447272660487215, -0.45917994468639733, 0.844995360456164, 0.6116140178372491, 0.8485521052842677, -0.7748586660805303, -0.7432416177858905, -0.9324445719330342, -0.9144428842375758, -0.6058605466018654, -0.8079205204694997], [0.9170142927107938, -0.07778627578751363, 0.1165017225451105, 0.8709847301859601, 0.31360964551644166, -0.8985922512366111, -0.9985981109713669, 0.3709450375828065, -0.946325106142744, -0.9914826727068016, -0.003544696319125906, -0.32640557434879636, -0.14080561885854026, -0.5191397007927472, 0.08802961340468651, 0.22853137330763218, -0.8366248724548055, 0.8891376881950297, 0.8478394698011618, -0.5867288111356304, 0.7480301402961111, -0.858152823419126, -0.39448966876347447, 0.6449052936880295, -0.22861026476296464, -0.978062629128333, -0.6293664470146432, -0.3160642108926097], [0.4557524834665836, -0.45484242916466977, -0.8848589979969055, 1.3047005385618013, -0.21777847044919763, 0.2126966422407941, 0.6212263496580568, -0.6901952102071285, 0.8232040453131335, 0.31122120460570923, -0.6649234073506614, -0.6088803016880708, 0.4225700130569001, 0.6260346356413757, 0.9312626948783886, 0.42997733518098125, -0.7285552681858019, -0.6954949264905836, -0.6923505180684817, -1.384944601963044, 0.6962327297288404, -0.6677174812079798, -0.40242696100491426, -1.1109883406124583, -0.33262296913994205, -1.617775913588451, 0.7427224489775233, 0.1890606812189639], [0.9245512642038214, -0.16255637249271104, 0.5855264953726758, 0.609734858403737, 0.49682737040955804, -0.5607510579636812, 0.44648573143959713, -0.35488985979840515, -1.9295999400892387, 0.09321648610640021, 0.023093152918935766, -0.21524669083208336, -0.3889263409424166, -0.6128694025515786, -0.990832614008486, 0.8829673902846287, -0.8198980369425053, -0.9864943234329255, -0.8827177845895189, -0.2608277608410454, 0.4562732451576248, 0.0815222301754801, -0.0749286137605536, 0.31049586896499903, -0.5050326343245617, 0.44979655127307505, 0.5593776881159958, 0.2584066918552479], [0.8229496408620944, 0.9050543970698961, -0.5451530408829337, 0.5279567513185077, -0.3174480706467633, -0.16563690091683725, 0.8533963748818969, -0.153348004783596, -0.9803230908066851, 