{"generation": 49, "fitness": 320656.1099105639, "board_size": 10, "snake_size": 3, "input_direction_count": 4, "vision_return_type": "boolean", "network": [{"layer": "dense", "input_size": 16, "output_size": 24, "weights": [[0.35474267840311435, -0.18204906344370708, -0.9827018074051683, 0.6923040643281682, -0.4722242760054259, 1.3291120501971863, 2.776129060891587, 1.6149386590523271, 1.8262417960067892, -0.1053265779122734, -1.1873029488977942, 0.8039187273039142, 0.5209358058470615, -0.3866868109710412, -0.5584839632032035, 2.375549994736965], [0.9372198618020755, -2.4337106934948904, -1.1925073316807717, 0.8987160876966361, 1.997205594261663, -1.4499899891882757, 0.6887630541514672, -0.8307402108607975, 0.6309914976406914, 0.6283282412183807, -2.826793385925817, 1.2673418075789615, -1.47405411668409, 1.7141836609006305, 1.430551175219812, 0.3053892245590797], [-0.7442338486366691, -1.7163017890840726, 2.5597094211558375, -4.728295165508038, 2.2630327513396318, 0.5877600616942731, 3.1453124737513436, 0.14094377233932387, 0.3353079417543421, -0.7929874261026353, -1.0117813034506367, 0.4143382835404897, -0.6188590808092418, 1.8664621753338753, -0.5241826287326637, 1.7360614734165403], [0.5539505366433062, 1.3589534455936325, 0.8660575801118864, 1.9119397290379694, -1.2043032693369704, -0.5969087995538505, 1.0445862627256577, 0.048585009617921726, 0.8947588977817944, -0.9320550147181181, 0.7815302117397024, -3.7273740135126516, -0.041863516905440434, 2.808697883077766, -0.7973604789080326, -0.34300712584421766], [-1.6394477098465652, -0.6848522709058125, -0.08532397137238323, 0.6327438007117738, 1.7137015465661183, -1.2384185566817951, -0.3735729462246042, -1.203138931581406, 3.287393441488767, -0.3735881555731525, 1.4638342895973606, 0.24113807987467806, -0.5095802998261718, -1.2431981633547622, -0.38389440933790386, 0.42453182097752934], [-1.4765840952253133, -3.109005083565834, 1.9472089211915689, 0.3075748461529325, -0.8514811798830277, 0.7974669399961263, 0.8888178656070667, -3.2853004187733115, -0.36670116976649325, 0.7238285378539625, 0.781831095578935, -0.6164623218527134, 0.5285733083047961, -1.4457953379838093, -0.1843019334860565, 0.2614016718915325], [-0.13606160661446168, 2.9658247680595045, -0.6369396456988299, 1.0866153139818655, -0.3449949025630576, -1.007361663513222, 0.2653481443341261, -1.7408067147805002, 0.793955803842936, 0.13472027397142772, 0.9238609412316918, 1.5852172334673276, -0.02914926946956986, -1.2310978886051376, 0.7571922854171675, -0.8078285633543715], [-1.7435028526646486, 1.3539664460216159, 0.21395744105111492, 1.3456094165644612, -0.9435552244004304, 0.03705270275618411, 0.7498502228586004, 0.7818820029788147, -0.6621756793128395, 0.259294851673206, 2.099102649583452, -1.7579623761930072, -1.99689820320505, -0.20011721175291297, -0.1161380253196837, -0.7098869529986609], [0.08425523456472206, 0.9113379688268382, 2.0076215461136284, -1.1490168617855945, 1.441189919461508, -1.387132499627206, 0.3258697953631544, -0.38468977389910175, -0.7114040437296263, 2.440420899372579, 1.1628987547236511, 0.964826513411227, -3.516563239482484, -0.8668117011622263, 0.9584682915974245, 2.0905449649115386], [0.6077619620163799, -3.5436513436235386, 1.8962475131164578, -1.0717570780551777, -0.29501049794862033, 0.8107826200918257, -0.13691608392806542, 2.1431610950583107, -0.6825596456228831, 1.9038092545766232, 0.5141800873646738, -0.6575192226159741, -1.8163844811185463, 1.9699200664814114, 0.8640167788609213, -0.6856586651457975], [-0.04720507724599704, -1.8151684281073335, -0.6525164773187161, -1.7811479819963874, -0.21103980054399035, -0.19696036850143572, 1.5158078562308144, 0.7446333009658943, -0.8287539262537669, 1.354478496162029, -0.22317686553079263, 1.6663865212715154, -2.42384824285896, -3.288242727827707, -0.9235637019462695, -1.355061887764871], [0.06481255676522846, 0.060666784625154735, 0.2772022774146019, 0.4481311484776568, -1.1989017301365519, 3.6865903912986235, 0.3484720161292103, 1.3374382100955182, 1.202754799829703, 4.648130041531266, 1.4555486953534174, -1.496660039829055, 0.24887878480324288, -2.33716934584966, 1.1003162087265421, -1.766218290924584], [-0.15049762210836493, -0.8802473839447258, -2.9889078072021347, -0.086936785886091, -0.8542630840655048, -0.34155877202281, 0.49375961274825897, 0.724797521371168, 0.35218525184718213, 0.6492713644226858, -0.0037307885735790927, -0.24759684637085494, 0.8637636973627529, -0.10893295772926237, 0.45068900080696733, -1.3260871285997045], [-0.7000930260213897, 0.9557165234837371, 1.6694209745272295, -3.4854759867847793, 1.3486279235721996, -1.2074453863792327, -0.5439124549630665, -3.0187919783769344, -0.8217816722815583, -1.201230693299939, -0.6484210678865729, -0.0631863484793489, 0.8792545453288052, 0.43247467153891084, -0.557739356139229, -0.014175002801281256], [-2.2725890454303577, 2.2366076532262453, 1.3732794811292686, 1.2185420573327046, -0.9947839401626316, 1.212369839480021, 0.8759267104880057, -1.152929538922095, 2.8654171899753043, 0.3824318344313242, -3.1666094876033886, -0.6566613770529147, 0.13060650839499216, 0.8565707138691796, -0.22798506652290285, 0.4557267657982873], [-0.34129539744785764, -2.9856479215830647, -0.5642777935543049, -2.0210687392611524, 0.19749431656067074, 2.1979070909911766, -0.43917134273160097, -3.0422384204424047, 1.3406728667114525, -0.26634516458355884, 1.321630302730248, -0.2832324910825734, 0.15990107197605422, -1.561770873242332, -0.904500110949849, 0.12107822565071655], [1.4229027489298156, -1.733965906680814, -1.1412728666891439, 0.543507032263369, 2.1655265561136927, 1.4860187004626564, -0.22303450499350402, 0.0987399071284587, 1.1479238821431614, -0.691726881582089, -0.22467139231354347, 0.6427080788465773, 0.11976741181292083, 3.757202238211888, -0.5887960614140473, -1.1171069898368027], [-0.6368486702189786, 0.9829928908157177, -1.7627050991789188, 1.6344438898690492, 2.045348200020624, -0.9977724575826756, 0.32725171687856913, -1.2594082284431467, 0.48258302829690436, 0.6147069263568439, -0.09148793000244204, -1.831665372636465, 0.14012953070177156, -2.1305514359363267, 0.1547541138002879, -0.19285191509943722], [0.9737964569143303, 0.5725807361673039, -1.620005589395359, -2.3940726474938296, -0.9285922561886868, -0.5682222105225769, -3.908420054539496, -3.471032806481338, -1.683926038008701, 0.04016705262747672, 0.32546028476849165, -0.6340601161254769, -1.2510128537060785, -0.7568083896139122, -0.8980758160794737, 2.341206445666063], [2.352587265647943, 0.24403506387257046, -1.6648593567373822, 2.2021336568168186, 1.3169093399785956, -0.30894208297025716, -0.8562967124234839, -3.1388646760840473, -1.6279751334001347, -0.7213565614580595, -1.1741252080857243, 0.32479064392612367, -0.023379723047148304, -0.25880567079604744, 1.6037353258703575, 1.0161415774537066], [0.22918298619883173, 3.6103420187388817, -0.35614917865594187, -0.09074615321606128, 1.207808409020266, -1.7601705631958178, 1.6551187323861845, 0.5483579752796128, 0.6664689128506012, 0.825660036550663, -0.014287136402845402, -1.0919011415970221, 3.138901701652568, 0.046031794627055866, -1.0697055272919984, 0.004319548426161779], [0.700118204024925, 2.5706672778065975, -0.9544177338349523, 1.4264218151473549, 0.9252329498531022, 2.075861794191071, -0.39271616366133033, -1.1642736680210344, 0.5076228862692996, 0.8199839543107671, -3.527502657832525, -0.591072720941473, -1.1142301242047905, -1.8266061598395817, 0.3299567717899611, 1.8367006800157732], [0.3096062450928486, 2.14731338841145, 0.5752699990335729, 2.189550866566813, 0.5437542693073463, 0.23910965432904296, -0.34971338285028797, -2.5133354018627174, 2.9375226716246075, -2.2466313044809003, -0.845613050041605, -0.07086493589425946, -1.8457693426527035, 0.19605182329259063, 0.4342561485279107, -3.92862073631629], [-1.5003081683399144, 0.49663185730602033, 0.7421355028395302, 0.8705245505222724, -0.8520466660417956, -0.5467729379934501, 0.24295106812287992, -0.49940581593958355, 