{"generation": 19, "fitness": 14627.357445794212, "board_size": 10, "snake_size": 3, "input_direction_count": 4, "vision_return_type": "boolean", "network": [{"layer": "dense", "input_size": 16, "output_size": 24, "weights": [[-0.3093450559815978, 0.5493959735680354, -0.638764383185611, -0.14700342357278218, -0.623657972853968, 0.5302419243912546, 0.7076060778119333, -0.5419984233867401, 0.16688588092937962, 1.1999566465946399, 0.6680905498309693, -0.15139291638176733, 3.1850977117097052, 0.127010185093549, -0.10846879684989652, 0.38539267315270087], [0.9941748143943889, 1.0550632480043964, -0.47576829735937065, 0.18560438778828248, 0.08079352624203939, 0.07993887665610133, 0.8795003622433997, 0.2618746032261789, -0.6127386009663804, -0.6024257391787922, -1.4986295919275336, -0.8761177822592099, -0.49874569486951215, 0.12948179357007672, -0.8173540364239114, -0.8499952311061759], [-0.10749936418564876, -0.8566353896857515, 0.8943681774128678, 0.5031672695303233, 1.3170761244218108, 2.4315331277799244, -0.8835848146825704, 0.16773923080920694, -0.6531151434446951, -1.1541415646572044, -0.2931814683960092, -4.285628551964434, -1.5059733308629484, 1.553954790722241, 0.9981552604751607, -0.2558679000397841], [0.2927986017708739, -0.6212765807338623, 0.08326775454089752, 0.05687189296742923, 0.46403762282684213, 0.2965100881113747, -1.283601288278219, 0.005559359240144418, -0.17662446842852897, 1.8552099579110253, -0.7602251510166413, -0.4408087462524377, 0.12705926887655639, 0.22994097048112272, -1.1040386992686946, -0.5628583292108172], [0.8393785267755718, 0.7549352712085613, 0.8353514644635434, 0.44056944777759566, -0.26687708770906726, -0.5008687577194948, 0.46022816817784606, 0.31188078015052845, 0.39361764834147195, -0.6363477504096213, -0.6963951305667316, 0.9152542152871954, 0.6795778797614758, 0.724711071714822, 0.2912270609579086, 0.22382519120071587], [-0.3526338731780094, 0.9291347782687878, 0.3946439434479645, 0.8226303023962578, -0.8671266518728039, -0.2446823502435871, -0.6230987230811703, -0.5238184787550761, -0.9801867817936913, 1.1601411219869269, 0.5625697112629222, -0.08393872547559167, -0.8049170847772193, 0.4056379552427324, 0.7204788504088095, -2.132459804070135], [1.347355854445827, -0.7183712372985254, -0.816343201593295, 0.8057225616041847, -0.16728871883951246, 0.7457207485849141, -0.21645881852090776, -0.4457403731443039, 0.22111069162321284, -0.5191169720771344, -0.04799268877526908, 0.5858166230319193, -0.7222773215588418, 0.09168675648958113, 0.33697900577453965, -0.13922428205378723], [-0.9116796675962531, 2.1588257326530744, -0.833825353710641, -0.9804600361488407, 0.8370415205294048, 0.8928044709654661, 0.7677879352335892, 1.4980492836482848, -2.0134206728181105, -0.3719596445603375, -0.07620470473241658, 0.941028114719954, 0.6395188508878178, -0.03927448896771568, -0.7897703093512107, 0.6598922304488171], [0.7138486780074782, -0.2512612125054076, 1.5862857480078414, -0.19484137563748538, -3.0203677237631696, 0.35783489091510845, 0.5332920660393836, 1.0811337391301492, 0.00481504591980908, -0.7001354458561995, -0.21734508873007785, -0.9611323950919954, -0.8426057330485508, -0.0161913630576338, -0.03465306325331241, 0.001681190722286896], [-0.17586576674009824, 1.524080880651778, -0.727100271255243, 0.8095193526398692, -0.5433776765445775, 0.3386807498768907, -2.0103644679870896, -0.7429932430723731, -0.9726021612651143, -0.3831448462018785, 0.447536991466712, -0.43535643606217245, 0.3441563422408363, 0.65536285181979, -0.3366206093412627, -0.021018494086408435], [0.06018291824514971, -0.8286845506429932, 0.3597605520871765, 0.010622549237726653, 0.6155188266023139, -0.14407461164411295, 1.1917016766508837, 4.610860216240954, -2.074048220671057, -0.47260273504073547, -0.24079520140178556, 0.4347863211186882, 0.8897677593219686, 0.46168891419813946, -0.2428266207366654, 0.016873720440493525], [0.44742331868907637, -0.6209174340534656, 0.5463585867838654, 0.5841429133448479, -1.9150236270715038, -0.30651820610516234, -0.39994938125452695, -0.7543988659040396, -0.16175828736986597, 0.17306617412738112, 1.8152215339547593, 0.9670749116858062, -2.648137369316464, -0.882083452803782, -0.781187784756961, -0.15313770334723897], [0.6156301776554569, 0.12325423825987536, -0.7402018808413446, 1.3926442086369026, -1.0311731798816868, -0.5155699023485651, 0.04966077926486334, -1.405268421589776, -0.8059013588462554, -0.17602435650424897, -0.042990895743148516, 0.7905783279681486, 1.1761532519092572, 2.7585215791753948, 0.06179402420396962, 0.7345100562176239], [-0.4775967133615989, 0.4505026470803468, -0.11704107534581232, -0.08606331314178339, -0.16448132515739794, 0.7869626220558685, 0.882936943202878, 0.4139047579094972, -0.23990713779228998, -2.084648304446595, 0.8408297369472474, -3.071547606807387, 0.45694124084259646, -0.8031190618935842, -0.5660969819426136, -0.08083768202533625], [1.2500334050718895, 0.6087164321308953, 0.9929217407854669, -2.4518010070582514, 0.6982621109955549, -0.6261086352084675, 1.6862751442983228, -0.5453512113933132, -0.413498469319516, 0.8637687024310479, -2.9483585985960525, 0.2606236288819104, -0.08553769353697427, -0.5602575902793021, -0.7952350238280665, -0.34671468474576894], [1.574668343840032, -0.6700365594932817, -0.39623048833585695, 0.0011915858850379824, 0.7648995416579175, -1.64320216492397, 1.1488196513621014, -0.6631703731847242, -0.4017300896464581, -0.8259810922502195, 1.0984378961851156, -0.7833522617329938, 0.7456875242275247, -1.0721668276481355, -0.136067171687692, -0.7219175890387889], [0.6081250580812003, 0.0915330946881967, 0.8768503702985426, -0.504905829333895, -0.7167756332475219, -1.302903510658746, -0.9049805098949184, 1.0523842572621707, 0.9142974743541148, 0.5455062217912265, 3.298362970783966, -1.6392092410434878, -0.08516515848592421, -0.5682384427810709, 0.39472577510415763, 0.06014164335433603], [0.7658001129868711, 1.505146831991536, -0.5781565102491382, -0.5800327596198765, -0.5320831659896057, 1.7983277662264725, 0.4184835406448073, 0.7494362907851853, 2.0350542078932308, -0.7694233975158449, 0.4596134545928734, -1.3181311393684039, -0.8225871840726371, 0.023737028790747683, 0.6032702108521633, 0.6237806746748051], [0.8849821158300419, -0.8300004599010185, -2.6462552038585505, -1.5291758437045109, 0.26596293132635024, 0.6973772860508263, 0.8038283835968956, 0.3127540954542328, 2.2878139040754437, 1.2006904341784321, -0.5356284228039625, -0.2455207056472204, -0.5270025725102823, 0.5319854366916993, -0.3566302139334758, 0.3077989838064801], [0.11771410439807806, 0.19722461593003282, -0.2868062960763321, -0.570956209577298, -0.19597695395602066, -2.3449124684404357, -0.6262876820373326, 0.9398365378514641, -0.8863930474254553, 0.08403358069588085, -0.1578416793691172, 0.005608333510428942, 0.8380907564827598, -5.431127682000782, 0.7727781825425826, 1.5451171392139544], [0.6302670509167521, -0.713838145888785, 1.006166276121136, -0.5182243552623387, 1.3101332435880417, 0.4791796411433096, -0.5396237948279374, -0.17793437600342554, 0.9014161325799355, -0.14435694023109513, 0.4544290382109022, 0.7945370683684758, -0.409668597728795, 1.341868580987684, 0.7931118976347231, 0.7577313079230401], [0.6749631834355834, 0.5758278718383478, -0.5140079407929032, 0.5417365027450889, 0.00961269456571312, 0.007064162983455843, 0.5056495486214918, 0.6346232430442034, 0.5748481054016434, 0.8831749069623445, -0.6257012505767718, 0.30620235418254516, -0.7426974534721775, 0.886821080024867, 1.9061328940761584, 0.9092438986449474], [-0.8688209918521594, -1.209284354890209, -0.12516110647301737, -0.76326205375085, -1.4708773168616995, -0.774732759133554, -0.9847692304945517, -0.8804410433223413, 0.8556273169259703, 0.3152026318635244, 0.2370249627794696, 0.768820788680008, -0.9000261370675771, 0.9716684637116855, 0.44269703342352673, -0.7988368031242138], [-0.8324376026947278, 0.22973517962212475, 0.9687068863753453, -0.08543691833388167, -0.4389702662547219, 1.207729678887497, 