{"generation": 349, "board_size": 10, "snake_size": 3, "input_direction_count": 4, "apple_return_type": "boolean", "segment_return_type": "distance", "network": [{"layer": "dense", "input_size": 14, "output_size": 18, "weights": [[-1.6559985255454928, -0.4935903599132811, -1.4375154176145435, 3.191058606275046, -1.439630049321289, -1.5634911217585423, -3.263478291630517, 3.829662159152379, -0.33200991368662125, -0.074479892400593, 0.917543531560297, -3.6172922240414604, -0.012626630185308407, -3.168457105287658], [-6.909618327905756, -2.461477505485498, -1.1411804609758374, -2.646408470648998, -2.336736807157762, -1.4214281155365898, 2.2058049837117384, 0.03375306478136911, 2.399194563464427, 0.7142402154996953, -1.1299181185842033, 0.3113897164742324, -4.469268894999587, -3.4440774061194195], [1.4398397949794357, 1.6802297290127235, 0.9204401581120614, -5.43966031794789, 8.629430965571867, -4.448924885978779, -0.7671131514635741, 1.8953082674597346, 1.7780551053299545, 4.721376173637083, -0.115822049786107, 2.8203248090811184, 3.224365052321774, -1.741168646451543], [3.8240917087724617, -0.7400584093012427, -5.249266788627016, 7.355233428345029, 9.666164207836168, 1.0809351647186376, -1.0713805190597638, -3.939890166322833, -3.2373019570558483, -0.8758496275902508, 1.378878118575254, 7.356085295554721, 0.8140650139367822, -1.5245299824232825], [2.321190027562994, -4.344789164234204, -0.5806623998776679, -2.542293856082833, 2.7176069745895495, 0.4298117015085488, 3.1487941167093663, -1.383025344727991, -4.47677441162587, -0.4505580100358699, 0.31314529780327083, 1.9595068517844203, 3.4348773098221783, -0.30533598218142743], [-3.784859201242851, 1.2722431805176961, -2.3462312043625437, -0.6543330225328925, -3.227686578790863, -1.5636735486363402, 3.6808283149939003, 0.07584532740989736, 3.0015523682614766, -0.3793703146871308, -0.13212177787709525, 0.20997303068132, -4.333180065552316, -3.646560748714328], [-2.3883160692218937, 0.20162220580609191, -1.4453838680552737, -1.2079176309872832, -3.620332879807503, 5.781193781692599, 0.6391074823630231, -0.6717516352370024, 2.3141388674246146, -3.4403933287676898, -1.4273924348426228, 0.06700657652239972, 5.547437925862642, -1.9114527350510895], [-10.050065437050815, 1.4832854643518298, -1.965541715109149, 0.6086925918763972, -1.0055333250718976, 3.7235200914010482, 8.301473800266615, 0.7867136641862829, 2.312178119796432, 0.55391118674185, 1.6620053924566995, -1.3757869595210472, -3.657993542293737, 0.2280417126524401], [-0.7314994454713772, -5.027196095848803, -0.8682597617840906, 4.053309337926482, 5.638762640198093, 1.2497817640292983, 0.004104494141405568, 0.4148777638057173, 1.345186666621843, -0.17775465956997227, -0.31425146619748423, -2.528603446362982, -5.901415920574501, 1.2955360642617224], [-0.9025571353334991, 2.064825310556716, 2.195463349248004, -4.825941773567434, 5.672096789439882, -1.753468347004925, 1.400126315411945, 2.932774359885978, 3.043433077157164, 0.41067053411435595, -1.1099007871643234, 1.7443904371758188, -2.254111080865275, 2.7718021660817627], [-11.93540649603711, -0.5772910517049306, 0.11942281134439403, 10.033861447366638, -2.8539474420641917, 2.197608685139371, -9.020389535527595, -0.35162418058665657, -3.5392994910658175, 1.9914873332190768, -2.287062629681336, -2.4202166794548856, 1.2983366087830122, -4.970574561452118], [0.09326174421260097, -0.3820626399641661, -0.2911558716753636, -2.1414733081040374, -2.903238971279838, -2.6184040595038347, -4.577265179868505, -1.46963561804108, -0.5596340647884781, -0.12943777780709753, -1.0239596717274875, -3.7239861066256665, 2.028600571772548, -3.5647779305966525], [0.4400016418242003, -2.4202345758049146, -0.7946891558330823, 5.6921384078621236, 2.0982274557887965, -3.1471763272092392, -4.244657295150375, 3.6960009868961103, 0.029368002828937034, -1.2307713811727976, 3.042808797937672, 3.2554730035161645, 3.5147343239648996, -1.4867698637672375], [-3.5083546648787047, -2.8595109073982687, -0.205042623821032, -2.997762795898014, -0.8233605739138925, -3.5299409998115667, -4.805695499187921, -0.48487485744950287, 3.159052770070666, 1.951079758677018, -2.360708448731792, -2.89836398025943, 2.5848619999059754, 2.7519568647522945], [9.94583314021733, -0.7936707772187042, 3.208272402263998, -4.432952721794165, 5.265357503246636, 2.8706348209696833, 2.104768523754564, 0.07400864072107147, -0.4825353476196794, 2.3495715899003127, 1.5110657335031188, -5.176871107105671, 3.1183958061014065, -2.779374229198351], [3.331388639622883, -2.559333922249963, -2.694850036116503, -2.0511441421520504, -3.3511208654151527, 0.3207582268026623, -1.8104971798584781, 1.4193153403207188, 0.45504344885342574, -2.2526831642489005, 4.713803275926759, 2.489971836257502, 3.5391936585756367, 3.1554099113173844], [8.06273167747609, 3.1068579369161915, -4.6247607140647595, -3.8183596332840937, -5.516639557616137, -2.120083787066922, 2.731460721641243, 0.9152252822607865, -2.9909350205500465, -2.0336598222279663, -0.7923110356329395, -2.192143091993538, 3.317927212057846, -0.5072232613343328], [3.933639953554418, -1.0477774633640649, -9.022374255336747, -3.4664520711487237, -2.9827187066457452, -3.4327464231715976, -2.927414639295703, -4.340838273362332, -1.1109413313959016, -5.050387896648808, 11.258447569199054, -11.51783211317015, 2.3684445354762973, 2.9440611650067834]], "bias": [[0.6952379806392686], [-0.10914952791147103], [0.6633502374378762], [-3.3877083072429826], [0.16911441995623083], [-0.902420799849827], [-2.3866210546393045], [0.6607814550288964], [-7.939065767698785], [-4.685706506537812], [1.5081069406260903], [1.2560391755947657], [-1.7664582159264546], [-2.7757137971861465], [0.2908543598613773], [-2.392906517043155], [-2.543800843036531], [0.6347889230843489]]}, {"layer": "activation", "activation": "relu", "activation_prime": "relu"}, {"layer": "dense", "input_size": 18, "output_size": 4, "weights": [[1.9052517282592685, 7.760613965521317, 0.1547883615785819, -1.2520679933088523, -1.106853539076263, 5.751670645883717, -6.318099403179483, 3.6867674293256383, -0.3501781438429573, -2.1036496148862307, -1.4872192992548523, 0.4905827297873745, -2.038759349827925, -1.997950005893492, -2.172128269953712, -0.33857907335306514, -2.9192461014188273, 1.2874337911223899], [1.2587421396477845, 2.004491327225652, 10.927835418177919, -0.5421431723057372, 5.214240205101591, 0.5415549793820054, -0.3421765825822401, -2.1322020412450557, -1.9119720910778724, 0.3548095092583201, -5.031352796050849, 0.3734562899209585, -2.6402049942262433, 1.0369272657409512, -0.6562653378964689, 4.72566495790168, 0.7592444972050596, -6.6286271806208505], [4.438506109639895, -0.8909349983372662, -3.780989215850172, 4.879914855307446, -5.338492394572471, 1.3470737069764778, 1.8057457882444772, -12.504368767188904, 1.0922855494982489, -2.331396950368934, 7.724959693664295, 1.8827358334335882, 4.589926728376616, 2.1983517296682873, -3.4374562953493966, 3.9568194638912613, -0.2790632014635702, -4.680300089250991], [-4.099018661684024, 1.4189137337672448, -1.1706090638399251, 0.5702982006705607, 0.9101386297167764, -0.005098972972992555, 6.107151659494628, -3.779758319063914, -1.6400739324317515, -1.217351187975293, -1.5282086885782757, 1.7058954243370978, -0.24470126348747118, -1.2627313104950337, 5.649902698682151, -0.44418420095461314, 0.2704552394014291, -0.19239138584498816]], "bias": [[-5.8717026498284834], [-0.2220789707165518], [-3.3310004799419834], [1.3213231968317019]]}, {"layer": "activation", "activation": "sigmoid", "activation_prime": "sigmoid"}]}