{"generation": 337, "board_size": 10, "snake_size": 3, "input_direction_count": 4, "apple_return_type": "boolean", "segment_return_type": "distance", "network": [{"layer": "dense", "input_size": 14, "output_size": 18, "weights": [[-0.9721221576097445, 0.020664714795291417, -4.089538629035857, 2.714165965241861, 1.5310828047463676, -4.276485371955896, -1.6677562697537884, 5.640818927577503, 0.9690681485157648, -2.654108236419303, 1.5260837796338453, -1.121951845724733, 0.9966415866021738, -3.168457105287658], [-4.474625450594828, -2.586938569817268, -1.1411804609758374, -3.288656893989248, -2.336736807157762, -1.0759353012953914, 2.2058049837117384, -0.12516616353921928, 2.399194563464427, 0.8793794258796748, -0.8678151961935576, -0.26093438572537286, -4.276431194534897, -3.090119676340239], [2.0161342463510206, 0.28244674774887824, 1.2383178344632593, -7.194900568473582, 8.210028224579668, -3.6665251589665644, 0.9373917074081172, 2.066395834402849, 0.6505600279140035, 5.37129809424431, -0.9624127767742321, 2.82461157404144, 2.5601344336410845, -1.741168646451543], [4.04361879021323, -0.7400584093012427, -5.511926779531246, 6.7671864364006336, 10.330291431330318, 0.5004791583024747, 0.10992350986221266, -2.5940224788310933, -4.542499718559534, -1.1041415039267046, 1.6419964760313832, 6.559079579074714, 0.8140650139367822, -0.25379594172242415], [3.408726837195814, -3.4136438909956888, -0.025154954454177925, -3.4286614706414476, 2.7176069745895495, -1.599959791247554, 1.6170064151418333, -2.544471429901477, -1.6577525155057677, 0.5424237429054505, 1.3714741550116858, 3.1197274809657554, 3.3091498390561047, -0.30533598218142743], [-2.845456605733409, 1.2722431805176961, 0.36450729361908807, -1.6007590952544704, -1.3979492092298336, -2.6665369967452817, 3.316055460689621, -1.8085795458751392, 2.602870954367683, -0.6249527967535464, -1.8401314662901151, 0.20997303068132, -3.4420479123224723, -6.946426172703033], [-1.359641498935316, 0.3439850087435101, 0.17744676002355542, -3.0643154058495052, -3.0670190256991394, 7.020345332029384, 1.2551584486615524, -0.3572382075867369, 2.906142541017309, -3.4403933287676898, -2.328431639090902, -1.263175933218951, 5.547437925862642, -3.192954774728494], [-10.2498854697916, 0.5310412453943875, -1.965541715109149, 0.4241021948361102, -1.0055333250718976, 4.1109312257706065, 8.301473800266615, 2.38345895710021, 2.5631918347554525, -0.456229636769726, 1.355126601773022, -2.356781353732966, -5.237304527531107, 0.2280417126524401], [-0.5779599161288664, -3.3673130997529577, -0.8682597617840906, 4.053309337926482, 4.168873768085011, 2.0232412542014844, 0.004104494141405568, 0.15456328669824204, 1.4144700010739333, -0.17775465956997227, 4.26910670518293, 1.2055101617506678, 0.6862912094835246, -1.8298842216769455], [-1.0588445668948836, 1.0437687421818216, 3.7475756721732143, -0.42290109807869936, 3.5434018582867366, -1.5199416153965009, 1.400126315411945, 2.5184566083054416, -0.8047208725442463, 1.0557353564680736, -1.1304217950572262, 2.6025340301133517, -3.4660902821145045, 2.7718021660817627], [-12.41174860519096, -0.9991335465480773, -0.5333424546852612, 11.827395981599851, -0.1793393232448327, 2.317795803334655, -10.573297426227008, -0.35162418058665657, -6.56999002046438, 2.769638094682495, -0.7441990312696183, -1.7251729473639037, 1.2983366087830122, -4.52637482448251], [-0.8490954709962901, -0.3820626399641661, -0.2911558716753636, 0.18814064342106174, -0.3709590852848471, -0.6051606650358082, -5.109884379615216, 1.0276196576151302, -0.7701377216271366, -0.12943777780709753, -1.2860463987877297, -2.1492354813799026, 0.7009851789130697, -4.551245527060311], [0.4400016418242003, 2.2704980005924935, -2.7408137013085643, 5.6921384078621236, -0.6653417564026125, -1.5356216505769948, -4.249559617980409, 0.9363557986126954, -4.069678326440764, -3.245035692840541, 5.2120369009654475, -1.8474237332581667, 4.868714640598781, -3.0463459438584746], [-6.970992735557379, -3.27764114781267, -1.6794858935762371, -1.710190873993322, 1.8065576025862091, -0.7977351165117448, 0.0035247655300003483, 2.25643128134308, 2.0630233962386364, 1.598245916111461, -2.990201568782086, -2.89836398025943, 2.0828148516601033, 4.078702012258954], [9.629236890293077, -0.5778730804983894, 4.2776383573378025, -5.258883795585665, 4.221112408686072, 1.650473435874958, 2.6736553155009037, -1.3378917764989449, 0.2689052715387872, -0.40724399410977363, -0.4266190524369884, -3.6355709815957216, 1.6175027431530213, 0.2144395750404171], [3.788086102758993, -1.106126752129478, -4.243386374154377, -3.2212151266163076, 0.6508940996295445, 0.48389279571920685, -1.8104971798584781, 0.4552175531852465, 0.44654945606758634, -2.7719009273997854, 2.887602973098863, 1.346999591212915, 4.806666095927665, 2.656373216949822], [7.208926069521735, 2.608750983610192, -2.3407283537713464, -3.6968626542919347, 0.03343386282941063, -2.8207612748839317, -0.8567463457174334, 3.1325722283222275, 0.39830716702499225, -1.938616327853989, -0.2960343551424058, -3.9081590736254594, -0.9978778367041226, 1.3414162361861643], [2.8499895989442416, -1.0477774633640649, -9.022374255336747, -4.001252721181616, -2.6737528255369076, -5.167603764489827, -1.90229717883772, -2.7222881734744484, 0.24733013048840502, -5.557880206263146, 11.269644385264739, -12.983563648149946, 2.3684445354762973, 2.9440611650067834]], "bias": [[1.616604766852904], [0.9864965968144567], [0.6633502374378762], [-2.4055379218234716], [1.6581455097522637], [-1.4456222577072397], [-2.7658167954013098], [0.29767047488955156], [-6.725630541079451], [-4.855665245374153], [1.7785263596489356], [0.28756484033868923], [-1.7747208674845563], [-2.6050314137831716], [1.0889732734776478], [-3.0587153916249994], [-1.9543794316962697], [0.6347889230843489]]}, {"layer": "activation", "activation": "relu", "activation_prime": "relu"}, {"layer": "dense", "input_size": 18, "output_size": 4, "weights": [[1.9052517282592685, 5.664277732238222, 0.7811981655770728, -1.2520679933088523, -1.654471048443864, 4.980105947583188, -3.1500922500078223, 3.0219074360812055, -1.567980781951498, -3.164515587530974, -1.389367740033486, 0.4905827297873745, -2.154565078306124, -1.997950005893492, -1.9315878691285266, 0.03668340301850054, -2.9171874435285017, 0.5041849136971449], [0.5972084941324458, 1.1799889123394438, 10.927835418177919, -2.2447754504947004, 4.522715201762186, 0.6035260696721338, -0.5332299267919283, -2.2964506803083813, -3.8122052812478473, -1.8593033061020758, -3.715385700843362, -0.6493300852398627, -2.3520362586808656, 1.859783524244898, -1.1618364814999285, 4.803148585916285, 0.42904814049480333, -5.936314289534076], [2.2101848879071477, -0.8909349983372662, -5.34174897426441, 4.071142303736406, -5.338492394572471, -0.7408657382355006, 2.1004232600930766, -13.077747212270712, 2.7173094253091192, 4.299515020102422, 7.724959693664295, 1.8827358334335882, 3.8890481659102463, 4.796752992760987, -5.157708057297542, 2.925649178776502, -1.5085941060243608, -4.155839240009574], [-4.159490304908103, 0.15278152081937435, -3.0220241217114463, -0.6366027183867528, 1.8874977956288745, -0.005098972972992555, 3.0980430483868027, -2.191568588146876, 0.053877746926916825, -0.9582988882361941, 0.8507274875564228, 0.5154925272443737, -0.9028798369588134, -2.841312988580022, 4.016187567643819, 2.4681153800837525, 1.146695661704006, 0.9727274606452767]], "bias": [[0.38365543247427164], [-2.839903877806378], [-1.3603044917418765], [3.1773585079421682]]}, {"layer": "activation", "activation": "sigmoid", "activation_prime": "sigmoid"}]}