{"generation": 334, "board_size": 10, "snake_size": 3, "input_direction_count": 4, "apple_return_type": "boolean", "segment_return_type": "distance", "network": [{"layer": "dense", "input_size": 14, "output_size": 18, "weights": [[-1.6200829805195691, -1.7545879117023981, -4.360399459675659, 4.068664573909605, 1.5310828047463676, -3.7798345516244978, -1.6677562697537884, 2.6640411218200133, -0.7718839871211789, -1.0427738809679097, 1.266307356158612, -1.4441286861795024, 1.086607984901867, -2.2014121774798703], [-6.678191224686095, 1.9341293948377343, -1.1411804609758374, -4.493520535635962, -2.336736807157762, 1.7644505871655458, 2.2058049837117384, -0.12516616353921928, 2.399194563464427, 0.8793794258796748, -0.12442785825300429, -0.9850149529444562, -3.7140445654250325, -3.646905573317322], [2.2421306999184853, -0.16116404538945517, 0.35573505859522603, -5.43966031794789, 8.336890349608092, -4.173311426216438, 0.6126831499240659, 1.5001156377222968, 1.2219995895085554, 6.063948331073128, 0.9369435602606341, 3.2242292178433014, 2.9442242999595085, -0.5172585353641544], [3.0236918121174794, -0.09253163807104059, -4.729238869648335, 5.115815543884004, 9.666164207836168, 1.583859248299564, 0.10992350986221266, -1.066047043392603, -3.626407590878572, -1.0453500084848804, 2.422913330819735, 7.233802115266339, 0.8140650139367822, -1.0924210390645033], [1.9049432111165157, -4.344789164234204, -1.4602606229942, -2.542293856082833, 2.7176069745895495, -0.4074457563892166, 2.0879723464002473, -1.383025344727991, -1.6577525155057677, -0.8484107170683391, -1.5412323283418905, 3.4121070098184205, 4.043281821651928, -0.30533598218142743], [-2.845456605733409, 1.2722431805176961, -1.5154861727038038, -0.6543330225328925, -2.310873183490039, -0.22821746778889118, 2.755888668050835, -1.8085795458751392, 2.4991996949863813, -1.216994529787144, -0.13212177787709525, -0.3154850565446804, -3.362572443358063, -3.8101492388868197], [-2.0538375330703578, 0.3439850087435101, -1.8083604738212984, -2.3518369582637146, -3.620332879807503, 4.023712641928584, 1.3728809104313546, -0.6717516352370024, 2.1556574683374032, -3.4403933287676898, 0.15515237043952634, -1.364865160706298, 5.547437925862642, -3.192954774728494], [-7.720210099221068, 1.1181367513559866, -1.965541715109149, 0.7494256628389426, -2.4221912867734803, 3.5115530062194806, 7.781204553722375, 1.895710615493241, 2.810468181923731, 0.42192108392378314, 3.730734879926297, -2.3349742911778497, -3.4978648909158663, 0.7904147297202755], [-0.4231679352248099, -1.2337624907486857, 0.935832723951129, 2.996605890636976, 5.4393762282849, 0.4917049208153308, 0.004104494141405568, -1.9024354671514017, 1.076830904413332, 0.0543928088556227, 1.1347075692749613, -2.528603446362982, -5.901415920574501, -1.0685077596189414], [-0.9025571353334991, 3.2346948121421604, 2.3310471733651847, -1.8633490820463137, 6.383703031096717, -0.3526444571048193, -3.39425343473804, 2.0380547678589194, 1.1708440291780482, 1.4421497135996262, 0.5611513303859199, 0.059047868150314486, -2.8851808011054034, -0.0861370587210599], [-11.906571866788902, -0.9991335465480773, 1.6894417700357196, 10.033861447366638, -1.1355838172541055, 2.197608685139371, -9.199071119671464, -0.35162418058665657, -6.56999002046438, 1.9914873332190768, -0.06307096019022213, -2.5982100974225197, 1.2983366087830122, -4.015471753336639], [-0.8490954709962901, -0.0873903091522461, -0.2911558716753636, -1.7406177965326315, -1.353812186814967, -0.4608715204309737, -4.7766426945784835, 0.6652267803215778, -0.0855897218892134, 0.7527444649083146, -1.2860463987877297, -2.900123131506233, 2.028600571772548, -5.121119443668339], [0.26803003278311577, 2.4495593718906026, 0.9233766893396371, 5.6921384078621236, 1.1370102400778326, -5.1949206432069195, -3.6405618040074534, 0.9300964267422531, -1.9488783709256765, -3.3980783500226623, 3.578200023855194, 3.9216810415274828, 0.7153272610406303, 2.668745969185287], [-0.8505785632240175, 1.8542308786735404, 1.3115530602406418, -1.138010268825543, -6.828446177576067, -2.044015734714688, -0.668430375182706, 2.0183795994542426, 0.6908870396539516, 2.1926569516217445, -2.9680712283174673, -2.89836398025943, 1.1189181089583318, 4.078702012258954], [9.629236890293077, -1.0650240346964868, 4.73985816447413, -3.9112141216800103, 4.858786897487891, -0.015135248196065043, 2.191157279557508, -0.09347368839866199, 0.2689052715387872, 1.2310457974234459, 1.6539857289284643, -5.176871107105671, 1.6175027431530213, -2.8433246708443796], [2.4786281235948957, -1.9762894402648181, -3.724527412982216, -3.2212151266163076, -1.230776126300129, 1.3755620398983215, -2.477252637709089, 1.4193153403207188, -0.5656619444940149, -3.012398534055291, 5.898480571792774, 2.240201290499778, 3.5391936585756367, 2.7890545137816165], [6.28211918467214, 3.2549256761819474, -2.9874360434149074, -3.2592513570978454, -3.4152321385403774, -3.0428050046872306, 1.8239737833013954, 0.5722843240152355, -2.9909350205500465, -3.0835709238425366, -1.43908619812345, -2.467575782433772, 3.3196547688522853, -0.3341468397141084], [3.542237545795726, -1.0477774633640649, -8.01688853356353, -1.2704721108205694, -2.6737528255369076, -3.000907713865301, -2.2727571966178717, -2.5547917941251854, -0.9321279313702469, -2.1020190018984, 9.769928110722478, -11.51783211317015, 2.155431570953224, 1.765575028196844]], "bias": [[1.616604766852904], [0.8247768929167074], [0.23503157016310705], [-3.3877083072429826], [1.1409239796270967], [0.9199736211808034], [-1.2390871891951734], [1.766607019841621], [-5.927962953841533], [-4.454306607917396], [1.1241249390980994], [-9.157680534894432], [-0.013324418729137033], [-2.351251599529009], [2.7294879480869074], [-2.0406560260176203], [-2.4422248736180316], [2.007644362068162]]}, {"layer": "activation", "activation": "relu", "activation_prime": "relu"}, {"layer": "dense", "input_size": 18, "output_size": 4, "weights": [[1.944459013393634, 6.916093320945004, -1.8601019287788594, -0.9170954406575267, -2.700234326940728, 3.548212442006011, -1.532043713322163, 3.4395610368313503, -2.49859793017153, -3.164515587530974, -1.389367740033486, 0.4905827297873745, -2.895751607489374, -1.997950005893492, -2.3283662360870685, 0.03668340301850054, -3.6470800868969513, -0.44011833300137226], [-0.7117211571355928, 0.915221496001245, 10.927835418177919, -0.275605662350934, 5.871096405729863, -1.7113961072304935, -0.10769571427450308, -2.1322020412450557, -3.772348246708385, -1.6990709896844487, -4.463590874186461, -0.16448352961560198, -3.642880477046149, 2.0498847918303333, -0.8562890583395324, 2.8752410862690283, 0.36058346050136647, -5.936314289534076], [1.8323190685695603, -1.1178949375732512, -2.9490017943083924, 2.9147113517035903, -1.0729328121239088, -0.8181594999679446, 1.422330053974601, -12.504368767188904, 1.0829889429121857, 0.30774254655111805, 7.724959693664295, 1.8827358334335882, 5.348145081609708, 3.481095374670559, -4.628130402208946, 2.4412955192570522, -0.4551601769837989, -2.844227633820547], [-4.159490304908103, 0.5417284090779266, -1.2363363439595378, -0.49779267632705404, 2.1468567583546694, 2.1705618932266244, 4.0461903529334595, -2.1344114737213133, -0.4624306248646446, -0.1455811892519736, -0.8339185198925471, 3.188427841211642, 0.33309598073955127, -2.9626295573708004, 4.667875615963716, 2.4681153800837525, 1.146695661704006, 0.5902948527601006]], "bias": [[-4.9122669236197405], [-3.309485724712837], [-1.3603044917418765], [0.5645256093712562]]}, {"layer": "activation", "activation": "sigmoid", "activation_prime": "sigmoid"}]}