{"generation": 318, "board_size": 10, "snake_size": 3, "input_direction_count": 4, "apple_return_type": "boolean", "segment_return_type": "distance", "network": [{"layer": "dense", "input_size": 14, "output_size": 18, "weights": [[-1.318946447772991, 1.036155277250074, -1.4375154176145435, 4.682572000118773, 1.395383283157095, -3.0098074254300964, -2.7396359361417293, 3.829662159152379, 0.9690681485157648, -0.8001583862301429, 1.266307356158612, -1.121951845724733, 0.9966415866021738, -3.168457105287658], [-4.225096982792854, -2.586938569817268, -1.1411804609758374, -2.3109778300977704, -2.336736807157762, -1.0759353012953914, 2.2058049837117384, -0.12516616353921928, 2.399194563464427, 0.8793794258796748, 0.20246605815434088, -0.26093438572537286, -3.883141731207288, -3.090119676340239], [1.7894623050785547, 0.28244674774887824, 0.35573505859522603, -6.647640042011131, 8.093674651470149, -4.448924885978779, 0.6126831499240659, 1.5001156377222968, 0.943057115781176, 6.063948331073128, -0.115822049786107, 3.2242292178433014, 2.9442242999595085, -1.741168646451543], [3.0236918121174794, -0.7400584093012427, -3.9037491663395105, 8.4340558355766, 9.666164207836168, 0.5004791583024747, 0.10992350986221266, -1.066047043392603, -3.626407590878572, -0.8758496275902508, 2.422913330819735, 6.559079579074714, 2.3722896493736996, -1.0924210390645033], [1.9049432111165157, -4.344789164234204, -0.5806623998776679, -2.542293856082833, 2.7176069745895495, 0.4298117015085488, 3.7000006969965273, -1.1685250516207688, -2.534485565954201, -0.8484107170683391, 0.31314529780327083, 2.1169690459929864, 4.270845244777169, -0.30533598218142743], [-2.845456605733409, 1.2722431805176961, -0.6324104150850586, -0.6543330225328925, -2.310873183490039, -1.5636735486363402, 4.559158602307552, -1.850614547366883, 1.9835459039793404, -0.8870074687244205, -0.13212177787709525, 0.20997303068132, -3.4420479123224723, -3.8101492388868197], [-2.3883160692218937, 0.3439850087435101, -1.0737674689232786, -2.3518369582637146, -3.620332879807503, 2.1067309213600556, 1.3728809104313546, -0.6717516352370024, 2.1556574683374032, -3.4403933287676898, -2.0856427060456775, -1.263175933218951, 5.547437925862642, -3.192954774728494], [-8.505824278416512, 0.03498612406092562, -1.965541715109149, 0.42418966411006775, -0.7335221613091034, 3.5808902684591395, 7.781204553722375, 2.66601179677811, 2.312178119796432, 0.0028064520940405124, 3.730734879926297, -0.1257374796903835, -3.4978648909158663, 0.5142229069696023], [-1.6774753166982372, -1.2337624907486857, 0.935832723951129, 2.4496248881446547, 4.7778063460360425, 0.9268561917172593, -0.6867858890539351, -0.23276010812730585, 1.9674241246761384, 2.5742312286841695, 4.8671398168984545, -0.2551977479298768, 2.1491354798696642, -1.8298842216769455], [0.9369768202253089, 1.0437687421818216, 3.041239082367726, 0.32148716303936625, 2.9285618049187967, -0.8702587548734456, 1.400126315411945, 2.5184566083054416, 2.5343076916842318, 0.7742540915644041, 0.19868904074936422, 1.7443904371758188, -2.254111080865275, 2.7718021660817627], [-11.79943872126587, 0.6007668402573338, -1.5693810870448857, 10.033861447366638, -0.4608327153777849, 2.197608685139371, -10.573297426227008, -0.35162418058665657, -6.56999002046438, 1.9914873332190768, -1.8763872246307438, -1.7251729473639037, 1.2983366087830122, -4.52637482448251], [0.09326174421260097, -0.8531342697907717, -0.2911558716753636, -1.7406177965326315, -1.353812186814967, -0.6818832622732143, -4.7766426945784835, 1.5552764112034667, -0.5596340647884781, -0.12943777780709753, -2.6689058277636457, -3.791252895211467, 1.7017048284925975, -4.551245527060311], [0.5239526038591027, 1.482028429945879, -0.06775610202130922, 5.6921384078621236, 1.0104361091801843, -3.165537459502226, -3.375730290738623, 0.9300964267422531, -2.8342549455253563, -4.220870844066092, 2.137796282202606, 2.114490448196687, 1.3688132320307544, 3.31471296359089], [-1.1190797499271075, 1.8542308786735404, -0.0003402487509209795, -1.1199643187700175, -5.839669473217548, -1.6394645228114453, 0.9573551732433919, 2.11654650877364, 0.6908870396539516, 2.9310500239964306, -2.9116776119649024, -2.89836398025943, -0.3173350370941582, 2.289469320366297], [9.46288410409626, -1.069098446787595, 5.516794664573944, -3.9112141216800103, 0.3992637357410034, 1.1769882105194283, 1.8673035250756997, -2.263024647666923, 0.5279614754005696, 0.8940998831698108, 1.8389069948042043, -3.2010299942129956, 2.581931534996818, -0.9643442064212936], [4.087209767965035, -4.067975990402115, 1.3369738081469995, -4.295170267695391, -3.413604790584292, 0.4634433110616043, 0.12163168156636761, 1.5285227060153876, -0.7261831157578391, -3.2873360191378174, 8.139142737302707, 4.2972751691620275, 2.868275074244702, -0.09346558214785727], [-0.672652560288474, 2.599695961588443, 0.7567851795014962, -3.980702899061313, -4.996045500724755, -1.2469099312816756, 1.0864674500317186, 4.823031440758082, -0.17847050855220115, -1.4159190813091207, -1.4854159464230468, -4.305543644961316, -0.2825882593310487, -0.569375258193076], [3.508538966965071, 0.07126583996418268, -6.326300988901802, -2.0354893926447817, -1.847637095005097, -3.4684316522706493, -1.2872357427229706, -2.584364589581769, -1.9163562618804442, -3.258084106372974, 11.269644385264739, -10.858188806009673, 2.7698695530012625, 2.9440611650067834]], "bias": [[1.616604766852904], [-0.10914952791147103], [0.6633502374378762], [-3.3877083072429826], [1.0166872537680103], [-0.902420799849827], [-4.267703535732413], [0.540284060378931], [-5.548904087260516], [-4.685706506537812], [1.5059146676704467], [1.2560391755947657], [-1.6079299280589536], [-2.5492705863066645], [0.2908543598613773], [-2.392906517043155], [-4.737591299810597], [0.6347889230843489]]}, {"layer": "activation", "activation": "relu", "activation_prime": "relu"}, {"layer": "dense", "input_size": 18, "output_size": 4, "weights": [[1.9052517282592685, 5.664277732238222, 0.8045291180891385, -1.2520679933088523, -1.3335096355026286, 3.7333060773378173, -3.8636703020821757, 4.608167905110259, 0.3930704370054121, -2.8307671703784325, -4.7414039454950885, 0.13505463808432638, -2.9125143156097266, -4.1902277798358245, -2.529826348978169, 0.2680670279706826, -4.420132773995463, -1.4985023315383095], [-1.711367046420954, 3.431883773516241, 10.214209975075017, 0.5108523044763322, 5.871096405729863, 0.5415549793820054, 0.1487419485402024, -1.5027351483919218, -4.204857346478391, -1.505618681317617, -4.411114674801587, 1.316728476823831, 0.7169639914701211, -0.8884673950644305, -1.0294622507956437, 3.435062505000735, 1.9130132552937438, -2.077088316087291], [0.9875440796915785, -2.392149744063297, -1.789223552115375, 4.879914855307446, -5.31190888841108, -0.8181594999679446, 1.0419795443549373, -12.504368767188904, 2.129268245959719, 0.4192627047398334, 7.724959693664295, 1.8827358334335882, 3.8890481659102463, 3.481095374670559, -5.157708057297542, 1.9386713702863134, -0.4551601769837989, -3.5767454567615067], [-4.159490304908103, 0.5417284090779266, -1.1706090638399251, 1.0477850719749864, 1.5318931526474158, 1.9297430765862194, 2.3925662235534477, -2.191568588146876, 0.053877746926916825, 0.3030955985191147, 0.8507274875564228, 0.4571539726197254, -0.24470126348747118, -0.7439814655766894, 5.2022634607700295, -0.12066937201193983, -1.2583685202966421, 0.9727274606452767]], "bias": [[-0.5952415268346984], [2.9992498519231807], [-3.8626209416774007], [0.9938663941626331]]}, {"layer": "activation", "activation": "sigmoid", "activation_prime": "sigmoid"}]}