{"generation": 310, "board_size": 10, "snake_size": 3, "input_direction_count": 4, "apple_return_type": "boolean", "segment_return_type": "distance", "network": [{"layer": "dense", "input_size": 14, "output_size": 18, "weights": [[1.2570497214148337, -0.45692295590012455, -1.4375154176145435, 4.682572000118773, -0.4716986089459918, -1.0852982755882161, -1.704303884979902, 4.0597258958934175, 0.9690681485157648, -1.8165314348833443, -1.345537891582549, -2.1665820732829046, -1.0959216491263704, -2.703862521903122], [-5.281121582016097, 3.3821373071711647, -0.9887425403083882, -3.0838322451912528, 0.12265025045858213, -0.9127831933111468, 3.374515811021452, -0.16713815953060074, 2.3090433167849316, 1.183704906175833, -4.682998401068397, -2.3081640173798514, -4.282431220778156, -3.4470878341443214], [-0.31855026407260667, 0.8724674457204795, 2.3759179843471174, -6.758466149058798, 8.636474632282221, -3.2338801676205042, -2.432656796352587, -0.48644668682874914, 1.1010771691586778, 7.023100752477953, 1.8294061301228806, 4.396650360282341, 0.6408027217041399, -0.47138031138529934], [3.854981069733979, 0.7891508626710355, -4.0178531024555895, 5.145755409101538, 8.633098438608325, -1.9875960064260068, -2.762605409363138, -0.7595150778831673, -4.366726008932229, -0.010306019950765188, 3.109549804787991, 6.459273311881098, -4.205806948856368, 2.054543011152148], [1.1059354411361153, -4.969408152858687, -0.1180989929786096, -4.391339493202695, 1.0946232529719075, 1.1056953777669825, 1.210960451338319, -0.7190209868005408, 0.04599272638562893, -2.126864854544698, -5.634341530644914, 1.8558351881925266, 4.223788404536673, 1.1002674598931546], [-2.418745539863925, 2.017124485722023, 0.2718702741807375, 0.4921727907440264, -0.1229491797819805, -1.8914374705225727, 1.2864250406691689, -1.5863721271618751, 1.4117968892251906, 0.6950861544105315, -0.13212177787709525, 0.20997303068132, -3.4420479123224723, -4.762706885408798], [-2.3883160692218937, 0.3439850087435101, -1.0737674689232786, -0.19014013861846757, -4.000264305094238, 4.023712641928584, 2.1810932142659762, -0.6717516352370024, 2.1556574683374032, -3.4403933287676898, -2.0856427060456775, -0.5874113523630121, 6.190402324006968, -3.192954774728494], [-7.720210099221068, 0.03498612406092562, -3.3096246415994273, 0.42418966411006775, -0.5750898277226086, 3.5808902684591395, 9.367299808579551, 1.1562517108637245, 2.312178119796432, 0.0028064520940405124, 3.730734879926297, -1.2123700364000165, -3.255396822357072, 0.5142229069696023], [-1.6774753166982372, -0.27932742278695744, 0.935832723951129, 2.996605890636976, 4.7778063460360425, 0.9268561917172593, -0.6867858890539351, -0.4013263579348221, 1.9674241246761384, 3.22791744932004, 5.03007046617972, -0.2551977479298768, 0.5254565448642843, -3.3148774601553184], [-0.6732176906280368, 1.0437687421818216, 3.041239082367726, 1.968588874015425, 2.9285618049187967, -1.4162425674617352, 0.05511969856690779, 2.5184566083054416, 2.5343076916842318, 0.7742540915644041, -0.19802887022033744, 1.710004950306253, -3.4247520365700783, 2.7718021660817627], [-12.344304527725207, -0.9991335465480773, 0.03610543919020959, 10.033861447366638, -1.3301309524267828, 2.1901367371580007, -10.573297426227008, -0.35162418058665657, -6.56999002046438, 1.9914873332190768, -1.2630296071680944, -1.7251729473639037, 1.2983366087830122, -4.604108203092017], [0.8525481464925495, -0.3820626399641661, 0.41734023367570783, -1.5393344202997286, -1.353812186814967, -0.6818832622732143, -4.7766426945784835, 1.249440234541703, -2.608255459779051, -1.5368554824288316, -2.5653435849992605, -2.3393893706088638, 2.028600571772548, -4.551245527060311], [0.4400016418242003, 1.482028429945879, -1.0268423890740956, 5.6921384078621236, 1.0104361091801843, -3.165537459502226, -3.6405618040074534, 0.9300964267422531, -2.8342549455253563, -3.159873129221996, 3.578200023855194, 3.408739300314271, 0.30963035622515145, 2.668745969185287], [-0.8505785632240175, 1.8542308786735404, -0.0003402487509209795, 3.3117866394947795, 1.2367803363016978, -0.8562763442380038, -1.3127029317427388, 1.392384539445049, 0.47747423491288005, 7.195701350235444, 1.8458509598123936, 0.22900860830018355, -0.9622800851572236, 2.8895944191305745], [7.3929384305918076, -1.285341471894133, 1.1093261635761367, -1.5420765516129404, -1.4309169450161292, 1.5468225099030586, 2.477640875447711, 0.2662258345500776, 0.3487855099323882, 2.970476336437049, 2.057549020590369, -2.6367495872400974, 2.581931534996818, -2.395844491867736], [4.087209767965035, -3.141996070957355, 2.236367524826842, -3.2212151266163076, -2.4202610243469342, 0.6504474858015563, -1.5102438039333699, 2.842005292944936, -0.3597698502352551, -2.271008959873656, 5.779601113690904, 0.9719009571435908, 3.5391936585756367, 1.416352722316071], [1.3015025532921798, -0.5818926924067623, 1.2673893056591652, -3.8392990710025314, -4.885769639215115, -3.8747858958423533, 2.7363983677064185, 5.14334574702606, 2.347137501005003, -1.917301591806178, -0.5889452667244667, -3.230901835173659, -0.9079190929409438, -0.569375258193076], [4.603020472877171, 1.8827670958446, -8.478802065144311, -3.6210509560130433, -1.5499525561653469, -3.193790820378047, -3.919285376842446, -2.0825237020810765, -1.9163562618804442, -3.477453890236504, 12.556334917087074, -7.800141062699509, 1.5645740595712594, 1.514532058354482]], "bias": [[1.616604766852904], [-0.10914952791147103], [-0.38199992090574353], [-4.522481236165247], [0.19727134631818477], [-1.2988519211037026], [-3.729558730766587], [0.5079508446292977], [-6.561840658569306], [-5.066989464458483], [2.1607515890285485], [-7.4689267000459285], [-1.593931390136039], [-6.246379701933273], [0.06604202169408879], [-2.452147929533253], [-2.6749888933506067], [2.9585244596047446]]}, {"layer": "activation", "activation": "relu", "activation_prime": "relu"}, {"layer": "dense", "input_size": 18, "output_size": 4, "weights": [[2.4734132327824607, 5.975080440934439, -0.4298172505092459, -0.914606005049462, 0.7636522584714037, 2.082801026679293, -3.201239089172616, 3.4329493051489597, 1.932987843014978, -3.164515587530974, -2.243511317665405, 2.814265097278422, -2.5253522364472083, -0.4344311975448868, -1.6880048061562969, 1.2815186916383643, -2.2363871378203326, -2.444319462571277], [-0.37583579672955725, 0.027254745627676158, 10.927835418177919, -0.275605662350934, 5.929389769974155, 0.640526957881569, -1.3809810563179428, -2.5228797875919136, -2.999154750787589, -1.051606091078923, -4.411114674801587, 0.6150262498862098, -2.6606554906595754, 0.6141193370272485, -1.9495185117468816, 2.5171973530233918, -2.1266931693094424, -2.8065633401844665], [1.5128372913034023, 3.7235320627501123, -0.09847967123062734, 2.9147113517035903, -1.296897869659532, -0.46571516687453673, -4.092312837118332, -9.485791229628276, 0.4607632668434052, 2.3265217406988103, 5.5766225288456415, 1.0979692339786282, 2.6106200387830283, 2.952374040641854, -4.713089488558309, 0.2603548726928485, -1.5521149033047856, -1.911664709702349], [-1.2028535412111043, 0.9573291490556406, -4.860729527111527, -3.1361739922705674, 0.025310033325150583, -0.5624429917163303, 0.18935480087961307, -1.4094382026410752, 0.5792457008172419, -0.09346864135172395, -1.0610333246611912, 0.7237864527208242, -1.414788304555254, -1.0135101447703074, 4.880232949113269, -0.6175170653750133, 0.33022946701751665, -0.08204190543101464]], "bias": [[-0.2127331513995474], [2.44681135813853], [-1.6520854525391009], [1.0369564366325077]]}, {"layer": "activation", "activation": "sigmoid", "activation_prime": "sigmoid"}]}