{"generation": 332, "board_size": 10, "snake_size": 3, "input_direction_count": 4, "apple_return_type": "boolean", "segment_return_type": "distance", "network": [{"layer": "dense", "input_size": 14, "output_size": 18, "weights": [[-1.318946447772991, 1.0350729859435361, -0.8237297020618918, 4.682572000118773, -0.9061610047830312, -2.9789514460279447, -2.7396359361417293, 3.829662159152379, 0.5771262778874533, 0.15436592578097075, -0.16381276359503238, -1.9122761149058924, -0.012626630185308407, -3.168457105287658], [-5.1655984704547775, -3.394330372904208, -1.1411804609758374, -2.3109778300977704, -2.336736807157762, -1.0759353012953914, 0.9832815811713629, -1.0592073456411377, 2.399194563464427, 0.8793794258796748, 0.20246605815434088, -0.4969405112374947, -4.384837616194702, -3.4440774061194195], [1.7894623050785547, 0.34428680836283165, 0.8188703858405673, -5.428069783964293, 8.336890349608092, -4.382486437086205, 0.6126831499240659, 2.5316499200307856, 1.3471771532375418, 4.8510738202519645, 0.35252370609050887, 3.0803044585664328, 2.9442242999595085, -2.113304725757554], [3.0236918121174794, -1.843902208686535, -5.16559747597303, 6.7671864364006336, 11.852647260016882, -1.0620806149242696, 0.10992350986221266, -1.066047043392603, -3.440920816549032, -0.8758496275902508, 2.531660965634844, 6.559079579074714, -1.7319160727258778, -1.378742751642764], [4.391050149710592, -4.344789164234204, -0.55678632004649, -2.542293856082833, 2.7176069745895495, 0.4298117015085488, 3.8683398345631033, -1.383025344727991, -2.989104852290262, -0.8484107170683391, 0.31314529780327083, 3.504229325333028, 4.7572138332267215, -0.30533598218142743], [-2.845456605733409, 1.2722431805176961, -2.072401355740141, -0.6543330225328925, -2.310873183490039, -1.5636735486363402, 3.648169508400192, -1.8085795458751392, 0.7814464730905359, -0.8870074687244205, -0.13212177787709525, 0.20997303068132, -4.333180065552316, -3.8101492388868197], [-2.3883160692218937, 1.8519273568665937, -1.0737674689232786, -2.3518369582637146, -3.620332879807503, 4.963733951853876, 1.3728809104313546, -0.6717516352370024, 0.5819792288738135, -3.5720606976913505, -1.4273924348426228, -1.263175933218951, 9.799168838175907, -3.192954774728494], [-8.157533310974996, 0.03498612406092562, -1.965541715109149, -0.325783033887727, -1.0055333250718976, 4.737686388436766, 7.313253589568425, 1.895710615493241, 2.6958048949281133, 0.55391118674185, 1.6620053924566995, -1.3757869595210472, -3.8760877413681283, 0.2280417126524401], [-1.1575130255470312, -3.3673130997529577, -0.9178091172264876, 4.053309337926482, 4.168873768085011, 0.9268561917172593, -1.708569850960697, -1.4473934721849087, 2.624104022560341, 2.5742312286841695, 5.03007046617972, -0.2551977479298768, 1.0311913117142804, -1.8298842216769455], [-0.6732176906280368, 1.0437687421818216, 3.7475756721732143, 0.6619594521512986, 3.5434018582867366, -1.4162425674617352, 1.400126315411945, 2.5184566083054416, -0.5406178831510662, 0.7742540915644041, -1.1304217950572262, 1.7443904371758188, -2.254111080865275, 2.7718021660817627], [-11.79943872126587, -0.9991335465480773, -0.5333424546852612, 10.033861447366638, -0.4608327153777849, 1.4529998572655383, -10.573297426227008, -0.766132722962573, -6.56999002046438, 2.769638094682495, -0.7441990312696183, -1.7251729473639037, 1.2983366087830122, -4.52637482448251], [-0.8245385608533232, -0.3820626399641661, -0.2911558716753636, -1.2963540575986694, -0.3709590852848471, -0.6818832622732143, -4.781272161475675, 1.249440234541703, -0.5596340647884781, -0.12943777780709753, -1.2860463987877297, -2.1492354813799026, 0.7009851789130697, -4.551245527060311], [0.4400016418242003, 2.2704980005924935, -1.6744821968367376, 6.53096705498163, 1.0104361091801843, -2.709704950065066, -4.249559617980409, 0.9363557986126954, -4.069678326440764, -1.405864042152422, 3.631172768058477, -0.37293806724491196, 0.10442103235033795, -1.5955227567339278], [-3.997178745358769, -5.7567500408476935, 0.1731453292766155, -1.391522837301039, 1.3092755094619362, -2.3309158658027314, 0.38830330704863214, 2.4533741777200833, 0.847084138865369, 5.875108592351394, -3.177830910999459, -0.1374663496588986, -0.8092549049189246, 3.545162491222311], [9.629236890293077, -0.3652754180098008, 4.73985816447413, -3.9112141216800103, 3.0414863897757565, 2.6844766173796613, 2.104768523754564, -0.09347368839866199, 0.2689052715387872, 1.7553252880800523, 2.421284554997432, -5.176871107105671, 2.0565439011698747, -3.980232141297278], [2.4786281235948957, -1.9762894402648181, 0.18732510740142894, -5.338924511841064, -4.185399267284688, 0.6685278072826426, -1.6696436329752435, 2.842005292944936, -1.8193369729926494, -0.40602066979398876, 4.315998579107504, -0.028823618810664753, 2.7620938777108406, 3.0011557863325065], [1.3713418063148466, 1.1493722601509933, 2.354465698669803, -3.980702899061313, -4.044625001557548, -2.7061506464637803, 0.8680885844876217, 5.14334574702606, -2.962767725085513, -4.203710867394902, 2.3047812540338954, -0.989089615840471, 3.317927212057846, -0.3341468397141084], [3.204825019942467, -1.0477774633640649, -7.504688019967246, -2.365661282357511, -2.6737528255369076, -2.822122277481496, -2.2727571966178717, -2.5547917941251854, -0.13102487919486072, -2.3150638488649307, 9.862026589336645, -11.51783211317015, 4.244297834197574, 1.765575028196844]], "bias": [[1.616604766852904], [1.2079798215344053], [-0.06621692105089616], [-3.6417636564811238], [0.40040228193246086], [-1.456264685464265], [-3.378938912547979], [1.4319637046487554], [-5.716187277504988], [-3.9204372183189684], [3.3958460196304183], [-6.397236292099649], [-1.3008586110107272], [-2.5492705863066645], [1.0889732734776478], [-2.0358038494961628], [-1.9543794316962697], [2.007644362068162]]}, {"layer": "activation", "activation": "relu", "activation_prime": "relu"}, {"layer": "dense", "input_size": 18, "output_size": 4, "weights": [[1.9052517282592685, 5.522009207937527, 0.9635890022234088, -1.0031858052016505, -1.654471048443864, 4.461457528332109, -3.1500922500078223, 3.6306756412164507, -2.973380726564255, -4.40429461562915, -1.389367740033486, -0.06423443442982013, -2.154565078306124, -1.7736443197273055, -3.4237347983088267, -0.9554924352948502, -4.143951095839682, -0.44011833300137226], [0.04641639241824841, 1.230370344349586, 10.927835418177919, 0.011122867564615335, 6.038075906790217, 0.5415549793820054, 0.3945346828526124, -3.980858383439392, -4.69381718263621, 0.01475089697633708, -4.831620918276008, 1.6228829319825862, -2.0260233405457897, 2.1279261139361187, -0.42458265127355677, 2.8752410862690283, -0.17527879946799219, -7.262412379165676], [2.114270340340853, -0.7265710614542691, -3.632059550540107, 2.9147113517035903, -1.296897869659532, 1.2163524910632424, -7.257924907178957, -12.085869974698275, 2.129268245959719, 0.6186520747000269, 9.158189432316828, 1.8827358334335882, 3.4345962715373064, 2.5237496240828468, -4.031579873523715, 1.9386713702863134, 1.1881353130716976, -3.6645155368851277], [-2.8542072896905415, -0.3621384991939812, -1.2363363439595378, 0.5702982006705607, 0.2342462404030714, 2.490799314407698, 5.192254553053022, -2.4423459364962365, -0.12506850223940144, 1.2890971332799743, -0.11899376471598094, 1.6079591110803197, -1.2256541747156133, -4.688441245009274, 4.964415334673961, 2.4681153800837525, 2.996747607378836, 0.5902948527601006]], "bias": [[-4.967701463055034], [4.98392772508814], [-1.9554134953342837], [0.9938663941626331]]}, {"layer": "activation", "activation": "sigmoid", "activation_prime": "sigmoid"}]}