{"generation": 283, "fitness": 1.5845632502852868e+29, "board_size": 10, "snake_size": 3, "input_direction_count": 4, "vision_return_type": "boolean", "network": [{"layer": "dense", "input_size": 16, "output_size": 24, "weights": [[4.944153497201141, 1.8014654653086175, -8.771968291324349, -1.8452469809883665, 0.26710129378837805, -5.357711461382253, 0.4022299302945147, 1.7798354250092552, -0.9233933370650007, 4.034022863257746, -3.4156593138600133, 2.706903155735775, -4.658039459318478, 2.5545365625883134, 0.2627120440522418, 1.6527162782036506], [-1.5281573804300268, -1.2653611812300107, 0.4418860366354572, -5.357385641299059, -1.464180324826321, -1.465520032125054, 2.229526234533248, -0.6858587596951623, 2.749105014140084, -1.3474687683402093, 0.107608955355877, 1.99262701666216, 2.7982857087138577, 4.340773172213625, 5.297956533441203, 1.841107702330572], [-4.349816298886284, 6.630436032151593, 0.6976557417466209, -1.2580383707778018, 2.948288718818004, -4.1287913312737174, -1.7265520908291434, -0.23602556613395143, -1.585245058984746, 4.027871412211697, -1.354034398878362, 5.433187347432412, -5.58946883091447, 1.6357321382301064, 3.258734602771638, -1.2340265136296464], [-0.20556761162021253, -4.945044733401147, -0.35585984030877404, -1.7537385520347666, 0.2776189309637035, -1.7299151547945355, 2.1966255247717723, -2.7965310516906463, -3.836883354902576, 2.1606626107619586, -5.018267377425054, -2.028221894772137, 1.8015840844943554, -0.25753989327663374, -1.9004936981564953, 1.783846171251645], [-3.2483341235345278, 0.4081860288478587, 2.1962045423000567, 2.5255403708340265, 2.454142464318499, -1.4341764003391877, -1.7676425185337359, 4.548790443504959, -2.9367824385204946, 0.8679708496694962, -2.0947720249091786, -0.6948783594034944, 1.7859547757508292, -2.495171455086184, 2.021750543045193, -4.176979432941516], [-2.4228154949448637, 2.247338636486785, -2.8416966650605007, 1.8568759612340426, 1.198891494366205, 0.13572076681909595, 0.2766482192692162, 0.21619737241122705, 0.38126503264716927, -2.921565578999056, 1.328021718818986, 1.92105741223722, -1.1804924797161083, 2.9995083432491234, 2.8510280541247526, -3.1534724974075425], [-2.302093464370828, 0.9981559048975461, -4.750894604699069, 0.6940131434704808, -2.133839369180231, 1.9010188487601112, -3.1626904034996985, 3.130071729801108, 2.1215389101775886, -1.7927467465874831, -0.3837423394760625, 2.082397276369786, 3.4019059487841528, 0.03350676651012641, -0.6416545493104429, -0.022801244472592075], [5.382653663749095, -1.7558435255282578, -2.7126268364720225, 3.738234697328586, -1.392343072950824, -2.0910632665269935, -0.38638544606646974, 0.6375272681472368, 3.765494581546048, -3.6629053665234474, -1.028761848539513, -0.9298506239964492, -3.736672090363556, -0.28362493657375576, -0.8030670037254337, -2.550738945438284], [-3.6769813401100766, -0.955284889966187, -4.3178194431652965, 3.353657912041456, 3.768643293184308, 0.4833915210608071, -5.001574151923595, -0.8737964719335498, -3.891482000222795, 0.2395060519290182, -3.2708672344564276, -1.2340751863598842, 2.0938232214050028, -1.2910702202583095, -0.5729405692235254, 0.34242566151200693], [-1.9190412102164318, -0.0483193243182965, -1.9173831431917092, -5.375854296495577, -6.314654401102267, 3.055792486242672, -2.9573882551237594, 4.416370636924903, -2.8744579841933975, 3.2694167336710365, -1.0177345163244023, 2.757879655688338, -0.3345573975898204, -0.17007934489724646, -2.302766293955437, -2.1247529493986845], [-1.3857808662593176, 2.8942971333495224, -0.6356437249127969, 0.5419587732156249, -0.4197478699249327, 2.510166283694966, 1.4304150731357148, 0.5288486323798827, 1.466252044090163, -0.5530244695332114, 2.8494302323105978, -2.092869823262354, -0.2668654152265335, -1.441094854550657, 3.0109732837279477, 0.9888763910053338], [0.09737792976954363, 3.3158332729877844, 4.706071749565724, -0.5112375824344743, 2.822037428056399, 1.0727008890751375, 1.1809308363832458, 0.5514865163428309, 1.5808669488019076, 0.09390335062733524, 8.418785553834502, 3.466346966144344, 0.42890090254666724, -1.3539805320616813, 0.102146280045879, 0.6328734764182684], [-1.9062072746297802, -3.8560402129204085, -1.8373964118952086, -6.701292194149463, -0.83579758064693, 0.6966396945501676, 1.0999276034431142, -1.6485699452703213, 2.381264311407367, -2.935904455869509, -4.633512200519337, -2.984729350319018, 0.9449349875183071, 0.0016461521450104044, -1.059918337732389, -0.01761205628362092], [4.6076274520589, -2.252134479402227, -1.4731488079010557, -5.34425323618097, -3.3154798277086366, -3.3860159567978427, -0.6276833735851581, 1.91077491982038, 0.4563666864811775, -2.45084325646323, -0.36134996184585555, 2.205559139109032, -2.674100081814914, 1.9511359008719733, -3.1986508041861965, 0.39310955361533406], [-5.455646113756782, 1.1586873640725361, -1.1888568360959715, -3.002948651056987, -0.3468466165226075, 0.19188080031056964, 0.09846330511555179, -4.786628383056243, -4.629030970169357, 1.8082378168599398, 0.8537520457675847, 0.07127312584441772, 2.7579844147970776, -5.927374465839302, 3.2546889395091956, 1.749221041022321], [-3.366029923949992, 0.510128913947991, -0.28217210263665227, 0.08084227855994652, -1.609681420596977, 1.2732623121946498, 1.7743195601506405, -4.0085894777098785, 0.8245817401001793, -2.09251889756859, 1.7056685825132802, 0.2487289768561528, -0.9020997053641673, -3.254587268827717, -0.6141815222837008, 0.7913553746399322], [-3.620787628925381, -1.8567803379816992, -2.573196638037818, -2.8140312993051366, -1.6897433488194646, 6.598974324820726, 1.389875211837092, 2.4172273648147464, -0.18362470152077925, -2.368365171621531, -4.984495586972973, -1.299227850312634, -0.19954048751566483, 1.8272202572749494, 0.4409402759899673, -2.9284937636902217], [-1.0675942728115149, 2.736082201974205, 0.4650526710512841, -1.2808567605365035, 0.265522753298179, -1.5341388493755348, 6.092495560992548, 3.113222286701929, 1.7726901771414805, -3.2716674188129535, -3.019918136775051, 3.904824503337169, -0.1446445603103344, -0.5126021808785495, 2.327345340052087, 2.360449994535943], [-3.955531546157239, -2.2470586993173254, -1.6229109374035477, 1.094320312536003, 0.8192460658528303, -1.0134195675088415, 3.305806533157328, 3.4271698975199043, -4.2238037165541575, 1.3955108376135226, 0.6843929025247215, 0.25431121035897664, -5.981081617309563, -1.3336669316320664, 3.5350990183954654, 0.001512560898425594], [-2.3773098113279874, -0.3552657662510106, -2.978592710654285, 1.7973963861095565, 0.7467085737740493, -8.495105620861448, -1.6300848926928622, 1.5325900023963723, -0.08603355140438806, -5.833906194354895, 0.09452629826559189, -0.3835699038437752, -0.592484069541058, -4.896376330845513, -0.3005940485472529, -1.656681665210495], [-1.4687855084339974, -2.5942158773755364, 4.12477234218518, 5.609527059992395, -0.8675359075373323, -0.1591963440424171, -1.5548167095814547, 1.802551412661794, 0.3899360250534248, -7.206401508700302, 0.32841522714863625, -2.2292080588066843, 12.443202950006674, -1.5381019115804535, -0.34082799239871564, 1.9396281706823844], [0.4706593589156919, -0.14974160931496172, 2.427476130929393, -1.0747047499546467, 5.020855705806477, 1.8599524160355352, 0.972619611089165, 3.1430278765160606, 1.0828939671683533, -0.27679517554622923, -0.9538075538213884, 0.9033815009716397, 0.8402646119240439, -0.8001019283831021, 0.6150229898617836, 2.2037193432644475], [2.4807194131019363, -1.62302320305369, -4.889046132817268, -0.006200207826611459, 1.0145968932234974, 2.0471775412766067, 1.2013971414583613, -0.20999904482624476, 2.8206692018933968, -4.070533452164315, 2.0622744484716966, 1.3555601336898806, 3.2602211240932433, -0.6995856917561598, 0.4485994913418263, 1.5998381918265567], [-4.59725987043725, 0.3653771945079457, -2.7139499912703444, -1.0265710506927006, -5.3586240720414615, 2.417001830125553, 4.869226461915862, -0.8291152914537498, 1.7368389935981476, -0.12507731085185814, 1.9616570504456972, -1.5479380385907835, -2.948793971585718, 