{"generation": -1, "fitness": -1, "board_size": 10, "snake_size": 3, "input_direction_count": 4, "vision_return_type": "boolean", "network": [{"layer": "dense", "input_size": 16, "output_size": 24, "weights": [[-0.8084632790366479, 0.23811009218687842, 0.004046790445226005, 0.9134633657133208, 0.3905269604875894, -0.3199989977918485, -0.6872262000817061, 0.4190307897930978, 0.13878882613306787, 1.236217543559591, -0.6925650672418739, -0.4331237495283246, -0.964306814056349, -0.15326666733474065, -0.8754315454146558, 0.6951225281535658], [-0.2788412445285919, -0.19557526659071106, 0.009676465860932898, 0.5416339003129059, 0.7244223574019886, 0.4588744930669493, -0.5326248783850676, 0.6124010140376732, 0.28726684359682053, 1.2133531029352194, -0.35702864265356854, 0.03417881578625325, -0.0213913186440205, -0.021204243360623654, -0.7847386059902788, -0.5948833892545229], [-0.7875085389285147, -0.5518677445419943, 0.4918899861699833, 0.9540734273218836, -0.5180392416186494, 0.34431078709953866, -1.16382243056781, 0.7724992378188154, 0.0404288322428721, 1.3954590863291645, -0.32882156950905, -0.3401397793101954, 0.03897920142401954, 0.5777153918314322, 0.4562104317016169, -0.3138956055920846], [-0.37980849326384986, 0.7260730749419421, 1.1022673540431498, -1.456315043205812, -0.5730639838302545, 0.18637810851356268, 0.7001386624000435, 0.7293301171182622, -0.46986897799725363, -0.19089165444260286, 0.9641723463359344, 0.15739558649369004, -0.8300725315086945, -0.14960075669841763, 0.1657204195255586, -0.8525042262109682], [0.5525080060844958, 1.0514459523289614, -0.8509979467256643, 1.6577658713717438, -0.9140965070714264, -0.26340214953863184, -1.428391349023878, -0.1998306714316005, -0.13865938832991098, -1.4695568285107612, 1.2511815740238383, 0.289053858270514, 0.6914486493397082, -1.0990405030929582, 0.998473578504201, -0.2009366878534912], [0.1311807918815645, -0.7656024829926162, 0.5877053374043303, 0.8007598728038712, 0.6345468405928911, -0.5625641464241065, -1.043404554670299, 0.312938473329214, 0.022943767095369105, -0.490516544900169, 0.951248840558013, -0.732039365424804, -0.7107292555400445, -0.4913948642095154, 0.6369215567635896, 0.5292920484297567], [0.7361211519404218, -0.9511190706870718, -0.7853029356359021, -1.067948446040063, 0.9704635390505287, -0.4879613781487276, -0.7898303261585744, -0.7009080745116019, -0.09999854010809286, -0.27964587021993054, -1.0881367730579439, -0.5459951377365599, 0.23574143664713515, 0.39268706040498674, 0.24697146589517693, 0.7523417645815766], [-0.132006130266009, -0.5027661996510385, -0.13618527643037026, 1.0989143521819267, 0.702452370182951, 0.5660107995385185, 0.3325663262195559, 0.2935924494024489, -0.7866655186057255, -0.2806823904641154, 1.0117408771298189, 0.3763150080458874, -0.25849208281331637, 0.39971515565709365, -0.3897998312686193, -0.8656299478449277], [0.33176207525924234, 0.9859003902184108, -0.21160655301584894, 0.5417283193158068, 0.44576826076031995, -0.421873825575073, 0.9536891334660256, 0.4713047631384417, 0.0418088071578218, -1.765120028762632, -0.4585721505283171, -1.16662386390918, 0.41900917277216054, 0.39347031077309214, 0.6841003967869302, 0.4143617733522461], [-0.039034331365939444, -0.4019671186932492, 0.7356228013770569, -0.7705315159590731, -0.5180970413164383, -0.007296634742083831, -0.9985455087879402, 0.5670388095045438, -0.13485110618869817, 0.3169580143471363, 0.26172695706589694, -0.33265565722578666, -0.7128477774852753, -0.6945129391143162, -0.8860959021328132, -0.9731029897436528], [0.20016390461423703, 0.7512890190840249, -0.15109293223177336, 1.157799547826235, 0.8017683249724792, -0.6117742939636578, -0.7515066022509133, -0.7443990942858443, 0.9507714865397486, 0.11921169916758766, -0.4566769525346705, 0.5481018054707228, 0.22922268948433971, 0.7965932727889459, -0.18203540904084511, -0.3220980512939766], [0.27373328412333064, 0.9276253663740701, 0.5480826422632417, -0.7627831052088588, -0.6286931331756984, 0.06691011890241694, 0.8716331539773465, -0.07061935015124843, 0.3778200784671761, 0.49382666277570825, 0.8606580974658025, 0.7191394406732877, -0.5357294631436283, 0.2956322069548107, -0.23458675347757657, 0.47461791625239835], [0.12314552252429757, -0.4226595965280009, 0.1369784034257305, -1.8124292119576637, 0.9686169868204957, -0.18089926187584607, 0.40926853322273576, -0.239882392027982, 0.8058966487649362, 0.22263797196990695, 1.1214711614469277, -0.5848465182389065, 0.7437426625755539, 0.34361263454260604, 0.8922444730569147, -0.39897545595889566], [0.537811821853723, 0.7994086312439661, 0.0246148658386125, 1.318755204310497, -0.12591742477422874, 0.5508274271942133, -0.6442761469824707, -0.6633159590314772, 0.6164276979018918, -1.4329415850042546, -0.4382695158410858, 0.35859397547055344, 0.704440703697378, 0.9132648773512568, 1.0277994970499205, -0.284489299091313], [0.07195860769553772, -0.1808782595816306, 0.05559642539768311, -1.2017343027979355, 0.048982105673115006, 0.3803129914887761, 0.32749737437123666, -0.798303522970903, 1.0375832331503343, -0.3954642765707828, 0.7245279229555575, -1.0406965289437962, -0.37374321880818107, 0.03964153238516829, 0.38892894885574214, -1.152574704680632], [-0.7035509106294573, -0.21937786283800748, -0.10462299123666699, 0.9157395376534503, 0.024188335281247086, -0.38707053314173395, 0.10172941552817824, 0.6526024246142736, -0.7453520173255681, -1.068808660379022, -0.7210945011911943, 0.2383909295365538, -0.05667873140682341, -0.7968463405991706, -0.2776206670008722, 0.5958995339393258], [0.15035425795742746, -0.24803617981011597, -0.5691651672432085, 0.1308956405801703, -0.7334533721487224, -0.3103430128821693, -0.00302957506737493, 0.25447168192085123, -0.4330245329886985, 1.1880598421750541, -1.3510990804120624, 0.9749189131925733, -0.5793805577931109, 0.5573131743113329, -0.7719551477274393, 0.8005331081677663], [0.8989621065371517, 0.8335862068757535, -0.7336620279403685, -0.35851847178520935, -0.5083231996904749, -0.12122272134904259, -0.1507490445086392, -0.05693841251358456, -0.12463974810176298, 0.07192174011339783, 0.6067836806426805, -0.1627629212655516, 0.36974022275387297, -0.7679502521484797, -0.6095502016059278, -0.825545073328949], [0.4386602722857388, 0.9032618292725616, -0.0464398496978944, -0.33862334265359856, -0.8259808069474441, 0.11534060542291148, 0.6679181705218755, -0.8512760575219207, -0.8132380159460082, 0.9775976447704355, -0.5195435457605204, 0.3178468459042811, 0.7437932015164093, -0.6883554856313134, 0.3270043427441132, -0.5915979594606301], [-0.623012674582881, -0.7204659814413431, 1.1331018472152146, 0.4534319478634127, -0.30821672498822283, -0.30497419235833756, -0.6142718878506436, 0.10211483165516921, 0.2542023304416236, 0.11295932035303655, 0.6224165657241366, -0.23400955368812087, 0.8856356197607886, -0.3417887854941707, -0.43149973086887045, -0.7420678738729316], [0.5075919358147876, 0.535701378295702, 0.8667433735716723, -0.47620575267227017, 0.1970133959210869, 0.19905770751376511, 0.10123848817321944, -0.48586963659618587, -0.8999443556435867, 0.9091889721582731, -0.5526948724506406, 0.772640163444621, 0.3409035063728954, 0.644531302261632, 0.8622346209325333, 0.0784681892634765], [-0.7116372380053757, 0.13718838205486314, 0.1199888173566015, -0.55318084695679, -0.20198426286240045, -0.5645129778836105, -0.05884528272867211, 0.10209512525315811, -0.342308890912803, 1.0922647700399708, -0.5971944886972994, -0.5930014567963922, 0.16723117781452287, -0.8241762510937869, 0.17876106954958865, 0.7430331973621213], [0.23176314429733466, -0.2879449429520758, 0.8580148865675599, 0.2623471823523369, -0.47676928185200107, -0.6987982961695577, -0.8839501888701607, -0.9980061602679549, 0.6034278459763114, 0.6822959678555781, 0.7995343254646212, -0.33405132049664743, -0.9918360356613896, 0.7983659521025586, -0.8345616577613046, 0.31311809067900664], [-0.12138434185750914, 0.3962021350610117, 0.6262024542127219, -0.03430285341456014, 0.9988027489885514, -0.44666865403785944, 