{"generation": -1, "fitness": -1, "board_size": 10, "snake_size": 3, "input_direction_count": 4, "vision_return_type": "boolean", "network": [{"layer": "dense", "input_size": 16, "output_size": 24, "weights": [[-0.740475974041798, -0.9914515072700788, 0.6301992409856975, 1.7973097727999163, -0.0043943013636750915, 0.38080927495402034, -0.842944117912867, 0.8619510968814822, -0.6882955953674854, 0.07172757829789499, 0.8060861664201807, 0.3021381659134501, 0.9621461553399658, -0.5810952178364369, 0.7103311093053855, 0.8189457584882331], [0.706997153941141, 0.054826009432337675, 0.5519460226137463, -0.5222552753956011, -0.9027238837924372, 0.7494559089851963, -1.5644630989145636, 0.08961898317305017, -0.6997377432136718, 0.6658664864107763, 0.9524668220324747, 0.8720538772038846, 1.181954560028525, -0.7842190867082665, 0.2652865647434217, 0.39949994939734174], [0.4935052090801045, 0.21162294211288993, -0.6783703295784475, -1.194058033513553, 0.7542548721687081, -1.1934381739916275, 2.994826178389264, 0.2736772738027668, 0.17479341955318645, -0.5136600814844176, -1.02219419473789, -0.40449296963139564, -0.7062386649840315, 0.5339713779989205, -1.1847050907405288, 1.1906495728737936], [-1.7633841095064877, -1.0955564069559636, -1.1295080682143965, 1.570133872611196, -0.7074973901748969, 0.3572116493097302, -0.7108526650113971, 0.10131053419525862, -0.25400401386963395, -0.5962216658419635, 1.4065515369222603, -0.5884165285002784, 0.3764277171914417, 0.20907594292304746, -0.2619421156187523, -0.5479210208801983], [1.9131890301956165, 0.22184794341075412, 0.051034179244826894, 0.46690058377511007, -0.29639576754816443, -1.0332714051238365, -0.9466136075897147, 0.3984299343117133, -1.0063462734618196, -0.29250189291941625, 1.2993463631184734, -0.8639392064227576, 0.0682916750343888, 1.2775610633843935, 0.42167130078845166, -0.4138080156201823], [0.9798920764571086, -0.9868273137503195, 0.6363050241260829, 0.6877522203066471, 0.39657802383161084, 0.735334993375425, 0.4371067800412271, 0.9975188610334742, -0.4080386122759216, -0.33545306380289996, 0.4982751503010295, -0.06437340974932851, 0.5980868945913376, -0.6529561514981942, 0.12248682568386494, 0.46168288087521686], [2.0454756137554706, -0.6543287096413533, 0.4806957375567918, 0.2978337451067045, -0.9067018930354833, -0.23520749003721161, 0.948784725124927, 0.5533544895962322, 0.972124138062875, -0.8402304992211778, 0.559114469088088, 0.2761503560954025, -0.08611713634650227, 0.17728500199824385, 0.013589882658910965, -0.08273893126062265], [0.6895165280165273, -0.9510230147317232, 0.8785034466115211, 0.13285028001374558, -0.9160013364346211, -0.2833013414487238, 0.5833275817246317, -0.06475436626399203, 0.0010300458240018993, 0.21527899650786447, -0.3570092412263149, 0.2998434306638985, 0.49956570037543835, -0.6936604178574071, -1.1129864913534357, 0.0211132673969053], [1.6716622501943876, 0.21631958804752316, -0.47227377336182996, -0.7368310665987375, -0.11180680259327067, -0.34254113248402024, -0.6788124965649287, -0.2334372531396871, -0.8440572643099341, -0.8336472064074743, 0.3468828872268576, 0.5833296121486676, 0.06213583149032821, -0.8693774104947124, -1.200965501639133, 0.3588699409237937], [3.1727568359526988, -1.2762977586166664, 0.9483503754026716, 0.6936516312440939, -0.6451330510614901, -0.6172041556772936, -0.5660686741377442, -0.7005027366450983, 0.6892979106039401, -0.5590117257536088, 0.573938359441798, 0.31780260586887604, -0.43976892323942607, 0.9481164045711892, -0.3467900771203257, -0.2856331576694311], [-0.573772118569974, 0.6020763538573297, 0.8685294953724756, -0.24315532036207863, -0.3482872913162951, -0.6958057221716756, 0.7492227513273164, 0.6639550600319981, -0.8391253055615561, 0.6436974266722699, 0.8426346848534413, 0.67127556859523, -0.04087905781206155, -0.41897331579089914, 0.8620243004704932, 0.772868599079564], [-0.18674398828351152, 0.5000489497982175, 0.8443265344442492, 0.23422805736206534, 0.021502020460690215, -0.6549421733736627, -0.36369987285189936, 0.9032536022907456, 0.6771547956807937, -0.7703597528902405, -0.63991265002715, -0.8004710713354228, 0.586664863664738, 0.5532562979030018, -0.673359754508277, -0.3190729955392849], [0.33043885418020813, 1.2335975418223772, 0.2487082532835523, -1.2130873252513574, 0.7068166225351198, 1.0488033140832285, 0.7834750661441682, 0.3562788933697908, 0.5809129288115588, 0.4939587612716375, 0.004313728497959605, 0.44666305519470106, 0.7860350313265977, -0.5624036463355802, -0.48635519061918964, -0.4227168426367907], [-0.08774900930682263, 0.6781056157174362, -1.0207331552943852, -1.7835428424302813, -0.41722071910394803, -0.35336330365334095, 1.245488444141819, -0.057631966553468424, -0.06124665881336743, 0.40855455015365394, -0.6119761512528723, -0.43705420220983565, 1.3842275852236046, 0.18903681596373567, 0.19209926071685268, -0.0766024081378353], [0.09228654410305137, -0.282065796652122, 0.3971941345633754, -1.2835401922400425, -0.5037075290096341, -0.6383212309016774, 0.3210363883519029, -0.4348247541151005, -0.3423178474980326, -0.5070799506744588, -0.7302810826967618, -0.7271811034102343, -0.2476932999270302, 0.8043651837562572, 0.8023239595008876, -0.1994830181931853], [-1.912592607192215, 1.4945887890540335, 0.23283062615097574, -0.07803404754514746, 0.9869119806451983, 0.5410936263397097, 2.4069871818663366, 0.8823834980284493, -0.7559878470648845, 0.9360305365806716, -0.6366802032754771, 0.0206607235980461, -0.12238458669019087, 0.5474596543986165, -0.4204675083752002, -0.7427013118265822], [-0.47985760372693087, -0.3391127088548052, 0.12524458843511396, -0.33077121591744696, -0.7839426726519272, 0.8258930313825436, 0.4473563513263191, 0.09384860440019399, -0.33251999243598845, -0.5377899416661589, -0.8188694214116131, -0.6965954781190964, 0.22010323541181023, -1.0205400215918685, 0.304035658307842, -0.007746267581753474], [-0.23667072380666623, 0.7866653654291853, -1.0751584598903512, -0.5008564631018709, -0.3466869216387793, 0.6303361239553236, -0.9463581786776087, -0.3561467917779123, 0.5124336619565583, 0.16407854456971394, -0.5186134275004142, -0.011743746824715136, -0.05338601367134779, -0.41386368805708185, 0.7995408959379366, -0.23254042159163615], [-1.141832077225184, 0.41271743662459054, -0.19814805893558454, 1.1778327159506252, 0.12630723862523688, 0.24268507639859238, -0.3113587038200086, 0.16982501236063566, -0.19780323103962488, -0.6146498485828361, 0.4806878225935123, -0.784762976819934, -0.7261932878847951, 1.0095264525816499, 0.05898828954204823, 0.5312085948617165], [1.6362246663055873, -0.6495169182263858, 1.084246620972881, -1.496206742584159, 0.6596009279287717, -0.843105815750165, -0.21695928037678894, -0.26051712737792077, 1.113020436567217, -0.9399424870752671, -0.744298925464252, 0.2292649064764419, 0.2135963635967376, -0.03964366727539816, 0.46755441891001676, -0.03264877943516146], [-0.9004684120047892, 0.9248938852975525, 0.3142414146405323, -0.5555015744901008, -0.19604620327583128, -0.341497290251973, -0.7098423034424455, 0.2818342656469467, 0.9522794291572104, 0.567582782132604, 0.9438384460039857, -0.7875137530862343, 1.0015819377953696, 0.21824740670174692, -0.7102477604274432, 0.932765644024219], [1.8372001964618938, 0.484624719785996, 0.5935023687833803, -1.748588530239683, 0.3072404112448225, -0.9911191056840041, -0.6528862082988036, -0.17690636889184624, 0.686250015284105, -0.028549208932458995, -1.0513275129603907, 0.4010070068475539, -0.6129227408435738, 0.354839800012954, -0.08894764018979139, -0.5323427764449454], [0.986856053654826, 0.1383616046868089, -1.1849258527797015, -0.67866570094098, -0.7455966781874415, 0.12800267293717618, -1.6341261956589337, 0.46682633668956874, 0.20168934344418277, 0.6938569377680109, 1.2493737356247778, 0.4814555703256314, -0.7742273471357387, 0.2573586046760711, 0.44427210059829125, -0.6921856699740051], [-1.7672196180853044, 0.14695987048750417, 0.42154925996534487, 0.6229755633219674, 1.0478423166565758, -0.38746252000762005, 