{"generation": 517, "board_size": 10, "snake_size": 3, "input_direction_count": 4, "apple_return_type": "boolean", "segment_return_type": "boolean", "network": [{"layer": "dense", "input_size": 14, "output_size": 18, "weights": [[-7.658346140392072, 7.6946666022408685, 0.9844601623467695, 1.2449758219275735, -3.2347238067068593, -0.15408030032056663, 5.087220737107725, 1.2826208056437125, 2.8956966300982208, 11.336260585260971, -7.264281381347116, -2.109009702849164, -3.525310930564254, 2.7764446433183276], [-3.8475584127867224, 3.995080923719196, 7.221532475388724, -14.573693518111087, 3.566109572983864, -6.340825212127537, 1.0987770226170046, -0.03605320274977164, 3.462438031436551, 0.018659579068793786, 0.13590286877249252, 6.222244351115261, 7.389621447926006, -0.9834450222176321], [4.396386203366341, -11.491178324774728, -1.24235079232066, -0.40239378386750957, -4.6878946866199485, 0.11015846344796412, 5.152955196750956, 0.36905247095220584, 2.007649575639565, -5.565359331984823, 3.121953205494559, -4.617207429277584, -3.508433763415339, 1.296594321217282], [2.6922959504544544, -0.9762420249078381, 1.0294164517205302, 4.206266576155878, 2.6073108382459322, 0.9659753556500983, 9.56163031592227, 1.8556204790526443, 1.2971835375872387, -1.2102498950034986, 2.9465702339506743, -6.417387216498283, 10.860105666971448, -2.381987108164109], [9.93936913681839, -8.529441651929032, -1.75842090948505, 5.182680587710012, 1.9700935331593457, 2.329834097914615, -7.621935689444639, -1.591639891089862, -6.241392573108101, 2.1562902292675714, 1.379956479640078, 2.8863000105011576, 6.574429438346807, -0.2308514658583074], [-1.7113237578303766, -0.6627625737578591, -1.350657049728941, 3.359760192869612, -1.474507222929539, -1.097189156513978, -7.243454775672739, 0.12910087081322846, -3.2040226620902654, 5.535304359508874, 0.4895309467077277, 2.926829771168258, -0.22215429606713133, -3.7081798181994836], [13.826411782431187, -3.5119859012643806, -0.6536713405813682, -0.3273588109483768, 0.8841116088605742, -0.7673690833607041, -7.3419284998526795, -3.804637426906822, 0.293824637451626, 3.6771224417712465, -2.879446530789992, 2.6979979174067834, 0.003558677077502681, -4.813159651995719], [0.4472846693393152, -6.01067657635207, -4.684559796433659, -1.1607592907122437, -2.783969977778005, -0.12568996830135926, 1.852983145561578, 0.42862881566096755, 1.8495472195978562, -0.6077491344614716, 1.5368927979509213, -0.610852350242913, -0.24515716624136424, -5.648548475734446], [-1.3351289066807521, -2.602007872649878, -5.844206809191878, 6.388963299923583, 0.5711275629417484, 0.94344444810631, -5.258892359044706, 2.869456772351452, -0.23783755490051584, -5.2162599389644235, -4.882090515078016, -1.0181794376506743, 4.0654293196372056, 1.4994804577894292], [9.871118635778604, -1.701285106451555, 2.9084797762882366, -6.971039982425733, -1.151469601387129, -0.18652460760677025, -4.045933117510824, 2.0027468894689973, 1.5469779276633822, -1.9899031156466727, -5.6853033177199, 1.7646881052619883, 1.7066072823200582, 2.3432681886538314], [8.472228200744919, 4.138079056115247, -5.82204164128707, 4.594684451450395, -0.9041559191335654, -3.4334865678003763, -5.406825657592658, 1.9608009485080669, 0.5209509825690786, 3.3743229642916033, 0.4853679450101813, -0.6103563736957471, -2.3341328716184524, -3.2130685694758694], [1.6205884271071394, 2.313128630955159, 3.8448504859878327, 12.011854105945801, -2.480240332093018, 2.4941817692589705, -8.067329027904448, 1.6544251390571687, -5.463307471757811, -2.1591474059068516, 2.7571301587006367, -0.459612904598169, -2.364407112751431, -6.298700299089576], [-2.038821402347443, -8.314472924313064, -2.786420679379782, -2.271043011292495, -0.17163115697782838, 2.3024157363840594, 9.460509039381435, 1.0952726718411365, -1.44327726278119, 2.6449911420982577, -0.9487012644071968, -5.141844151443708, 4.927319042767364, -4.068004263880723], [3.460943067941252, 5.826455562094359, -0.4049989723919096, -5.43811484009281, 3.256832615988147, -3.701402733554063, 4.0007124154238, 0.5126966679821027, -6.007031893128764, 0.6605652840374917, 3.461067099733042, 1.102062609369709, -2.0929357276393894, -1.3053404139994993], [-13.495958613594308, 15.797527203661717, 2.3403861322608233, 6.773254855238621, 3.730016836886636, 0.4414266668118946, 3.611433410915861, 0.7449107652014522, -1.5404031362615842, 3.4186454941269067, -5.162913148671239, 8.841416764355413, -4.627159885350343, 4.046210033807954], [3.770867279262132, -0.1718360289069114, -1.0512492009712429, -5.27817617825694, -0.13171788639512683, -1.2902014854447592, 9.501776655301127, -3.146991744417914, 2.275717322939472, -1.5235501058951537, 8.667052574462517, -1.674112142088654, 2.810709418792949, -4.856749124633356], [-1.3286892189462989, -2.171610282272862, 9.349545246987773, 3.9677918247305346, -6.22129581830783, -3.6283632544720037, -6.793046117796227, 2.124982674673457, -3.8006368415976324, 6.7035256417092, 2.755033689110145, -0.18263147105534538, -0.8720130287685061, 6.503404982086116], [-0.8674718516521278, 0.8525674815724997, -9.398664614384332, -4.051563651043228, 5.422824523052998, -0.7176283980250904, -4.165790072037848, 2.434856509308427, 1.1694502455792088, 7.163074001845537, -2.0629753301429727, 0.38701212935493634, 1.5356043851248429, -2.092957106919227]], "bias": [[-7.0155121186261775], [1.0722974387985338], [0.6824665086455286], [-0.2929215905653395], [-10.042380610072748], [-1.5326981554028174], [-3.3288536601875567], [-13.734303206390925], [-7.514296120527182], [2.5202384051419155], [-8.11705431127787], [0.9855435801407941], [-3.203640876062739], [-6.534749337958946], [4.126729214447215], [-1.0273606146088405], [-3.712547102182094], [5.996764054402628]]}, {"layer": "activation", "activation": "relu", "activation_prime": "relu"}, {"layer": "dense", "input_size": 18, "output_size": 4, "weights": [[7.095206368737767, -3.3157593687851836, -5.755549609288668, -6.7083027454678925, 1.1814039066082125, 2.7392495410412354, -7.169803638027688, 0.19200349817743956, -1.0180704377904637, -6.312696639817212, 0.1908690709261469, 1.2766967530748774, -2.9494027133578093, -1.3942736381476433, 8.114048562339718, -0.1913385475501903, -0.06620325020252316, 0.8667685473346802], [-1.8677826868932936, 7.333693118332659, -0.7259525038787962, 1.8710482769234849, 1.691547929603959, -5.525218908168452, -1.1386604609341933, 0.6571170682163507, -2.3862105691452458, 3.3530554469966485, -2.589312336899702, -14.225061212380794, 1.557750017803146, -3.856019041538997, -1.3466271444569349, 5.6310457183501805, -0.6812069367242287, -2.2289849275240696], [-1.7911083671809027, 4.372994779542699, -2.731231397255325, -5.560161634775714, 4.149604761825765, -1.2982869952295648, 8.255359217776732, -2.213896778810622, -7.551864288886172, 0.7590983593987461, 10.741313220112335, 1.3647296903765354, -3.621122679249172, -1.0234853158333515, -13.110984668446067, -8.31715906752535, -1.4517075322713553, -0.2662325989693204], [-3.7111245559648864, -5.194354528305588, 5.461444112989813, 3.4270744731387586, -2.4663899130574745, 2.2137131028520622, -4.864662226682597, 0.7561439550114207, 6.854716194142669, -4.545213561111738, -8.568904240087504, 1.6284008052443766, -3.8789053313395563, 0.8118492856560924, 6.264523314473652, -3.6935555197627723, -2.496109420768072, -3.0823339566108916]], "bias": [[-5.466466844448655], [-2.118030655126172], [3.349567823656868], [1.2698610455620927]]}, {"layer": "activation", "activation": "sigmoid", "activation_prime": "sigmoid"}]}