{"generation": 373, "board_size": 10, "snake_size": 3, "input_direction_count": 4, "apple_return_type": "boolean", "segment_return_type": "boolean", "network": [{"layer": "dense", "input_size": 14, "output_size": 18, "weights": [[-2.4453021538346427, -5.954609802160688, 0.8135840177879428, 10.711380087835252, -1.934797894208188, 9.017268028530719, -8.498426840961873, 4.522059479854372, -7.788250372148844, 0.8494717225546365, -3.779503819084789, 2.8242075605468733, 1.1942100539491394, 0.4470012634152385], [-3.207021401121847, 6.893822537958665, -2.6158926291405513, 5.075121944725161, -2.3271706432047132, -0.3157009676555539, -0.7121724854185714, -4.345151357706228, -3.211451862340568, -1.4909682541378502, 1.8278072558719791, -2.225645424830863, -0.16097014507253937, -1.1479465119781707], [-3.2671245970018643, 1.5883715203125763, -0.32299252155486413, -2.3664414559662776, -1.4558408670316214, -3.211124539575688, -2.290604694002522, -4.281616359955695, 4.692382880709462, -0.88568632196746, -1.8513824461569246, -2.048583936483699, -5.004727214039429, 1.9356748695440305], [1.1429520829064175, -7.411312458951227, -2.8364323346102136, -4.343376126138765, 2.1534609836591594, -1.119529661400427, -0.8562159599963193, 0.5878397544411921, 0.32361166806832736, 1.0866144793197214, -0.4715168958019642, -0.8543652129794703, -2.8038805110417666, 0.02915950248677618], [-0.2894302706972448, -6.711562659544075, 6.2378154960844805, -9.645685159364387, 0.6480492454424467, -1.6171992968978652, -4.840456702171625, 0.03914458413165578, -1.0496184686812673, 0.7034239293556881, 3.1123076003967425, 1.5123053145448808, 2.8637595008273, 0.721988410941859], [-8.944214212079906, 5.948170578704565, -0.7884187861534251, 5.711714308526189, 0.14005650729367244, -0.20141584820342529, 4.970846485527337, -1.0670809549943154, 1.3934760681076455, 2.7888609250918215, 0.840316823407077, 2.6473091094225816, -3.8344263412240327, 1.9648913323747783], [-5.776367755181349, 0.6609267038055413, 1.1018463701252321, 4.474450192595462, -0.42871625759518306, 0.41561762383295453, 2.606073597710649, 4.5592126641180695, 1.4776411812674248, -6.221174305493363, 5.703526419256988, 0.6945099168592576, -4.840541394087232, -4.226546856010219], [1.5366219259273657, 0.9639080301782388, 3.4251206138112122, -0.7488750947263173, -5.144760272726155, -3.436382051731363, 1.58740140358341, 1.8163298117984645, -1.702538044258516, 0.3193750608821, 1.473649162012002, -4.44991206019914, -4.3919528272962784, -1.1950001473955107], [-2.9971387105266722, -4.842019821908791, 3.12550564573096, -7.057805800509674, 0.521375203871518, -1.387521941492596, 6.474662490426389, -0.42387696110757817, 0.7835944085545741, -4.015365782780327, 1.495256120749671, -2.4858767806459183, -1.606355978465458, -3.6479432242186136], [-5.400754127110463, 0.17086975280254887, 1.4640763744872067, 10.117169036389354, -0.01329522199161412, 1.9165423612769432, 2.904272448086452, -4.6203082053942115, 0.9698453504848155, -0.909527761100026, -2.149198945990813, -1.9395678360384259, -4.397048953798433, -0.6231614843027625], [-6.458990825623151, 6.522754416433247, 0.32432421337015904, -1.4607924190889212, -1.8950618312497787, 0.030481695316407376, -5.426752755289011, -3.782907588155326, 2.4922706038512894, -0.6966965072338757, -1.2612178342178302, -0.1943286187117101, -2.1532443867047064, -4.617061078606195], [1.9232069349337584, 0.5677828719630121, -0.3279457854504961, -5.817349100881663, -0.23149038935297162, -3.1556937052773124, -5.220888027088813, -1.7573112213303284, -0.36299799135766053, 4.841007332152565, -0.6317411857661284, 2.6277582227471568, 4.591213223039362, -0.3790965907283306], [-4.052770697840101, -1.6514363195078539, 3.6584979275841, -1.701107456983296, -1.1145438927317588, 0.9570391555136062, -0.8070795082240378, 1.372695312824495, 5.511770455037692, 2.35107204620648, -3.2914757229895426, -0.4513601418823916, -2.5235177805964013, -1.2864439995572394], [2.5008936379760462, -2.6506465852180434, 1.435543815223664, -3.538719111768332, -3.794003068090215, -0.0677930343463895, 2.1342583063643237, -10.876034554502093, -1.6241808728689535, 2.1163935801713727, 1.8728775423625361, 0.4223894177137222, 0.8904647560525053, 3.980611540782624], [3.4019227679085486, 8.091324893154182, 3.3640236625674085, -4.868696920161481, -8.138155230633378, -3.0404962919518104, -0.8285414650835847, 3.8702616527595604, 1.9425525859249415, -2.9493283303699718, -3.3584892413267458, -5.736953732041925, -1.2472387913075087, 2.4568837629442575], [-3.514300502511577, 0.8137995870896809, -2.958723289707353, -0.3804307500445343, -1.3186321420852107, 5.112670907271201, 1.0407626229927662, 1.4320453554052452, 2.7826428867676816, 3.9138793678111248, -1.329857482969644, -1.3618839577197117, 2.3240743860401425, -6.768430989900205], [-0.36765192280851244, -1.4577185767400134, -0.2995804627331682, -1.4744142339097637, -5.320631838008839, -0.6942056003083873, -1.5502685523579767, 0.28531773614853384, 7.957405602499135, 0.05901575405294385, -5.235853523305868, 1.8897414076942598, 2.088816424201553, -0.08392965896723203], [11.034590971198563, -8.509634679968178, -1.2604496709024953, 4.098362170844743, -0.4084810759669561, 0.9062888086895102, -3.1435555630097918, -10.052916179031476, 3.72674305676422, -10.713864116346555, 2.176973512666361, -0.7646064568629249, -1.3310983658081144, -1.456116373866973]], "bias": [[2.7174176503562673], [0.9777294367409912], [-4.54701667551306], [-0.9445071714050891], [1.6953643665654083], [1.315888513867856], [-1.236333750166967], [-2.5487014579460583], [-4.344260740935711], [-2.2859435158143393], [-1.176815497896696], [1.654573538735099], [-3.9017539372131678], [1.5910987041666127], [-0.5158982556815395], [-4.549938826072572], [-6.387201635389931], [-1.7611175468843525]]}, {"layer": "activation", "activation": "relu", "activation_prime": "relu"}, {"layer": "dense", "input_size": 18, "output_size": 4, "weights": [[-3.8258410326896186, 0.5152669422688658, 4.570233378686281, -3.041911450921844, -2.1016567080648674, 8.045613255572555, 0.8437923616661549, -5.073482917945185, 4.446740054883684, 2.025133238587381, 3.568876000235885, -2.724619663182978, 2.1851643077356373, -3.4106061457559047, 0.2587962555833726, -0.2011446425455209, 0.22311846449185335, -0.6135208595392267], [-1.249433029534429, -7.371516731399453, -0.31698249723349026, 1.5992096264027675, 9.476145515776254, -2.827555116939057, 0.7954079204940557, -1.1231069710059742, 1.8913667687862348, -6.065453367178605, -1.4012768902656063, 6.297086917839555, 0.6845254905710316, -1.6197647618355546, 0.2958445281383556, 1.9842101751847068, -2.5579955048524257, -1.9640961590600048], [4.643148816037638, 7.2811646611532055, 1.845486302264807, -0.5235809430332311, 0.181935730721847, 3.3960727643442628, 1.467707997060459, 2.0208536335072522, 2.6265324941074595, 3.0154599234302832, 3.4425093695509026, -0.7277706548966165, 8.469866408423876, -6.0906275898913504, 0.6641881817689252, -2.7841289621999206, 1.731147739252751, -5.4832472607900975], [-4.127123263594122, -2.9075961472054557, -2.058910485787687, 6.251428760233403, -3.5429890834428055, -1.4108854565179876, -5.693386784720904, 3.9220686118911177, 2.152301141100705, -2.465431439620694, -1.7837405000102682, -2.5567317664528675, -7.89459754155466, -0.8653622202637055, 1.4035467484065822, -6.509607893342601, 1.7520043761405193, 8.401476621579503]], "bias": [[-1.1439530240964837], [4.947457373940192], [0.5931547016194418], [-1.3005954239413922]]}, {"layer": "activation", "activation": "sigmoid", "activation_prime": "sigmoid"}]}