{"generation": 375, "board_size": 10, "snake_size": 3, "input_direction_count": 4, "apple_return_type": "boolean", "segment_return_type": "boolean", "network": [{"layer": "dense", "input_size": 14, "output_size": 18, "weights": [[-1.4098504798795635, -5.208412905294984, -0.7071693565614641, 11.820701368818323, -1.3429298445350286, 7.670327044195923, -8.668612127263165, 3.275707713394102, -7.375308318372785, 0.6454635276565623, -3.8773588925966447, 3.6593389833947483, 0.5792786398980397, 0.4470012634152385], [-3.64729063287796, 7.445467111484247, -3.337117017415788, 4.396957229712994, -2.067690968216415, 0.39348838533615726, 1.3230282769247137, -5.407395107253881, -2.489312510390651, 2.255820316531881, 2.8191794207606993, -1.6436906999141583, -1.0855982876582946, 0.5621615720394604], [-2.1638696803184905, 3.357355173666255, -0.32299252155486413, -0.16420948021845572, -1.3858815966177132, -3.3531718088194955, -1.4210370157133632, -4.281616359955695, 5.333960245107633, -1.129079602762319, -3.61427703467039, 0.4049196756193371, -3.354671271647291, 3.326945414343687], [-2.759134443959139, -7.904962947108796, -0.5104222365216136, -3.7581399090582446, 0.40888800319047325, -1.103245712749516, -2.012814149584071, 4.071860833925727, -1.134940562277822, 1.7335336639280619, 0.45992903896221987, -1.2104593345929902, 1.1600119925002796, -0.573482349220735], [0.9457047035044804, -3.128220818471319, 5.242000157803322, -9.123869981101143, -0.3046413780315637, -2.130349527569526, -4.840456702171625, 0.40769545492196957, -0.659744826960444, -0.4466464909079585, 3.096723293296762, 3.2310897730841015, 2.3588970879947153, -0.7126541116219864], [-8.362377867005558, 5.648061767943793, -1.507302940992654, 5.391909788084977, -1.0340898842628383, -0.20141584820342529, 2.8769149214565553, -2.138288332245877, 0.6394700015909297, 1.9806275028644533, -2.0987153310914106, 5.019647831315149, -3.3399273744406286, 0.627856683421902], [-3.3220549158946855, 0.5153790827312743, 2.7948431960330065, 7.07030417076691, -0.41362822345937267, 0.768611078124009, 1.1001159161566614, -0.3543358697633655, 2.814041497408252, -3.007709906679334, 5.703526419256988, -1.2316178360289183, -4.591932495971328, -1.5570378185578413], [3.5320132367013257, -0.03212819500454711, 1.9121218291157567, -0.05123463748496748, -6.856992635011243, -2.9609752638274873, 1.4026262917653454, -0.08069100119682227, -2.0664758320984316, -1.3164911195999547, 0.03942991484392999, -6.113438233397237, -1.8233091071118799, -4.633944563414237], [-2.8740626319395717, -3.486311526746724, 0.5154876529407506, -5.608781067904191, -1.4216576714882352, 1.6232115541086358, 6.040374622823576, 1.2383553113499195, 0.8373728202358866, -4.193183445822335, 1.9937662781144323, -0.5125553762220973, -1.606355978465458, -4.500736713598863], [-5.2408277504075365, -0.7633554809100136, 2.7042272434903087, 9.324709937676912, 0.2581136351072735, 1.936929691899199, 2.904272448086452, -4.6203082053942115, 1.042228917399835, -0.9650247665161269, -2.2604606181892706, 0.4886432272271797, -4.397048953798433, -2.3729624376919], [-5.056813345838202, 4.618137154271545, -0.14224111040824355, 1.0383814381910454, 0.635543391824694, 0.232497026944801, -2.1831772407652124, -4.410643141622135, 1.8403667673162292, -1.9671919578757637, -1.3444983591923334, -0.08554715817353703, -3.863847331198815, -5.52399391666624], [1.7506494519854678, 2.713637698294806, 1.6625547045697595, -9.673503282733986, 0.6271079992542721, -2.362128793353872, -5.736605305305751, -3.0819710053663267, -0.9655979998000179, 9.605366219677279, -2.143286187156253, 4.285820427275345, 5.661641720184077, -0.8264951335276647], [-0.809275913610906, -1.350934210072206, 4.6184187768139155, -1.617996794650951, -0.5953377561885878, 0.9570391555136062, -1.269157695775525, 1.372695312824495, 3.5700292956378483, 3.120796706986599, -3.259222081748416, 1.5857092353479612, -2.312388386375492, -1.1498472732054075], [1.5543629045980443, -2.270332586309863, 0.11414909658585581, -2.5124159949853446, -3.75493589732376, -0.8738415775467065, 4.2297865929825225, -10.553219596187335, 0.2529415675460859, 0.8532378893398251, -4.173288720246651, 1.0744009361016547, -1.396711677704712, 5.251013198739347], [2.5181885525616603, 6.238286021558974, 4.176535728469319, -3.0567354257666923, 2.9029835603888507, -6.708742708390305, -0.48133893832138197, 2.893149933351774, -2.0423794675119433, -2.581058980039016, -3.2364219178065663, -5.736953732041925, -1.2472387913075087, 0.28356438375722626], [-2.883786043235217, 0.26746442713205987, -2.0510493453569576, 0.5748835915109674, 0.7937604522348887, 4.785769557705527, 2.0615482171913353, 3.5005992438659237, 2.4447922948219807, 0.6475884709230413, -1.329857482969644, -1.4291417954787877, 2.9149787699610723, -7.180141706194881], [0.1676128334081225, 0.20563657830560012, -4.142522588503275, -2.3037874598424044, -4.346605803858695, -1.9903699343160688, -2.476961724261175, -1.8210104134777696, 8.71705891263396, -1.7443438122956598, -6.192428512486967, 0.8112178173509799, 1.3384104534078851, 1.1232099611189206], [11.340299044708743, -6.6984021559253115, -2.971766690569295, 4.2137159927091705, 0.4396123520030251, 0.9062888086895102, -2.4139852169971014, -11.18186696495648, 3.5786992753926086, -10.713864116346555, 0.9606522058818996, -0.7646064568629249, -1.323024737744928, -1.456116373866973]], "bias": [[2.7174176503562673], [1.6898101383399273], [-5.005984291975745], [-0.9445071714050891], [1.3546253001068802], [0.7189882420500971], [0.054874954788090013], [-1.2370037639152107], [-4.525828124322594], [-2.2859435158143393], [-0.7658371362552406], [2.7249951510699004], [-4.333967426106923], [3.703247751915744], [-2.3391449255465515], [-2.110127356733241], [-5.7220751797406075], [-1.3186818878521755]]}, {"layer": "activation", "activation": "relu", "activation_prime": "relu"}, {"layer": "dense", "input_size": 18, "output_size": 4, "weights": [[-3.854160214090487, 1.7579794191031848, 2.161729396316857, -3.0853541021686857, -2.1016567080648674, 7.960228652069697, 2.227472741997506, -1.4566068591471975, 6.395890050686864, 2.025133238587381, 3.568876000235885, -2.724619663182978, 1.0599580473242105, -4.327955553843642, -1.827421745510705, -0.9273428502967632, -0.4844529189467971, -4.807289390700092], [-2.0941499879003787, -6.919926439577859, 2.568082132192336, -1.911138338294366, 9.509576968713722, -3.6971744758108653, -0.33509446064726534, -0.766835478508097, 1.8913667687862348, -6.5795359047752, -0.4527810566683139, 5.485636440223169, 2.501366225277531, -1.58912434099013, -0.3005983373219979, 0.36997503851986235, -3.340841815055869, -1.8577639097229295], [8.291913198863433, 5.970544710702126, 3.5753443139303647, 0.23706586456872125, -0.08590996537054461, 3.402089301702329, -1.7579333596560853, 2.1591355621209023, 1.1917864708044934, 2.7837274059778645, 3.7024915741439557, -2.371848694314627, 8.783904817016829, -8.418819134565545, 0.6641881817689252, -3.3913439656566986, 1.731147739252751, -5.4832472607900975], [-3.0841159287855833, -1.572184223196917, -0.6345692546062489, 2.2921101972361018, -2.9632026142407204, -1.4108854565179876, -5.693386784720904, 3.9220686118911177, 2.152301141100705, -0.6357214651565737, -2.2064162653253936, -1.7217149345656648, -5.540728617517944, -0.7206962185410228, 0.40965723407201127, -1.169512273781609, 2.032100043895392, 9.366945580825094]], "bias": [[0.43371160065746794], [4.724378454590711], [0.27693961927658983], [-0.5545228359004684]]}, {"layer": "activation", "activation": "sigmoid", "activation_prime": "sigmoid"}]}