{"generation": 515, "board_size": 10, "snake_size": 3, "input_direction_count": 4, "apple_return_type": "boolean", "segment_return_type": "boolean", "network": [{"layer": "dense", "input_size": 14, "output_size": 18, "weights": [[-7.658346140392072, 7.6946666022408685, 0.9844601623467695, 1.2449758219275735, -3.2347238067068593, -0.15408030032056663, 5.087220737107725, 1.2826208056437125, 2.8956966300982208, 11.336260585260971, -7.264281381347116, -1.3908563041485507, -3.525310930564254, 2.7764446433183276], [-3.8475584127867224, 3.995080923719196, 7.221532475388724, -14.573693518111087, 3.566109572983864, -6.340825212127537, 1.0987770226170046, -0.03605320274977164, 3.462438031436551, 0.018659579068793786, 0.13590286877249252, 6.222244351115261, 7.389621447926006, -0.9834450222176321], [4.396386203366341, -11.491178324774728, -1.24235079232066, -0.40239378386750957, -4.6878946866199485, 0.11015846344796412, 5.152955196750956, 0.36905247095220584, 2.007649575639565, -5.565359331984823, 3.121953205494559, -4.617207429277584, -3.508433763415339, 1.9909947733526532], [2.6922959504544544, -0.9762420249078381, 1.0294164517205302, 4.206266576155878, 2.6073108382459322, 0.9659753556500983, 9.56163031592227, 1.8556204790526443, 1.2971835375872387, -1.2102498950034986, 2.9465702339506743, -6.417387216498283, 10.860105666971448, -2.381987108164109], [9.93936913681839, -8.529441651929032, -2.9017941773702467, 5.182680587710012, 1.9700935331593457, 2.329834097914615, -7.621935689444639, -1.591639891089862, -6.241392573108101, 2.1562902292675714, 1.379956479640078, 2.8863000105011576, 6.574429438346807, 1.1849367051589184], [-1.635164846476605, -0.6627625737578591, -1.350657049728941, 3.359760192869612, -1.474507222929539, -1.097189156513978, -7.243454775672739, 0.12910087081322846, -3.2040226620902654, 5.535304359508874, 0.4895309467077277, 2.926829771168258, -0.22215429606713133, -3.7081798181994836], [13.826411782431187, -3.5119859012643806, -0.6536713405813682, -0.3273588109483768, 1.8196998187770976, -0.7673690833607041, -7.3419284998526795, -3.056912717905176, 0.293824637451626, 3.6771224417712465, -2.879446530789992, 2.6979979174067834, 0.003558677077502681, -4.813159651995719], [0.4472846693393152, -6.01067657635207, -4.684559796433659, -1.1607592907122437, -2.783969977778005, -0.12568996830135926, 1.852983145561578, 0.42862881566096755, 1.8495472195978562, -0.6077491344614716, 0.7694236578421112, -0.610852350242913, -0.24515716624136424, -5.648548475734446], [-2.905063859904393, -2.602007872649878, -5.844206809191878, 6.388963299923583, 0.5711275629417484, 0.94344444810631, -5.258892359044706, 2.869456772351452, -0.23783755490051584, -5.2162599389644235, -4.882090515078016, -1.0181794376506743, 4.0654293196372056, 1.4994804577894292], [9.871118635778604, -1.701285106451555, 2.9084797762882366, -6.971039982425733, -1.151469601387129, -0.18652460760677025, -4.045933117510824, 2.0027468894689973, 1.5469779276633822, -1.9899031156466727, -6.776847195302652, 1.7646881052619883, 1.7066072823200582, 2.3432681886538314], [8.472228200744919, 4.138079056115247, -5.144161236710489, 3.9407424907060298, -0.9041559191335654, -3.4334865678003763, -5.406825657592658, 1.9608009485080669, 0.5209509825690786, 3.3743229642916033, 0.4853679450101813, -0.6103563736957471, -2.3341328716184524, -3.2130685694758694], [1.6205884271071394, 2.313128630955159, 3.8448504859878327, 12.42225561296719, -3.7512559623177024, 3.449547803091593, -6.661597196890647, 2.6279406951506075, -4.153088770523481, -1.2617689580826696, -0.7925058015424608, -0.28235225061817454, -2.364407112751431, -6.243249797106071], [-1.8292502983248304, -8.314472924313064, -1.7888001945372034, -2.271043011292495, -1.7679563571494894, 1.4197612825535568, 10.334294682110949, 1.0952726718411365, -0.7463001875777604, 3.124293408817871, -2.579420322658563, -6.193475650041583, 4.927319042767364, -4.987235761757212], [2.353125175145157, 9.101899029545601, -0.4049989723919096, -4.726037706643549, 3.256832615988147, -1.3139992284494286, 4.933760675221207, 1.56076017691178, -6.66569018717615, 0.19282340758049799, 8.349269662845566, -1.1308118481348384, 2.8301540515259997, -1.0864561948377935], [-10.589665644982258, 16.451061137537124, -0.392372275375811, 5.60668405519499, 5.000790843627134, 2.485366160892261, 1.887994439286247, 0.7449107652014522, -0.708142159342031, 3.2043839472193136, -4.588418842458849, 7.621819429863226, -5.48479971268356, 3.903833026484285], [4.9502959804157864, 0.8617687140589902, -1.3971270680931966, -6.369257572655169, -0.43963824823321795, -1.6539437952694034, 10.353912121074016, -3.0978303176573077, 2.275717322939472, -2.717689218074499, 8.667052574462517, -2.875502274655215, 3.6642498609614864, -3.784067221805718], [-1.5756893604825093, -0.03614576457270713, 10.698223965091552, 1.3344897975552938, -6.258949455334667, -4.9857904448888934, -6.341980604289513, 1.676853175056883, -2.615220874629499, 6.273980140361658, 2.755033689110145, -3.7782549448183955, -1.2708223022107041, 6.503404982086116], [-0.18841007935502851, 0.8547712273242957, -11.60639892501843, -3.169998965683062, 5.442406969283313, -1.300931633251734, -3.9053069395249844, 3.6629397388419656, 3.1923151067953572, 7.163074001845537, -3.8900570238219565, 1.2696010654837393, 1.8390969448770922, -2.092957106919227]], "bias": [[-7.0155121186261775], [1.0722974387985338], [0.6824665086455286], [-0.2929215905653395], [-10.042380610072748], [-1.5326981554028174], [-2.8204083477326503], [-13.748467834464222], [-7.749169779338463], [0.639634853226078], [-10.245542132135222], [1.4913809668032019], [-1.5866729176916632], [-1.0840697409218627], [4.126729214447215], [-2.522352570688379], [-5.948448465781552], [7.1805707892777475]]}, {"layer": "activation", "activation": "relu", "activation_prime": "relu"}, {"layer": "dense", "input_size": 18, "output_size": 4, "weights": [[7.095206368737767, -3.3157593687851836, -5.755549609288668, -6.7083027454678925, 1.1814039066082125, 2.7392495410412354, -7.169803638027688, 0.19200349817743956, -1.0180704377904637, -6.312696639817212, 0.1908690709261469, 1.2766967530748774, -2.9494027133578093, -1.3942736381476433, 8.114048562339718, -0.1913385475501903, -0.06620325020252316, 0.8667685473346802], [-1.8677826868932936, 7.333693118332659, -0.7259525038787962, 1.8710482769234849, 1.691547929603959, -5.525218908168452, -2.0714596195522725, 0.6571170682163507, -3.167493796542853, 3.9840023326264893, -2.884508671977084, -14.984646836449581, 1.3844163403178356, -3.856019041538997, -1.570829226996759, 2.7828416296312106, -0.8615932361341958, -1.8305561397128758], [-0.8319256305607959, 5.4125568046227714, -3.3498769324975926, -5.844152038791522, 5.033684907102976, -2.0959992603319084, 7.865609764821204, -1.2748551279447444, -7.095673638758092, 0.8781800681530773, 10.907680818872084, -0.17249759257905173, -3.1158216440625877, 0.718045617512881, -12.27753052704047, -6.127435975455416, 1.099025644455459, -1.4001803005144473], [-3.8761684399125516, -4.563601393142509, 3.5311539746612195, 2.9613062714780836, 4.024729390017605, -0.21015539724694166, -7.350214655755433, 1.5740496985858787, 2.4935496764895673, -5.830746873659628, -7.530091153521348, 2.5248068712735634, -2.7142127074840308, -3.063336558561019, 6.854849281446681, -4.2616900071548285, -2.4073987755648307, -2.836448240549805]], "bias": [[-5.466466844448655], [-2.118030655126172], [8.016809330150851], [1.8589960659104354]]}, {"layer": "activation", "activation": "sigmoid", "activation_prime": "sigmoid"}]}