{"generation": 372, "board_size": 10, "snake_size": 3, "input_direction_count": 4, "apple_return_type": "boolean", "segment_return_type": "boolean", "network": [{"layer": "dense", "input_size": 14, "output_size": 18, "weights": [[-1.9251969786730927, -5.208412905294984, -0.2332689562788378, 11.820701368818323, -1.3429298445350286, 7.670327044195923, -8.668612127263165, 3.275707713394102, -7.375308318372785, 0.6454635276565623, -2.8943765794510985, 2.921972763213687, 0.5792786398980397, 0.4470012634152385], [-3.64729063287796, 7.445467111484247, -3.6612112649939377, 4.396957229712994, -2.241425609119892, -0.33397509790452506, 1.3230282769247137, -5.819894959083909, -3.2038920134917506, 0.9485216260342831, 1.0452140977599418, 0.2210230514729618, -1.227388126473738, -2.7404913146731396], [-3.0945275845087945, 1.7742925544819206, -2.4108227057190525, -1.00914646108436, -1.4558408670316214, -3.249518260536579, -2.6030592714227936, -3.893704290648788, 4.462186516962826, -1.340404061773751, -1.8513824461569246, 0.8276457887921767, -3.442714263302947, 1.3089215894635533], [-1.9602709099241127, -8.226878639615242, -0.5104222365216136, -5.352853457427217, -0.9521362235953955, -1.103245712749516, -2.012814149584071, 2.4235026651017355, -0.7723393066274225, 1.7335336639280619, 0.45992903896221987, -0.0805127530504611, 1.1600119925002796, -0.573482349220735], [-0.5550065184912581, -5.433640505084876, 5.242000157803322, -9.123869981101143, -0.3046413780315637, -2.76310422515798, -4.840456702171625, 1.0876677895660665, -0.659744826960444, -0.4466464909079585, 3.096723293296762, 2.042332451225878, 2.3588970879947153, -0.7126541116219864], [-8.495889769614507, 5.156204377166343, -1.507302940992654, 5.391909788084977, 0.14005650729367244, -0.20141584820342529, 2.8769149214565553, -1.0670809549943154, 1.6272460877336417, 2.353079973571477, -2.0987153310914106, 3.1040133464546034, -3.548871322776418, 0.627856683421902], [-5.776367755181349, 0.5153790827312743, 2.7948431960330065, 4.868413038140374, -0.41362822345937267, 0.768611078124009, 0.9278242654256417, 2.032001683106212, 2.814041497408252, -4.142119445268547, 4.658199270268923, -0.30810117359779954, -5.728676927685359, -2.2335658138678425], [2.005167639238591, 1.6309341121761178, 0.7662293597966288, -0.05123463748496748, -5.144760272726155, -2.9609752638274873, -0.6370606968910688, 5.92662522282064, 1.13888416310996, -1.5018160436383887, 2.117968666748868, -5.604540661426852, -1.358062641678352, 1.7979265976840488], [-0.39863650218433166, -4.095974025278644, 3.0947488070316505, -7.222279900251997, -0.23907979743906235, 0.18464439749621198, 6.040374622823576, 0.21209275113697207, -0.7344535422375071, -3.716704788413483, -0.1275774108724863, -1.9365075393281508, -1.606355978465458, -4.099915709114068], [-5.400754127110463, 0.17086975280254887, 1.4640763744872067, 9.324709937676912, -0.01329522199161412, 3.400978078201182, 2.904272448086452, -4.6203082053942115, 1.1944872673496723, 0.5512455349793622, -2.6832119595790203, -1.5941362610056744, -4.397048953798433, -0.6231614843027625], [-4.5601114813009405, 3.9956735902219482, 0.32432421337015904, 0.1787215360433505, 0.7571909270295812, 1.4324910634747645, -3.668811771310687, -3.8279508078324818, 1.8403667673162292, -2.8870418536918594, -1.2612178342178302, -0.604546387074543, 1.7431683729965048, -4.386744124518285], [1.7506494519854678, 1.2255130964842287, 0.5937921186573832, -6.7392057047994545, -0.8739718176117701, -2.5489600338812894, -4.72578705018892, -3.039648751948031, 0.9064059732641347, 6.169546536335609, -2.143286187156253, 3.437725278400207, 4.591213223039362, -0.8264951335276647], [-2.645102916957732, -1.350934210072206, 3.732032478121762, -1.617996794650951, -0.3336480377439991, 4.47239232130431, -0.7627252642802298, 1.372695312824495, 3.3957281614419927, 2.35107204620648, -4.392714815853383, -1.2151040655631722, -2.4884738936742083, -0.8053874115469339], [2.387122850380484, -1.7091743819643024, 0.2255782157766435, -2.9347001331122815, -3.75493589732376, -0.0677930343463895, 1.7634102488864811, -8.50915099645383, 0.2529415675460859, 2.01232987523884, -2.8855156339082977, -0.5380592406943823, -1.396711677704712, 4.645450549447649], [1.8314876053821034, 5.963612797687597, 0.7818663436403284, -6.621665302259546, 2.9029835603888507, -7.207951640268287, -0.6817155543823548, 3.8702616527595604, 0.8026650830389567, -3.1106933186248917, -2.8904433048712215, -2.9242705329327, -2.4984365298126807, 1.0704567557642601], [-4.105163460288884, -0.8812837306312697, -2.8937311035504685, -1.0044964524949902, -4.0085841530613155, 5.112670907271201, 2.6600250990759333, 1.3953162064122562, 2.9565934850124576, 2.2450214712387346, -2.662063911293669, -1.294642752774058, 2.6787164826040426, -6.526673691374716], [-0.10686741622163819, -0.29578968619384494, -1.0661318095607681, -1.0582658907857163, -6.141451015381283, -0.6596362815602821, -2.7261615477327257, 0.9849956356479274, 8.971104495047102, 0.36432532345226587, -6.935486370077476, 1.8212728107467597, 2.088816424201553, 0.14737807391051458], [10.374064693413043, -3.154934875554192, -1.2604496709024953, 6.778558921217971, -0.4400331384446869, 1.8976728842966315, 1.1812576677233328, -8.935146905026329, 4.932823862189858, -10.965552243039518, 4.118073595162912, -0.2800764871104453, -0.2632331303321349, 0.9999072035315202]], "bias": [[2.7174176503562673], [1.6898101383399273], [-4.54701667551306], [-0.6540385236005481], [1.263345075001421], [1.315888513867856], [-1.1026721003083448], [-3.1381958942783097], [-4.525828124322594], [-2.2859435158143393], [1.135113679090046], [2.5577363738472263], [-3.1864261863675867], [0.4027223052270532], [-2.4711031428941075], [-1.27730615987186], [-4.379698177295991], [-2.51815969141748]]}, {"layer": "activation", "activation": "relu", "activation_prime": "relu"}, {"layer": "dense", "input_size": 18, "output_size": 4, "weights": [[-3.854160214090487, -0.017974121475198057, 2.161729396316857, -2.0986952033047697, -2.1016567080648674, 7.87889876318032, 0.9107174900809292, -4.500784143629716, 5.327423816459584, 2.025133238587381, 2.4880190468638936, -2.724619663182978, 1.0731008236895379, -5.062317759295317, 0.054284417710487975, -0.2011446425455209, 0.7644413798820547, -2.14792689886602], [-1.4356659950063668, -6.754261095599669, -0.31698249723349026, 1.3330775631235414, 9.476145515776254, -2.827555116939057, -0.33509446064726534, -2.7875054087544253, 1.8913667687862348, -6.5795359047752, -0.020136142654219813, 5.485636440223169, 1.9813943689334492, -0.6880240892539342, -0.18158948034291578, 0.75708891426028, -2.953261516480094, -1.9640961590600048], [4.786296769548246, 5.001753064424935, 3.5845902813688433, -2.6362894971851127, 0.181935730721847, 1.0306088844204109, 0.7218152930504429, 2.281432927010171, 1.6454179481779696, 2.963813877293927, 5.584725405195958, 0.9613746870514859, 6.698880340328901, -3.250689369390628, 0.6210232694504061, -3.7869276689677727, -1.6745322600852508, -5.4832472607900975], [-2.1013591959321323, -5.689782023553766, -0.2567069156885453, 4.558560710061195, -3.5708081709705835, -1.4108854565179876, -7.292338199398013, 4.014138982850009, 0.6603625503811759, -1.3233222176025528, -1.7837405000102682, -3.758542129412194, -8.026662259437398, 0.6035115311067121, 1.2337020033533286, -3.6500782487214645, 4.190511478616041, 8.332743489342153]], "bias": [[0.43371160065746794], [3.167857863919272], [-1.8292254298404371], [-1.903281684809736]]}, {"layer": "activation", "activation": "sigmoid", "activation_prime": "sigmoid"}]}