{"generation": 515, "board_size": 10, "snake_size": 3, "input_direction_count": 4, "apple_return_type": "boolean", "segment_return_type": "boolean", "network": [{"layer": "dense", "input_size": 14, "output_size": 18, "weights": [[-5.987248121813296, 7.179884105889521, 1.0433438803738975, -0.33976842018298625, -3.4388915722729227, -1.3205891154913019, 4.8130231593579325, 0.35611524865791266, 2.8956966300982208, 10.839742635390799, -8.40799197554161, -1.8719348116505186, -1.4511944510501336, 3.281648744028118], [-2.3698702131853264, 3.334136955616071, 4.345286687278385, -16.088211730689846, 3.511528074842052, -5.353155974935907, 2.7046333041218644, -1.0883902647424546, 3.845825038625536, 1.1017655486294142, 0.3306059391366608, 7.23780637648164, 7.0930662276055205, -0.19830445062442265], [2.770425483158994, -6.994984910884745, -2.78795255309854, -2.0978595203467445, -4.712171310848647, 1.541102701723909, 5.522499470559006, -1.2125722960520067, 1.8563225242264099, -7.927174432751478, 3.0517146155431605, -3.3200276507989743, -3.8890908788919285, 1.3665015968567655], [2.610876574367734, -1.196687969330604, 1.7414195135320074, 2.557525749197719, 2.3213952313883484, 0.1160732874581305, 10.38699533440408, 0.17720823736986868, 2.359188499188038, -2.542187822359036, 5.766667869618301, -6.680009220441258, 10.49837506671155, -2.8258728777678765], [10.009564094553964, -12.062201663057566, -2.7165396154971813, 5.305898285439821, 1.8239736967975932, -1.8834023675695977, -3.5359508363957066, -2.093746539171063, -8.07685500105973, 2.6379730614920116, 1.434776122196791, 0.8785152785366701, 5.8448117274097955, 3.645401585858086], [-1.635164846476605, -3.366856914758587, -1.2944842138086046, 1.3532519199458726, -1.474507222929539, -0.30356986463866875, -7.243454775672739, 0.9726873572312963, -3.2040226620902654, 4.629930554621371, 0.9424592666741282, 1.0977346214915327, 0.9165555967813452, -2.39146713204471], [15.893582644240979, -3.8744671030417384, 0.16426142665647417, -0.3273588109483768, 2.057681271689873, -0.7673690833607041, -6.236960239284524, -3.056912717905176, 0.293824637451626, 0.8616593781709607, -1.8250415510107896, 2.6979979174067834, 0.1807621079448364, -4.813159651995719], [2.770245405859837, -6.01067657635207, -4.702116764030541, -0.7230778496560776, -2.783969977778005, -1.3051844985077665, 1.852983145561578, 0.9951430979641535, 2.555148589464791, 0.853622829817551, -0.42481193072814083, -1.1888570751400813, 1.6140067403380765, -5.774085327876946], [-0.9409427305400351, -3.2584718214028854, -5.44316801006013, 5.596232716937575, 0.5711275629417484, -0.11645221493763214, -5.177467748467968, 2.506159421460603, -1.4696778912075517, -3.9447057224354323, 1.5183715676597591, 0.956635155195777, 8.60419377426688, 2.2838030500921156], [11.620825646374312, -1.7090819354711855, 1.2810489183788658, -7.494591613221207, -0.7882714328716292, -2.134346407818883, 0.7019625398154911, -0.6856487473711533, 0.8043042722420399, -1.950568316345453, -7.935733036933877, 2.393274621882986, 1.7162976696632481, 3.24186782426856], [9.236987787865614, 4.885253907062357, 1.634904261246354, 4.284483341579898, -1.1081747068465915, -1.6708346192698689, -5.20211573291065, 2.0074089735728293, -0.09891829117267747, 3.3743229642916033, 0.06571480587569667, -1.9348185564177895, -3.3465980392861923, -3.2071194749849896], [4.119009461962746, 2.49446794205992, 3.2458615005123255, 10.87754063759321, 0.19362360865519568, 0.8532053035090608, -9.363269989226817, 0.05607054655392807, -2.7574881111890504, -4.139306199766497, 2.78422039062568, 0.2552354731813083, -4.162659944584823, -4.706087094644542], [-2.038821402347443, -8.314472924313064, -3.053506877134568, -2.271043011292495, 0.9182611035340433, 2.8757172192588394, 9.798129199638627, -0.7224266393305897, 0.4603733357822037, 2.094392412658039, -2.9250593845372697, -3.3649977058933285, 4.927319042767364, -3.2488057732053384], [2.314570301674432, 7.004782766645152, 0.5531370526478352, -4.517379801852513, 2.861552521933131, -2.889031619379918, 6.045287884463617, 2.1640108412850436, -4.050511540973318, -1.4604250876399216, 7.157665349443437, -1.4030319370272775, 2.8301540515259997, -1.0864561948377935], [-10.589665644982258, 14.176540848749749, 0.5591775664964832, 5.227376306968037, 3.8294477009627936, 1.3566643529462556, 4.917880059333532, -0.14738545911230383, -1.5404031362615842, 2.7504915615744427, -5.408775342945791, 9.352261786582606, -4.5763953551804395, 3.6612452137518154], [4.211573088840618, 1.2436509966208782, -2.528867283703068, -4.7679698401467725, 1.1534844607118406, -1.609691914847447, 9.501776655301127, -0.7155114001695433, 3.57661918892562, -0.17467938156060514, 8.667052574462517, -3.4136577809316444, 3.2992386043774498, -4.652400478019715], [-1.5756893604825093, -3.121116082229935, 10.698223965091552, 3.1532515428582863, -7.835671958865836, -2.437283871527403, -6.341980604289513, 0.17257146730356454, -2.615220874629499, 6.273980140361658, 2.755033689110145, -4.830335009653014, -0.8720130287685061, 6.503404982086116], [-0.6340370290946101, 0.8525674815724997, -9.398664614384332, -4.051563651043228, 5.422824523052998, -0.7176283980250904, -5.270550081702999, 2.434856509308427, 1.1694502455792088, 5.441374750997015, -3.005392684541791, 0.38701212935493634, 2.2587337499530196, -2.822422653881432]], "bias": [[-6.576607330165114], [1.5076464637399458], [-0.07600261826359977], [-1.834076575705824], [-6.696685897793916], [-0.7494306495354834], [-2.2661411313459183], [-5.361668065408287], [-9.456195745951526], [1.1929324830094505], [-10.316008100634201], [3.0632691273539487], [-3.3909615501569466], [-6.534749337958946], [2.989603351189686], [-3.1343910172477027], [-2.4768785618529874], [5.608176060057408]]}, {"layer": "activation", "activation": "relu", "activation_prime": "relu"}, {"layer": "dense", "input_size": 18, "output_size": 4, "weights": [[7.566935844542152, -3.3362295403015105, -4.705317389851298, -6.7083027454678925, -0.16398992891447634, 1.0290157308783223, -7.5573577208287865, -3.2706658659701793, -0.43312428127262637, -6.312696639817212, -1.5658304958862552, 0.7441036537703097, 2.924282311184192, -1.3959778963851992, 9.246748478102894, -0.1913385475501903, -0.06620325020252316, 1.3758533568260685], [-1.8677826868932936, 6.023764265502552, 0.40159763975537804, 1.8040367984171133, -2.2664323145465435, -4.300940053497316, -0.4495382208441162, 0.07541097462614399, 1.0844280081299815, 3.555232054754336, -4.361903428628038, -13.813633595497565, 2.191282979990679, -1.6882041840356354, -1.6224186330911556, -0.6579927323850793, 1.5939444184339981, -4.007837128037702], [-6.047669011723101, -0.4286191226112749, -2.7640800154506535, -5.93522098450584, 6.310878056710163, -2.0959992603319084, 4.449337617962948, -2.1002192377915936, -7.17175002583711, 1.586527477769873, 11.317625540107827, 0.7323409537518093, -3.1158216440625877, 0.718045617512881, -6.038515179586735, -3.916002402510653, -0.3484531015514467, -0.8091396546720775], [-3.172185296230534, -4.488394362324285, 3.666852576280523, 3.4270744731387586, 7.383812280670508, 1.3990929417635711, -8.384816327019141, 2.108820190553811, 6.854716194142669, -4.545213561111738, -9.54664058312966, 5.908160940316945, -1.8176629619696625, 0.8118492856560924, 5.673685684526822, -3.920990212663424, -1.7636568708247502, -2.2320919314038186]], "bias": [[-6.2052429928354425], [-2.118030655126172], [8.016809330150851], [1.2698610455620927]]}, {"layer": "activation", "activation": "sigmoid", "activation_prime": "sigmoid"}]}