{"generation": 369, "board_size": 10, "snake_size": 3, "input_direction_count": 4, "apple_return_type": "boolean", "segment_return_type": "boolean", "network": [{"layer": "dense", "input_size": 14, "output_size": 18, "weights": [[-2.4453021538346427, -4.998465831296978, 0.8135840177879428, 10.711380087835252, -1.934797894208188, 7.670327044195923, -8.498426840961873, 4.609432676909965, -6.663926086467293, 0.12219796366433122, -3.779503819084789, 2.8242075605468733, 0.5792786398980397, 0.4470012634152385], [-3.207021401121847, 6.284422367247782, -2.6158926291405513, 2.68654666050112, -3.439315074511426, -0.3157009676555539, 1.3230282769247137, -2.441972937445372, -3.972157693139178, 1.0852264140390468, 0.6743038300278321, -1.3881423618033424, -0.12232481313742194, -0.9853849653005629], [-3.754448022289242, 1.1048951003598968, -0.6303434130010962, -1.2092595457866862, 0.3195394317682756, -3.5559899817641742, -5.159118910645267, -3.015763231978052, 4.023339345020239, -1.7577425227260837, -3.6262275266464266, 0.4049196756193371, -5.043302245666784, 3.326945414343687], [-2.759134443959139, -8.226878639615242, -0.5104222365216136, -4.953078753313642, -0.9521362235953955, -1.103245712749516, -1.7170777925200762, 2.4235026651017355, -0.7723393066274225, 0.9223653255445438, -0.35883797913087895, 0.28530701936395486, -0.2545381322649568, -0.6881076775863059], [0.37410385119291023, -3.8191495918992517, 4.925038955797206, -8.698167997136094, 0.09296653049555054, -1.8651564794134359, -4.840456702171625, 0.3692705029559601, -0.659744826960444, -0.4466464909079585, 3.096723293296762, 2.042332451225878, 2.6997549811877377, -0.7126541116219864], [-8.495889769614507, 5.156204377166343, -1.507302940992654, 5.391909788084977, 0.41737743997850396, -0.20141584820342529, 2.8769149214565553, -1.0670809549943154, 0.6394700015909297, 2.353079973571477, -2.0987153310914106, 3.1040133464546034, -3.548871322776418, 0.627856683421902], [-5.776367755181349, 0.5153790827312743, 2.7948431960330065, 4.868413038140374, 0.42702963013381673, 0.768611078124009, 1.4702485314261693, 2.032001683106212, 4.209999994346608, -4.142119445268547, 4.658199270268923, -0.30810117359779954, -6.217886407603504, -1.7476259990894747], [2.586184578997638, 1.6309341121761178, 1.731023118031076, -0.05123463748496748, -6.279193638788425, -1.3291530186479554, -0.6370606968910688, 5.92662522282064, 1.13888416310996, -1.5018160436383887, 2.117968666748868, -5.604540661426852, -1.358062641678352, 0.4136619589468533], [-0.39863650218433166, -4.095974025278644, 3.0947488070316505, -7.057805800509674, -0.23907979743906235, 0.18464439749621198, 7.875029972392473, 0.21209275113697207, -0.7344535422375071, -3.7607898751069473, -0.7831616731145713, -1.5424606778646797, -1.606355978465458, -3.6479432242186136], [-5.400754127110463, 0.17086975280254887, 1.4640763744872067, 10.117169036389354, -0.01329522199161412, 3.400978078201182, 2.904272448086452, -4.6203082053942115, 0.9698453504848155, 0.5512455349793622, -2.149198945990813, -1.9395678360384259, -4.397048953798433, -0.6231614843027625], [-6.495791493092224, 6.522754416433247, 0.32432421337015904, -1.4607924190889212, -1.8950618312497787, -0.15951672668906625, -5.426752755289011, -3.782907588155326, 2.4922706038512894, -0.6966965072338757, -1.2612178342178302, -0.47479595380644657, -2.1532443867047064, -4.617061078606195], [1.9232069349337584, 0.5677828719630121, -0.3279457854504961, -5.817349100881663, -0.23149038935297162, -3.1556937052773124, -5.220888027088813, -1.7573112213303284, -0.9655979998000179, 5.102616781999442, -0.6317411857661284, 2.6277582227471568, 4.591213223039362, -0.3790965907283306], [-4.052770697840101, -1.6514363195078539, 3.6584979275841, -1.701107456983296, -1.1145438927317588, 0.9570391555136062, -0.8070795082240378, 1.372695312824495, 5.511770455037692, 2.35107204620648, -3.2914757229895426, -0.4513601418823916, -2.5235177805964013, -1.2864439995572394], [2.5008936379760462, -2.6506465852180434, 1.435543815223664, -3.538719111768332, -3.794003068090215, -0.0677930343463895, 2.1342583063643237, -9.304020023590157, -1.6241808728689535, 2.1163935801713727, 1.8728775423625361, 1.5564225085734522, 0.8904647560525053, 3.980611540782624], [3.4019227679085486, 6.616854324495939, 3.3640236625674085, -2.4271195739661953, -8.138155230633378, -3.0404962919518104, -0.8285414650835847, 3.8702616527595604, 1.9425525859249415, -2.9493283303699718, -2.9605898119288456, -5.736953732041925, -1.2472387913075087, 2.4568837629442575], [-3.514300502511577, 0.8137995870896809, -2.958723289707353, -0.3804307500445343, -1.3186321420852107, 5.112670907271201, 1.0407626229927662, 1.4320453554052452, 2.7826428867676816, 3.2352225245677673, -1.329857482969644, -1.3618839577197117, 2.3240743860401425, -6.768430989900205], [-0.36765192280851244, -1.4577185767400134, -0.2995804627331682, -1.4744142339097637, -5.320631838008839, -0.6942056003083873, -1.5502685523579767, 0.28531773614853384, 7.957405602499135, 0.05901575405294385, -5.235853523305868, 1.8897414076942598, 2.088816424201553, -0.08392965896723203], [11.034590971198563, -8.509634679968178, -1.2604496709024953, 3.7850465380978036, -0.4084810759669561, 0.9062888086895102, -1.842195026012729, -9.807683248007084, 3.72674305676422, -10.713864116346555, 2.176973512666361, -0.7646064568629249, -1.3310983658081144, -1.456116373866973]], "bias": [[2.7174176503562673], [0.9777294367409912], [-6.439913939780777], [-1.8340035765029261], [2.176673490781444], [0.32645162802201444], [-1.2889482833908525], [-3.1381958942783097], [-4.344260740935711], [-2.355020637908142], [-1.176815497896696], [1.654573538735099], [-3.9017539372131678], [1.5910987041666127], [-1.814712871774801], [-3.710061279483445], [-6.387201635389931], [-1.7611175468843525]]}, {"layer": "activation", "activation": "relu", "activation_prime": "relu"}, {"layer": "dense", "input_size": 18, "output_size": 4, "weights": [[-3.854160214090487, 0.5152669422688658, 4.038918732440097, -0.5795976507275578, -2.1016567080648674, 8.045613255572555, 2.297750306846056, -5.073482917945185, 4.446740054883684, 2.025133238587381, 3.7440803479343945, -2.724619663182978, 2.1851643077356373, -4.019456042488271, 1.1616330913275517, -0.2011446425455209, 0.22311846449185335, -2.14792689886602], [-1.4356659950063668, -6.754261095599669, -0.31698249723349026, 1.7508020888751372, 9.476145515776254, -2.827555116939057, 0.7954079204940557, 0.6849558127808585, 1.8913667687862348, -6.065453367178605, -1.4012768902656063, 7.996358672291745, 2.4826438365877457, -1.9003058346024853, -0.567777732078687, 0.881048084664332, 0.3011858426083207, -1.0470876855443336], [4.786296769548246, 6.430342054382641, 2.8268873902212706, 0.04360748167461431, 0.181935730721847, 1.6294524251093387, 1.602094902724747, 2.623132671740575, 2.7633050507458568, 3.0154599234302832, 3.4425093695509026, -0.7277706548966165, 8.469866408423876, -6.0906275898913504, 0.6641881817689252, -2.7841289621999206, 1.731147739252751, -5.4832472607900975], [-4.127123263594122, -2.9075961472054557, -2.058910485787687, 6.251428760233403, -2.9632026142407204, -1.4108854565179876, -5.693386784720904, 3.9220686118911177, 2.152301141100705, -2.465431439620694, -1.7837405000102682, -2.8878151464593818, -7.89459754155466, -0.8653622202637055, 1.1876841757724481, -6.509607893342601, 1.7520043761405193, 8.401476621579503]], "bias": [[-0.7896657353694121], [4.120775327907932], [1.4925422693440045], [-1.3005954239413922]]}, {"layer": "activation", "activation": "sigmoid", "activation_prime": "sigmoid"}]}