{"generation": 372, "board_size": 10, "snake_size": 3, "input_direction_count": 4, "apple_return_type": "boolean", "segment_return_type": "boolean", "network": [{"layer": "dense", "input_size": 14, "output_size": 18, "weights": [[-2.2599070947105737, -5.208412905294984, -1.0853895691902888, 11.8635380327689, -2.2048176362279257, 7.670327044195923, -8.638953943988994, 6.702203213437701, -6.663926086467293, 0.6454635276565623, -2.8943765794510985, 4.15810878654438, 0.5792786398980397, 0.4470012634152385], [-1.7444935116422275, 6.850626277504787, -2.52746312239662, 2.3547375615724215, -3.6671251146422184, -0.7639914462843658, 1.3230282769247137, -5.819894959083909, -3.211451862340568, 0.5945456639675945, 0.9865031451694666, -3.588165568302655, -1.8395794406880133, -2.7404913146731396], [-2.301055518136408, 1.7742925544819206, 1.3348463352116386, -1.00914646108436, 1.140451862449424, -5.585686955860218, -2.446063634673262, -2.8819697524749968, 5.276042806133151, -0.88568632196746, -1.8513824461569246, 0.4049196756193371, -2.473387216561914, 1.8829915604034324], [-1.79970636366046, -10.157715610530316, -1.336037585469993, -4.699989675559431, -3.1365388922471142, -1.7255575937378376, -2.012814149584071, 2.952763512167862, 0.8254008104799937, 2.28832876113358, -1.8825484308090958, -1.196194613959796, 1.6304340894010008, 0.699071506803805], [0.5449838112395371, -5.433640505084876, 5.242000157803322, -9.618898644980847, -0.9581389905846993, -3.142157434889162, -5.777877799002461, 0.33249020156169556, -0.659744826960444, 0.39813165752256563, 1.417818621273865, 2.0381596802843767, 2.8637595008273, -0.045386196006831137], [-9.556623088070383, 5.156204377166343, -0.7884187861534251, 5.534474955139595, 0.14005650729367244, -0.20141584820342529, 4.970846485527337, -1.0670809549943154, 2.3821520203198814, 2.137983557675521, 0.840316823407077, 2.6473091094225816, -3.548871322776418, 0.627856683421902], [-5.776367755181349, 0.9397220789364402, 2.8310045338517225, 3.01650123216067, -0.41362822345937267, 0.41561762383295453, 1.404634693826401, 1.8337357141116106, 1.179641586524501, -4.078418697965633, 5.703526419256988, -0.30810117359779954, -5.806059453576796, -1.700383566459908], [1.5366219259273657, -1.4073961670638757, 1.6998913775732467, -0.7488750947263173, -4.594486035341819, -2.9609752638274873, 1.58740140358341, 3.0979768882431404, -2.0664758320984316, -1.3164911195999547, 2.216552686829422, -4.44991206019914, -2.9537790679555798, -1.8719897236108092], [-2.7281652766908584, -4.529222826906297, 2.4670995491938568, -7.533866379577264, -0.23907979743906235, 0.18464439749621198, 6.090151633720178, 0.21209275113697207, -0.4002912333298818, -4.6976857693659, 0.5444042095882949, -2.148955560463227, -1.9485810413006999, -5.524512433859721], [-5.400754127110463, 1.9361600769938576, 2.216276583195364, 9.324709937676912, -0.7101824070580226, 3.400978078201182, 2.904272448086452, -5.737580509404651, 0.11458086668375267, 0.5512455349793622, -2.6832119595790203, -1.5941362610056744, -4.397048953798433, -0.6231614843027625], [-5.136193941465061, 4.933026544266984, 0.32432421337015904, 0.1787215360433505, 0.24286362640602832, 2.65925830011666, -3.668811771310687, -3.782907588155326, 1.8403667673162292, -2.8870418536918594, -2.362908132078368, -0.47479595380644657, -0.7523626805299914, -4.617061078606195], [1.7506494519854678, 1.2255130964842287, 1.1518501557928094, -6.7392057047994545, -0.8739718176117701, -0.8961696959695131, -8.736684427250708, -1.7573112213303284, -0.9655979998000179, 5.639107236674419, -3.851050085990705, 3.2771489205024795, 5.6397986734477845, -1.0479523289222594], [-2.8066231442837433, -1.350934210072206, 3.0208558044360196, -1.617996794650951, -0.5953377561885878, 1.6742037941176537, -0.8070795082240378, 1.372695312824495, 4.692899836825809, 2.35107204620648, -5.2248926379399565, 0.6047362047914961, -2.357050842399561, 0.3236781918927908], [4.146421297538811, -2.270332586309863, 1.435543815223664, -4.229502410393071, -4.027867342248561, -0.0677930343463895, 1.7721484771867853, -7.714733080481178, 0.09136418970732296, 2.651475879100167, -3.534683658033474, -0.5380592406943823, -1.790894021969737, 5.872612883511576], [3.471112990946488, 4.589324422488261, 1.3855175376071784, -3.7885475419241597, 2.6582676714013798, -5.752002700030106, -2.217217323376036, 5.13609704945818, -4.4824980279599895, -2.6412928819110233, -1.945699950463481, -8.03561776390049, -1.2472387913075087, 1.1252252487912573], [-2.7147272703433925, 2.6451606910325025, -2.288855529053002, -1.8062493347472939, -1.4916419728407375, 5.112670907271201, 2.0615482171913353, 1.254934936153527, 2.9585329958691995, 1.5162250602680076, -3.5798110574566615, -1.145114291259029, 3.7799171641008824, -8.53768546684612], [-0.5180743100010473, -0.4726205560703579, -1.787114891671403, -1.4744142339097637, -4.346605803858695, -2.8697207963451605, -2.457072579950677, 0.28531773614853384, 7.957405602499135, -0.8846799629239344, -4.635318279780579, 1.3909486443740402, 0.9156820120576623, -0.08392965896723203], [9.932543767049054, -4.4430974897619055, -0.4984649151034831, 0.7450930441835846, 0.7616156369209688, 0.6918408902574685, 0.000612821731366231, -8.042399519405162, 4.890158722380268, -12.730931308190376, 3.1850170503139537, 0.5336741789949189, 0.7379156941032329, 0.4780077388571233]], "bias": [[2.7174176503562673], [1.6898101383399273], [-3.3266439608824268], [-5.201243166370048], [4.662549785118181], [0.44427083857582395], [-0.7803543259608106], [-0.31854148066668386], [-2.7353994430283053], [-2.7138991959781853], [-3.3955535178058893], [3.464651246324639], [-4.517623250423213], [-0.23350535295984515], [-1.814712871774801], [-7.51008306070673], [-6.170358575170772], [-2.3290143133011463]]}, {"layer": "activation", "activation": "relu", "activation_prime": "relu"}, {"layer": "dense", "input_size": 18, "output_size": 4, "weights": [[-3.340452815516009, 0.5152669422688658, 4.038918732440097, -4.2172956090665, -2.1016567080648674, 7.960228652069697, 2.227472741997506, -3.9616227264104715, 5.327423816459584, 2.4880680191940177, 4.055107489668023, -3.115199984853357, 1.307049174463203, -4.019456042488271, 0.8200232340402469, -0.2011446425455209, 0.7644413798820547, -2.6815201456467284], [-2.8115234578924113, -9.200761503834416, 0.06899856240500635, 3.099455323327244, 8.747916054572393, -3.90965763929238, -0.33509446064726534, -2.7875054087544253, 1.8913667687862348, -6.680274333506581, -2.827399275254801, 6.136481502471112, 0.6845254905710316, -1.7675311054166294, -0.6130735649290286, 1.0965600142787109, -2.6180283949977703, -1.9640961590600048], [4.786296769548246, 5.505792241756914, 2.783376489488407, -0.2618016149730117, -0.24041023169755144, 3.9126786360027124, 3.2435175738412463, 2.587996257709544, -3.7698781309338525, 2.55209268623313, 3.4425093695509026, 2.088912238595121, 6.698880340328901, -7.381543277560088, -0.587293680638274, -5.011801322677558, -1.0558863075034526, -4.586089503434813], [-5.306453573288819, -4.027807276098796, -1.887039503289978, 4.359233558626753, -3.8054219210185107, -1.4108854565179876, -6.56722839961055, 4.014138982850009, 1.6773947924927675, -0.7715692326310783, -1.9217482122588856, -3.0484704754529353, -5.313398947613992, 1.9222244192325257, -0.13184272036515932, -5.5305961296935475, 2.3538553237007793, 8.401476621579503]], "bias": [[2.1109711471908064], [6.201287177132867], [0.4918809999749414], [-0.3893210696418934]]}, {"layer": "activation", "activation": "sigmoid", "activation_prime": "sigmoid"}]}