{"generation": 376, "board_size": 10, "snake_size": 3, "input_direction_count": 4, "apple_return_type": "boolean", "segment_return_type": "boolean", "network": [{"layer": "dense", "input_size": 14, "output_size": 18, "weights": [[-2.4453021538346427, -4.871022059761014, -3.007264997862006, 10.059093972350816, -2.043643596311246, 9.016556157237765, -8.638953943988994, 5.312787282823293, -6.663926086467293, 0.6454635276565623, -2.8943765794510985, 4.15810878654438, 0.351172720784399, 0.4815332613382466], [-3.64729063287796, 7.118182987189947, -2.816374493651435, 3.1338073770824915, -2.657589969946902, -1.722697608487484, 0.12177555474695834, -4.660834743376845, -3.211451862340568, 1.9308821216745116, 1.4317901338996981, -2.225645424830863, -1.0855982876582946, -0.8939144130074483], [-2.300860212876379, -3.2667598695495315, -0.32299252155486413, -0.27176760412547174, -1.4558408670316214, -1.9771993872776847, -2.290604694002522, -4.281616359955695, 5.5124766090631425, -2.50766499911038, -1.2213660791741163, 1.174366073696176, -3.354671271647291, 3.326945414343687], [-2.759134443959139, -7.311196203130923, -0.16315414163693986, -4.421502268020785, -0.7332773598258363, -1.4256606984082332, -2.4371117018160287, 2.4235026651017355, 0.8254008104799937, 1.7335336639280619, 0.09900442374760532, 1.2047689475542218, 0.8514409759341526, 0.10202137601886963], [-0.5550065184912581, -4.647250031795198, 5.242000157803322, -9.703265895148881, -0.6547543445396498, -2.3361161659907075, -5.757649117222374, 1.3842399093583095, -0.6172892192457022, 0.39813165752256563, 0.008803688730772086, 1.2461564374239633, 1.9745733948268942, -2.1488715433797196], [-9.299969848771623, 5.156204377166343, -0.7884187861534251, 5.800937524455551, -0.5140840412990365, -0.21444231154990218, 5.558673545985415, -1.0670809549943154, 1.3934760681076455, 2.7176784167470815, 0.840316823407077, 2.6473091094225816, -3.4437313710366735, 0.627856683421902], [-5.776367755181349, 0.6609267038055413, 2.696450642246755, 3.01650123216067, -0.41362822345937267, -1.412704596464638, -1.5056494821011932, 2.7806703339432097, 3.0332548835020314, -4.188296195225848, 5.556774700203045, -0.34757788308080695, -6.07497181289211, -0.46105518249663535], [1.6920342916172149, 1.6182661604234119, 1.9121218291157567, 0.3922057001805629, -2.35500462302113, -2.9609752638274873, -0.013482711029902061, 5.327723127037996, 0.30365066295793364, -1.5018160436383887, 2.117968666748868, -5.604540661426852, -1.5085128346920769, 1.7979265976840488], [0.47710547935850944, -5.451794745375121, 2.938179390704442, -5.951556046283066, -2.383296331250546, 0.18464439749621198, 6.040374622823576, 0.21209275113697207, 0.25991804444921524, -5.235342181617286, -0.1275774108724863, -3.6436482372404324, -0.7584552336934449, -4.5830620421291925], [-6.28115186006649, 0.17086975280254887, 1.750510438562284, 9.335091486557975, -0.01329522199161412, 3.7823583817246114, 1.5713910425050421, -5.50306079539977, 2.013341453806326, 1.0389488607141262, -4.459641522727509, -3.9298172760345986, -4.758804448083592, 0.02551218394868393], [-5.1583615340982405, 3.9956735902219482, 0.32432421337015904, 0.1787215360433505, 0.24891371947329122, 2.65925830011666, -3.668811771310687, -3.782907588155326, 1.8403667673162292, -4.331698175084337, -1.2612178342178302, -0.47479595380644657, -0.9459601073208035, -4.617061078606195], [1.7506494519854678, 1.2255130964842287, 1.1518501557928094, -9.065641229350703, -1.786250354924343, -4.440698953859117, -3.574264090996175, -1.7573112213303284, -0.6234588767188818, 7.820055696634082, -2.0288515435664447, 3.437725278400207, 5.661641720184077, -0.8264951335276647], [-0.809275913610906, -1.350934210072206, 4.6184187768139155, -0.4750976899051531, -0.5953377561885878, 0.9570391555136062, -1.269157695775525, 1.372695312824495, 3.5700292956378483, 3.120796706986599, -3.259222081748416, 1.5857092353479612, -2.312388386375492, -1.1498472732054075], [1.8346749554508759, -2.270332586309863, 0.030216193489010668, -2.298664518526489, -3.75493589732376, -0.8738415775467065, 4.2297865929825225, -10.553219596187335, 0.2529415675460859, 0.8532378893398251, -4.088632870125183, 0.08630935545104734, -0.9488538357073995, 4.505415241525334], [3.8283664533417014, 5.963612797687597, 0.31361696472605516, -5.4940468745252, 4.661383960540136, -6.708742708390305, -3.478797737878452, 5.135006625639191, 1.1388142072120733, -7.3025537566166125, -1.3067418937291235, -5.736953732041925, -1.7468529353138131, 2.4568837629442575], [-2.7147272703433925, 0.767958922134894, -2.8753800641417517, 2.310302795566838, 1.0521710047111132, 5.112670907271201, 2.0615482171913353, 1.596618139309084, 2.8895094899743725, 1.5162250602680076, -1.329857482969644, -1.3618839577197117, 1.7756082975398695, -5.856372137331906], [-0.9578822708696845, -1.4577185767400134, -0.2995804627331682, -1.4744142339097637, -4.346605803858695, -0.6942056003083873, -1.5502685523579767, 0.28531773614853384, 8.144709282816654, 0.5140683206038305, -6.544071879273735, 2.4748810927024443, 2.8180359963321884, -0.08392965896723203], [11.034590971198563, -8.638360210883901, 1.4404983272293854, 1.596326924736032, 1.0817502610247909, 0.6918408902574685, 0.000612821731366231, -8.042399519405162, 4.890158722380268, -13.035338465827676, 2.610704605398927, 1.1815347623010561, 0.7379156941032329, 0.4780077388571233]], "bias": [[3.7649371980774315], [2.597870970329943], [-4.239002934767521], [2.778348433648606], [1.8391847025281944], [1.3226450319205376], [-1.2889482833908525], [-2.3169196785382074], [-3.5117886583008073], [-2.3644410578395854], [-6.005688920493787], [3.464651246324639], [-2.4473842622846353], [4.2528080928115655], [-1.814712871774801], [-5.715270602093708], [-6.170358575170772], [-2.3290143133011463]]}, {"layer": "activation", "activation": "relu", "activation_prime": "relu"}, {"layer": "dense", "input_size": 18, "output_size": 4, "weights": [[-3.854160214090487, 0.5152669422688658, 4.038918732440097, -2.0986952033047697, -1.5646790877926227, 7.815473145275332, 3.519941327804859, -5.382286772535781, 5.529099685289484, 1.427546615488183, 1.9227213798025502, -2.7473832990079825, 1.5497520118404937, -2.5569844891226143, 1.5222034105721165, -0.36471148815981747, 0.7644413798820547, -2.6815201456467284], [-2.2827888048019576, -8.848591318576476, -0.31698249723349026, 1.4164448535554077, 10.057550446897809, -1.909202330405348, 0.1518815017173068, -2.9061270608543825, 1.768611885606262, -6.111357648819099, 0.11952272847008327, 6.1396075063514495, 0.6845254905710316, -0.6880240892539342, 0.2958445281383556, 2.1300910413258025, -2.6180283949977703, -2.728804165532877], [2.917973171737614, 4.135069780932975, -0.2121851563505711, 1.5084553342620564, -1.619843847581583, 3.402089301702329, 2.106294672775355, 3.7937375361964008, -3.065509303661904, 4.066254139655888, 3.3248471107637956, -0.12500111620066962, 8.307611736197265, -6.123991113588977, 0.9102208459876163, -2.7679596140203353, 0.9967947043405779, -5.4832472607900975], [-3.949528479284191, -4.027807276098796, 0.7284646461272906, 5.939415714724568, -3.951297432981107, -1.4108854565179876, -6.56722839961055, 3.9111308917295036, 1.519377464633398, -2.3871307664711514, -1.7837405000102682, -3.256816507491396, -8.091319998135337, -0.2305508474548601, 0.3408277166000614, -5.5305961296935475, 2.3538553237007793, 8.401476621579503]], "bias": [[-1.1439530240964837], [4.724378454590711], [-2.894162043297442], [-1.0262257259283236]]}, {"layer": "activation", "activation": "sigmoid", "activation_prime": "sigmoid"}]}