{"generation": 373, "board_size": 10, "snake_size": 3, "input_direction_count": 4, "apple_return_type": "boolean", "segment_return_type": "boolean", "network": [{"layer": "dense", "input_size": 14, "output_size": 18, "weights": [[-2.7417953867343647, -5.998327337566903, -2.120253952054312, 12.956170958623808, -1.677918145299861, 8.48302972966986, -8.369318616341733, 1.3368103515860845, -7.375308318372785, 1.593134282758174, -1.5571929612148512, 4.15810878654438, 0.5792786398980397, 0.4470012634152385], [-3.64729063287796, 7.253017045555892, -1.938803827240185, 4.396957229712994, -0.7526298169657779, -0.3157009676555539, 2.644155594386865, -5.819894959083909, -3.8237736076988513, 1.0852264140390468, 1.8278072558719791, -0.2534151314867662, -1.227388126473738, -2.7404913146731396], [-5.867694120989358, 1.1918322780934074, -0.8166261802434855, -2.427951513355492, -2.0976369363976755, -4.602720560182121, -2.104909496714131, -2.589472934247537, 3.355878458751528, -0.88568632196746, -1.8513824461569246, 2.5996681143208664, 0.5986048055735773, 2.9724656675282137], [-0.37113989184059193, -7.650735028602742, -2.585353254100422, -6.295102638841676, -2.0801797814219176, -1.478814597931913, -1.1253111752006415, 2.4235026651017355, 0.8254008104799937, -1.045983947416917, 0.09900442374760532, -0.0805127530504611, 0.9166179083112178, 0.5201635461464458], [-0.5298270613447305, -5.433640505084876, 7.024019376560776, -9.667696672820032, -0.9581389905846993, -2.8265228339807305, -5.777877799002461, 0.33249020156169556, -1.3989027087512413, 0.4724273461876385, 1.417818621273865, 3.196466221316652, 2.8637595008273, -2.17228878701195], [-8.944214212079906, 5.156204377166343, -0.7884187861534251, 5.938619251031503, -1.7733884358497463, -0.02866591497698845, 4.970846485527337, -1.0670809549943154, 1.3934760681076455, 1.9479452332094915, 0.840316823407077, 2.6473091094225816, -3.165235244356436, 0.627856683421902], [-5.776367755181349, 0.6609267038055413, 3.5918482728448913, 2.0820467675091523, -0.41362822345937267, -1.222664267245436, 2.1546977149983526, 1.8337357141116106, 3.6912462966082096, -2.848691887264034, 5.93384677893945, -0.30810117359779954, -5.806059453576796, -1.5570378185578413], [1.3983814382325082, 1.173155071706514, 1.9121218291157567, -0.478371541732723, -4.441270747798911, -2.9567248830738295, -0.4774947261552369, 4.632574209020907, -2.0664758320984316, -1.8029969546073499, 4.576564228224829, -4.064921513074642, -2.6705479977099564, -1.1709939326153869], [-2.7163995820635845, -5.68407788357778, 4.2607554987290825, -8.863533157814269, 1.1654614560305092, 0.18464439749621198, 6.040374622823576, -0.3979081479384179, -4.6986600911551495, -2.4692822336725984, 0.5444042095882949, -2.148955560463227, -0.4536734025538609, -6.76341107729944], [-5.642095692674474, 1.9361600769938576, 1.4158268401519036, 9.324709937676912, 0.2666934020831837, 3.400978078201182, 2.904272448086452, -6.527605598899194, 1.8209328873055624, 1.4226740851665802, -2.8964695721783347, -1.5941362610056744, -4.045060612914585, -0.41283790786243535], [-6.025524556947879, 4.144982776872695, 0.22282027271546284, 0.1787215360433505, -0.6256631603489112, 1.4996511645075938, -3.787227407517274, -3.782907588155326, 1.8403667673162292, -2.8870418536918594, -3.5280224385912646, -0.47479595380644657, -1.857892741364989, -4.386744124518285], [2.027488125352099, 1.2255130964842287, 1.1518501557928094, -6.7392057047994545, -2.055815100292591, -1.9356278524405928, -5.220888027088813, -1.7573112213303284, -1.7818452593582172, 6.169546536335609, -3.851050085990705, 3.437725278400207, 5.6397986734477845, -1.0479523289222594], [-2.8066231442837433, -1.350934210072206, 3.0208558044360196, -0.2732775908530487, -0.5953377561885878, 0.9570391555136062, -0.8070795082240378, 1.372695312824495, 4.367157916581955, 2.35107204620648, -5.090162599972478, 0.5707685517535858, -2.357050842399561, 0.8616569613200938], [2.387122850380484, -2.270332586309863, 1.435543815223664, -5.72057134181421, -3.978839688489412, -0.0677930343463895, 1.7721484771867853, -8.515125166465353, 1.60945460683198, 0.8463140518884218, -3.534683658033474, -1.4403856976066374, -1.790894021969737, 4.145541887117373], [3.471112990946488, 4.589324422488261, 1.5338215819763905, -3.7885475419241597, 2.6582676714013798, -7.333762061332348, -2.217217323376036, 2.8531484003044625, -4.4824980279599895, -2.6412928819110233, -0.18582642270898098, -7.028287766244365, -1.2472387913075087, 1.1252252487912573], [-2.7147272703433925, 2.6451606910325025, -2.676675850027626, -1.293462280051703, -1.4916419728407375, 5.112670907271201, 2.0615482171913353, -0.6131417506480636, 2.9585329958691995, 2.082395407887728, -3.5798110574566615, -1.145114291259029, 3.7799171641008824, -6.768430989900205], [-0.390378929157037, -0.4726205560703579, -1.787114891671403, -1.4744142339097637, -4.346605803858695, -2.8697207963451605, -1.3569979936272814, 0.28531773614853384, 7.957405602499135, -0.8846799629239344, -4.635318279780579, -0.22414222267492695, 3.574374891010028, -1.0674162277438968], [10.512470132857038, -7.336753908113135, -1.0841157280478209, 4.2137159927091705, 1.2446787435179716, 0.9062888086895102, 3.869274481909504, -6.340306743819291, 4.9438212824746035, -10.802211432499139, 3.1850170503139537, -1.0828290232163493, 2.342081652310193, 0.024700410151862418]], "bias": [[1.5913270928821126], [-0.3961457643562455], [-4.680533171864525], [-0.9445071714050891], [0.2728326547597697], [1.315888513867856], [-1.1026721003083448], [-1.6980379324998376], [-2.145845922925529], [-2.2859435158143393], [-4.133326772980488], [4.355449575717954], [-4.052124370876799], [0.3093169211231124], [2.875657211153996], [-3.710061279483445], [-6.170358575170772], [-2.946711274664201]]}, {"layer": "activation", "activation": "relu", "activation_prime": "relu"}, {"layer": "dense", "input_size": 18, "output_size": 4, "weights": [[-4.346405045827479, 2.419396166004677, 3.920150777319426, -1.8324258656585508, -2.585219855340546, 7.98186055456304, 1.7069569312203523, -4.583081069916333, 4.554975978584445, 2.025133238587381, 1.4897692699996268, -2.724619663182978, 1.0599580473242105, -3.389055974000957, 1.3044824882003239, 0.6300021279689292, 0.7644413798820547, -1.9148165223739322], [-2.2827888048019576, -11.07615098428376, -0.31698249723349026, 3.4230944856635332, 9.479560063323936, -3.7352735636158734, 0.7954079204940557, -0.04388701036458342, 2.6862465021669673, -6.065453367178605, -3.080715940845403, 6.89294135456279, 0.6845254905710316, -1.6197647618355546, -1.0695632862566034, 1.379840964209845, -2.6180283949977703, -1.9640961590600048], [5.4081960140967675, 5.505792241756914, 2.783376489488407, -0.5235809430332311, 0.7177947695197882, 1.0306088844204109, -0.34201004050700123, 2.493212050992323, 1.6454179481779696, 2.963813877293927, 5.584725405195958, 0.9613746870514859, 6.698880340328901, -3.250689369390628, 0.6210232694504061, -3.7869276689677727, -1.6745322600852508, -5.4832472607900975], [-2.1013591959321323, -3.6968911683401475, -1.2964102878087747, 0.9612573276398109, -1.3597266818413534, -0.3896085672804561, -0.4476282565274255, 3.794205284539232, -0.06093663744637845, -2.465431439620694, -2.2064162653253936, -1.1445070499954668, -4.8500776232292395, -1.0339669804242961, 0.21143954578066482, -5.937892311578321, 4.190511478616041, 8.401476621579503]], "bias": [[-2.6466921744814265], [4.809661153844887], [2.667624968072765], [-3.8419573946920114]]}, {"layer": "activation", "activation": "sigmoid", "activation_prime": "sigmoid"}]}