{"generation": 521, "board_size": 10, "snake_size": 3, "input_direction_count": 4, "apple_return_type": "boolean", "segment_return_type": "boolean", "network": [{"layer": "dense", "input_size": 14, "output_size": 18, "weights": [[-4.083592795073427, 6.325517054284156, 1.6762278865073044, 0.4815719781145832, -2.6160810002372337, -0.2695953129457108, 3.81714933647911, 0.6815072663132546, 0.276371111942309, 11.868322804854238, -6.864033372566268, -0.8967484020846682, -1.845861270892124, 5.792427665381884], [0.25221651903642495, 5.267670468093279, 6.388628678843052, -16.004266440509983, 3.819428168971189, -7.386366302337891, 1.113632058791892, -0.1498671490392427, 2.3313073717545993, 1.2646637856376566, 1.375468643515843, 3.8556220264188745, 6.343154401841749, 2.41632646681495], [4.59731537440874, -9.690171061454917, -2.3497562074238107, 0.1432747902064675, -4.016761348042552, 0.05949500242899397, 6.526708324898156, -1.1517433114679212, 3.2600154522768814, -6.648819198717676, 2.1649262532539413, -4.617207429277584, -3.8890908788919285, 2.1983276798470572], [1.5977314892920398, -0.5919207399198836, 1.247820327986293, 4.206266576155878, 0.6445388598278685, 3.6279805872464843, 10.282418503909012, 0.8830819194280948, 2.2432278248640776, -1.9894614765532028, 6.68370958564428, -9.456989438306136, 9.980353042665541, -2.8258728777678765], [9.850183917774416, -11.065579349562409, -3.9707568174556043, 5.952106415099409, -0.30258330720487137, -0.639550374713171, -5.515079375441728, -2.191080938852811, -8.108166940176371, 3.5869328680119494, 0.9137329665577756, 0.8785152785366701, 3.8342558882802806, 3.1040440956042126], [-1.635164846476605, -1.0509124403940495, -1.350657049728941, 1.3532519199458726, -1.474507222929539, -1.097189156513978, -7.243454775672739, -1.8414296092828148, -4.849587933430369, 5.405082609398098, -0.8457178262741658, 4.808734963331202, -1.3258511885650894, -1.5511573527774525], [13.984431308622899, -6.4869787776528955, -0.6536713405813682, -0.3273588109483768, 2.560409619677549, -1.501457516201616, -7.3419284998526795, -1.6171508137154627, 0.426109096425455, 4.507626293991401, -2.879446530789992, 4.07150335571029, -0.4827880926286632, -4.249904430801973], [2.770245405859837, -6.01067657635207, -3.8787627226969557, -3.0911891175989847, -4.007584467062513, -3.8783714405977268, 2.731746298033422, 0.43811877471802285, 1.0730046591180524, 0.853622829817551, -0.19640409477040716, -0.8246019741497088, 1.243807648099367, -5.853761926199216], [-2.498973448588544, -3.679878268254743, -4.155296973712336, 5.596232716937575, 0.5711275629417484, -0.8610808901950049, -4.811381269792886, 2.3093066751937767, 1.9463967927672035, -3.9447057224354323, -0.7342788801646731, 0.12815072991566062, 8.70271068306669, 2.65829620913049], [11.788996928622451, -4.052381612145056, 1.9252751640534975, -6.955152077813567, -0.6945347219312569, -6.5213323353308965, 3.6294619168197912, 3.182876643301472, 2.8591092718835514, -4.03772154498085, -7.152363081792279, 1.7646881052619883, 4.004756591977288, 2.3432681886538314], [7.826080692164157, 6.201394152696173, -5.144161236710489, 4.67895203453001, 0.712666838961852, -1.6708346192698689, -4.39979215336083, 1.9608009485080669, 0.5209509825690786, 3.3743229642916033, 0.6013141677818366, -0.6103563736957471, -3.3648035021796874, -2.9590624448820355], [4.914593379557032, 2.446893348955057, 4.43447994635643, 12.279121165342263, -2.2121933180762827, -0.25478415552838807, -8.160470871281566, -1.268065301257852, -2.6543312727390775, -2.1591474059068516, 1.432082967131631, -0.459612904598169, -4.543462034973189, -5.494769998748265], [-2.038821402347443, -8.210992286361012, -3.053506877134568, -2.271043011292495, 0.33176364429953753, 2.507439177073217, 10.223922600465874, 1.0952726718411365, -2.2435963934965657, 2.094392412658039, -2.579420322658563, -5.141844151443708, 4.927319042767364, -3.3186138922535746], [2.353125175145157, 7.152365934083652, -1.7535487451909055, -5.391960494392501, 3.42321406192626, -2.1167372685262915, 3.7845660435770827, -0.431536281252341, -5.275176202141248, 1.2351564971084708, 8.914436176285438, -0.28931215654701936, 2.8301540515259997, 0.6073074811122285], [-10.917316792922648, 14.274491130330198, 1.6011398523131344, 6.328265070410047, 5.432690110129087, 2.485366160892261, 1.9938033102450265, 0.014910920356397517, -0.1851859249700969, 3.2043839472193136, -5.162913148671239, 8.803387627709293, -4.060553279216174, 4.002651617169326], [7.209640332834274, 0.8617687140589902, -3.0313449035873994, -6.797214885934838, -0.8131100026148187, -2.481181012057654, 9.501776655301127, -2.148278650779222, 2.275717322939472, -1.5235501058951537, 8.111688757049038, -2.875502274655215, 5.358702810023131, -7.880766899995523], [-0.7347575278978399, 5.87889069955988, 3.4796845714741367, 0.9716157720877298, -2.6810322305590013, -1.2944938379418218, -5.844875625926213, 0.17257146730356454, -3.8006368415976324, 6.489039898963861, 2.755033689110145, -0.5835304839942594, -2.5548455143805864, 6.503404982086116], [-0.4585777783183077, 0.8525674815724997, -9.398664614384332, -4.051563651043228, 6.633362216528829, -0.7176283980250904, -4.3109400273969625, 2.434856509308427, 1.1694502455792088, 5.714971900276044, -3.633782880954884, 0.38701212935493634, 1.5356043851248429, -0.8911987489892952]], "bias": [[-6.129038192755551], [1.4754308052873788], [0.6824665086455286], [-0.4685612423163642], [-7.750976163277981], [-1.5326981554028174], [-2.8204083477326503], [-12.421246463442086], [-8.53653240686298], [1.3924122561368857], [-10.245542132135222], [1.027743760072594], [-3.3909615501569466], [-6.534749337958946], [3.1803604565011168], [-3.0741907174589396], [-9.022235335523936], [5.996764054402628]]}, {"layer": "activation", "activation": "relu", "activation_prime": "relu"}, {"layer": "dense", "input_size": 18, "output_size": 4, "weights": [[7.265828833181608, -5.027915578631308, -4.740463289228615, -4.573291733025119, 0.13301073145542947, 0.7102535501353402, -8.867540568746636, -1.7934121505551748, 1.271508317428963, -6.312696639817212, -1.095508445221922, -0.5964612039408808, -3.033517522464673, -1.3720520607209181, 6.492620561018134, 1.2414443462511369, 1.7913561872657204, 2.3758549637674102], [-2.8702432980234454, 8.403657497564804, 0.46907922687019865, 0.055308255089101976, -4.448767770527419, -4.133302334304048, 0.6734434313518985, 3.0512319699199857, -1.6024271608775331, 4.85232086590355, 2.6176927874736995, -16.087721040827052, 5.267636400791893, -0.542933052542651, -3.368988640083762, 5.339441813334101, -2.043731129415638, -4.4726989186035695], [-2.8150885890660975, 6.281817639226939, -3.8032559455991275, -9.806357227685039, 4.689647134847589, -2.0959992603319084, 9.093990154564588, -1.2748551279447444, -6.0165042507371975, 1.2296279810989459, 9.937420251877018, 0.9001833476757422, -3.9829811989086217, -0.47448183505520136, -11.431560996651031, -8.643637778009387, -1.5581348434607518, 0.6615340534811504], [-3.1766938502975886, -7.023468885509118, 2.2152899854553643, 3.4270744731387586, 5.508909132476115, 1.0677919741351425, -9.865338095409856, 1.505948433948622, 7.539123716701305, -3.337796087053168, -8.801128122262519, 2.555008061693111, -3.939755236983198, 1.5755216765854536, 5.752811652778612, -3.6935555197627723, -2.496109420768072, -2.2320919314038186]], "bias": [[-10.144799479078738], [-1.2506384002790814], [3.349567823656868], [1.2698610455620927]]}, {"layer": "activation", "activation": "sigmoid", "activation_prime": "sigmoid"}]}