{"generation": 513, "board_size": 10, "snake_size": 3, "input_direction_count": 4, "apple_return_type": "boolean", "segment_return_type": "boolean", "network": [{"layer": "dense", "input_size": 14, "output_size": 18, "weights": [[-2.892253343075309, 6.817505061059811, 0.9844601623467695, 1.3111984777609436, -3.4624589027205994, -1.2560115059030794, 4.251633320004945, 0.6815072663132546, 2.220341710394822, 10.701933903532124, -6.649354912952397, -1.3908563041485507, -1.845861270892124, 5.235318767766369], [-0.837458007597165, 4.105924608815827, 6.859699751237611, -16.088211730689846, 3.6463478136599106, -6.086866606172988, -1.0003682786062147, -0.2292971331525928, 3.8019099901270614, 1.2646637856376566, 0.3306059391366608, 4.748690631094898, 7.836662241983701, -0.19830445062442265], [1.3008675761226645, -9.36411937758423, -2.3497562074238107, -0.18251281381130735, -4.270391892436108, -0.06232250385081575, 4.248138050377688, -0.2988983412904578, 2.9326108924681544, -6.94479495762647, 1.8644566575120591, -5.442203798643241, -3.8890908788919285, 2.2321229719488533], [-0.6609652222814411, -2.560773411766103, 2.2524791167189395, 4.206266576155878, 1.081023839489602, -0.22427748909659417, 9.669787123245637, -0.18798908617145393, 0.3475974556180419, -2.1803832018977096, 5.328656971241312, -6.235366681441637, 10.49837506671155, -2.752221777851629], [9.93936913681839, -11.065579349562409, -2.2636387741524824, 5.5756165399787845, 2.5327698653505486, 0.02561943101175146, -5.711150016646929, -2.5243183976140275, -7.677813902708617, 1.8465890221499526, 0.1786614037221167, -1.0555670341972683, 6.132692328299621, 0.5075537205888391], [-1.756780132681597, -0.6627625737578591, -1.350657049728941, 2.559635779691213, -0.44849544459597546, 1.948321836733425, -7.243454775672739, -0.6610157047047256, -3.2040226620902654, 4.879395489897075, 1.7536418898641044, 3.8953743826051417, -0.06605080189854107, -2.6405473135783604], [12.910450968954539, -2.2730245227439765, -1.6981856966310294, -0.2805301066617037, 1.1932752391300592, -0.7673690833607041, -9.233788745433046, -3.056912717905176, 0.5913059691463741, 1.992836302007771, -3.200824490363507, 3.68150928526045, 0.577381816084721, -4.517646550092802], [2.770245405859837, -6.01067657635207, -2.830206860107526, -2.4323819619421068, -3.210655373612527, -0.1657234748955324, 1.852983145561578, 0.881680363386939, 1.5979065778423276, 0.853622829817551, -0.12101849275704646, -1.1888570751400813, 2.9326201020713203, -6.7079948147464625], [-1.1465501709457293, -3.95969441211078, -5.5718434869253, 5.505448900221386, -0.39962148348360893, -0.8175654109779187, -4.811381269792886, 0.22534207323424343, 3.5673176369949475, -1.9575460657148889, -0.9663259605876704, 3.0044902846595094, 3.005618072709982, 1.2290140639797134], [11.178239261369285, -4.426229792692261, 3.2546086129702902, -5.8925119889286535, -3.2601523903335923, -2.748229741178885, -0.8988161151678095, 0.9835739658123008, 0.4416269745417729, -2.6083037606207355, -12.11920601942253, 1.6288132405068199, 0.36093140541479174, 3.5896917530426307], [7.174965853923398, 4.4289254988068105, -3.6583545985319708, 3.68766508412443, 0.11563681213303509, 0.24883577310925498, -6.347568107650101, 8.400971733545639, -1.3258310166987044, 3.5401242699318773, 2.8819838893306837, 1.3707240077213663, 1.4129947215319931, -1.431452040671656], [4.210006611632492, 1.9471916116122996, 3.5410981874749714, 10.580224723391405, -1.5660985750797614, 0.15269648059166507, -8.183026383670535, -1.2536573075547837, -3.494822959656414, -2.1591474059068516, 3.7581360737004608, -1.4318073480707587, -2.4970250522574617, -5.494769998748265], [-2.9706505921479773, -8.314472924313064, -3.3679016320009616, -1.4614888439894256, -1.328608671194874, 3.692905143505958, 9.57868993839015, 1.8349486426037638, -0.18045342614382714, 3.9767914740241963, 0.8303841566488916, -3.3494070061741734, 4.927319042767364, -3.799959676516378], [2.461180209375267, 8.814964959637173, -0.4049989723919096, -5.6847038415048585, -3.6249863156024444, 0.2093799959125935, -3.7389838833268625, -1.654854017206811, -1.9147015228043232, 2.1025688493470067, 3.9818301856180502, -2.2299756149196153, -0.8173761536939337, -7.389703858361155], [-13.365789813348925, 11.454213055307251, -0.9295384985099318, 7.934632109785572, 3.030728990720443, 1.604991058218854, 4.2307218520103556, 0.6322565512851861, -1.969637283038206, 4.095980161898581, -5.162913148671239, 7.3004377927217305, -4.835096097906057, 5.247019430423197], [4.211573088840618, 3.4363138603004995, -1.3129683493399908, -7.214495357526387, -0.4833563312792244, -2.9129608459587706, 8.565616654821664, -4.469478741325099, 2.275717322939472, -1.727509729693137, 8.359454061965124, -2.969871972370779, 2.810709418792949, -3.0761277442069432], [-1.8680365463205666, -0.19658723943324655, 9.475625136756522, 2.2862453937622265, -5.52603888714677, -2.437283871527403, -5.731798628229512, -1.1341320879891799, -2.615220874629499, 7.21149112294284, 2.158405926469357, -2.7368739175414145, -5.392793213581351, 4.767116466475733], [-0.41656734809584495, 4.974751302416108, -4.506608635123281, -3.7737353643938008, 4.990198982736247, -5.344338018999129, -9.024306380888385, -2.688690308790018, -1.2772179795357597, 11.640552955647559, -3.669556885818327, 7.25058954482725, 1.4013680234698285, -1.4438200655123183]], "bias": [[-7.0155121186261775], [1.4459437464091962], [1.3101641058446356], [-2.473785528302318], [-7.6806176080866955], [-5.254208960986254], [-2.8204083477326503], [-6.539494834488616], [-5.247892602624775], [1.1929324830094505], [-11.292062060229428], [0.6664046299449384], [-3.3909615501569466], [-7.145979902869114], [4.126729214447215], [-3.8864010579819395], [-3.576598214150488], [0.7303421057754815]]}, {"layer": "activation", "activation": "relu", "activation_prime": "relu"}, {"layer": "dense", "input_size": 18, "output_size": 4, "weights": [[7.309524558463546, -3.3362295403015105, -5.6946211456458675, -6.38422308831832, -0.16398992891447634, 0.5395777815901454, -10.389900966373096, -1.9304229005419145, -1.3574397703411798, -5.334228529471671, 0.6495529045509614, 0.5551935287994081, -2.779228200682475, 1.0210899445710533, 7.678591949082582, -0.9825824901619544, 2.1962846738947253, 2.164557136213327], [-1.1174890448604908, 8.049132294665597, 0.5860405174247356, 1.4400213256860572, -2.0210366957518824, -4.163274659584613, -0.8899501230149537, 0.6571170682163507, -2.3862105691452458, 3.3530554469966485, -2.884508671977084, -14.494294709386207, 1.9639631834468165, -3.856019041538997, -1.570829226996759, 2.140544138564027, -0.7021683745311869, -1.8305561397128758], [-0.9116033689120192, 5.4125568046227714, -2.888824227704664, -6.394942769055601, 5.033684907102976, -4.5064556637110975, 7.394114547030703, -1.2748551279447444, -6.4654549055286505, -3.1097069884396733, 10.497447127137045, -0.17249759257905173, -3.1158216440625877, -0.47448183505520136, -12.387376446572516, -6.855966952715491, 1.5025909652836396, 4.94010034260157], [-4.683250445611078, -7.207628807218563, 1.1199378343262678, 4.249768223024785, 7.383812280670508, 0.20181750284036504, -7.078109206888099, 1.3483294826355845, 5.801767751389955, -4.898216900612349, -11.613547769944168, 4.798599174482487, -4.345732524447072, -0.8869852614360814, 7.4513520866607195, -4.125085992779764, -3.873743341714971, -2.0115975015605296]], "bias": [[-8.636246317701556], [2.226487198020216], [-2.7333334440861647], [1.703156210030258]]}, {"layer": "activation", "activation": "sigmoid", "activation_prime": "sigmoid"}]}