{"generation": 377, "board_size": 10, "snake_size": 3, "input_direction_count": 4, "apple_return_type": "boolean", "segment_return_type": "boolean", "network": [{"layer": "dense", "input_size": 14, "output_size": 18, "weights": [[-2.0983381554076876, -4.871022059761014, -5.017424858022581, 10.534941276807738, -2.043643596311246, 7.4599646160425035, -8.865351348180068, 5.312787282823293, -7.515553042631568, 0.17059729636044135, -1.0202854471342098, 5.138447546170868, 0.8058652431898459, 4.166775810225618], [-2.3679650035147755, 8.145611761412576, -3.850315027123094, 4.396957229712994, -2.067690968216415, -0.3157009676555539, 1.3230282769247137, -1.6549860548985367, -3.972157693139178, 1.0852264140390468, -0.2347265752897687, -1.3881423618033424, -0.2693253836761442, -1.6675933500720128], [-1.4441622437268051, 1.6389366566310768, -1.570567654987504, -1.00914646108436, 0.437633398846767, -3.778194896401038, -0.6013176517854264, -3.7892265860925063, 5.276042806133151, -0.88568632196746, -3.344566732105662, 1.0071323548830484, -3.346460363662875, 3.326945414343687], [-2.759134443959139, -8.226878639615242, -1.1091048281476064, -4.87031409698955, -0.9521362235953955, -1.103245712749516, -2.012814149584071, 2.4235026651017355, -0.18669092823440114, 1.7335336639280619, 2.1737486210284946, -0.0805127530504611, 1.1600119925002796, -0.573482349220735], [-0.5550065184912581, -5.526114581348379, 5.242000157803322, -9.428712913136474, 2.1606724086281957, -2.2330826276323865, -4.840456702171625, 0.33249020156169556, -2.4717683842138616, -0.1559432617606662, 3.9870960166133496, 2.042332451225878, 2.0994926991463982, -0.08641283487642826], [-7.514118353777455, 3.2987679305829607, -1.507302940992654, 3.596576809633831, -0.2461332569416049, -0.20141584820342529, 4.970846485527337, -1.0670809549943154, 0.6394700015909297, 2.2334863294898484, 0.6722431885828388, 1.8198255645802197, -3.548871322776418, 0.20813802990525282], [-5.920949822992642, 1.386939141631174, 3.716019194823989, 2.6671814757009593, -0.5407605555140717, -2.3802397676381704, 2.1546977149983526, 1.6836866416129799, 2.580842667934147, -2.896143760838095, 5.388493481383879, 0.8866641604698595, -5.060920081267203, -3.99646216509172], [2.005167639238591, 1.6309341121761178, 1.9121218291157567, -0.3679822075866849, -5.144760272726155, -2.9609752638274873, 2.244493962320653, 0.607106083555305, -2.5810204362277656, -1.3164911195999547, 1.8599914092249978, -4.44991206019914, -3.0710985378258475, -1.8719897236108092], [-4.207143187124931, -4.529222826906297, 2.677364839685854, -7.057805800509674, -0.5476303265689593, 0.18464439749621198, 6.474662490426389, -1.6973420047872574, -1.7477095896349564, -4.193183445822335, 0.5444042095882949, -2.148955560463227, -2.6744670113028497, -5.524512433859721], [-6.4453071900691095, 1.9361600769938576, 1.4158268401519036, 10.045585762973777, 0.996691448003461, 3.400978078201182, 3.1516632005670964, -4.916299444153813, 2.873430179510709, 0.5512455349793622, -1.5117072088448777, -3.6809451756477345, -4.976515344358242, 0.03603320988943437], [-5.056813345838202, 5.273729961473853, 0.32432421337015904, -2.9954970233977365, 1.0160044601022007, 1.4474649980789163, -3.668811771310687, -3.7785205608659824, 2.4954627428731326, -2.8870418536918594, -1.2612178342178302, 0.8534371002186676, -2.292951902794967, -4.2980008161908465], [1.7506494519854678, 0.8162317219548402, -1.7577227758239975, -6.7392057047994545, -2.1064254470543395, -3.1556937052773124, -4.556142819536333, -1.7573112213303284, -0.7311145699519624, 6.508361603663554, -2.143286187156253, 4.897955232087795, 5.81409177424947, -0.8264951335276647], [-2.8066231442837433, -1.350934210072206, 5.535033522226785, -1.617996794650951, 0.2907396298188456, 3.747641145057461, -1.1160566760467034, 0.7418307214523666, 4.297516299961496, 3.6085960649345523, -3.1796559602495433, 0.6047362047914961, -2.027201191067088, 0.38283030794471706], [5.518046943465942, -1.6336317662471571, 0.11414909658585581, -4.662679317706829, -2.426140141815722, -0.0677930343463895, 1.7721484771867853, -10.682987457602616, -0.6116294406790204, 0.6001142465871463, -3.401686995678038, -0.5380592406943823, -1.6045483485553806, 4.833266429652173], [4.507457943349821, 5.18434855801054, 1.8725388173904076, -5.491449896420132, 1.4684329148404218, -8.114473065689909, -2.217217323376036, 1.348517339434358, 0.06922438884477589, -3.003265155950155, -4.264308222986001, -5.736953732041925, -4.428918095121087, 0.247450648359681], [-2.638653102378471, 1.3180377895505608, -2.288855529053002, -0.3804307500445343, 0.7937604522348887, 5.794180228679165, 2.0615482171913353, 2.3937244113317133, 2.54394624409456, 1.5162250602680076, -2.6652129095886674, -1.765722856414083, 4.224791830898941, -5.142923849039508], [-3.514249149902822, 0.5514729923671395, -1.2845310944069772, -1.1084463415674888, -0.8048419911852611, -0.6942056003083873, -0.22103437205840581, 0.28531773614853384, 6.888870120702077, 0.05901575405294385, -7.1845756271853425, 1.8133421410371564, 1.5998248522615017, -0.08392965896723203], [11.828384995050323, -9.54890317176024, -2.2529566105427348, 2.0239579085205848, -0.4084810759669561, 0.9062888086895102, -1.842195026012729, -11.336386249580727, 3.72674305676422, -10.713864116346555, 3.6341701763748855, -0.722216335261712, -1.3310983658081144, -1.456116373866973]], "bias": [[2.8935041401924586], [-1.9744363362989412], [-6.58376673057295], [2.234810496988967], [3.034883699779117], [0.8604513155197994], [-3.2776839765911276], [-4.1262949724996805], [-1.141987617465086], [-1.839880380725829], [3.524098458445092], [4.840679985134102], [-3.969342354165638], [-0.787012039006916], [-4.65265440433245], [-3.083643673199606], [-9.85135809658891], [-0.6047134537732872]]}, {"layer": "activation", "activation": "relu", "activation_prime": "relu"}, {"layer": "dense", "input_size": 18, "output_size": 4, "weights": [[-3.953158159699373, 0.5152669422688658, 4.038918732440097, -2.0986952033047697, -1.2662252065896908, 8.808362637831264, 2.227472741997506, -2.4018544610580266, 3.4119980343880787, 0.2620776463887453, 0.7436572788828393, -1.5486441087195488, 1.0731008236895379, -4.019456042488271, 2.1062827462322655, 0.3319728667104386, 0.6554952776880957, -2.292082175495599], [-2.4087581522413286, -6.754261095599669, -0.31698249723349026, 2.8904348767851076, 9.295628176193016, -3.90965763929238, 1.1071310792488513, -2.643379792976941, 4.251217493485579, -5.757656814699911, -0.7847941595902524, 5.1345084242247045, 2.1122220143192214, -0.6880240892539342, -0.5334808976058845, 2.2833982721966333, -0.6296299927303008, -1.9640961590600048], [5.908166952573367, 4.661979966620108, 2.882170244003126, -0.1760619506895376, 0.08480291805508994, 2.8938752509376062, 0.7252345676896402, -0.36237804233498583, -1.0357954665072129, 1.7919975547143567, 2.6935301757573704, -2.2799187417785847, 5.575165220775777, -5.513047534113324, 2.3592603605169717, -6.6403336101165635, -0.40047647278671317, -6.026272012913352], [-2.7425489828051726, -3.0661584943152453, -2.6928941690628942, 1.6042755484818325, -2.7717053990428537, -1.2952936908340718, -8.789656183426711, 5.2933903565588984, 2.5299063601752527, -4.661229200285858, -3.4715071530605077, -2.9223639924458444, -5.5480115685609235, -2.3637407469685154, -0.6688339361975573, -6.509607893342601, 1.0615833175301241, 8.401476621579503]], "bias": [[1.5803521646252308], [-1.4786971670932316], [-0.9423840179621594], [-1.3005954239413922]]}, {"layer": "activation", "activation": "sigmoid", "activation_prime": "sigmoid"}]}