{"generation": 521, "board_size": 10, "snake_size": 3, "input_direction_count": 4, "apple_return_type": "boolean", "segment_return_type": "boolean", "network": [{"layer": "dense", "input_size": 14, "output_size": 18, "weights": [[-4.006978370430631, 4.311937137321577, 0.25090146188381635, 2.703762868490024, -4.718198123784412, -0.05856989753158226, 4.296590490112, 0.8276859513332748, 2.8956966300982208, 11.336260585260971, -7.111481406937999, -1.3908563041485507, -2.800794612548578, 2.528307862164632], [-2.3698702131853264, 5.081811587456283, 6.388628678843052, -16.873052884842043, 3.6463478136599106, -5.833702152453533, 1.0987770226170046, -1.311680606715155, 3.0924773464965867, 1.2646637856376566, -0.554229053513543, 5.093163279325245, 6.780311765993584, -1.0382606962768768], [4.289531031328051, -9.60146815260231, -2.3497562074238107, -0.4439489229620506, -4.6878946866199485, 0.11015846344796412, 2.6513841089993915, 1.323382979824952, 1.4145796474991172, -7.047027895758567, 2.1649262532539413, -3.71257003965425, -3.314835748754227, 2.2321229719488533], [2.057432780094014, -2.910460741288211, 2.141497388597723, 4.206266576155878, 1.4454335895147097, 0.9659753556500983, 9.410092875890118, 3.0388128819492977, 1.9452067978788936, -0.5062096536027185, 2.9465702339506743, -5.516436500490468, 10.49837506671155, -2.381987108164109], [9.495182683107151, -7.0481789572196964, -2.990283657618856, 2.167507737384071, 4.50292750053637, 2.04714074231812, -7.088249611806541, -0.9969996748260821, -4.499900435585153, 1.4623167258984844, 0.9225230025144788, 2.935619394951863, 4.3193687091175095, 0.770474830227131], [-1.635164846476605, -0.6627625737578591, -1.350657049728941, 1.5926446369391023, -1.474507222929539, 1.3894632814364782, -7.501944277714884, -0.7458731879093367, -3.2040226620902654, 4.629930554621371, 1.659450627952412, 3.369338221279502, 0.16305114496312517, -3.663997989782939], [13.993953129897122, -5.041658856757489, -0.6536713405813682, -1.1353461149348005, 2.1604500820270003, -0.9966398638321565, -4.9762620448500074, -3.056912717905176, 1.619690388178135, 1.40303890721496, -2.4995414606416064, 1.9595603929691912, 0.003558677077502681, -4.813159651995719], [2.770245405859837, -8.886501371012153, -7.66395223551716, -1.569807214951573, -3.210655373612527, -0.12568996830135926, 2.06131545780374, 1.5182494468032632, 1.886214854492378, 1.8145901053914804, 1.9417676769957515, -0.8246019741497088, 0.4085268954058985, -5.853761926199216], [-2.498973448588544, -3.312617324027869, -4.193737410145635, 5.596232716937575, 0.5711275629417484, -1.26038334970116, -6.092772034378306, 2.3093066751937767, -1.0675913172656968, -4.248452399919662, -2.2027413810857968, 3.4385940102824484, 8.107382674707873, 2.2838030500921156], [12.349634847252263, -3.9540566977392357, 2.6139805277403414, -5.670869210778055, 0.07766880386809083, -1.7180519042490214, 1.493289610304284, 0.519678966742416, 0.8020281622731043, -2.105903792099232, -6.21145062948149, 1.8020374379354605, 2.4304694540109053, 4.685983238341642], [8.21585869056295, 5.04801157246951, -1.6933036439784805, 4.283858118522808, 0.650471692519594, -2.175113489157948, -5.645303064668801, 1.445213505204051, 0.5209509825690786, 4.837821926052428, 0.4853679450101813, 0.04021462308907642, -3.223330972689011, -3.1781897447462955], [2.2151469729196958, 4.6118298801752875, 4.43447994635643, 11.0236103519632, -2.417137755853786, 0.15269648059166507, -8.183026383670535, -0.8023528481965113, -5.799965807286263, -1.1120282469368599, 1.80227172121289, -0.459612904598169, -2.364407112751431, -5.494769998748265], [-2.5767026195493936, -11.056827622957774, -3.053506877134568, -1.554868793235478, -1.4585179133589583, 1.439121054997318, 9.83497170031572, 2.823123038696857, -0.18045342614382714, 2.094392412658039, -2.579420322658563, -3.508265916993384, 6.686551224857684, -2.5517242464606826], [2.2824969523361536, 6.053073495741561, -0.4049989723919096, -5.804122358894707, 4.323596562612647, -1.2816976057218192, 5.315032870472114, -1.3539757965706432, -5.323833891848552, -0.6324230602966778, 9.031121853566495, -1.3485867347091363, 2.8301540515259997, -1.604034070095168], [-10.589665644982258, 15.19944484413818, 0.611116681207283, 5.60668405519499, 3.4816144290732494, 2.830357487258104, 1.7908369980198628, 0.16160052033282934, -1.4476282164591225, 3.993458283866353, -5.196620169384687, 8.704699727560493, -3.031461555936786, 3.4732195026464465], [2.427472520581467, 1.3398321831723226, -1.704253593332084, -6.369257572655169, -0.43963824823321795, -1.2147802837796586, 9.297324110751976, -4.464243303638417, 2.275717322939472, -1.5235501058951537, 8.667052574462517, -1.1739537638742374, 1.9742361243260889, -4.856749124633356], [-1.830774484045473, -0.03614576457270713, 10.698223965091552, 5.292128866938629, -6.470921409059165, -2.437283871527403, -7.1459248582257064, 0.3315697614324673, -2.615220874629499, 5.441580811888715, 2.9097595630890636, -0.9841256674974835, -0.8720130287685061, 6.503404982086116], [0.5573454446783, 0.10787694294590056, -11.765833235813187, -3.9778992531911372, 5.442406969283313, -4.237963284653362, -5.696297817331925, 3.6629397388419656, -0.32804218340552627, 4.687462225008749, -0.25181581467620395, 0.38701212935493634, 2.178715317769086, -2.092957106919227]], "bias": [[-7.0155121186261775], [-0.1748428023927706], [0.6824665086455286], [-0.03826209542119097], [-9.567708784977153], [-1.0111685600696827], [-2.4901818993255858], [-14.497521644604909], [-7.514296120527182], [2.5202384051419155], [-6.471692412513819], [0.9855435801407941], [-3.3909615501569466], [-6.955396207001111], [4.126729214447215], [-5.672110525789801], [-5.76835165056992], [6.704756115991399]]}, {"layer": "activation", "activation": "relu", "activation_prime": "relu"}, {"layer": "dense", "input_size": 18, "output_size": 4, "weights": [[7.414515432938938, -2.95617988327729, -3.758554119926123, -6.940437908745774, -1.2168625604080474, 1.7402549550302064, -7.56505083030908, -1.68541205164485, -1.4563279576622605, -4.274979892924906, -1.095508445221922, 0.08642499920507118, -4.396768064011563, -2.892567631897219, 6.283817770080016, 1.3058788597441415, 1.7913561872657204, 2.2043391808629513], [-3.5271900075995886, 7.333693118332659, 0.6915436328702098, 1.8512357459130997, 1.669106716233261, -5.525218908168452, -2.0714596195522725, 0.6571170682163507, -1.1404775250994548, 3.555232054754336, -2.946635231781735, -16.087721040827052, 5.267636400791893, -1.6845568904065726, -3.368988640083762, 5.339441813334101, -2.043731129415638, -3.099615173849734], [-2.8150885890660975, 0.9398295937825536, -3.654521716285987, -5.954455790931403, 4.0708741059375955, 2.6425592129535884, 4.926708344615864, -0.7284484477271378, -3.480636192826021, -0.7738528287400531, 9.165166209963742, 3.575676338309031, -3.917172531874514, 1.0179409046865282, -13.31648925766754, -5.222533893597392, -2.6271657317231627, 4.942094714476623], [-4.209924527372652, -4.679128178344034, 6.327750129892806, 1.5991337283732434, -1.1702288185643113, 2.306133458603044, -4.864662226682597, -0.39059163877186226, 0.06134193389010188, -6.709670003708161, -7.530091153521348, 0.3763251745520866, -2.580942594857791, -3.063336558561019, 6.854849281446681, -6.34484300394953, -2.7450553768124113, -2.836448240549805]], "bias": [[-7.4695448383797665], [-2.243069467506107], [3.554426932270384], [3.373583251122469]]}, {"layer": "activation", "activation": "sigmoid", "activation_prime": "sigmoid"}]}