{"generation": 513, "board_size": 10, "snake_size": 3, "input_direction_count": 4, "apple_return_type": "boolean", "segment_return_type": "boolean", "network": [{"layer": "dense", "input_size": 14, "output_size": 18, "weights": [[-5.987248121813296, 6.817505061059811, -0.23777780963910788, 2.98524321524601, -3.4624589027205994, 0.14257607588783358, 3.1211855921339584, 0.5751731747654141, 2.53718497540055, 11.336260585260971, -5.39299169916212, -0.33692747150356417, -2.6364252472734195, 2.9621285145530725], [-3.2780891251277264, 4.105924608815827, 6.388628678843052, -16.18594130492964, 4.904237477186363, -4.888833950156421, 1.3148654559163067, 0.7190471736977667, 0.2367831641947703, 1.2646637856376566, 0.3306059391366608, 5.093163279325245, 6.206496588990574, -0.19830445062442265], [4.464419239819753, -9.60146815260231, -0.8699083477545728, 0.38923166791657837, -4.478966914648245, 0.1403853830326896, 5.152955196750956, -0.5355094931249151, 5.358232738076092, -6.335802409587716, 2.1649262532539413, -4.568965780991494, -3.8890908788919285, 2.616562109549795], [0.07586336655058323, -0.9762420249078381, 4.584314084105326, 4.206266576155878, 2.6073108382459322, 2.430262185941949, 9.46799161605839, 2.1781499825875272, 1.699318904454719, -2.210319763503781, 4.845688868093951, -10.179995024626662, 10.130746915966125, -2.8258728777678765], [9.569633791723579, -10.76854309621633, -2.7165396154971813, 5.0949337546626925, 1.9700935331593457, 0.2411002366179552, -7.312477065287471, -1.591639891089862, -6.241392573108101, 1.4623167258984844, 0.1786614037221167, 2.529769656511712, 2.609716083455654, -0.17818156702207277], [-1.635164846476605, -2.0102833159940703, -2.0991252225545676, 1.3047025066992803, 0.10118606273526481, -1.0670355130088642, -7.042451344858075, -0.21172341010936946, -3.2040226620902654, 3.9525540244279687, 0.7601409076523948, 2.926829771168258, -0.22215429606713133, -2.8988510776413703], [15.725208213716034, -4.52703665490529, -2.1768764447197126, -1.5828135978406628, 1.8196998187770976, -0.7673690833607041, -8.791155858109594, -3.224259441416433, 0.293824637451626, 0.35297332545637605, -1.3110991516034027, 1.2367260818137984, 1.8683931244095635, -5.454548777379398], [-0.09246760351240657, -4.547018107246712, -4.770477318886584, -1.05289273729293, -3.2960543980796553, 0.8795387868152738, 1.852983145561578, 0.9951430979641535, 2.0801929251655022, -0.11109090060660287, -2.9167684768635587, -0.18267102768274224, 0.1290611751558245, -7.585591637241595], [-1.1465501709457293, -1.4478089191078065, -5.44316801006013, 5.067965185654161, 0.5711275629417484, -0.5632607515651447, -4.811381269792886, 3.4442566309920095, 1.427566709048298, -3.795054766001913, -1.0371265286081484, -0.30086121494471385, 6.157179063902753, 0.5334388093646978], [12.244077539734159, -1.3622428678852112, 4.7785070574520025, -6.60210650600524, -1.607547285480155, -3.612340141804776, 3.1884598128305672, -1.0095675472081131, 2.6033810196360236, -0.8973377162939966, -4.001316435707459, -1.7317740156724926, 2.9540427330689516, 2.745932405313855], [6.59747242757568, 5.547305994742484, -3.7152536880359266, 4.534356180165223, 0.11563681213303509, 0.24883577310925498, -6.347568107650101, 4.634625676221893, -0.3247852590794641, 3.5401242699318773, 2.8819838893306837, -0.3401043718174066, 1.4129947215319931, -1.4099436871212008], [3.933424758355253, 3.8631846150689992, 3.075245220500275, 10.580224723391405, -2.417137755853786, -0.9074101459503243, -9.775048167867293, 0.05607054655392807, -3.7950983948371153, -2.1591474059068516, 2.78566243957303, -0.459612904598169, -2.364407112751431, -4.689925269674151], [3.4318862118373703, -7.486045750212255, -6.180190976870042, -2.202375747003086, 1.5341771586603714, 1.1293534401828627, 9.036845046771461, 3.819317478938633, -2.416785282824509, 1.4290940823720624, -2.4789867878369805, -5.3745039329847355, 0.417042241909781, -2.6322171245710315], [5.378651738899885, 7.341383793060027, 1.8956393677917003, -6.6884394583722315, -3.110902497290439, 0.2093799959125935, -3.7389838833268625, -0.5672524295428061, -3.712108215936226, 2.1025688493470067, 6.341732997986573, -5.344379245637071, -0.8173761536939337, -8.467342491154715], [-14.19613943839028, 11.454213055307251, 1.4260731346101194, 4.956539861915205, 3.030728990720443, 1.9390836350712326, 4.2307218520103556, -0.47761988297860425, 0.5829446937159178, 4.041027158236352, -5.162913148671239, 7.656755169403476, -4.060553279216174, 4.056552451873712], [4.211573088840618, 3.3762198971195923, -2.3993615760383453, -6.648680760260362, 0.3733050885620668, -1.6539437952694034, 8.619595551147743, -3.3450092929565103, 4.325393568595748, -1.5235501058951537, 7.521157560205482, -3.21006475025028, 3.8789148776596765, -4.671388087728254], [-2.6347024059876016, -0.5161734548101717, 10.698223965091552, 2.2862453937622265, -6.831111193321824, -2.927714929239142, -6.341980604289513, 0.17257146730356454, -2.615220874629499, 6.273980140361658, 2.297780546155742, -3.7190824730461203, -0.8759963569009248, 6.503404982086116], [-0.6340370290946101, 0.8525674815724997, -10.138996965180857, -3.169998965683062, 7.192304135548516, -1.300931633251734, -4.067721448823105, 3.6629397388419656, 0.5087558112824337, 7.163074001845537, -1.8556050196217384, -0.14804588528217744, 0.4024097552276409, -2.4394383760201075]], "bias": [[-7.0155121186261775], [2.6673840896031034], [2.3777402688005878], [0.6926393993840914], [-7.6806176080866955], [-3.0136685774312295], [-2.602151500029695], [-13.748467834464222], [-8.182644888669895], [0.49405087611754794], [-10.245542132135222], [2.206814837081799], [-2.058325160822066], [-3.6664748870400707], [4.126729214447215], [-1.8983315993909176], [-3.0009770839335856], [5.932764004388572]]}, {"layer": "activation", "activation": "relu", "activation_prime": "relu"}, {"layer": "dense", "input_size": 18, "output_size": 4, "weights": [[7.566935844542152, -3.3362295403015105, -5.063469108179931, -6.095336466627136, -0.16398992891447634, 2.8579576446306962, -6.605384742275878, -4.032006412457263, -1.0180704377904637, -4.286250900241697, -1.095508445221922, -0.006767710805924226, -2.9494027133578093, -0.26373072539506426, 6.968281242373151, 5.057028127086097, 1.7913561872657204, 2.624722627869563], [-3.5599460763644712, 7.160651140328733, 1.9320468548513041, 1.4400213256860572, -2.2664323145465435, -4.133302334304048, -0.4495382208441162, 1.778354614680452, -0.3032117298345641, 3.555232054754336, -4.361903428628038, -13.813633595497565, 0.3364958750646223, -1.6882041840356354, -1.570829226996759, 2.7828416296312106, -0.7021683745311869, -1.8305561397128758], [-2.1576128576202285, 5.4125568046227714, -3.3498769324975926, -5.844152038791522, 4.640015803582475, -4.200745882191563, 6.469623102086672, -4.393197132700491, -4.538885346061473, -2.069198855279668, 9.761687557465228, 0.5664406958809023, -4.031617203631019, -0.8215611936633898, -12.492813265852927, -5.575397552022396, -4.508062639956398, 5.2002104158394795], [-4.00994369325565, -5.676494541524839, 3.666852576280523, 3.7800009168454443, 8.805562016414752, 1.3667786698966868, -10.210100719570072, 1.505948433948622, 6.854716194142669, -4.536697644060795, -8.980415175084868, 3.7170669219862846, -4.285130635527052, 0.8118492856560924, 7.2302843505379135, -3.6935555197627723, -2.496109420768072, -4.103224170920571]], "bias": [[-7.8266314954968115], [-2.118030655126172], [3.554426932270384], [1.5303135278428361]]}, {"layer": "activation", "activation": "sigmoid", "activation_prime": "sigmoid"}]}