{"generation": 520, "board_size": 10, "snake_size": 3, "input_direction_count": 4, "apple_return_type": "boolean", "segment_return_type": "boolean", "network": [{"layer": "dense", "input_size": 14, "output_size": 18, "weights": [[-5.987248121813296, 7.179884105889521, -0.22264876595644578, 1.2449758219275735, -6.925708108063352, -1.3205891154913019, 4.8130231593579325, 0.35611524865791266, 2.8956966300982208, 11.272563059976422, -7.743658366213307, -0.19357206709940544, -1.7888651488554965, 3.909584450577526], [-0.6242179270210846, 4.787424093117165, 6.388628678843052, -16.088211730689846, 4.007340417863549, -5.833702152453533, 1.8720581522648891, 0.4633673068771292, 1.3506670346865979, -1.5500749139503203, 1.388214182967897, 6.232644195035477, 7.19486058339252, -0.3788363899031657], [4.396386203366341, -12.055970513950687, -2.3497562074238107, -0.05596653599183818, -5.822073756485225, -0.7748751405584269, 2.0219706966332, -1.0284376340922405, 2.970691313266541, -7.047027895758567, 2.1649262532539413, -4.617207429277584, -3.8890908788919285, 1.9033628589623484], [-0.08411252370373123, -0.9762420249078381, 0.29667759772662544, 5.159375038595531, 2.2587889780638815, -1.6905081361655596, 9.56163031592227, 1.8556204790526443, 2.013665050503418, -2.2485733484484065, 3.967473281467611, -5.516436500490468, 8.608692001193326, -2.6048583307197077], [9.93936913681839, -9.416805786439468, -3.5867290700280146, 6.272492400905568, 0.744406326608974, 0.32756082095932515, -6.70255658557349, -0.2234194376427583, -6.848668302441762, 0.3216246137787526, 0.688931162956291, 2.529769656511712, 2.8297192327041296, -0.17818156702207277], [-1.635164846476605, -3.491838182530718, -1.350657049728941, 2.1603892696220157, -0.4360631838976498, -2.2450524324699295, -7.243454775672739, -0.5761461740106912, -3.2040226620902654, 4.1638388957011285, 0.4145925714733212, 4.819254494543973, 1.0232755982183233, -3.7081798181994836], [14.182178133054123, -4.52703665490529, 0.34116572103764586, 0.7334032087696897, 3.30285867283052, -0.7673690833607041, -7.3419284998526795, -3.942158798023586, 0.03514746624647608, 3.033272743187143, -4.413686772545232, 2.6979979174067834, 0.003558677077502681, -4.813159651995719], [2.770245405859837, -6.01067657635207, -4.684559796433659, -1.569807214951573, -2.783969977778005, -0.12568996830135926, 1.852983145561578, 0.6082069659425922, 1.0730046591180524, 0.853622829817551, -1.8887129413699677, -1.9017360941698151, 2.4326830301766877, -6.184905523855546], [0.0714119438573475, -3.6221970298445925, -4.658814304611652, 2.194479707477548, 0.5711275629417484, -0.5632607515651447, -4.811381269792886, 1.8823446280129543, 1.6716423100693731, -1.7308003491771797, -1.042810265917717, 0.9762792021602534, 4.0654293196372056, 2.027151369643399], [9.871118635778604, -1.701285106451555, 2.9084797762882366, -6.971039982425733, -1.151469601387129, -1.0829431671125174, -3.2231299527846478, 2.0027468894689973, 1.5469779276633822, -1.9899031156466727, -6.776847195302652, 1.7646881052619883, 2.8668952180524627, 2.3432681886538314], [8.472228200744919, 4.138079056115247, -5.144161236710489, 3.724384841727817, -0.9041559191335654, -3.4334865678003763, -5.406825657592658, 2.9992180547664846, 0.5209509825690786, 3.3743229642916033, 0.4853679450101813, -0.6103563736957471, -2.7562494403893636, -3.623567736686827], [2.0497241745225447, 2.313128630955159, 3.8448504859878327, 12.42225561296719, -3.7512559623177024, 3.449547803091593, -6.661597196890647, 2.6279406951506075, -4.153088770523481, -1.2617689580826696, -0.7925058015424608, -0.28235225061817454, -5.242077803744933, -4.676570906275412], [0.3372112224918754, -9.416084927818051, -3.41748674623873, -2.5188368415125035, -0.6896448502718632, 2.3024157363840594, 10.62564231960223, 1.8113640264836324, 2.1051295630000078, 1.9483572724747664, -3.6158662420255014, -7.1416425421354734, 4.927319042767364, -2.8473857011403414], [2.4674362043622, 8.527765761600119, -1.4537237025098297, -5.43811484009281, 2.3178039803975965, -2.1167372685262915, 4.0007124154238, -1.9829827448147819, -1.2533650758468489, 3.2738596749264612, 4.667255625095913, 0.0414848680651263, 0.26004272249286603, -2.3136340694842232], [-12.447074751108524, 13.532816557441427, 0.37003271258350834, 7.15209796411092, 4.72991072088405, 2.258462503805691, 1.7908369980198628, -0.2770824465805134, -1.689155889204681, 2.6441204559621916, -4.604102113093879, 7.412131119910251, -4.060553279216174, 3.405304148972934], [6.909611769903616, 1.6643758464840899, -1.1121905499390374, -3.442209095305279, -4.99453134266206, 1.3423022600838557, 10.126701362590676, -4.919470957477157, -0.7441606329715466, -4.454912972330559, 3.0274055311499226, -4.99510594337409, -3.4506553666300084, -8.097434215803688], [-0.6203208595135367, -0.4696730639015389, 10.698223965091552, 2.712469346414808, -5.498524398826105, -3.3102377831751535, -8.458632682212599, 0.17257146730356454, -1.6090128962065362, 5.96851773721135, 2.755033689110145, -1.2436551341713427, -0.3004655559646968, 5.0227130451455135], [0.7323698829768694, 0.16096875756138795, -10.138996965180857, -2.6625952926713023, 4.49479330929433, -0.893252140545506, -4.165790072037848, 3.630016762179398, 1.5047153944535823, 6.299162981303666, -1.9338101438957493, 1.3588845001883039, 1.5356043851248429, -2.092957106919227]], "bias": [[-6.953673143283896], [1.0722974387985338], [2.268179147080559], [-0.6758239632376699], [-8.227062660370057], [-2.9748997099797148], [-1.7224887614529716], [-12.381294548333528], [-7.397277622146393], [0.8353011883821679], [-11.292062060229428], [0.9855435801407941], [-3.6007924063077925], [-7.274408344500069], [2.989603351189686], [-2.3941094623640087], [-2.049176584757844], [5.406947601135765]]}, {"layer": "activation", "activation": "relu", "activation_prime": "relu"}, {"layer": "dense", "input_size": 18, "output_size": 4, "weights": [[7.566935844542152, -2.4396309987165994, -4.705317389851298, -6.7083027454678925, 0.6811328264024867, 1.815453990970361, -7.5573577208287865, -3.2706658659701793, -1.2791327076471148, -6.312696639817212, -4.085296827572783, -0.5964612039408808, -3.033517522464673, -1.3720520607209181, 9.287470898510001, 0.5332107920965514, 1.2808843794338731, 0.6333788174876793], [-3.074764990807486, 9.26504521283227, 1.0853034544751265, 0.36293007617249584, -0.06593195679125818, -8.346696159152932, -1.7501513290909911, -1.3671238752311103, 1.6687813964373015, 2.7305703675707456, -4.274400455696844, -14.83930559091284, 2.1105627080457063, -3.804940536995762, -1.7355793570779476, 1.9839018339267263, -2.1862758729659375, -2.539644060296226], [-1.7911083671809027, 5.4125568046227714, -3.3498769324975926, -5.430842878762049, 5.033684907102976, -2.0959992603319084, 7.865609764821204, -2.0220115998027075, -7.095673638758092, -0.42110871986590626, 10.497447127137045, -0.17249759257905173, -3.1158216440625877, 0.9389575039591929, -12.662114352072953, -8.375404584451468, -1.9556455812301177, 0.6615340534811504], [-4.242031511455872, -4.767768593285057, 4.330008922693192, 3.4270744731387586, 7.383812280670508, -0.5164784911319877, -9.448039466210089, 1.505948433948622, 4.973732994024483, -4.536697644060795, -8.568904240087504, 2.3248404584016944, -2.8017707506488216, 1.5755216765854536, 7.813420279740782, -2.6483103095600047, -2.496109420768072, -2.9238933142579673]], "bias": [[-7.516973799382154], [-2.118030655126172], [8.016809330150851], [2.293923153242153]]}, {"layer": "activation", "activation": "sigmoid", "activation_prime": "sigmoid"}]}