{"generation": 515, "board_size": 10, "snake_size": 3, "input_direction_count": 4, "apple_return_type": "boolean", "segment_return_type": "boolean", "network": [{"layer": "dense", "input_size": 14, "output_size": 18, "weights": [[-5.987248121813296, 6.817505061059811, 0.9844601623467695, 1.2449758219275735, -5.951672963262095, -0.15408030032056663, 3.1211855921339584, 1.1151301748859261, 1.813051262067344, 11.336260585260971, -6.649354912952397, -0.8121650820923315, -1.845861270892124, 4.220059907996299], [0.25221651903642495, 5.267670468093279, 6.388628678843052, -15.860492344889124, 2.835723844355998, -6.817179968322415, -0.5205617872734665, -0.2292971331525928, 2.49376380925392, 1.6984289693005297, 0.7305627970301823, 5.334032932261921, 7.185365796165282, 0.8298138847089285], [1.3008675761226645, -9.60146815260231, -2.324066165641423, -0.5944196672892139, -5.984607550560404, 1.1937235917153326, 4.84093799307733, -0.5355094931249151, 2.970691313266541, -7.047027895758567, 2.8411824567545274, -4.974212307196563, -3.8890908788919285, 2.2321229719488533], [1.9381736961931268, -2.693289346513067, 1.0687518484167788, 3.284030015006066, 1.8391621796234823, 1.8706489158265844, 9.302995467389275, 0.07721553358552669, 1.699318904454719, -2.179956331567752, 5.328656971241312, -4.954150760216167, 12.143171262850377, -2.8258728777678765], [9.93936913681839, -10.713734697825254, -3.0337517118729664, 5.5756165399787845, 1.457131495513721, -0.007763561236494104, -6.467083859523684, -4.753043965975687, -9.307992250087217, 2.378308639622723, 0.1786614037221167, -0.3573540430281774, 3.9883154483444443, 1.1849367051589184], [-5.387836138393242, -0.6627625737578591, -1.350657049728941, 2.559635779691213, -1.4102598160994562, 1.948321836733425, -5.862866347196464, -0.6610157047047256, -3.808905662608032, 3.7648770818973123, 3.3026464601435865, 2.926829771168258, -0.06605080189854107, -5.008096809737884], [12.910450968954539, -1.2141193834806217, -0.9116018559807654, -0.3273588109483768, 2.11173727902332, 1.2257949477221648, -7.3419284998526795, -0.38905012551849905, -1.4905888267997809, 2.7968888813588926, -2.879446530789992, 2.6003855331717474, 0.003558677077502681, -3.301261219108446], [2.770245405859837, -5.869375766938298, -4.684559796433659, -2.803964637853973, -4.229648932800614, 1.416369467807353, 2.0209128441857334, 0.6082069659425922, 1.0730046591180524, 2.4258777695491696, -0.5671960651884148, -1.0630147404336956, -2.1115351741191626, -5.610204847612127], [0.9799658317439086, -3.6221970298445925, -5.44316801006013, 2.194479707477548, 0.5711275629417484, 1.1814425996612554, -4.811381269792886, 0.3521578110302144, -0.23783755490051584, -0.6462873204352724, -1.3695900967169983, -0.30086121494471385, 7.798139327694204, 1.5612675791841868], [10.687470667414317, -2.0221208751824316, 1.04519522496179, -8.333283852854414, -3.2594201054897978, -1.2485583102510547, 0.7019625398154911, 1.4702829083355886, 3.1683439508046787, -3.6636882017961865, -6.3520213522382765, 1.7646881052619883, 4.245345868188538, 5.086606835619018], [6.30115576587613, 7.980846611104728, -4.123529306788341, 2.982600246350233, -1.328420607312815, -1.1204658913652605, -5.619064148333215, 1.8344079846390051, -3.658191277808161, 3.6189235424302915, -1.0634019631363336, -1.9348185564177895, -5.441487351715587, -3.0755308798351972], [4.210006611632492, 1.2806524775661234, 3.590697612095461, 10.580224723391405, -0.12254077223799209, 0.07898997721570251, -8.183026383670535, 0.9856481892591189, -3.7950983948371153, -2.1591474059068516, 2.817443967894194, -0.406675433097211, -1.6153094288950887, -5.494769998748265], [-4.775884989723165, -9.327612476684342, -1.6444780927758884, -2.271043011292495, -0.2722515516164715, 2.3024157363840594, 10.218307906974113, 0.7340216996791089, -0.18045342614382714, 2.094392412658039, -2.579420322658563, -5.141844151443708, 4.927319042767364, -2.5517242464606826], [3.2141687538731856, 8.3262552331906, -0.4049989723919096, -5.804122358894707, 4.323596562612647, -1.4940941319186993, 2.321726502499621, -1.3539757965706432, -5.323833891848552, 0.7169551071712934, 9.031121853566495, -3.168019413754174, 2.8301540515259997, -0.9032139822844302], [-10.589665644982258, 15.873418727296915, 0.611116681207283, 5.60668405519499, 3.4816144290732494, 2.485366160892261, 2.230172427065252, 0.8944065650646043, -0.9708237948391436, 3.2043839472193136, -4.091882568212313, 8.704699727560493, -3.031461555936786, 4.046210033807954], [2.427472520581467, 1.3398321831723226, -1.704253593332084, -6.369257572655169, -0.43963824823321795, -0.23103218481414012, 9.501776655301127, 1.0221472907764446, 2.275717322939472, 0.09656296428788047, 8.667052574462517, -1.9635300622700547, 1.988273758175044, -4.856749124633356], [-1.5756893604825093, 0.31967311107946905, 8.93266980651465, 2.2862453937622265, -6.530390695957165, -0.6632630365551866, -6.341980604289513, 0.17257146730356454, -2.615220874629499, 6.273980140361658, 0.38218519020986574, -6.684503929031479, -0.8720130287685061, 7.4287800089736225], [-0.8674718516521278, 0.07014265882090609, -10.138996965180857, -4.690524258337888, 5.422824523052998, -1.918939110294402, -4.165790072037848, 4.768174843984321, 3.4254599362610803, 7.163074001845537, -2.0629753301429727, 0.38701212935493634, 1.5356043851248429, -2.092957106919227]], "bias": [[-5.525317009976456], [1.0722974387985338], [0.6824665086455286], [-1.0427992999028546], [-6.271813000990031], [-2.9748997099797148], [-2.8204083477326503], [-13.012125128021678], [-7.397277622146393], [0.8353011883821679], [-10.245542132135222], [0.9855435801407941], [-3.3909615501569466], [-6.534749337958946], [3.6139731435687854], [-4.103166931856264], [-2.526110675295762], [4.754949278939156]]}, {"layer": "activation", "activation": "relu", "activation_prime": "relu"}, {"layer": "dense", "input_size": 18, "output_size": 4, "weights": [[7.566935844542152, -3.3362295403015105, -4.9637573509159125, -6.81558595932578, -0.16398992891447634, 2.2368997881480635, -6.155735210729557, 0.5014487998315842, -1.0180704377904637, -6.537090929307323, -1.5658304958862552, -1.057463239161059, -2.9494027133578093, -1.3942736381476433, 6.180071200589573, 2.7112069291138825, 1.7913561872657204, 2.164557136213327], [-3.4063356199109935, 6.190767928153756, -0.1835175892213926, 1.4400213256860572, -2.651170862677211, -4.133302334304048, 1.891994367001979, -0.9646926221907789, 1.6687813964373015, 2.7305703675707456, -5.636744386121784, -14.83930559091284, 2.1105627080457063, -4.525687721524302, -1.7355793570779476, 2.749362263752979, -2.1862758729659375, -1.8305561397128758], [-3.3358742020923806, 5.4125568046227714, -3.0783173686523515, -5.844152038791522, 5.033684907102976, -2.0959992603319084, 7.865609764821204, -1.2748551279447444, -7.095673638758092, 0.8781800681530773, 10.907680818872084, -0.17249759257905173, -3.1158216440625877, -0.5891795174772847, -12.908276352041883, -8.343365677580683, -1.9556455812301177, 0.6615340534811504], [-3.1766938502975886, -7.023468885509118, 3.666852576280523, 0.5283034757957421, 1.6832843451444037, -5.581407677459208, -8.695036187703922, 3.2602951633678634, 6.188667558156338, -6.371982621571433, -10.241657560698037, 2.945026260189871, -3.3307576945292343, 1.3011707483971797, 6.264523314473652, -3.6935555197627723, -2.496109420768072, -2.9238933142579673]], "bias": [[-8.557068553588287], [1.3453162000357912], [8.016809330150851], [1.2111629336144587]]}, {"layer": "activation", "activation": "sigmoid", "activation_prime": "sigmoid"}]}