{"generation": 517, "board_size": 10, "snake_size": 3, "input_direction_count": 4, "apple_return_type": "boolean", "segment_return_type": "boolean", "network": [{"layer": "dense", "input_size": 14, "output_size": 18, "weights": [[-5.987248121813296, 6.817505061059811, 1.1465479059398063, 1.2449758219275735, -3.4846202349380877, -1.7603031576824568, 4.49471791993037, -1.7543392746097572, 1.8110752232437846, 10.701933903532124, -6.649354912952397, -1.3908563041485507, -0.8946639629538927, 5.235318767766369], [0.03005322290127377, 4.105924608815827, 6.388628678843052, -15.081276542644067, 3.9303596569161807, -5.833702152453533, 1.6661274734571059, 1.9408078163904787, 2.7259850646726704, 0.9784139563318348, 0.6070505937313597, 5.39924812463487, 7.011095845300942, -0.6042689183869793], [4.396386203366341, -9.651068656286945, -2.9274676740588457, -0.5662081570663403, -5.285176986267185, 0.3923479900592164, 5.152955196750956, -0.5355094931249151, 2.970691313266541, -6.713007109144507, 2.1649262532539413, -4.617207429277584, -3.8890908788919285, 2.616562109549795], [0.07586336655058323, -0.9762420249078381, 4.584314084105326, 4.206266576155878, 1.0903951946583528, 2.430262185941949, 9.46799161605839, 2.2938061897767983, 1.699318904454719, -1.4427925945971765, 4.182612783721138, -10.179995024626662, 10.037956499067826, -2.801882797628273], [10.009564094553964, -11.327932230922455, -2.716189448971801, 6.407156809752605, 1.8239736967975932, 0.2411002366179552, -6.18508815601307, -2.5779510181156837, -7.14188439327574, 1.8598076310721043, 1.225871789888592, -1.113548081935823, 4.1467975849096, 1.1849367051589184], [-2.5790111184967115, -0.39408222963899614, -1.350657049728941, 1.0038699820100627, 0.04700850968421515, -1.097189156513978, -7.042451344858075, -1.1568222181974743, -3.338606384833272, 5.153464313922024, 0.8632485086119355, 2.926829771168258, -0.8010821366721078, -2.8988510776413703], [14.19135345521129, -4.52703665490529, -0.08557012652074747, 0.8629352833455497, 0.7133897158086488, -0.04047925174142168, -9.125733848723407, -2.572753299479224, -1.5647905448111117, 2.797896272901798, -2.879446530789992, 1.4214629537700403, -1.1435355741528577, -4.1642218907123185], [3.5086535613713283, -6.01067657635207, -7.8017943892307, -2.3331953424651406, -3.099897170794931, -0.12568996830135926, 1.852983145561578, 0.6082069659425922, 1.0730046591180524, 0.853622829817551, 0.7694236578421112, -0.14487190829929486, 0.5965444451476946, -3.388138028894689], [-1.1465501709457293, -3.111224990053445, -5.2601833289165425, 6.17075457508587, 0.7475904539574598, 0.014069289521481204, -4.834703948266485, 2.775458749929232, -0.23783755490051584, -5.797615832885109, -3.8836852307634775, -0.30086121494471385, 2.155581179895603, 1.9806110497276994], [7.957645352880899, -3.1363935375764678, 2.6139805277403414, -5.670869210778055, 0.07766880386809083, -1.7180519042490214, 0.510213993949444, 0.519678966742416, 0.8020281622731043, -2.105903792099232, -6.21145062948149, 1.8020374379354605, 5.001966309544347, 4.685983238341642], [8.21585869056295, 5.04801157246951, -2.9307949718218573, 4.283858118522808, 0.650471692519594, -2.175113489157948, -5.645303064668801, 1.445213505204051, 0.0666564353135014, 2.783229223592802, -2.130807822819243, -1.6468760244169152, -3.3648035021796874, -1.3164304386222785], [4.903820313202506, 2.0542813501465615, 4.192649933542992, 9.734291095417515, -2.9370545169254725, -0.018710785166959468, -8.183026383670535, 0.05607054655392807, -3.9709049000391556, -0.8591196706360751, 3.008242327186399, -0.684679539937913, -3.019739424806614, -5.494769998748265], [-5.3469286005398775, -8.764018433058613, -3.053506877134568, -2.271043011292495, 0.18153433720503298, 2.3024157363840594, 9.83497170031572, 1.0952726718411365, 0.3663363494314389, 1.0452845341110124, -3.0590011284179064, -4.399354246097991, 4.927319042767364, -3.8299319715842515], [2.461180209375267, 6.23452913725845, -0.4049989723919096, -5.43811484009281, 3.0847784467346426, -2.1167372685262915, 4.0007124154238, -0.7114776108742531, -5.275176202141248, 0.7169551071712934, 8.359163952278717, -1.4020477472584176, 3.062254492320151, -1.0864561948377935], [-10.589665644982258, 17.440127977540794, 0.611116681207283, 5.594884597732462, 5.157420600680746, 2.2753525718691225, 1.92350509348264, -1.9569123175211345, -1.5404031362615842, 3.2043839472193136, -5.162913148671239, 7.621819429863226, -3.4004778695879203, 3.3716134806533082], [4.344343193469962, 0.3662436945568281, -1.3894986006365575, -5.522398461081476, -0.43963824823321795, -3.7805282842047743, 9.501776655301127, -5.413234282930125, 2.228786953391489, -1.5235501058951537, 8.667052574462517, -1.9635300622700547, 0.4870746677286002, -4.856749124633356], [-1.1811095346691953, -0.03614576457270713, 9.195070889768452, 2.2862453937622265, -6.258949455334667, -1.7176955445606321, -6.341980604289513, -0.0988282501133263, -2.615220874629499, 6.273980140361658, 2.755033689110145, -2.7368739175414145, -0.8720130287685061, 6.503404982086116], [-0.6340370290946101, 2.675551309323965, -10.138996965180857, -3.849491900750263, 5.442406969283313, -1.300931633251734, -4.165790072037848, 3.6629397388419656, 2.0839963349758346, 5.175164300509115, -2.273944159776468, -1.5056471012832513, 2.572575205726565, -4.67229271249425]], "bias": [[-7.0155121186261775], [1.0722974387985338], [0.6824665086455286], [-1.713377732099143], [-8.870186788389177], [-1.0111685600696827], [-2.8204083477326503], [-13.441792187961813], [-2.9893812378865654], [1.355330713243013], [-10.245542132135222], [0.9855435801407941], [-3.3909615501569466], [-8.185658542089072], [4.126729214447215], [-2.268153290195943], [-2.4768785618529874], [6.361208355140517]]}, {"layer": "activation", "activation": "relu", "activation_prime": "relu"}, {"layer": "dense", "input_size": 18, "output_size": 4, "weights": [[5.948269237329372, -3.3362295403015105, -5.320876475852928, -8.36321224821824, -1.189651813376404, 4.546444625557285, -7.56505083030908, -3.2706658659701793, -1.0180704377904637, -2.994001073419896, -1.095508445221922, 0.08642499920507118, -2.9494027133578093, -1.983626470512717, 6.080386668546467, 3.848424223619945, 2.728567811989179, 1.7005831272929455], [-1.8677826868932936, 6.05223870300692, 0.5860405174247356, 1.4400213256860572, -0.06593195679125818, -8.346696159152932, -0.9693043308781196, -1.6001674247257571, 1.8082233657665556, 4.185690697184306, -4.274400455696844, -14.83930559091284, 2.1105627080457063, -3.804940536995762, -1.7355793570779476, 1.9839018339267263, -3.4503275774150257, -2.3324237959327756], [-1.7911083671809027, 4.713994222611526, -3.3498769324975926, -5.844152038791522, 5.033684907102976, -2.0959992603319084, 7.865609764821204, -1.2748551279447444, -7.095673638758092, -2.7513916642049985, 11.163591049353, 0.7272316598972146, -2.522521262732381, 0.01991163123963846, -12.662114352072953, -7.873249905315794, -1.9556455812301177, 1.0425868851042162], [-2.6088238082370494, -4.52847280098613, 2.7581518621223697, 3.4270744731387586, 0.010980392877095069, -0.10602340014753503, -8.09259388481573, 1.3483294826355845, 5.801767751389955, -5.06967642445767, -11.613547769944168, 4.798599174482487, -6.157937661781803, -3.2604487644084847, 6.116643303459994, -3.0585682719682628, -3.304325201746517, -1.7431786674597298]], "bias": [[-5.019185274167173], [-2.118030655126172], [3.554426932270384], [-0.36310146297932566]]}, {"layer": "activation", "activation": "sigmoid", "activation_prime": "sigmoid"}]}