{"generation": 369, "board_size": 10, "snake_size": 3, "input_direction_count": 4, "apple_return_type": "boolean", "segment_return_type": "boolean", "network": [{"layer": "dense", "input_size": 14, "output_size": 18, "weights": [[-2.4453021538346427, -4.871022059761014, 0.8854495504765671, 11.8635380327689, -1.5615175062547284, 10.173594658883278, -7.1192877028907, 5.049626691807024, -6.663926086467293, 0.6454635276565623, -1.6607561482309265, 4.371127692223986, 1.6592214513249073, -0.16981308217416413], [-2.0403153493483277, 6.850626277504787, -3.337117017415788, 6.328827948049254, -2.067690968216415, 0.7560140850257243, 1.3230282769247137, -3.534830823457666, -3.1545194048789016, 1.0852264140390468, 1.2014167118807968, -2.8122370994321857, -1.3666064139603684, -2.7404913146731396], [-2.301055518136408, 1.7742925544819206, -1.4958641373738084, -0.724745378260971, -1.4558408670316214, -1.9771993872776847, -2.290604694002522, -4.543759224019774, 4.725016333608356, -0.88568632196746, -1.8513824461569246, 0.4049196756193371, -1.6377342692764032, 2.9724656675282137], [-0.37113989184059193, -7.733701979961729, -1.336037585469993, -6.295102638841676, -2.0801797814219176, -1.4256606984082332, -1.1253111752006415, 2.4235026651017355, 0.8254008104799937, 2.3312059963134164, 0.09900442374760532, -0.09549901558410265, 0.8514409759341526, 0.10202137601886963], [0.6182879461907286, -5.433640505084876, 5.242000157803322, -9.618898644980847, -0.9581389905846993, -2.76310422515798, -5.757649117222374, 0.33249020156169556, -0.659744826960444, 0.39813165752256563, 1.417818621273865, 2.488432903550281, 2.8637595008273, -0.045386196006831137], [-9.299969848771623, 5.156204377166343, 0.30905511940644326, 5.534474955139595, 0.14005650729367244, -0.20141584820342529, 5.021072524829454, -1.0670809549943154, 1.3934760681076455, 2.353079973571477, 0.840316823407077, 2.6473091094225816, -3.548871322776418, 0.627856683421902], [-5.776367755181349, 0.6609267038055413, 2.8310045338517225, 3.01650123216067, -0.0716389409566453, 0.41561762383295453, 2.606073597710649, 1.8337357141116106, 2.814041497408252, -6.221174305493363, 5.703526419256988, -0.30810117359779954, -5.806059453576796, -1.5570378185578413], [1.5366219259273657, -1.4073961670638757, 1.6998913775732467, -0.7488750947263173, -4.392810895807605, -2.9609752638274873, 1.58740140358341, 2.2845410019931034, -2.0664758320984316, -1.3164911195999547, 2.216552686829422, -4.44991206019914, -2.9537790679555798, -1.8719897236108092], [-1.3985933688882393, -4.529222826906297, 2.1171467171984926, -7.057805800509674, 1.1373434656090264, 0.18464439749621198, 5.638252500388842, 0.21209275113697207, -0.4002912333298818, -4.6976857693659, 0.5444042095882949, -2.148955560463227, -1.9485810413006999, -5.524512433859721], [-5.622437224401195, 1.9361600769938576, 2.216276583195364, 9.324709937676912, -0.01329522199161412, 3.400978078201182, 2.904272448086452, -4.6203082053942115, 1.8209328873055624, 1.5470143190616352, -2.6832119595790203, -1.5941362610056744, -4.397048953798433, -0.6231614843027625], [-5.136193941465061, 3.8724631656832913, 0.32432421337015904, -2.490537738292242, 0.24286362640602832, 1.4996511645075938, -3.668811771310687, -3.1307018935034083, 1.8403667673162292, -2.8870418536918594, -1.2612178342178302, -0.47479595380644657, -0.7523626805299914, -4.617061078606195], [1.7506494519854678, 1.5561633920235698, 1.1518501557928094, -6.935689865271299, -0.8739718176117701, -3.1556937052773124, -4.154074955285023, -1.7573112213303284, -1.19737711939888, 6.3710568379902135, -3.3087884940145575, 3.437725278400207, 5.6397986734477845, -1.0479523289222594], [-2.8066231442837433, -1.350934210072206, 4.395297205737672, -1.617996794650951, -0.5953377561885878, 0.9570391555136062, -0.8070795082240378, 1.372695312824495, 4.367157916581955, 2.35107204620648, -3.851712280302669, 2.134259232593273, -2.357050842399561, -1.810840533242947], [1.881249402080434, -5.33104206341369, 1.7207053870445432, -0.8192785597301482, -3.264169782593755, -0.0677930343463895, 2.7001067718332905, -10.667731150127313, 0.575295351209056, 2.651475879100167, -3.401686995678038, -0.5380592406943823, -1.266524627124737, 0.6854010924303638], [3.6897125278161487, 7.139654888064834, -0.22681867251886478, -4.895448434668448, 5.669813539324274, -0.5782095938448901, -1.215508033077192, 1.5804684685820822, -1.527741297355575, -0.5065179041672176, -2.2418782912163926, -4.367497970121752, -2.4984365298126807, 1.0704567557642601], [-4.105163460288884, 0.951473648755395, -2.393960724760246, -1.452296544345945, -1.668332676772351, 9.906324579611406, 2.47464866508706, 2.8892606480340044, 2.9565934850124576, -2.2274443482018667, -1.1954673630331725, -0.6500910190906187, 5.193933169303143, -7.315307650282946], [-0.6078634454686584, -0.9399744019736452, -1.7186058506186153, -3.2550647823249315, -6.677147738146824, 0.8278928677596968, -3.1607039907453, 0.21421631450415135, 8.313193000149711, -0.8846799629239344, -5.593081409762889, -0.22414222267492695, 3.574374891010028, -1.0674162277438968], [10.02371291648903, -5.73975909863794, -1.8598817212287644, 4.2137159927091705, 0.6236258637740131, -0.18837007403841924, 0.06130334219133135, -6.827855542135066, 5.733467960214159, -15.62024258611949, 2.323341943183436, 0.32313588882239397, 0.1706173735941091, 2.4480127212459073]], "bias": [[2.6877165047282543], [-0.08502741973037836], [-3.1069747695634904], [-5.201243166370048], [1.3546253001068802], [1.315888513867856], [-0.7803543259608106], [-0.31854148066668386], [-2.7353994430283053], [-2.589578409364977], [-3.3955535178058893], [3.359880294501175], [-3.902436743241318], [1.4563177192567132], [-2.1249750179661087], [-1.1731343369096885], [-5.893356322385791], [-3.050076722276623]]}, {"layer": "activation", "activation": "relu", "activation_prime": "relu"}, {"layer": "dense", "input_size": 18, "output_size": 4, "weights": [[-3.854160214090487, 0.5152669422688658, 4.038918732440097, -2.0986952033047697, -2.114369574834589, 7.960228652069697, 2.227472741997506, -3.9616227264104715, 5.327423816459584, 2.4904987221449035, 4.055107489668023, -3.115199984853357, 1.717268635600373, -3.8449195287227185, -1.827421745510705, -0.2011446425455209, 1.8186016870426995, -2.14792689886602], [-1.4356659950063668, -6.754261095599669, 0.48421775088233554, 4.074118689772273, 9.476145515776254, -2.827555116939057, 0.7954079204940557, 0.6849558127808585, 1.8913667687862348, -4.289159263290054, -0.6609670120213434, 5.1345084242247045, 2.9864981147288794, -0.6880240892539342, 0.2958445281383556, 1.1818936327452811, -2.6180283949977703, -1.4247761337867315], [3.538296337767429, 6.382126074032766, 2.785673174997826, -0.34411178497485384, 0.4452405921460462, 2.955158216694536, 1.1463778293173656, 0.9085655208896124, 1.6454179481779696, 3.6299750292418813, 3.3248471107637956, -0.8545343544370121, 6.1905188473777, -8.143054022260793, 2.3592603605169717, -4.391494802824678, 0.4670174985804595, -5.4832472607900975], [-3.949528479284191, -2.6892115446018208, -1.5363505028901865, 5.939415714724568, -3.951297432981107, -1.4108854565179876, -6.56722839961055, 4.014138982850009, 2.0453747770602178, -2.3871307664711514, -2.1289593200343653, -3.0793834968989477, -8.026662259437398, 0.26720239486262765, 1.7718710456958626, -0.41255375205391265, 4.598376537666467, 13.159313575724271]], "bias": [[-1.1439530240964837], [4.724378454590711], [0.7067781762036203], [-4.938350715793017]]}, {"layer": "activation", "activation": "sigmoid", "activation_prime": "sigmoid"}]}