{"generation": 514, "board_size": 10, "snake_size": 3, "input_direction_count": 4, "apple_return_type": "boolean", "segment_return_type": "boolean", "network": [{"layer": "dense", "input_size": 14, "output_size": 18, "weights": [[-2.892253343075309, 6.817505061059811, -0.24517281964877619, 1.2449758219275735, -1.027753878633702, -0.15408030032056663, 2.5718715726203696, 0.7189824075563149, 2.220341710394822, 11.274692501297144, -7.228569526867015, -1.3908563041485507, -1.845861270892124, 2.9621285145530725], [-1.7277126090517192, 4.105924608815827, 6.65608249401738, -16.088211730689846, 1.616780199091545, -7.014180746636692, 0.7541962447900695, 0.10833418721655275, 2.3313073717545993, 1.7079431930289586, 1.747350973459329, 5.093163279325245, 7.843230467945844, -1.380488529663251], [2.770425483158994, -10.182728061487111, -2.1097559130476466, 0.487005700250033, -3.062927542317823, 0.11015846344796412, 3.792070097530768, -0.5355094931249151, 2.970691313266541, -7.047027895758567, 1.2151429510886096, -3.7926110233939934, -3.8890908788919285, 2.2321229719488533], [1.5977314892920398, -0.5919207399198836, 1.7414195135320074, 4.206266576155878, 2.6073108382459322, 5.092884029234087, 10.630960887941985, 1.9229891344409231, 1.7281149227020234, -1.9894614765532028, 4.845688868093951, -9.03575373238757, 11.533492893022887, -2.8258728777678765], [9.782465008522653, -8.597387215569738, -2.7165396154971813, 4.962645197546083, 1.8239736967975932, -1.1426662738396829, -6.1059707004125645, -2.399791556962659, -6.462510321248438, 1.9070381817829847, 2.0999536724639105, 2.128722622204719, 2.59619180491271, 0.35284689814401116], [-2.1950033271517326, 0.2283357686721329, -1.4075850409409185, 1.951355335562297, -0.8300455681127021, -1.6728454519281084, -7.520146483084994, -1.149440294195551, -3.2040226620902654, 5.108686254123164, -0.8457178262741658, 3.364709614090267, -0.10086269890243982, -1.5511573527774525], [13.826411782431187, -4.52703665490529, 0.11874405182718673, -0.3273588109483768, 2.7065909516762896, -0.7673690833607041, -7.3419284998526795, -2.9316836645816484, 0.293824637451626, 4.593094915602935, -2.879446530789992, 2.574928142602346, 0.003558677077502681, -4.813159651995719], [3.6376707852459145, -3.6425280042380814, -4.389675973182577, -1.569807214951573, -3.9242816131322154, -3.062895885888962, 1.852983145561578, 0.6082069659425922, 0.211095016069906, 0.8844331170493943, -0.14604124274815022, -0.48715829228623897, 1.6140067403380765, -5.774085327876946], [-1.1465501709457293, -1.7636515271626545, -5.44316801006013, 5.596232716937575, 1.3436442636018073, -0.5632607515651447, -4.633199225255087, 2.1225212489967364, -0.10768451721907199, -5.0057896013934755, -4.217340007034816, 0.4063708397752904, 6.119767726038144, 2.2838030500921156], [9.651679922362732, -3.4887302860909504, 1.2810489183788658, -6.971039982425733, -1.8256478448118245, -2.069482526582794, 0.7019625398154911, 2.0818298184526047, 2.068838464547786, -1.517690237955914, -7.753925419843481, 1.8020374379354605, 2.1901703740624847, 6.976795403069328], [9.236987787865614, 4.885253907062357, 0.9420920813164323, -0.536624239828543, 1.2186668896143056, -0.7666589319680991, -5.06342837617956, -1.8981334022338565, 0.37059409955556677, 2.783229223592802, -1.0634019631363336, -1.9348185564177895, -2.8370303384358366, -2.9590624448820355], [4.210006611632492, 1.9471916116122996, 3.257709624250574, 10.580224723391405, -1.5660985750797614, 0.24844184372419262, -8.183026383670535, 0.22008598552021894, -2.8434314625515738, -1.084678909075119, 3.008242327186399, -0.459612904598169, -2.364407112751431, -7.6487998532490975], [-2.0288419187495657, -9.317228105227528, -4.164541991907987, -2.271043011292495, -0.07062791851145755, 2.3024157363840594, 9.971775011829251, 1.0952726718411365, -0.18045342614382714, 2.094392412658039, -2.579420322658563, -5.141844151443708, 4.927319042767364, -3.8299319715842515], [3.460943067941252, 7.152365934083652, -0.4049989723919096, -5.124074484897026, 2.933397420304663, -2.1167372685262915, 4.0007124154238, -0.5869265498937019, -5.275176202141248, 0.7169551071712934, 8.349269662845566, -1.8470072188002222, 2.633494869871702, -1.0864561948377935], [-10.589665644982258, 15.873418727296915, -0.15724328296200274, 6.186837723410668, 5.157420600680746, 2.485366160892261, 1.7908369980198628, 0.7449107652014522, -1.2842886173328696, 3.2043839472193136, -5.162913148671239, 7.621819429863226, -4.506805541802337, 4.046210033807954], [4.211573088840618, 0.8617687140589902, -1.3894986006365575, -5.522398461081476, -0.43963824823321795, -3.7805282842047743, 9.926683797877061, -3.9162910347062905, 1.5280341949540777, -1.5235501058951537, 8.539257132865385, -1.8879439296462261, 2.810709418792949, -4.856749124633356], [0.2562130863873966, -0.03614576457270713, 10.698223965091552, 1.2020134470078228, -5.098865231773046, -3.3102377831751535, -6.341980604289513, 0.17257146730356454, -2.0651360585167953, 7.148796924629996, 2.9762853076784275, -3.011845920544059, -0.8720130287685061, 6.444697377231828], [0.5573454446783, 0.10787694294590056, -11.165126241315695, -3.586578960802096, 5.442406969283313, -1.8163665081625437, -5.696297817331925, 2.455488493601659, 0.12347671356757095, 4.535094203778444, -0.3554881376649384, 0.38701212935493634, 2.178715317769086, -2.092957106919227]], "bias": [[-7.0155121186261775], [1.4459437464091962], [1.3101641058446356], [-2.473785528302318], [-7.6806176080866955], [-1.0111685600696827], [-5.043122800040212], [-13.672919116708327], [-7.98010676808796], [1.1929324830094505], [-8.95531405889267], [1.7244247170618388], [-3.815813924169985], [-7.236603234580375], [4.126729214447215], [-1.2166598132777469], [-3.3139138957385317], [7.1805707892777475]]}, {"layer": "activation", "activation": "relu", "activation_prime": "relu"}, {"layer": "dense", "input_size": 18, "output_size": 4, "weights": [[8.585014439548193, -4.706598733737859, -5.6946211456458675, -10.45834963244724, -3.371276996552105, 1.114854640203214, -7.779119514955788, -1.7934121505551748, -1.0180704377904637, -6.227190346217193, 0.5738495802522693, -0.5964612039408808, -3.033517522464673, -1.3720520607209181, 6.492620561018134, 1.2414443462511369, 2.049231974479002, 2.7075772058968015], [-2.045454107840369, 6.276683071617696, 3.357384077997209, 0.9427581026717964, -2.43299382677008, -4.364248065243703, -1.1727254958942017, 0.23336410735361568, -3.0603552363986486, 1.9236505581490106, -6.380929055260869, -14.940302823472416, 2.337165131965372, -1.8671245483173065, -1.1417454044668531, 1.9839018339267263, -0.8034103052667516, -1.8305561397128758], [-2.383193861139324, 5.4125568046227714, -3.6140495380446014, -5.844152038791522, 5.637922917297052, -1.7773180899902388, 8.098136055879884, -1.2748551279447444, -7.095673638758092, -1.3067044827404555, 10.28201358886387, -0.17249759257905173, -3.5440009425581938, -1.6207160501715285, -12.662114352072953, -8.282932271647308, -1.9556455812301177, 0.6615340534811504], [-3.1766938502975886, -5.676494541524839, 3.666852576280523, 3.4270744731387586, 8.281606434278984, 1.0677919741351425, -12.728741917776182, 1.505948433948622, 6.270524148948812, -4.536697644060795, -8.801128122262519, 5.342112218714557, -2.7142127074840308, -3.1093776918993825, 6.854849281446681, -4.887859802313363, -2.7450553768124113, -2.836448240549805]], "bias": [[-8.557068553588287], [-2.118030655126172], [3.554426932270384], [3.373583251122469]]}, {"layer": "activation", "activation": "sigmoid", "activation_prime": "sigmoid"}]}