{"generation": 514, "board_size": 10, "snake_size": 3, "input_direction_count": 4, "apple_return_type": "boolean", "segment_return_type": "boolean", "network": [{"layer": "dense", "input_size": 14, "output_size": 18, "weights": [[-4.764616215312392, 6.817505061059811, 0.9844601623467695, 0.6441467247733873, -5.358210421812231, -0.15408030032056663, 3.1211855921339584, 0.35611524865791266, 2.496932633189104, 11.336260585260971, -7.935056583925752, -1.5337532875051478, -1.3297340747912862, 2.866661107186331], [-2.1597397678860175, 4.105924608815827, 6.680500544352251, -16.088211730689846, 3.6463478136599106, -5.933679593423083, 1.0987770226170046, 0.509358039720215, 3.9735701453724945, 0.35459373645866177, 0.3306059391366608, 5.093163279325245, 7.011095845300942, -0.19830445062442265], [4.396386203366341, -9.737481428533632, -2.3497562074238107, -0.8046091753059512, -4.270391892436108, 0.11015846344796412, 4.785012187214093, -0.9378669053375989, 2.970691313266541, -7.047027895758567, 1.8644566575120591, -5.442203798643241, -3.8890908788919285, 4.083101227682844], [3.3119950483353584, -0.9762420249078381, 3.044712164007539, 4.764156592958724, 1.8391621796234823, 1.8706489158265844, 9.302995467389275, 0.07721553358552669, 1.699318904454719, -2.179956331567752, 6.844105064815115, -4.954150760216167, 13.227711874158093, -2.8258728777678765], [9.93936913681839, -10.713734697825254, -3.0337517118729664, 5.5756165399787845, 1.457131495513721, -0.007763561236494104, -6.467083859523684, -4.753043965975687, -9.307992250087217, 2.378308639622723, 0.1786614037221167, -0.3573540430281774, 3.9883154483444443, 1.1849367051589184], [-5.387836138393242, -0.6627625737578591, -1.350657049728941, 2.559635779691213, -1.4102598160994562, -1.097189156513978, -5.916191789094523, -0.7337942357431817, -0.6839380686854244, 4.674230573498169, -0.4002953706608964, 2.926829771168258, -0.7084186012037291, -4.232177391522108], [13.92504726080697, -4.52703665490529, -0.6536713405813682, -0.09936872159705204, 1.8196998187770976, 0.8219185082095833, -7.3419284998526795, -1.6305449626092334, 1.281246678210519, 2.735148526435807, -1.5101413792807787, 2.6979979174067834, -0.5822611630229878, -4.813159651995719], [2.770245405859837, -7.870150148395719, -4.3628027075296085, -1.080596414358398, -2.783969977778005, -1.5474451965641953, 0.914346569555033, -2.0684350411297787, 2.1139079221995836, -1.4532229056676955, -0.42481193072814083, 1.3910468199484591, 1.6140067403380765, -5.593015410648936], [0.022535299036684886, -3.711436942157536, -5.44316801006013, 5.596232716937575, 1.7593303900043644, 0.7261139468905375, -5.694396046728031, 3.2495739898102194, -1.4149152665846418, -5.309101402446824, -2.2141926281829685, -1.2411684221950843, 6.119767726038144, 2.2838030500921156], [11.484654830195877, -2.4804210527272184, 0.8075547191902959, -6.108583788995766, -1.4326776332032773, -2.134346407818883, 0.7019625398154911, 1.2634055499805237, 2.068838464547786, -3.6636882017961865, -6.776847195302652, 1.7646881052619883, 2.8668952180524627, 2.3432681886538314], [7.134114563451277, 4.138079056115247, -4.262330545139788, 5.0436439956412285, -1.0368711544100795, -2.326415168056866, -5.406825657592658, 1.9608009485080669, 0.5209509825690786, 4.837821926052428, 0.4853679450101813, 0.04021462308907642, -3.223330972689011, -3.1781897447462955], [2.2151469729196958, 4.6118298801752875, 4.43447994635643, 10.580224723391405, -2.417137755853786, 0.15269648059166507, -8.183026383670535, -0.8023528481965113, -5.799965807286263, -1.1120282469368599, 1.80227172121289, -0.459612904598169, -2.364407112751431, -5.494769998748265], [-2.5767026195493936, -10.045186495221728, -3.053506877134568, -1.554868793235478, -1.4585179133589583, 1.439121054997318, 9.83497170031572, 2.823123038696857, -0.18045342614382714, 2.094392412658039, -2.579420322658563, -3.508265916993384, 6.686551224857684, -2.5517242464606826], [2.2824969523361536, 6.053073495741561, -0.4049989723919096, -5.804122358894707, 4.323596562612647, -1.4940941319186993, 5.315032870472114, -1.3539757965706432, -5.323833891848552, -0.6324230602966778, 9.031121853566495, -1.3485867347091363, 2.8301540515259997, -1.604034070095168], [-10.589665644982258, 15.873418727296915, 0.611116681207283, 5.60668405519499, 3.4816144290732494, 2.830357487258104, 1.7908369980198628, 0.16160052033282934, -1.4476282164591225, 3.2043839472193136, -4.505327562132352, 8.704699727560493, -3.031461555936786, 3.4732195026464465], [2.427472520581467, 1.3398321831723226, -1.704253593332084, -6.369257572655169, -0.43963824823321795, -1.2147802837796586, 9.297324110751976, -4.464243303638417, 2.275717322939472, -1.5235501058951537, 8.667052574462517, -1.1739537638742374, 1.9742361243260889, -4.856749124633356], [-1.5610014501554772, -0.03614576457270713, 10.698223965091552, 5.292128866938629, -6.470921409059165, -2.437283871527403, -7.1459248582257064, 0.3315697614324673, -2.615220874629499, 5.441580811888715, 2.9097595630890636, -1.5249540103256918, -0.8720130287685061, 6.503404982086116], [0.5573454446783, 0.10787694294590056, -11.765833235813187, -3.9778992531911372, 5.442406969283313, -4.237963284653362, -5.696297817331925, 3.6629397388419656, 1.1002639892913384, 4.687462225008749, -0.25181581467620395, 0.38701212935493634, 2.178715317769086, -2.092957106919227]], "bias": [[-6.684647117847976], [2.886394085317704], [2.3524882321579934], [-3.423428581785122], [-7.408813128462337], [-1.0111685600696827], [-4.1185934614667605], [-12.90615774972738], [-6.5399935094510395], [1.8350284431621446], [-10.245542132135222], [0.9855435801407941], [-3.3909615501569466], [-6.955396207001111], [4.126729214447215], [-5.672110525789801], [-5.76835165056992], [7.1805707892777475]]}, {"layer": "activation", "activation": "relu", "activation_prime": "relu"}, {"layer": "dense", "input_size": 18, "output_size": 4, "weights": [[7.566935844542152, -3.3362295403015105, -5.6946211456458675, -6.8523537929449185, -0.16398992891447634, 1.114854640203214, -6.096735234884775, -4.049699260768902, -1.0180704377904637, -4.286250900241697, -1.095508445221922, 0.08642499920507118, -2.9494027133578093, -2.4205818440152056, 8.687599521783445, 0.5332107920965514, 0.6152494871767761, 1.470463144004666], [-3.074764990807486, 9.26504521283227, -0.7047785058730258, -0.08982025173498331, -1.451825788641326, -5.908696930332896, -0.7965044672340413, -0.34934800417167944, -1.6024271608775331, 4.85232086590355, 2.6176927874736995, -16.087721040827052, 5.267636400791893, -1.6845568904065726, -3.368988640083762, 5.339441813334101, -2.043731129415638, -3.099615173849734], [-2.8150885890660975, 0.9398295937825536, -3.654521716285987, -5.954455790931403, 4.0708741059375955, 2.6425592129535884, 4.926708344615864, -0.7284484477271378, -3.480636192826021, -0.7738528287400531, 9.165166209963742, 3.575676338309031, -3.917172531874514, 1.0179409046865282, -13.31648925766754, -5.222533893597392, -2.6271657317231627, 4.942094714476623], [-3.0685044751524777, -4.679128178344034, 6.327750129892806, 1.5991337283732434, -1.1702288185643113, 2.306133458603044, -4.864662226682597, -0.39059163877186226, 0.14563414704161814, -6.709670003708161, -7.530091153521348, 1.7133349458710427, -2.7142127074840308, -3.063336558561019, 6.854849281446681, -6.34484300394953, -2.7450553768124113, -2.836448240549805]], "bias": [[-7.516973799382154], [-2.243069467506107], [3.554426932270384], [3.373583251122469]]}, {"layer": "activation", "activation": "sigmoid", "activation_prime": "sigmoid"}]}