{"generation": 375, "board_size": 10, "snake_size": 3, "input_direction_count": 4, "apple_return_type": "boolean", "segment_return_type": "boolean", "network": [{"layer": "dense", "input_size": 14, "output_size": 18, "weights": [[-2.4453021538346427, -5.208412905294984, 0.5896495675299831, 10.501621879503105, -1.934797894208188, 9.09111184067014, -8.271445576287782, 4.284508456101767, -4.659182548364017, 0.8328155072682735, -2.8943765794510985, 3.5847452622193208, 0.9060463775646547, 0.4470012634152385], [-3.64729063287796, 3.322505928026146, -4.367195931782181, 3.5701148038119763, -2.067690968216415, -0.3157009676555539, 2.402942907431929, -5.819894959083909, -2.977045659147087, 0.7875265829914255, 1.8278072558719791, -2.225645424830863, -1.0855982876582946, 0.39878391208073616], [-2.6365407467445667, 3.1776166626135174, 1.577087664276423, -0.3497967409799091, -2.4991156941423966, -3.779422911207835, -2.290604694002522, -4.281616359955695, 4.836859746355939, -0.88568632196746, -0.23164376297014921, 1.4274213924922745, -4.89662670359487, 1.9356748695440305], [-2.5169846850848874, -5.705377366485438, -2.8364323346102136, -4.343376126138765, 0.28535103448370003, 0.9532765009404971, -2.012814149584071, 0.5092248465092775, 1.419273208748471, 1.7335336639280619, 0.09900442374760532, -0.0805127530504611, 2.130090513483969, 0.053980491421363186], [-1.350683098669803, -5.433640505084876, 5.242000157803322, -9.269507227973966, -0.9581389905846993, -2.76310422515798, -4.565408551251993, 0.33249020156169556, -0.659744826960444, -0.4466464909079585, 3.3081486202080796, 2.1813143554056746, 2.3588970879947153, -1.5897989115234865], [-9.01735181153947, 5.9632812177518995, -0.7341322913862595, 4.027318704148583, 0.31178094274573626, -0.4498987499114131, 4.970846485527337, -1.0670809549943154, 0.26092094777428504, 1.7579902236906464, 0.7469151299437449, 1.8068998084762906, -4.466513951805508, -0.38021442632853597], [-5.776367755181349, 1.211046684336654, 2.982252121164388, 3.01650123216067, -0.41362822345937267, -1.412704596464638, -0.5619120883175692, 1.8337357141116106, 2.814041497408252, -3.007709906679334, 5.556774700203045, 0.6371438575870727, -6.07497181289211, -1.5570378185578413], [2.040862470955218, 2.679794921396903, 1.9121218291157567, -0.7488750947263173, -5.6668234543166625, -2.557947437289906, 1.5814972280070643, 2.2845410019931034, -2.0664758320984316, -1.1615782347177774, 2.216552686829422, -4.44991206019914, -2.9537790679555798, -1.8719897236108092], [-2.7281652766908584, -4.529222826906297, 2.4670995491938568, -7.533866379577264, -0.23907979743906235, 0.18464439749621198, 6.090151633720178, 0.21209275113697207, -0.4002912333298818, -4.6976857693659, 0.988442580583437, -2.148955560463227, -1.9485810413006999, -5.524512433859721], [-5.400754127110463, 1.9361600769938576, 2.216276583195364, 9.324709937676912, -1.2849341985290406, 3.40300348809619, 2.904272448086452, -4.3384682767303735, 1.1740150579724462, 0.5512455349793622, -2.6832119595790203, -2.875064045741988, -4.42660806715807, -0.6231614843027625], [-5.136193941465061, 3.9956735902219482, 0.32432421337015904, 1.4400187315276736, -2.7034418363063937, 0.41647852015334874, -5.426752755289011, -1.5344658850730704, 2.4922706038512894, -0.7335227327380971, -2.4200105150218088, 0.38037127769284806, -2.1532443867047064, -4.785057686920157], [-1.0523068659891845, 1.7068365032954285, 2.5757318938754037, -6.7392057047994545, -0.8739718176117701, -3.1556937052773124, -3.7649080200968097, -1.9267901121869384, -0.9655979998000179, 7.336383038113695, -2.710942574388175, 4.007573793085434, 3.806470980904974, -1.0259015901640955], [-3.2093670664165823, -2.2233565703205325, 3.033719111420384, -0.09115852127562485, -1.3089265763332256, 0.6262750754020168, -2.2743795633101898, 2.0434943080826016, 3.3342032003715407, 2.3895822496901946, -3.1796559602495433, -0.3225198234285303, -2.357050842399561, -0.332204474222645], [3.381457280183955, -4.442651891203492, 1.6578387556952126, -3.163326216670346, 2.3955293701681346, -4.090742528393887, 2.8150361192218836, -8.025326736242992, 0.7658791209787765, -0.1492462702180848, -4.173288720246651, 1.4318637416761852, 0.4901888777912344, 6.685751563695878], [5.287448618557071, 5.819696206792329, -0.06018888025101343, -4.697619114622245, 3.0296029966359628, 2.6908172007609803, -0.18080490955755002, 2.870671047954812, -1.1693275132705967, -0.5065179041672176, -2.9519669370868553, -3.017184285358877, -2.4984365298126807, 1.5872225000178841], [-2.1936644202054305, 1.3909445741467912, -2.0510493453569576, 1.8370827572473098, 0.7937604522348887, 4.785769557705527, 2.0615482171913353, 2.221442477165258, 2.4447922948219807, 0.6475884709230413, -1.329857482969644, -1.4291417954787877, 2.9149787699610723, -7.180141706194881], [-0.11092080545176619, 0.20563657830560012, -4.142522588503275, -1.1922878722839627, -4.346605803858695, -1.9903699343160688, -2.853025600271361, -1.8210104134777696, 9.005784505227343, -1.539194509905072, -4.008298517037832, -6.089605045175825, 3.700695586008336, -0.15699771290118814], [10.353541501951758, -3.92341805521803, 1.2893230813868026, 0.6113756850453463, -2.0655876645841356, 1.012783345828847, 2.099785137154435, -5.5319482692899555, 5.309789140663969, -14.06421989489054, 3.1849479378808927, -1.281112335590977, -0.3301711057380715, 1.633301874415079]], "bias": [[3.007122461356687], [1.6898101383399273], [-3.813748480885024], [0.6803472962019655], [0.14904717183922256], [1.7184086244822423], [-3.853620052564088], [-6.92751549879202], [-3.6065570954819655], [-2.2859435158143393], [1.4237680667858208], [4.440107125061096], [-4.517623250423213], [2.3444695023311892], [-2.3391449255465515], [-2.8227826278240338], [-5.0508731864425425], [-3.2092423522821916]]}, {"layer": "activation", "activation": "relu", "activation_prime": "relu"}, {"layer": "dense", "input_size": 18, "output_size": 4, "weights": [[-3.854160214090487, 0.6926296221580058, 3.692893477220009, -2.0986952033047697, -1.655066163015325, 7.986273048926283, 1.8023153487104162, -4.312563984870007, 6.834798705061417, 2.025133238587381, 3.7873624249039093, -3.124132097295921, 3.3449271201867825, -3.788425361188069, 2.2989616208293877, 0.9725710077330132, 0.7644413798820547, -2.5070276607414073], [-2.2827888048019576, -6.388290782434022, 2.568082132192336, -0.22938200134071773, 9.509576968713722, -3.6971744758108653, -1.2627771769504565, -0.8997880632332467, 2.182763696514374, -7.107718886916332, 0.19166372058092607, 5.485636440223169, 0.922944788450924, -0.8304780594186207, 0.2958445281383556, 2.238032553901992, -2.6180283949977703, -2.4958482394677994], [3.3923765680204285, 6.198338197250294, 4.744824536090219, -0.8614896722792338, -1.5531524642327588, 2.4549222571092324, 1.9069919847138563, 4.251884438931625, 0.022824150383583874, 2.6301886842548687, 3.044403074502725, -0.4267680398975906, 8.469866408423876, -6.997793274316531, 0.6641881817689252, -3.892791895094048, 1.4529792183841985, -5.437057314416996], [-2.1013591959321323, -6.585724133179923, -1.887039503289978, 4.580859090042398, -3.630830433635123, -2.583224795192515, -4.405883222327092, 4.4864159429573425, 2.426164324822272, -1.9833229139110906, -1.7837405000102682, -3.1319647948581015, -8.026662259437398, -0.7632955125921955, 1.2337020033533286, -5.937892311578321, 4.335084618170244, 13.159313575724271]], "bias": [[0.1106753023499456], [6.17309254192118], [1.033851590992542], [-3.9974015631094453]]}, {"layer": "activation", "activation": "sigmoid", "activation_prime": "sigmoid"}]}