{"generation": 521, "board_size": 10, "snake_size": 3, "input_direction_count": 4, "apple_return_type": "boolean", "segment_return_type": "boolean", "network": [{"layer": "dense", "input_size": 14, "output_size": 18, "weights": [[-5.987248121813296, 6.817505061059811, 0.5530994533913486, 1.2449758219275735, -3.4624589027205994, 0.1969996662514844, 2.7870828722329115, 0.56719385808314, 4.115220321567586, 13.001778075827394, -6.649354912952397, -1.6042452819981254, -1.2911214620985123, 3.2817901844712667], [-0.386091393942124, 4.105924608815827, 7.25903655015577, -16.088211730689846, 2.3101885345944, -6.201357500419684, 1.3148654559163067, 0.7190471736977667, 0.9739520756779949, 1.2646637856376566, 1.4501595118812776, 5.093163279325245, 6.206496588990574, -0.7840662508622973], [4.464419239819753, -9.469530876734915, -0.8699083477545728, -0.05596653599183818, -4.478966914648245, 0.8298944213778626, 4.0876482553326206, -0.5355094931249151, 2.970691313266541, -6.335802409587716, 1.082459691939911, -4.568965780991494, -4.14520586009838, 2.616562109549795], [0.07586336655058323, -0.9762420249078381, 4.584314084105326, 3.8854480038557884, 2.6073108382459322, 1.7865291913712933, 6.595805015645304, 2.1781499825875272, 1.699318904454719, -1.4427925945971765, 4.845688868093951, -10.050856770976354, 10.130746915966125, -2.8258728777678765], [9.94876095926203, -10.76854309621633, -2.501196109129668, 6.407156809752605, 1.8239736967975932, 0.2411002366179552, -4.014423871966625, -1.4644692795499363, -6.819440694110357, 1.8598076310721043, 0.1786614037221167, -1.9574736766203942, 2.664499857184254, -0.2324645599658579], [-1.756780132681597, -0.6627625737578591, -1.350657049728941, 2.7539104934088683, -1.474507222929539, 3.4505918563727507, -5.259675549578384, -0.204051672786293, -3.2040226620902654, 4.879395489897075, 1.9713756058456111, 3.8953743826051417, 0.8690326719846788, -2.6405473135783604], [14.182178133054123, -4.52703665490529, -0.25997122874310574, 0.7334032087696897, 3.30285867283052, -1.2098506437023044, -7.3419284998526795, -3.942158798023586, 0.293824637451626, 3.033272743187143, -4.413686772545232, 2.3698641825910416, -0.13242500839288684, -5.170298328137727], [2.4487298770128754, -6.01067657635207, -4.485390044150451, -2.076346816340454, -3.146719747275405, -1.097424852672504, 2.8839045603273337, 0.4839737018636094, 1.0730046591180524, 1.048611048504144, 0.7694236578421112, 0.3766834611414689, 1.1772946391708239, -5.204328358608114], [-1.7043670811145426, -2.1233968603068356, -6.974972382633071, 5.556328833102083, 0.5711275629417484, -0.04367741360851346, -2.9327406873086197, 0.13656681331818943, -0.23783755490051584, -6.25017370392517, -3.426112359485896, -0.30086121494471385, 4.520725397505851, 3.366820891298324], [12.466568686526283, -1.5713344844986485, 1.2810489183788658, -6.875290769221924, -2.262941971025054, -2.211877137910198, 0.38178397939572245, 0.519678966742416, 2.2157841721717775, -2.652020638171446, -7.532199618487074, -0.4591301058281053, 3.4358603416196303, 6.035771464029385], [2.908420905640407, 8.754757808975082, -1.2914927804192664, 6.991848055489464, -0.20420400014548212, -1.1007631043021924, -3.884736003008834, 1.642145123585875, -0.3754941079982592, 4.0066462886942285, 3.0637583328827027, -0.6994698295949789, -3.1091511770557574, -6.694775915825795], [3.0737804296317472, 2.2634151476645075, 4.5234527541847225, 15.15514261171124, -1.3465008292783938, 2.951274154746308, -7.3835508991707455, 1.173665040623577, -4.935724705613951, -1.752088386315633, -0.011235560795460842, -1.8816770400641971, -5.145162351992143, -2.169490918709058], [3.4128716224999742, -7.642449436238813, -5.290565338817472, -4.651067927003951, -0.3135706842011008, 2.3024157363840594, 8.510655945643098, 0.8105902377976567, -1.7470693047876567, 2.393160208163276, -3.03213055110919, -4.34580611981602, 6.532944495142325, -4.632295795809185], [1.3385473322016206, 4.798124551180407, -0.972240214891726, -3.2856225852486975, 1.8187961758261832, -2.279464795863615, 0.32767836974798437, -0.5649342999105482, -6.2905286397904945, 2.6905449299224755, 4.29631029458948, -3.384356375670243, 3.0049477044752297, -2.6922256122079036], [-13.698077631297274, 14.267229521152009, 1.7496191068352016, 8.427382577155868, 2.1034291878682585, 2.673087427138492, 0.3388856888721188, -0.6651452725023838, 1.6822157424969013, 2.1322989395580465, -3.8437058237477824, 3.585341517712714, -8.011077701412997, 4.109784860148802], [-1.0931410368946675, 3.9946872921171117, 0.39762729882226777, -2.836400059173168, 0.2801622340046528, 0.860949011204236, 9.225154767443621, -3.6302155030318883, 2.0504143312454994, -4.468035464150045, 8.585325004694266, -5.060263539725371, 2.3616497695917413, -5.690528460100876], [-0.5923791895128713, -0.03614576457270713, 10.698223965091552, 1.9044333993295726, -6.380884054174001, -3.5024398165677617, -7.310715499305418, 0.17257146730356454, -2.9703152291516757, 7.111391472660498, 2.755033689110145, -2.051433738306436, -1.1710484257882812, 6.503404982086116], [1.733838787301554, 0.8525674815724997, -4.933107314168274, -3.7737353643938008, 6.889606522180019, -5.344338018999129, -9.002358404145836, -3.621109315236033, -2.2551075454953375, 13.944007738308763, -2.5873971367512603, 0.38701212935493634, 1.5356043851248429, -3.349591848056266]], "bias": [[-7.0155121186261775], [1.3371205451881891], [0.44975401379870117], [-1.8784692407160983], [-11.45415091525778], [-2.9748997099797148], [-1.7194850537163497], [-14.271364746968942], [-6.7597266921117996], [2.0155416797515904], [-8.840929720673472], [3.2962539080472477], [1.7255175021363522], [-7.386706579701876], [4.126729214447215], [-2.0369649320706307], [-2.6431853422937683], [5.996764054402628]]}, {"layer": "activation", "activation": "relu", "activation_prime": "relu"}, {"layer": "dense", "input_size": 18, "output_size": 4, "weights": [[6.810824228600186, -3.3362295403015105, -5.996604551160824, -7.176812021052552, -0.2420672779453809, 1.297547971436395, -6.564885003923923, -1.078084425377512, 0.1225659983769507, -6.8291788835817915, -1.4258723299305462, -0.5964612039408808, -2.462455052748853, -0.9071110037539363, 6.768463789040183, 1.2414443462511369, 1.7913561872657204, 3.104703421067031], [-1.2514594345713288, 7.553271319906573, 1.7345238475027238, 1.4400213256860572, -2.5024635822876986, -5.260779659896938, -0.3945044384473672, -0.6475721366420398, 1.9467182963841085, 2.9712226574652196, -5.277356116692996, -14.83930559091284, 2.8837677024646955, -1.6700529519823404, -2.1831441665798432, -0.2611896608919364, -0.9765296903923224, -1.909348362805664], [-3.157630731932249, -0.8244695155183864, -1.8817714130852534, -5.844152038791522, 5.033684907102976, 0.24355444235462032, 5.098220072756197, -1.8525511260340055, -8.693635267745389, -1.3067044827404555, 10.497447127137045, -0.17249759257905173, -3.646450839404243, -0.47448183505520136, -10.688231248692531, -10.238541664635378, -1.9556455812301177, 0.6615340534811504], [-2.2859291547558023, -4.7781683520491125, 5.399924591524306, 3.4270744731387586, 7.383812280670508, 2.376322720866056, -7.359335888907142, 2.3948465620074995, 6.274368608599705, -3.436010598507186, -10.274754468484925, 2.555008061693111, -3.317535977488342, 2.4435047658967126, 5.695152874437559, -3.6935555197627723, -2.496109420768072, -2.9238933142579673]], "bias": [[-10.409392963571229], [1.7705259915552523], [0.857680996154587], [2.151015865771582]]}, {"layer": "activation", "activation": "sigmoid", "activation_prime": "sigmoid"}]}