{"generation": 531, "board_size": 10, "snake_size": 3, "input_direction_count": 4, "apple_return_type": "boolean", "segment_return_type": "distance", "network": [{"layer": "dense", "input_size": 12, "output_size": 18, "weights": [[8.37928261355366, 1.6981534343921654, 5.5343125542657425, -2.9206623857653624, -0.5633267611805568, 4.192231039810493, -5.830265365485459, 3.0476673277349984, -11.221567935155992, 2.1604356708491133, 3.542948352743806, -0.09839516844323426], [1.3226073721738503, -2.3497433054465042, 4.662015082472568, -6.634657998879084, 5.789098216569651, -4.864922003660101, 2.943916160538645, -0.12235242342870101, 4.7482092124568664, 0.046917949178354346, 0.256478768698698, 0.7664269742642607], [2.235558295860715, 2.3472264258874533, 0.45831154309083155, -3.227401611052259, 0.14077671223955168, -4.6477380252735045, -1.610261234859878, -1.9589447919459992, 2.501410141412273, 0.7352462298313195, 2.6371444946050753, -1.6122179522284792], [-9.06771453705431, -13.239363881915876, -3.558813391913721, -0.17823975969873018, -4.709595107131673, -9.019710253474223, -2.967342906911422, -0.5752380340383869, 0.14527719243883874, -1.5952140776925834, -0.872795650529462, -3.7781509104022777], [2.340926203483412, -3.738646960139915, 2.1110675353679422, 4.376485670482428, 1.1591048503343417, -6.19544863506486, 2.0683800517717175, -7.819592723545232, -7.116047008354071, -2.4291921504349885, 9.400319404273477, -6.74817663853327], [2.314526367445375, -0.11487485651078633, 0.8833492009627625, -7.445262311523042, 12.719230747180205, -4.736874268317658, 10.348990819245666, -7.795065472379888, 2.2277214745750022, 5.327008104531602, 0.8738004442272334, 1.0663661318975284], [-10.398626514314234, 2.987148833891985, -5.153471306336125, 15.406303220154085, -3.2291950315421114, 1.7196757185375167, 1.5595984785792139, 5.024042494704935, -4.497768685090616, -0.7681984708055863, -1.4608724459195834, -6.202516425722756], [-4.982137055547566, -4.802986572260945, 0.29051575009667197, -9.776578022012245, 2.87641679523948, -0.2681573563062597, -1.9011834441837394, -4.291942614628257, 1.649358402754694, -0.8430651694829498, 9.54188019490857, -6.010323355794569], [-2.611536135872192, -4.010592025911324, 0.38313645677602964, -0.5597353330325316, -3.947514813705304, -0.38510052705615905, -5.348170369040351, 2.178532993423479, -1.4840055115689856, -1.60683525880081, 3.1109373712186628, -1.948352670564197], [-6.540492412086387, -2.4990494484954855, -1.3267073866230825, 5.326784406799197, -0.01455057399585874, -0.8527225646186394, -1.9588101882156492, -1.4655469843608442, -1.8297776681121225, -1.99860585583147, -1.0427385245600078, 4.706749308886259], [-6.630285171047388, 1.5127452955009697, -3.7348125888789467, -5.97654792529127, -3.3722962525056475, 3.8675951672735263, 0.22171007258473796, -0.21974766728605877, -0.8991937501142484, 5.711938503780111, -1.1473693108852698, 3.442890214351586], [-5.281190841150424, -1.06297349983527, -0.3675824267478793, 10.39676443601945, -6.509262627340997, -4.307138565137187, -3.737733388419427, 2.944125491415818, -2.245819885721961, -5.484379412951817, 1.737397391024297, -2.077705599482322], [1.4432290709883182, 0.9614134225160289, 1.981799943440105, -4.0508781743665025, -7.471786805490892, 3.8107586957052444, -1.4807962308186444, -1.9365336138293472, -1.9057811934293132, -0.42081263231463506, -3.273869980481778, 0.7145271075641872], [-15.066222459028486, 0.39590914046421466, -14.935336353392731, 0.17605471091559055, -6.86549625887442, 4.880884040989617, 1.4267540375784158, 0.024359204998728956, -0.5672532791966559, 10.423561167869572, -2.232936602026313, 8.634817601533753], [-4.423827757823393, -5.920790818266373, -6.504990696392154, 1.7560222286837597, -6.6198537821109396, -1.0782056367397979, -5.290755797362086, 3.505103849658736, -7.15863806860288, 3.150679167335112, 3.565716328661942, -6.398838524238756], [-0.08033531295691265, 1.4742278298152969, 0.8155666493491773, 0.8433708023778561, -8.074732510941898, -5.623593597465195, 9.301748995335512, -6.623003497223212, 10.925398821404686, -11.178990892216225, 0.5332648659563637, -1.0220373476976314], [-3.432199165337735, 0.6540112573036179, -9.294552529731872, -7.804372039324527, -1.1053346337217917, -0.44094590739010053, 0.5148996744752333, -0.167026432498659, 3.131209625408352, 4.789989570661991, -0.2822060113596634, -0.6636589122251999], [-2.092222558339853, -0.7740372797925761, -1.927102028029939, -5.23127595736479, -4.28449803247713, -1.9961356212220978, 0.9767400329333461, 4.824734595018297, 2.2598354491504415, -9.176232045942557, -1.4622586710764656, 2.118247929711063]], "bias": [[4.1609770598310725], [1.39727140794311], [-3.0654610269284355], [-5.395550241638983], [-6.829998561491545], [-0.026727411585778682], [-1.5706949660828358], [-2.696912882908644], [-7.279951716195674], [-1.954822169453697], [0.43413442734764374], [2.453198725214391], [-1.8289820979597518], [0.7419242697731084], [-8.630163215968166], [3.1425428476340986], [-5.5175026036216295], [-3.732052863749901]]}, {"layer": "activation", "activation": "relu", "activation_prime": "relu"}, {"layer": "dense", "input_size": 18, "output_size": 4, "weights": [[-4.2865250392495415, -3.368496192464191, 0.9171238914809916, 3.64483265393155, -1.0540863280211195, -8.821445002519063, 5.676760983529913, 2.6372435378749848, 1.3021032634403271, -0.8342936110064938, 3.681110446074531, -1.788424092113183, -0.023988971123338754, 9.986433553050606, 2.197475192747721, -8.859451010441855, -1.5891062047006717, 2.4973020168678968], [-2.6450786836628835, 7.5992591790969595, 2.240486938358214, 0.053054386134043896, 1.4255278930523576, 9.765685461702581, -13.54535241013493, 2.959857277891019, -1.007207527868851, -1.9450448340041353, -2.3660766206156145, -14.094707176079371, -2.496202400144037, -5.9968102530513345, -2.7171471980114235, 4.329033810307068, -4.075389080989093, 0.08787451398805629], [4.875590245037983, -1.61349252099883, -4.10469567389595, 0.7743525665359394, -0.18525923026909896, -6.626136156817081, -0.990483726517459, 3.628667060288463, -2.417680925086041, 1.530291965950142, -2.8105479081247347, 1.1152583428106684, 0.562276966766169, -1.9179142915056118, 2.5258335509808916, -1.5414661771758624, -0.7426642189120092, -1.8052167264236054], [-9.207510311182913, -1.6159042482392556, 1.987351052441189, -3.1201807548467024, 3.943751236892478, -4.477760060370167, 3.367260541264007, -1.6184310234376078, 1.8100691723983733, -2.6585883625432674, -5.153409599001336, 5.458351406074523, 2.9586007183305973, -9.266183769898099, -3.0568458931357902, 1.751798967456121, -1.115413291326739, -2.326289978078223]], "bias": [[-2.333685677063052], [-6.664125009669407], [-4.660550144988887], [-1.0757164443407894]]}, {"layer": "activation", "activation": "sigmoid", "activation_prime": "sigmoid"}]}