{"generation": 552, "board_size": 10, "snake_size": 3, "input_direction_count": 4, "apple_return_type": "boolean", "segment_return_type": "distance", "network": [{"layer": "dense", "input_size": 12, "output_size": 18, "weights": [[9.917889574320734, 0.7196049439989443, 8.604039384185798, -4.711652189376748, -1.3328612166027407, 2.385780633071117, -6.4356881220705935, 3.4157747168641963, -11.44507151462038, 0.7788263504434556, 4.307127398912391, -2.155923571753773], [0.5693998222281725, -1.6432142631759463, 5.528151246880686, -9.819466443228494, 4.475531454848237, -4.4569324484819495, 0.4528156289681696, 0.549848191910365, 5.496872408226676, 3.9370764418927804, 1.8176573482370724, 1.823667579241523], [0.9443103517036977, 8.774691091279779, -5.8116546383896495, -4.697432022315829, 1.5625357608362023, -1.682402170511207, -7.097529749845906, -1.0109980070031463, -5.651687820241263, 4.449703731710377, 5.175759549288937, 3.0044275139824483], [-4.441446137069591, -11.102815546748182, -4.267799927554708, 0.11569803479954516, -3.5589843928178153, -5.321681784193598, -0.8110314275608674, -1.212343084218909, 0.598731697982897, -7.487366610181247, 0.14637294026123682, -3.692735555841598], [3.1604626555572515, 2.6816794369719053, -0.1342691440463119, 5.176611077228076, 3.466354595956204, -5.829179584719168, -5.40052404488443, -0.14120640190675804, -5.233759695282922, -1.750316550707414, 9.731114748971, -5.780052439475187], [3.3423693067848883, 2.0944241245540267, 1.4898713480826986, -7.319590805787541, 13.999493148397132, -8.525283739602797, 11.834790022628615, -9.41419520743031, 3.532334278101793, -3.5996835671834173, -1.052911726850787, 1.5280461553611238], [0.971358151231879, 1.3247443492877293, -3.3769622110657647, 11.144161369461798, -3.4182499438348657, 3.7070918437003137, 1.0932349477707468, 1.3355906247938707, -6.388377463209251, 3.2447578072748513, -0.8527370200635995, -6.23034411210216], [-5.222895566612435, -4.722843192357661, 0.6759905892507363, -9.776578022012245, 4.004893608743683, -0.9446179343375761, -2.455009505041043, -5.203503147826185, 1.1776496141545465, -2.8838639136931516, 7.204353302487678, -4.986719751826767], [-2.2331774239393445, -11.48021744620629, 2.7007800085497804, -7.135564075708522, -4.791506222448586, 1.7713312652398643, -7.358643409475731, -0.4585631442727004, -1.404911788343584, -1.60683525880081, 4.264053377264733, 2.067668911164814], [-7.8336381542390825, -0.5686860041627604, -1.3267073866230825, 4.71892853353441, 0.4273701876082683, 1.4944355703666856, -0.5763642409832463, -2.894759748881625, -4.224576201115028, 2.1528058012175353, -1.937768611992309, 3.4358359766414326], [-9.99137447977197, -3.0963461379393555, -5.550001380557368, -5.940484553232535, -3.9865274212618544, 10.85428047098545, -3.736029442595128, -2.0970271881769302, 2.2426969477485494, 6.099970693709123, 1.1560828315401823, 0.2744208901853206], [-4.7855328549382, -0.7908318618776826, 0.3188922063290712, 12.6538645269745, -9.717330236424633, -3.6320727294780717, -5.734768362317241, 2.944125491415818, -1.8598270381386288, -5.484379412951817, 2.102120425760286, -3.1285470574913554], [-0.8693436729721167, -0.7429219607573139, 2.935263405995367, -0.12542522766810743, -2.9487294682822514, 5.023528629834714, 0.829343643816361, 1.286396763016266, -5.104015949593327, 2.579893437599755, -2.059577105559201, -0.9143209898493558], [-14.875290960641516, 1.5520060390456214, -14.735955655195765, -0.7012024564831499, -4.651286853126617, 4.567916318437571, 1.491846300031153, 0.7130077529409562, -0.5672532791966559, 10.201523381382062, -1.630616506063707, 8.696055475691827], [-0.11849454204858567, -4.36670211027609, -7.715738956444111, 0.9562909213406598, -8.344488392854887, -1.6214968819408466, -6.943472351103923, 6.302089425730494, -3.378133585492123, -0.582668755949773, 1.8201696506395908, -5.006975105673572], [2.8646225119729816, 1.6999320176711363, -0.6321061296373345, 0.057914274379392505, -9.338828034672492, -8.954650627159294, 8.415152891122228, -5.653068870517557, 6.003544728410769, -10.83480668245453, 4.022974284067907, -2.024568049462156], [-1.0801280211805797, -4.541948254200731, -8.253662929208788, -10.053297198993917, -0.6735608763126716, 0.052275707540105354, 2.347012680463977, 3.9399406456196084, 0.7261589285218315, 6.184856089580995, -3.0199506806859713, -0.5753267603477429], [-1.9943045095502003, -6.179010904831461, -10.477659642595311, -3.044414157427388, -1.900473437173317, -2.0068948770819133, 1.3508210326636818, 5.463919225426291, 2.4609169535526476, -8.463771413017621, -1.8297346639095728, 2.202169137781537]], "bias": [[4.013023103316412], [-0.05810700786719197], [0.12740004887401585], [-2.7317328676893706], [-2.202475543504644], [-0.988659672176414], [-1.0091720499762458], [-2.1849871234676272], [-1.7721103746352194], [-2.111566738106829], [-1.7280315169919716], [-0.16025986145510396], [-1.810119092115968], [0.9723465572873512], [-1.5035262006489747], [1.2661168806041363], [-4.073948982284795], [-6.433489937643605]]}, {"layer": "activation", "activation": "relu", "activation_prime": "relu"}, {"layer": "dense", "input_size": 18, "output_size": 4, "weights": [[-4.249355611500691, -3.548510408850669, -1.588979581970741, 3.1117532288181957, -2.333689207144809, -9.161866057446028, 3.0755912084961783, 2.0628937489052106, -1.7869808120775414, 0.7758338767486073, 5.731587622487641, -2.765502278987844, -0.9397081639158592, 9.413662203536418, 1.0347128958955192, -7.9277258831906705, -1.5891062047006717, 0.4387064066541021], [-2.0663474251481553, 6.638065343602696, 1.1458461472136254, 0.053054386134043896, 4.0018620342486635, 11.264419276011681, -10.351144455200563, 8.111558004746131, 5.292923177670792, -4.113962150880311, -5.02231652597812, -13.272797565732713, -1.6053067334141717, -3.953452887176019, -2.1504628781606794, 2.230723516525967, 1.799556224078398, -1.2870836416140792], [4.443442939599599, -3.354156200295474, -9.139602684191726, 3.504690230500847, 1.779731321646188, -1.808581585437482, 0.6932660513293489, -0.42046338047352966, 0.8524234895286787, 1.2242796057497436, -0.7763984244397675, -1.552830922074169, 3.4012791507476297, -5.3136326637042055, -0.8961872358840344, -4.497331484123629, -2.810232416740084, 1.5801760483164826], [-8.770043544423752, -2.7355884308258602, -1.1272994868573734, 2.3636270491992835, 1.4814512374931639, -6.564317672718758, 3.0399177899230927, 0.3924453541640879, 0.587774083245496, -6.856470267027878, -0.4767911824164493, 6.3445680763127195, -3.036909985048417, -6.437517960511729, 2.3372825956529466, 1.8425304970578587, -4.405330996509258, -5.288263260704637]], "bias": [[-1.0060628162323004], [-5.093150795951637], [1.231714486067315], [-0.9812802406504261]]}, {"layer": "activation", "activation": "sigmoid", "activation_prime": "sigmoid"}]}