{"generation": 488, "board_size": 10, "snake_size": 3, "input_direction_count": 4, "apple_return_type": "boolean", "segment_return_type": "boolean", "network": [{"layer": "dense", "input_size": 14, "output_size": 18, "weights": [[-15.989768087763467, 5.4786054749638895, -0.2564846755658382, 9.418578545536661, -0.06414335844223273, 5.636016331723533, 3.4641009037269628, -0.7689321102717277, 1.2985559186400966, 3.5761520563269635, 4.6948021098061155, 4.8204811120484905, -7.31972635761503, 5.225745445271226], [-6.516844584492451, -3.4817502683822723, -4.360288864255303, 10.025221845810941, -1.5667328461124965, 6.480970172510759, 5.9652409318924215, -1.6117538259205433, 0.5281450990984715, 1.403277470831873, 3.8523885087396255, -6.357457874565133, 4.1087140826201285, 2.3769295478300188], [-2.334430879085798, -2.0697580820596135, 3.5883375092401844, -6.921519534919579, 3.142518550552118, -0.9043114849140435, 4.047921964223475, -2.6571342192928515, 4.1610801127812165, 0.5662512981917016, 3.889539886741926, 0.8120700199731369, 0.7250001314872181, 1.2171741969097112], [-0.1628377646265709, -0.254689649042502, 0.7289809677685019, 0.21837737349440967, -0.7405856057759684, -7.280158949683378, -0.8744999051087395, -3.410024992082231, -5.409064647811967, -4.710986668314544, 0.11656528126821503, -5.041055092592494, 3.464442672968489, -2.5789382057274812], [2.7590147834678675, 0.04988601787807362, 0.9063566337244171, 0.10197750451115134, 4.514339288636218, -5.796530604941405, -8.102935520821282, -2.476126860256885, -3.357879965141032, -3.3173283531123934, -1.569840822201161, 0.06942982271081365, 4.225918495255754, -0.3325425386789358], [-4.461651763489322, -0.019694229865152874, 0.4755532762618295, -3.008472276653386, -4.246422717810448, 3.5215806327200028, -3.7209779165239323, -0.9762724978273212, -3.1523782188239915, -2.38140918084606, 3.2797988801808704, -3.2727560136845626, 4.110756801647424, 0.5310673726001126], [-7.745707258996199, 0.8286043113186805, -1.4616889424392492, -3.9314053564299205, -2.446808346485746, 4.409210340253068, -5.918663516489079, 2.8363512916123494, -1.694685067855164, -1.281538035714912, -0.7056065308331617, 5.6274362671661144, 1.3405154293912747, -0.9422528084467581], [-4.825618925291622, 7.82410170500243, -5.3419802071479205, -2.293002924435455, -2.736002832467429, -8.790364473164413, -6.8189579785722545, -2.5831134661810307, 3.7501091306766443, 11.728117125710456, -8.31693886494957, 5.74579891192701, -3.4912122858224808, 2.6457443384305765], [3.856876776183764, 1.1692189423346324, -3.256434657859554, -1.4510924528324405, -3.3875684117289504, 1.1268809289202246, -2.0086849690162594, 7.2872675002998015, 4.585462224401073, -6.905502882677397, 1.0577507497875764, 1.7841455193584541, -0.2809121944357973, 2.88910638499012], [2.6979835459604256, 0.019160934049878287, 5.993228164249118, -15.892489437943576, 1.0692862135821308, -0.7448743283541182, 6.653684341785746, -1.5374521157380205, 4.983868534096278, -5.643893663613834, 0.1805604925227413, 0.3138849355039883, 8.60101450241534, 4.245127689615876], [-4.064380959995469, -1.7898186386230233, 1.425186180598794, -3.3774743804926293, 0.5563641938408781, -0.8930948141424523, -3.047514545127264, -2.593132322092118, 0.6583668247097008, -2.959663306009988, 1.0221162777659023, 1.5493348597834988, -0.9235510082826902, 1.6134564399804818], [-3.286332818201216, -0.5424315127236967, -0.7320147810831971, -13.071053699944667, 5.163176493892002, 2.8527310495433085, 3.753700630982179, -0.6025225436357827, 0.3919210947894165, 0.10452624139966538, 5.691997260405455, 3.0548802044782275, 7.357294646870831, -1.3505589131209637], [1.7084168188268496, 1.7092235198546566, -1.9720370794294886, 0.004927243974748974, -0.9098140885145536, 2.224212863375431, -4.559827375237451, -1.3639901974944497, 0.6479971490210555, -5.356988465621102, -1.9961352009029967, 1.46968975467128, 1.615289511102804, -0.6289205344719622], [0.9348661068981703, 2.7562884458628116, 5.141761316556642, -6.730426457103638, -7.891334595007472, -1.2858969174185118, 6.625168041727438, 1.0376447658284578, 0.6046456914120311, -1.865137832268862, -4.558635027892422, 1.6129933449141995, 4.382815548317053, 5.085809134261486], [3.5469922363479123, -2.8224809423289763, 2.5355117021671156, 4.372888353745926, -2.814154817877663, 8.521161966595226, 1.3336435848555896, -5.987778390116322, 0.30546023226096364, -10.632622980055249, 7.1302878950827155, -5.599573786753334, 4.108458000688628, 3.5511530300142566], [0.3116129392568219, -0.5044073934505868, -10.645724385776997, -3.347711718886293, -3.00858625136774, 9.91947729934462, 5.239783748364561, -0.8561835736271555, -3.146783340072647, -0.8841900172243301, 1.8071031755940452, 2.808560751418444, 2.5290163120659375, -2.805000474866773], [-1.011210708565116, 11.493790327342511, -0.9821716750121492, -3.1224905406351167, -3.126846008150867, -4.434032154947703, -0.3677649396925037, 4.587642146694235, 1.203677624439376, 5.56328858523128, 3.5531108515299747, 1.587986497039475, -2.85751289309736, 1.9504048918801669], [12.575437917863951, -2.8045645124672545, 2.2562635564251883, -0.004216195530377109, -1.504579337337523, 2.647548107908828, -8.30700292453317, 1.7542408791067994, -0.13850094920289102, 8.831070363857695, -1.2153183481574137, 1.671946701759306, 1.664277175644425, -3.8341056915327156]], "bias": [[-1.7363594465404275], [-4.493913149676356], [2.011294302179194], [-2.891555874995042], [-8.363898588831415], [-10.006668701612247], [-2.2269618894950343], [-0.4390790898145722], [-2.4147133322249688], [0.2359064002217396], [-1.6294913430689295], [0.4331354860735354], [-2.7369642225583513], [-6.156008796288811], [3.7677666262347858], [-5.308425064032994], [-2.371031800158979], [-4.935621922053586]]}, {"layer": "activation", "activation": "relu", "activation_prime": "relu"}, {"layer": "dense", "input_size": 18, "output_size": 4, "weights": [[6.492733880637376, -6.3715379253512205, 0.8244860742493946, -0.4672981522230881, 1.9524512760230581, -4.264262303985387, 2.3760433943180606, 3.117802620690854, -1.5641869582337034, -0.8997375011379762, -1.4403350580900658, 0.9352281443276093, -2.965118877485697, -0.5615552846989605, -5.6477849493454775, -1.069413011479453, 2.9097207700733847, -2.3425158446433176], [-7.112094051176205, -5.558191017819208, 2.7894347967074355, 2.485506117542741, -5.247639559831148, -1.1448469777035326, -6.454750861870274, -2.2042190912201676, 0.5368509195913864, 10.183371763480363, 4.0172912179872835, 2.4060964670785334, -2.4395098170203546, 2.6353598693222273, 0.3921228012962492, 3.050981848331479, -0.4033819573643157, -3.1262923319272997], [-8.482713861310376, -2.9511788122572757, 0.13108461381152783, -2.6639410310997667, -1.5957490883769345, 2.945678620078523, 6.147506495453567, -0.756160301787272, -0.8051918490354244, -8.627685467717809, 0.6539218476062058, 0.8022232035395822, 3.2572010067694173, 1.5199992005459904, 0.9892965751890205, -3.0913688919086684, -4.135109734440365, 8.465895382868261], [3.5714269324615566, 2.8145214216555074, 2.85513126024496, 5.2261502898014225, -0.3974137036798603, -7.634154558691139, 3.082557106655845, -2.7962576990319565, 7.086693082902349, -1.7889030294019053, -3.153376414525034, -4.122178160265859, 0.6410224506900912, 3.580485263371719, 8.526641026866237, -0.6502782034114183, -1.5455882872060644, -9.236841339657545]], "bias": [[-3.655126461958083], [-1.691994476724084], [-1.9506065326109525], [0.31589630498729426]]}, {"layer": "activation", "activation": "sigmoid", "activation_prime": "sigmoid"}]}