{"generation": 500, "board_size": 10, "snake_size": 3, "input_direction_count": 4, "apple_return_type": "boolean", "segment_return_type": "boolean", "network": [{"layer": "dense", "input_size": 14, "output_size": 18, "weights": [[0.5071701755596458, 1.6521105410863335, 0.008470064936414223, -0.7967879969787315, 0.9401617167734734, -0.37049481453759237, -8.425004144954956, -2.817972890684465, -0.4705925579779021, 8.023676629647442, -0.901184215359004, 4.692492094575846, 4.250277577558251, -3.3747447789194993], [2.5173104538012496, 1.6369147962268455, 2.5623961791129433, -13.17480320895975, -1.5610524894935478, -4.076303709534507, 6.950536328874106, -5.264114611282531, -3.8237874016205566, -1.7001975254630435, 0.8410372653178815, 0.9357472016982167, 3.8715902454493283, 1.5531491200109402], [-2.3614637818346873, -2.850285379569813, -2.213760154487245, 3.4652349438407586, 4.055794045308558, 2.919931940314512, 1.1048434482042424, 4.459569329397807, 1.941049023679307, -0.26414947896217966, 0.43349535619601604, -4.154651603186055, 0.3168220810740545, -4.424019561159235], [-0.9342824898336123, 0.42329291825684945, -4.638571570664801, -4.11577266659411, -8.657109556760858, 4.581715943556729, 5.233630921750697, 6.011203813115458, -0.7639439046905974, 0.04571298254068101, -5.407904300071806, -1.5699748156372548, 5.801736648157021, -0.11548129467994495], [-2.567542628554061, 2.5019806146204076, 1.094266316263219, 6.7685928127299295, 0.11004393174511062, 3.7811019248023183, 1.7012056180391384, -5.787646198595838, 0.9913295847966559, -11.262804220303847, 1.8413621722843172, 0.8035165893283955, -1.1700514127982842, 6.30620161482287], [-3.9914447689879884, -0.22434205742730587, -0.2691642847607989, 1.6040106293949186, 3.5491534957947404, 0.5217982366880412, -9.865550106669255, 3.6391289999620198, -2.3213423134773707, 17.32014715841632, 3.705976020480551, 6.658171986035189, 2.169166836176453, -1.7445422777088604], [4.353413592323933, -3.3955167540373883, -2.3234055042347532, -6.082434149211482, -6.1159416618832765, -1.6475929138548997, -1.019222851911176, -1.346998003208733, 3.4806422280651796, -1.6494030301248237, -0.7320849780247175, 0.45184000094578813, -5.729550569441853, -0.6835540741952398], [11.12993348144663, -6.462645822346291, 6.129152993031152, -1.5477759299174414, 0.42736069530236986, 2.6220268268224776, -12.707993744837946, 14.604206856142085, -0.8040933721040624, 3.1308590893745993, 2.1159898862497064, -5.726403541953067, -2.087071116026271, -4.166047661014202], [4.755188959768776, 1.7411996431443661, 2.330766386467431, -9.132652688479297, 3.928740599610845, -1.8582306116724445, 3.69806589987568, 5.093941936868776, -0.2969671948737412, -5.510155283315531, -7.1270340440880595, -3.9441427832007747, 0.9562040322519951, -2.93291270739843], [-3.4536624591381533, 0.2472338296611032, -4.371011265845318, -1.0807769736122026, -1.899693470794248, 2.593699226697209, -5.570974718794588, -2.1434422756324496, -7.1061651177837835, 1.2388245081829719, 3.569571470648213, 0.15301960269752102, -0.09877082821999661, -5.670500052451262], [-4.5969389143145385, -1.1223114020346787, -3.2563590895901213, 1.1541603554117712, 3.1808901217771473, 2.510309638887823, 3.831416039618895, -0.6822080903506738, -6.865165666917966, -3.614296867007278, -2.262002389201859, 3.6260194611196264, -4.62645875868259, 7.123963633998524], [-1.4685761642675335, -3.3972218929940845, 1.6437861970344032, -0.534651457835531, 5.729186179846179, -6.006332651497353, -3.1303824929835526, 2.96249005280143, -3.7059988020569596, -7.925820199713632, 3.86451801477493, -0.8754021158070842, 2.975350729683006, 4.084540625853453], [-1.2378321708609565, 4.15481148558298, -1.6214372740027772, 11.110803887545362, 2.783617111293093, 5.48933200185048, 2.238607138437238, -0.34537692954840404, 6.135324110852905, -1.8965874448029865, 2.970212052198031, 1.6178751212140705, -4.490490063846168, 7.32893443849141], [-3.4086842251861307, -2.894613118113601, -2.2260869475736094, -3.0807590405015897, -1.9591701322536839, 0.6459082451771674, 11.020304689881359, 2.5601795555698965, -0.7211624375824821, -9.25338481235591, -0.8123239019964497, -0.3878631797077433, 3.5186660022215217, 0.055585688673338685], [8.513778398611294, -10.20881456987443, 2.3918206132005575, -0.19584221343348418, -0.5700959108422516, 2.2022564212475215, -11.283066451226059, 8.994699515619772, -3.9864354933747497, 7.104090911581255, -2.8461326311250317, -4.488433641660025, -1.5805544948760328, -6.090538309380199], [12.648537631281506, -3.021273072338602, -0.8205462811446869, 5.49110160531429, -0.28693897119167194, 3.288860150635168, 1.6766840403193006, 1.3185598950555746, 4.051572609167191, -4.799946508000863, 5.535981219430127, -5.074223701570476, 1.6420974042072483, 0.9607282326957715], [-3.522232266487616, 3.2907613393819877, 2.1745434931053698, 1.097071702351755, -0.1006998256912377, -7.603353379888688, -2.0475092916071542, -1.3544572840118807, -2.588048862701886, 6.8166847863422015, 0.5052391834082864, 2.4459847202127944, -0.1641090154010435, 6.6318058344526225], [-4.844107863799662, -1.9147934053230895, -2.3115434265808896, -5.481931765724378, 3.220095522687846, 2.418394831863296, 6.877859266202616, -4.0624246606917715, 4.888053775735472, -0.7398103191953916, -3.1439093036163315, 0.5151826574105836, 2.3662412199386726, 4.539813143143357]], "bias": [[0.38219851662814763], [1.8211281559144337], [-2.1069605122222983], [-3.1367719418666398], [0.6959623692216736], [2.5677873880418662], [-0.6505598419581632], [-1.126199989059757], [-4.493086301113863], [-8.825190930117664], [-2.4935845848848994], [-8.853377734701848], [-0.4745544839784639], [-4.4877299124240695], [1.974971118156841], [-2.4351727035081376], [-7.698695050821346], [-0.050067080695223865]]}, {"layer": "activation", "activation": "relu", "activation_prime": "relu"}, {"layer": "dense", "input_size": 18, "output_size": 4, "weights": [[3.3201844077419254, -3.328467531990756, -3.1588591184211987, -2.3203740037996443, -5.142369617157043, 3.87063295960186, -2.0490438299741367, -17.337235887304153, -0.6459727565765494, -0.5502153934468662, 2.0950746679442647, 2.492589937971032, 0.4391017316729748, -2.865314839396008, 0.28696975522453805, -5.57951996089112, 4.0033785032729226, 0.6944734921619167], [-6.296886121067358, 8.629831334633153, -0.8875089871090951, 1.3739743084611957, -2.4874771310062203, -4.035001997063356, 0.012814086149660092, -2.5940574486091177, -4.120919076188799, -0.3106992440548928, -2.3078223601713566, 1.5364878252711422, -6.214990572569336, 0.591676860037508, -2.8987930308432173, 1.462223659202615, 4.0928738104060916, 3.742854470380222], [0.8956776257580632, -0.9493901280240841, -1.0219174145058436, -5.988633291071059, -6.708948595815595, -2.364538678897639, -1.0736214659098078, 10.309759882640593, -1.9340069399038629, -2.661074074579556, 2.792270644954334, 2.9744956638260467, -4.795097007319316, 0.16221987609811933, 4.338254064346751, 3.8656223997602264, -4.330166837602913, -9.221897933275761], [-5.018074332626216, -1.8165965525972827, 3.1443654453239747, -1.2529323951304718, 5.6811354362967155, -8.253019560159046, -2.062078997800319, -2.899498848084236, -8.869303730882327, -3.5686602103077854, -0.03613609842234833, -1.8810543802353057, 2.547920320167364, -1.210448622647803, 0.3840743172740405, 2.609502966802583, 3.8197759520240684, -0.7291586833442418]], "bias": [[-5.548492526516268], [-0.03158373895517497], [-4.2026866970851104], [4.113250872837613]]}, {"layer": "activation", "activation": "sigmoid", "activation_prime": "sigmoid"}]}