{"generation": 484, "board_size": 10, "snake_size": 3, "input_direction_count": 4, "apple_return_type": "boolean", "segment_return_type": "boolean", "network": [{"layer": "dense", "input_size": 14, "output_size": 18, "weights": [[-2.3615571576387007, -0.6526214084034754, -1.3918666483067021, 0.9328568742624764, 0.6783220633703988, 2.078316865348743, -9.92250164129981, -0.3069987451999699, 0.5060794986743842, 10.009776046550193, -3.234881158239162, 2.3485049628137546, 0.44659233795466746, -5.271263253575568], [-1.9983143452694234, -7.5015695203210395, 3.79688651432029, -16.520398367580782, 0.9344422543384299, -3.219152073307353, 7.961075288259908, -8.150444206517887, -1.8142648474065906, 0.744718617263824, -0.14521440246058226, 1.4035248995001581, 5.22763701435131, 2.4527754123925645], [-2.9286344200932315, -1.6467990658268992, -0.9774112174819922, 1.523277208873476, 2.4263474785680033, 3.28730541540519, 0.6362032987188084, -3.69095129261029, -0.4965064665809804, -4.511011311428726, -1.6820617016647952, -2.2788971768487807, -1.5328273319950587, -0.33993018122436597], [0.48282357927075303, -0.2684726282286888, -2.010256212388395, -3.8219319512046486, -0.7186770084883769, 2.584035535812606, 0.9621495950212566, 3.9490893172655985, 1.3809174208737685, -0.6838071535898853, -0.5157650561480254, -1.771259559652245, 3.9725035274551326, 2.7811714452305822], [-2.0974132685306937, 2.0874224113575, -0.9597289021476776, 9.131952301049084, -0.44506513951671667, 5.819692651509356, 1.1546419316975474, -1.6174998430081444, 3.079869090660863, -12.903174908180498, 2.2295718221317675, 3.2045396071613306, 6.195221521392364, 2.7980514733445516], [-3.3878102820268285, 0.5094921839448573, 0.562109374836597, 1.6946890757380157, -1.0115013004291098, -1.9075549473589035, -7.353709423881526, 0.5362014068613921, -2.5352046760296263, 13.495286117393155, 4.251655760105872, 8.978437689190834, -1.310702530052886, -3.163682073128435], [4.3789315541048435, -1.5195450111289173, -6.757397842851988, -9.363180174119904, -1.6293123045599551, 0.0867124912679742, -3.4082795502548464, 4.839352360646617, 7.661741602142664, 0.8042913957760334, -1.1622311719941627, 1.090459671686438, -2.8476306695584888, -2.0791160155154733], [9.801457022312762, -6.70848451575033, 2.39455813229682, -3.0433678701552282, 0.08125727928122112, 0.7842006706018751, -11.710876486968596, 14.01551008907507, 0.05587302102207503, 1.4030364758500917, 1.6443413496988721, -3.1840899247796663, -1.3576453824458456, -5.051033415936722], [2.945893536349241, 1.9374553552155789, -4.099327944541496, -4.574881732897184, -0.6124095516615049, -4.608357697204623, -5.184564172582064, -6.010197114886104, 0.26427964094234324, -10.897231870407092, 5.0320662934082305, -1.3721764645818242, 0.2341772108579836, -2.5833982931776163], [-4.886247908312879, -4.369259841442802, 0.6405483158930907, 0.24527827892514042, 2.165387803280913, 1.1182780402963934, -5.039886298891343, -4.192994665636088, -5.19838657020696, -2.997063713423707, 2.380450786384717, -1.6526627292398235, 6.999737014882523, -0.7640302186673552], [-1.1953065482636656, -3.7325207087354237, -4.940379412318697, 0.5695132915739062, 2.6365787688270226, 0.3678738564816064, 0.761991900953587, -0.46352202586193364, -6.879160359209314, -4.705173349212336, -0.8139490716616439, 2.2901395593618514, -6.852302045388345, 5.817276742278194], [-1.0406924023206638, -3.356879585198817, 2.406200109536597, -1.8640905180802223, 4.887402163244726, -11.188824160372796, 1.536796064313475, 0.14652984035666738, -0.3310065956106737, 2.129150708494631, 2.2274997155632947, -0.4774620362049604, 3.7763511664501817, 2.9157516873178264], [-2.7491917228297362, 0.388432124518993, 1.5505599792777711, 10.962576813690045, 1.9505570508105654, 2.9948481702086998, 1.0986530793649616, -1.7279253165467057, 5.562798491868994, -2.0212360338912014, 4.981341141778821, 0.41189975831002423, -5.120157098431653, 7.361260662921699], [0.9430822084652851, -3.8297929806884747, 1.4612009788001996, -6.560157938674593, 0.6024890829762856, 1.3105540038092722, 11.020304689881359, 1.6359823267384557, -2.5477879266547623, -10.217033154427867, 2.6236956799499844, -1.2610602597429794, 1.5518586787047732, -1.7664216262698718], [8.214409244025637, -10.627799768825545, 1.626606907079633, -3.2474788525823817, 1.126946867452611, -1.7235904772039328, -15.223151651789598, 6.120405278758429, -3.2986520934190184, 4.16428133321559, -0.5903512881860071, -2.312026742270858, 2.399044195232596, -0.4793966705530805], [8.672378347827731, -1.276216489100911, 0.050865549523748554, 2.399361402369724, 3.609912577782523, 0.16211747725913406, -1.8090342190473565, 1.3996636062477947, 6.21288141584883, -8.47424456325411, 1.6067581496983796, -4.2946690425479055, -4.253772676752501, 0.7213208912349778], [-1.1874815276243167, 2.416640206026133, -0.6939125912103494, -1.4494767352209341, 0.4086260599939737, -3.142324424854629, 3.686187540701565, -5.900643121605372, -6.763676069983389, 1.9951376615388983, -1.8150949822571447, 2.342054280883083, 0.038740416530576915, 5.598843080243463], [-3.437080577451929, 0.9013612652281044, 1.744553253622461, -9.375811225014212, 1.23759330965752, -0.6332881899628606, 6.877859266202616, -0.19469544362595112, 4.007137093778235, -0.6369042842936226, -0.8259356535805766, 2.5450468327076274, 1.5001762438228847, 3.546215291105962]], "bias": [[4.607949813283226], [2.1979263724949267], [-1.3524654829351856], [-4.29985429533745], [-1.1734974672036214], [1.3536111036963314], [0.32921062557284664], [0.21407745933382616], [-5.378534310833401], [-4.99611693345515], [-3.6688795487227344], [-8.014651823636768], [-1.9762840646423112], [-5.034109087117469], [4.527939132539951], [-0.8088367380446833], [-8.206037927397384], [2.2092526814675315]]}, {"layer": "activation", "activation": "relu", "activation_prime": "relu"}, {"layer": "dense", "input_size": 18, "output_size": 4, "weights": [[2.036963558413688, -0.9940418796289454, -1.2062990780296559, 0.3622811363356333, -3.435016249610708, 3.427321589087021, 0.4546521209917597, -13.298690321596741, -0.39003406283480274, -0.5624138040631872, 1.557902053302041, 2.316905051770134, -0.3584611327464907, 0.4192438908318804, -1.11611774786043, -3.0600841685770748, 3.0556950913319443, -0.8439263393628695], [-6.005116269694506, 11.840154778376936, -4.105175143181689, -7.516927243421711, -1.0346007322270454, -8.918008158055692, -0.6711140641341223, -2.2722800993413035, -2.826272207334037, -1.2898684288343452, 0.7100036094166244, 1.8851411882532623, -4.649203137236345, 5.80467017980353, -3.521025697775015, 0.20712715219032352, 0.5263512840025388, 4.5991390588868715], [1.9255040587785557, -7.6745851114150785, -1.6077857040583596, -0.06818114162932304, -2.872516042468754, 2.0334573514289405, 0.5068636941338823, 11.039176797971724, 4.293460093609239, -2.621642103563225, -1.9997874233185713, -0.55249584299576, -7.1971815672862975, -2.322944209845773, 6.170014837838814, 3.7208466463806618, -2.6959371563864174, -9.955787001742866], [-1.8534842594032104, -1.19371768224394, 2.0499602770853316, -0.33652105319598413, 3.1725222881181177, -9.68386981265816, 1.1632928661143698, -2.255242827457529, -8.965742106130913, -4.231999557803861, -2.2962412895978894, -10.22299440143573, 3.2862788988590546, 2.3948513797531685, -4.712878396440201, 1.6705712548089504, 0.6382602090020673, 0.18318949493858921]], "bias": [[-5.548492526516268], [-2.213834895496765], [-6.306648480435646], [3.90888529634029]]}, {"layer": "activation", "activation": "sigmoid", "activation_prime": "sigmoid"}]}