{"generation": 471, "board_size": 10, "snake_size": 3, "input_direction_count": 4, "apple_return_type": "boolean", "segment_return_type": "boolean", "network": [{"layer": "dense", "input_size": 14, "output_size": 18, "weights": [[-2.591386887896146, 0.4866462675012264, -0.9530848319994787, 2.211173488039718, 2.3178546737161696, 3.0799133413183357, -8.752061353510815, 6.3306365779982565, 0.42400735857524696, 6.35915135051863, 0.10019554278822762, 3.1863683548078225, -5.170716817520972, -3.0365077029754577], [-2.326957780372342, 1.9463107166043767, 3.1072971578599384, -18.100540323182237, 0.17697390686194425, -0.8864681494512456, 8.945680939483069, -3.5139466664022123, -1.022384829851488, -7.075208314564392, 0.3035870963185282, 2.4732411072409333, 5.170234749850243, 1.5531491200109402], [-3.5031094489110823, -3.608556607274107, -3.1360075289067444, -3.252671439179352, 5.42379032257534, -3.6275359882325917, -1.1163225051744512, -1.2450511457379276, 3.70897080359792, -2.2947898959824924, -3.639904240297594, 0.8830977276079006, -1.8419097563709885, -0.7774301624854796], [-3.0643181209673647, 1.8867530162100297, -6.072346903294921, -3.7449806442296576, -2.3862969279643975, -4.307910199241711, 1.729716761775284, 5.945631920644434, -0.031517218565686234, -0.6434009901282597, -0.040616182273708556, -3.7060599971738, 7.822931834844767, 1.8265264841752034], [-2.2856209856751155, 2.5100482198803684, 0.6919693166484575, 9.860968984334502, -0.9533636076326886, 6.478034119709168, 1.2696646978018817, -2.4709552281042457, 2.39886773393079, -12.279898823523235, 2.1349395889293117, -0.9055108738230807, 3.5058157498958673, 2.7980514733445516], [-3.3878102820268285, 0.5094921839448573, 1.6121328891340179, 1.3055318025767704, 0.8590484506081444, 1.295145514592841, -8.11054821533912, -0.3448368847483745, -2.171177526858606, 12.66070379729224, 5.973129968224768, 8.922957338343766, 1.3266548166967929, -2.3368139012732967], [1.8353727973025868, -2.0010529660053527, -4.838232274820971, -10.481960028290764, -4.396666470045714, -2.0248330728342876, 0.21882239496054878, 3.416096376244421, 3.374685724775265, -1.9645684498533909, -0.5227045787137137, -1.9006617450070271, -3.6303323759419492, -0.8537238017402451], [9.213569999508683, -6.462645822346291, 6.422164433042635, -2.99502081751704, 0.9133289462577147, 1.6677158354201713, -11.594363648190566, 13.042304989959312, -0.9196251732765985, 1.590578928679596, 2.919206519478834, -3.331878049185626, 0.025276210164631996, -4.166047661014202], [3.6045396701057606, 1.9374553552155789, -4.099327944541496, -4.574881732897184, 0.188477241600722, -4.608357697204623, -3.675020541960763, -6.010197114886104, 0.5957108531667973, -10.001773774162666, 5.0320662934082305, -1.3721764645818242, 1.10681498656519, -6.099532542103913], [-4.767251054732979, -2.3993110199156553, 0.6405483158930907, 1.0207639857118198, 0.6967577490778627, 1.1182780402963934, -5.039886298891343, -4.169525633755411, -5.19838657020696, -2.2593827485837212, 2.5785891395316782, -2.6883539299865036, 6.999737014882523, -0.2201180472674743], [-1.1953065482636656, -4.229775254171188, -5.2164379421880485, 0.5695132915739062, 2.6365787688270226, 0.3678738564816064, 0.761991900953587, -0.46352202586193364, -6.879160359209314, -4.371169302748232, -0.8139490716616439, 2.709317496159894, -6.852302045388345, 7.081656232742135], [-0.6193944099195412, -3.4946766170023267, 3.662805103016981, -0.9372541860977246, 3.6821801826932443, -6.180844085789285, -4.453105610264094, 2.5219477255898175, -3.900514655924483, 3.9687681940413544, 3.3387246848481626, -1.6430372670782125, 4.570338747202307, 3.133853574471536], [-0.9548544125000618, 2.2501463371569157, 1.5505599792777711, 9.755543552656038, 1.9505570508105654, 4.4931389569663045, 0.01717184514225023, -1.7279253165467057, 6.227224707492913, -2.0212360338912014, 3.4303472565575004, 0.6220605071208289, -6.696578968575399, 6.823465350075701], [-0.37389019876404367, 0.3785131903443178, 0.3915254285448057, -3.1425578775429157, -0.45550796271929933, -0.6521608817603727, 10.320716809474147, 1.1261680773291243, -3.397047921698392, -7.85217137168028, 0.6939207900487613, -0.1555409825062597, 1.5518586787047732, 0.18546757121001123], [7.287025814295916, -8.444258907024487, 2.7600479697165685, -4.354971028724037, 2.3610099566296894, -2.2605006441535056, -9.380776820696347, 4.133101100912868, -1.8549122262720106, 5.109725257753857, 0.6638530740807094, 1.2925134711796709, 1.2079375511910388, -2.3714806419643355], [10.4229512513295, -6.417929665010949, 2.3711513565873337, 5.253431299011855, -6.412573778904814, 0.9945985657516955, -1.4407048021033666, 0.19417447601380822, 4.59660497263256, -6.609934615583626, 4.1049560450576195, -6.031143031519999, -3.762570482231909, 0.06895626545995492], [-3.2863629348610743, -2.4980259549638895, -4.253297544203472, -1.222754261323356, -0.8837411574014435, -3.5235073184476295, 0.24751309176243927, -2.592026983230102, -0.5852145643629292, 12.70311148804043, 2.4238544582868546, -1.1297362591977602, -1.8211566797897523, 7.1887415810143676], [-4.980423641451879, 0.9376111824840738, -4.827192380002581, -9.73262573086197, 1.1623775620037287, 0.9787990177862995, 5.277123609604253, -1.3993087333153214, 7.029653348252294, 3.45587813747834, 5.126606734731471, 2.2813228011765245, 3.091922010094032, -0.5921723704302131]], "bias": [[2.113920522410994], [1.2057863399935422], [-7.882208696889862], [-3.4281809029702135], [-3.2584914632259174], [1.0090160458417687], [1.5964047010546316], [-0.02335127109430729], [-7.18027155913619], [-7.039119986971231], [-2.61426554277221], [-7.514988391336806], [-1.4587058507817408], [-2.541088615248145], [4.632460382069816], [0.5585593249020284], [-4.52581494172944], [4.111907949611889]]}, {"layer": "activation", "activation": "relu", "activation_prime": "relu"}, {"layer": "dense", "input_size": 18, "output_size": 4, "weights": [[3.638883831976186, -2.860609418822777, -1.8483579252772548, -2.3203740037996443, -4.114880448441448, 2.852390045761546, 0.26069020656424574, -13.032405222639433, -1.7903788277266697, -1.5864352861251079, 1.8595781374549516, 2.605988250224986, 0.07544581571215653, -1.817983318267723, -3.2528732808248293, -4.831040124076182, 6.187955158733305, -1.8306808986258263], [-5.7605926521310025, 12.284576749771263, 3.085394880859564, -6.406816338650365, -1.5666437367764923, -6.973742544415853, -0.6711140641341223, -3.422387209258246, 0.19441478584602512, -1.442749131887266, -4.202375099900763, -5.409677190345872, -7.273395868278126, 6.367273718933085, -5.2716497193126255, 1.867599341937643, 3.0185149767536643, 5.095174759469312], [2.372459884151326, -2.831988508438485, -1.1939866387342233, 0.5879973238479959, -6.601482949062938, -0.5623757833356954, -1.2594428601555587, 10.774875735732508, 1.479226629504811, -3.1388564758915507, 0.9861718126277415, 2.17624032354196, -5.548304446381434, -1.1173694929501983, 6.170014837838814, 3.467904944396155, -2.2984267740869386, -9.955787001742866], [-3.0918391979296733, -1.19371768224394, 1.9478528836917455, 0.8721875990941339, 3.1725222881181177, -9.68386981265816, 1.1632928661143698, -1.8378007079685605, -11.601735476650925, -0.17688645894671695, 4.213043690680133, -7.0314762059603195, 3.6248648717890117, -0.6128820928196421, -4.712878396440201, 1.6705712548089504, 1.9585984824779277, -2.698289172773596]], "bias": [[-0.2156719468902607], [-10.344236472288566], [-7.76945165500816], [1.3265382379435646]]}, {"layer": "activation", "activation": "sigmoid", "activation_prime": "sigmoid"}]}