{"generation": 455, "board_size": 10, "snake_size": 3, "input_direction_count": 4, "apple_return_type": "boolean", "segment_return_type": "boolean", "network": [{"layer": "dense", "input_size": 14, "output_size": 18, "weights": [[0.38669693923214754, 2.827238750366202, -0.0004676962227396584, -2.08447765838391, -0.11204518992801527, 2.125354200587242, -8.546225433094833, 1.4677892308577918, 0.7828901243188928, 7.962842613182266, -0.9624994825321097, 3.3183352986033934, -2.1849299300770224, -2.7903352719485026], [-0.8769578984635856, -2.195238586973671, 2.9976957623198075, -17.37891423838276, -0.6349679752824116, -1.519885354563137, 9.038894073725688, -8.601979718653945, -2.8277256257289065, 6.098645565548011, 1.7245257556392963, 2.5443953946529843, 3.5084968023339442, 1.5531491200109402], [-3.146360195473422, -3.5514396081308064, -3.510843830815778, -4.406880492813597, 6.260818923449436, -3.145045329584635, 0.6989490608008169, -1.2450511457379276, 4.654536746711106, -2.3803678245271302, -3.639904240297594, 1.1228191218743624, -1.2243516957072922, 0.38940215543134205], [-3.1604611517760803, 0.8153492394218247, -6.641507200808206, -3.902339191283851, -1.371482639330043, -5.303394915978178, 2.4619547269136546, 2.3382986933667564, 0.5862113957585197, -1.2150615380459273, -2.98721657143403, -3.7060599971738, 7.083494136143254, 1.8265264841752034], [-2.1207996184305316, 2.462367109799696, -3.20571448070337, 6.936053079272367, -0.23052293985278255, 4.713198775819028, 0.4953938009395511, -0.6129753464949648, 2.014422219009567, -10.0953193692601, 0.4065123159587227, 0.4704790609500713, -1.5020194319166644, 2.2600009990373415], [1.3588922095447122, 1.7261042862531917, -1.2808315196867652, 1.076629761343821, -0.5686581968234581, 0.20756240850373728, -7.9965598467748755, -0.17642420113754967, -1.5552932085208089, 13.293888754630208, 1.1027318033518076, 8.687508494279433, -0.288049643558206, -0.17626766115056153], [2.2532692329539596, -3.5295781671154254, 2.0080038040227843, -4.508992843592056, -3.686412550281454, 2.643875307206592, -0.5282062122710727, -0.20521643581876753, 5.2441254427302395, -3.3668868425714686, -0.42155374162033754, -0.6988599508056612, -0.5992252237798186, -0.8052261365873206], [9.182152150662187, -6.117368924823801, 4.44942559531263, -1.1459563914308908, -0.3806581536579361, 2.3920530541225222, -11.628275464895813, 13.437610732103341, -0.7570431530833218, 1.283284084155515, -0.21293562998372467, -1.373289775717106, -3.5082345864197038, -2.2965259798955797], [4.087069758732806, 1.9428713335502812, -3.4511834803720376, -6.1637436159073165, 3.008389981576754, -2.559459413995694, -3.914956381298797, 2.1795879970943117, 3.177964859857465, -5.956859053479057, 4.278859485540633, -4.847296386602025, -7.053668475434195, -0.04868284007283541], [-0.2687227085196642, -1.6010012619308343, 2.9126004035361888, 2.7228204397283857, -2.168092986189861, -2.8737288011541477, -5.381532666306265, -2.290034443762455, -7.494720803239586, -0.17742061490317684, -1.1498730587035102, 3.152192207489386, 3.3598431035208822, -4.797944760345092], [-1.6196783228195852, -2.3626048752982642, -2.3061389732233715, -3.3716606781997536, 1.3325840725224964, -0.7310530600647599, 2.5859710685396653, -2.447601038193113, -8.54396823178453, 2.512635478253094, -0.5717024392562942, 4.116141269600641, -5.313929296574315, 6.413883658380742], [-5.696639076165396, -9.507514432297041, 4.824657764613717, -4.014339441711195, 6.277580285986596, -7.268090916248745, 1.7837091300182426, 3.738295069228699, -1.1482337170361125, 2.791127014156913, 1.9953785635501835, -1.6430372670782125, 2.9608929388710736, 0.6789602604289159], [-0.9548544125000618, 2.2501463371569157, 0.4678470394258809, 9.755543552656038, 1.9505570508105654, 4.456791653034049, 0.7115366964141844, -1.7279253165467057, 6.227224707492913, -2.4384147912410423, 3.4303472565575004, 2.92424539322312, -3.4334042422865827, 10.384338466656223], [-2.4254453558497944, 0.4222217189122256, -3.754293823326603, -0.780690949774151, 2.156314537967476, -1.1636360959464507, 6.385414606818367, -0.9047323731781473, -2.5972372058553153, -2.530109191412281, -0.33068788162764173, 1.866924925055426, -0.21264082067026419, -2.591621561075085], [4.288512996647091, -4.514473729863955, 2.898060332348386, -1.200463788902423, 2.5289233445522346, -1.9934978133911305, -7.796583376096967, 4.504356218170505, -3.760329367592607, 7.092744437791452, -3.82441014215496, 1.4183491355529843, -2.6679323316576857, 0.8092328514608303], [15.9670938315368, -2.5604611614193464, 2.474933577746981, 3.556254964420724, -1.9629032891966283, -0.3485758631619319, -0.7469327906012693, -1.9299889166886548, 4.620549765535481, -4.800518496494778, 3.536094864961384, -2.9909128205425533, -1.5361050821414939, 0.8552929961912168], [-1.1048176904436706, 3.8112635465643385, 1.0855241474448907, -2.891590291227478, -1.9351739358700497, -3.2218098702833555, 0.26092753634548627, -1.6749151699475613, -5.158392825706373, 0.22506563185930495, 3.520781136920552, 1.0334986591564042, -0.7926269855328644, 5.549763730552115], [-5.93421402000692, 0.5534805023371504, -1.954163806219508, -9.403356087630584, 0.17701162083612254, -1.7791681927403613, 5.899813110212466, -3.409909981728167, 4.8745855432465595, -3.053556915711652, -5.803862287720062, 3.836909933918734, 1.0606849493359263, 1.2319359975978514]], "bias": [[1.0448969730934257], [0.9502808155261664], [-2.605159010839793], [-6.5549045063973574], [-0.590073182590054], [1.0090160458417687], [-3.0752962932326593], [-0.15344203699268383], [-6.204935272574766], [-1.4355575019065636], [-3.9012998218676733], [-7.229909501122109], [-2.6796352967049177], [-5.993527530942115], [4.945054817694746], [-4.924634709189907], [-9.403320411234498], [4.827927054258094]]}, {"layer": "activation", "activation": "relu", "activation_prime": "relu"}, {"layer": "dense", "input_size": 18, "output_size": 4, "weights": [[3.8427492899941265, -1.3557743611893613, -0.9863491412660772, 0.7219079658975414, -4.087915742967323, 4.455168769827174, -4.371895343105962, -11.280724918948929, -3.3310832629949623, -1.4513993707226418, 4.170241935603595, 2.943496547289204, -1.2351240913516017, -5.5747776031927785, 2.52223286722693, -1.6612567966127343, 4.202554250696499, -0.699133520591096], [-6.7174872570419275, 9.630562748386655, 0.19029672502382478, 1.0807146892427615, 0.4648734731119049, -6.746842515549539, -1.7437441742136555, -1.1931962521685877, 1.4669501796412419, -2.6035979113625722, -6.436233198049254, 1.3189969575811193, -4.914532975346837, 3.6763840737587032, -4.158810180951877, 1.5699483674522208, 6.271209566522922, 4.864171732157577], [4.036386454994839, -2.297027700078365, -3.883984123216476, -1.8082485961723846, -2.4132639366167066, 3.613168592161542, -0.3759039381944649, 6.905257084383342, -0.6091833083664727, -3.5423625977617235, 0.9861718126277415, 2.5326784129301467, -6.904484310086636, -2.9060569118201744, 4.818758181922753, 3.995969868094386, -3.0330298745732227, -10.789415355558456], [-3.081271519671547, -0.05740050943036379, 6.095432896102852, -2.5972287489487784, 5.691824558747162, -10.72038562863462, 1.5681814714584967, -3.3823680168396306, -10.193478390730094, -3.3844742372285856, 1.0232955592182622, -0.31762107289221775, 3.7153869095201446, 5.327684287528449, -3.0019827883558707, 1.28715223530593, 0.9879709350545646, 0.40463654177592706]], "bias": [[-3.333885827454317], [-4.060535485550544], [-3.201710809912311], [2.2128484086814084]]}, {"layer": "activation", "activation": "sigmoid", "activation_prime": "sigmoid"}]}