{"generation": 476, "board_size": 10, "snake_size": 3, "input_direction_count": 4, "apple_return_type": "boolean", "segment_return_type": "boolean", "network": [{"layer": "dense", "input_size": 14, "output_size": 18, "weights": [[-14.983882785081935, 5.469955947313468, -1.1087459872075884, 9.484178632672466, 0.7782533673765253, 5.35564824750979, 3.2840180031899404, 2.348540787849225, 0.053094071290117145, 5.532561767707363, 4.1917780546849395, 5.497061573679994, -4.322940383431966, 2.8945660056829685], [-5.674928117049024, -4.956603827421997, -3.721293531303828, 8.927148656620721, -4.374620594455232, 7.94210506150525, 3.9580402609002645, 2.2436458152489602, 0.5281450990984715, -1.4510395137899323, 4.072411571090408, -6.926024938811135, 2.4865530360370762, 0.7692009023039528], [-1.8976526839660253, 0.036356710823014726, 2.0502126317672102, -4.431311675640387, -0.7643555757461433, -1.0468890237290638, 2.876235605562956, -2.481484248036019, 2.988320030324362, -2.3308106851801442, 3.3272092614693314, 3.181596904189619, 1.4525665576867528, 2.4760699204868564], [-0.3548475446360742, 1.9732855003594887, 1.4709350244323225, 2.847258468592229, 1.3946742079787247, -5.401343347252234, -0.08700610235231077, -3.79192355731993, -5.333762414134212, -4.710986668314544, -1.241594938800272, -4.607599878930935, 2.149477739075752, -2.5789382057274812], [-1.2609832624370851, -0.29802350377406217, 2.848114061227528, -0.10659838144145317, 5.5614551139236, -5.8044273513106734, -9.13814364611897, -2.631353021007678, -2.998452422643943, -3.3173283531123934, 2.99561269897793, 0.06942982271081365, 3.338992118245536, -0.26240924145180844], [-4.461651763489322, 0.06880724719475384, 1.845046511427363, -0.4421571151718269, -4.246422717810448, 3.4366591245062854, -3.7209779165239323, 2.978261286263485, -1.6020759611406046, -2.5938059451105424, 8.876141417922394, 0.1583566123522937, 6.83038847190123, 0.951447708553361], [-2.3135414818249185, 1.2767626479533563, -1.7942150615290289, -4.0981226688338745, -1.520435706923396, 0.6245395817248065, -8.172041538842837, -0.7127972257416044, -3.200787903826828, 0.2526166044479706, -0.7056065308331617, 7.577217801188337, 3.010822745075332, 0.7708996062366329], [-4.240329681336522, 8.405598679639818, -7.305368570175264, -0.810956018238642, -4.246187972043427, -5.895745669486968, -4.202664028390874, -2.5761459685975905, 4.478428431863454, 9.416803742567776, -8.84863552816229, 2.5316019606178193, -4.414119448460278, 1.2113245779972903], [6.513473783622991, 5.000763492902956, 0.6740465984729749, -2.599640380522504, -5.2827138406845675, 1.1941205550768788, -4.800418654163019, 2.1675067183577794, 1.7904606372563734, -2.5021156546103986, 0.3559148876759444, 3.9351158306073324, 0.2274253144498512, 0.973460976604478], [2.7969806691216252, -1.1397727638642345, 4.18648005588648, -13.154589142341091, -1.2917636177351508, -1.0078809463938048, 7.023348607820254, 0.4410343974701605, 5.302479516805853, -6.332277732212081, -0.801969449377643, -0.3686767535819253, 5.8032371929078375, 3.879216159381891], [3.6683650514627044, -4.0261316530521585, 0.1312852444891165, -1.7760922965790389, 2.376874427211952, -0.47964850872861575, 0.6497772800358075, -5.329724520716997, -0.5324207096408374, -3.2432235015937683, 3.38916400188598, -0.6029750440660889, 5.188882931253007, -0.37089515985955457], [-1.3902750161697466, -1.1535818622505865, 2.632063430474653, -8.324624319028073, 1.1477915097569589, 0.8065477813826174, 4.118263638424905, 1.0414840927071185, 0.7114147493877349, -0.8267602631230101, 9.39256832015402, 6.327133504029156, 7.846050737260862, -0.7332858466814536], [0.6429441175739372, -1.001406693508662, -5.254088069722394, 1.908939203947834, -2.3265948107630328, -0.1336244909512141, -4.3280926350574305, -0.8773509573624465, -0.8000822796870282, -2.8114075016212943, -6.19181038247344, 1.831658236401823, -1.6453296763500096, 0.48691127919688615], [9.947957707322711, -1.3278807565662074, 6.368024154405522, -5.490566339349865, -7.245472550092298, -0.8563509857473675, 1.6849014300227718, -1.7430001311880856, -3.649364993422541, -0.1266489562927844, -4.9404431819159855, -0.6116300004403954, 2.150429128865557, 4.349152968683951], [2.3208164177748243, -5.456301871766449, 4.2166131950277705, 4.60117860474117, -1.0810279450619622, 8.407515546790538, 0.47671357723089125, -4.850928943900776, 1.0626354808101, -6.325794454908064, 6.0901641915896265, -5.181765737087671, 5.434802817123103, 0.694314632726551], [-0.32014835251415763, 0.5061014383003515, -10.317653332491748, -1.9687808807781015, -5.025234832896082, 7.2986732095336, 6.691908376008279, -0.8599847747817189, -0.7813313573804332, 0.6011488653067976, 4.83896482847894, 2.214044026063812, 2.5290163120659375, 1.1858584193149055], [0.467075184005024, 12.547990396697108, 1.003611558858465, -1.7715023315707092, 0.934906342325793, -6.941151393182576, 1.0119376374978168, -0.7039464526902843, 0.6035661045846052, 8.626425558673645, 3.382011150208637, 2.4733924410485506, -0.9813936134054427, -0.7308153685404928], [15.913193155363858, -4.76043783928064, 2.437679663380827, 1.0471890993010902, -0.1755385305494741, 0.836324073487939, -10.409924687447793, 3.1868822849875107, -0.6899810416449873, 8.400353269525207, -1.2153183481574137, 1.671946701759306, 2.298937587534366, -5.197069327166567]], "bias": [[0.16537944141827532], [-2.383391068926761], [-2.3762549335712535], [-6.538472747555299], [-8.302654373863414], [-4.745748518583589], [-1.9730189540690335], [-2.20318257553191], [-5.630738812740021], [1.683020384189011], [-5.278466685133676], [-3.977515258143114], [-4.445997858750241], [-3.1191404392302617], [3.410150148563088], [-5.4040160199802685], [-1.4239705142071495], [-4.617752126759416]]}, {"layer": "activation", "activation": "relu", "activation_prime": "relu"}, {"layer": "dense", "input_size": 18, "output_size": 4, "weights": [[7.738607592356174, -4.822050918755115, -0.12461667767718154, -1.0062992964945874, 1.4984736986115976, -0.848992660833289, 2.5399129401090406, 3.1494526165967343, 0.3150825867488418, -2.4701353291808585, 1.867572647283262, 0.5637140473338605, -1.9432426600674908, -1.8495336860930123, -5.346030762881689, -4.5249614667608204, 1.461396347660045, -2.160942555870744], [-5.7965893872787575, -6.2028863960129765, 1.8110424037813795, 1.3905595953827024, -3.6720788788383487, -0.510910670991569, -5.929989272323037, -2.036592687309743, -0.14475980414002465, 10.57554642902664, 4.703297995881963, 3.0489009349829175, -3.1852743511102615, -1.0395238356244998, 0.5626211886378182, 4.04809995542751, 0.5774740435994308, -3.1262923319272997], [-7.6749046291684975, -3.830375118266514, -3.203556222332423, -1.597106471166096, -0.9376583637295471, 1.392365939595317, 7.294218559422272, 1.2913192226603147, 1.061677491607353, -13.119009954844065, -1.9601759677600659, 2.4945329768344506, 6.232399928933811, -0.5775252701501414, 0.6341417966772513, -2.482727264893703, -4.23957305088462, 7.2219151967776805], [4.619924457604662, 5.160450826190671, 0.21568141239144306, 1.159788049050393, 0.28427047048465404, -7.18512616204611, 4.219365404326805, -4.532200745310978, 5.0672449929939525, -1.5911558767556013, -5.514733904899533, -6.737900292677511, 1.831806982554386, 3.691102944012712, 9.404379669834158, 0.37138272245311454, -2.9803175732316647, -9.27757426178313]], "bias": [[-1.6455727266166655], [-2.9674574970148098], [1.9530696583787084], [0.4499006385964023]]}, {"layer": "activation", "activation": "sigmoid", "activation_prime": "sigmoid"}]}