{"generation": 477, "board_size": 10, "snake_size": 3, "input_direction_count": 4, "apple_return_type": "boolean", "segment_return_type": "boolean", "network": [{"layer": "dense", "input_size": 14, "output_size": 18, "weights": [[-3.1748731081880566, -0.8458869649052925, -0.7017486753851927, -2.1851299898263226, 0.29342203524842847, 1.1812294282830946, -5.48663621155921, 4.747692620758039, -2.382189236902351, 11.35505080195969, -4.697536006301197, 5.97473687983344, -2.1163588755436753, -3.9516932145239685], [-1.0954047726095648, -3.4095261528821785, 2.044985735352741, -18.04986579063616, 0.9344422543384299, -3.219152073307353, 7.961075288259908, -8.150444206517887, -1.8142648474065906, 0.744718617263824, -0.14521440246058226, 1.4035248995001581, 5.22763701435131, 1.8225655554021454], [-2.9286344200932315, -1.6467990658268992, -0.9774112174819922, 5.605823019595004, 2.4263474785680033, 3.28730541540519, 1.5457548903981904, 4.459569329397807, 1.941049023679307, -0.7342419288895217, 0.43349535619601604, -2.6165449136376484, 5.217076300347806, -1.7859998106012531], [-0.6792191104162049, 0.4592969555740817, -9.907275601357936, -4.9058777982930835, -1.3651204790707834, -1.1254853530822557, 0.6616650637926194, 6.0640816015338945, -0.807973712624828, -0.1292662122158723, 0.12553533743171108, -8.505945608343147, 8.503488094023258, 1.344307936400437], [-3.033652269941703, 4.612294941303565, 2.5029764619075823, 4.103287833826331, 0.46009276010719224, 0.8227663442921932, -3.3057363863312785, -3.8534865061718495, 1.8831221123679651, -8.927539881341836, 2.5430190065101117, -1.079986475951272, -1.5388076322479047, 3.458238045073325], [-3.6966291742875206, 1.5329874814921314, -1.1616754651962238, -1.144777336539719, -0.43977913792560985, -0.12298653776504487, -11.235520130368835, 2.2975109903034427, -0.5528398269015407, 12.423102613177079, 1.3424007897435584, 10.490337855345018, -1.3896567678263345, -0.3474884311040283], [0.47973299890858767, -11.090660798402112, 3.2119551668237456, -10.938566479539357, -2.7677863044000315, -2.422924911185561, -3.616208999975648, 2.970744338654414, 3.374685724775265, -2.070257949522473, -0.5227045787137137, -1.5396568558978772, -3.6303323759419492, -0.8537238017402451], [8.088265858861464, -6.462645822346291, 5.096002878217735, -3.7722393275197694, 0.42736069530236986, 1.6813680362086791, -12.845816960510879, 13.042304989959312, -0.9196251732765985, 1.7633117600673072, 2.919206519478834, -3.1840899247796663, -1.3576453824458456, -4.679099916119835], [2.945893536349241, 1.9374553552155789, -4.099327944541496, -4.574881732897184, 0.3352991164724632, -4.608357697204623, -5.184564172582064, -6.010197114886104, 0.26427964094234324, -10.001773774162666, 5.0320662934082305, -1.3721764645818242, 1.10681498656519, -2.5833982931776163], [-4.767251054732979, -3.244205037862223, 0.6405483158930907, 1.3181989915032892, 2.165387803280913, 1.1182780402963934, -5.039886298891343, -4.056249049400752, -5.19838657020696, -2.997063713423707, 2.380450786384717, -1.6526627292398235, 6.999737014882523, 0.40341047688325216], [-1.1953065482636656, -3.7325207087354237, -5.2164379421880485, 0.5695132915739062, 2.6365787688270226, 0.3678738564816064, 0.761991900953587, -0.46352202586193364, -6.879160359209314, -4.705173349212336, -0.8139490716616439, 2.709317496159894, -6.852302045388345, 5.817276742278194], [-1.0406924023206638, -3.4946766170023267, 3.662805103016981, -0.9372541860977246, 4.879039767912181, -5.891304590483873, -4.453105610264094, 2.5219477255898175, -3.900514655924483, 2.5831715909160082, 3.3387246848481626, -1.6430372670782125, 3.7763511664501817, 2.9157516873178264], [-0.9548544125000618, 2.2501463371569157, 1.5505599792777711, 9.755543552656038, 1.9505570508105654, 2.807231643080299, 0.7115366964141844, -1.7279253165467057, 7.412314852874697, -2.0212360338912014, 3.4303472565575004, 1.059103212410499, -6.696578968575399, 8.946235754362146], [-0.37389019876404367, -0.76495610781802, -1.1089677802726257, -4.712499441323631, -0.233898777940331, -0.6521608817603727, 10.320716809474147, 1.8606922350362105, -1.859505537068252, -7.566300088875106, -1.5469336994618792, 1.7794410880032183, 1.5518586787047732, 0.7102909912286368], [7.427978742265191, -10.20881456987443, 1.806696481777694, -0.4515017307462694, -0.5700959108422516, 0.6590802126363653, -10.752340476761798, 8.240359375528623, -4.612600333561609, 6.715706828433164, -2.67032758548062, 2.7173994354903668, -3.0794868004992173, -1.0402004029394691], [14.529889053089349, -7.41135324870741, 1.688876280631939, -3.616860392202319, -2.11002943607527, -0.1311643204375799, -5.248096923730586, -0.6182588217589888, 2.899854842209915, -1.9007987534162714, 3.147821642915444, -4.056973001766083, -2.717674293513054, 1.4181417168931965], [-2.009003395454341, 2.9984850935288883, 0.185764328954254, -3.7823201442820977, -3.5244656179296956, -1.7817228871917705, 8.168004499474055, -1.955847984563321, -8.79785607136984, 7.5274082893853995, 2.354341398962436, -0.08775386533837748, 1.238477238749941, 7.12726769163953], [-2.835456579791571, -0.8752550032304088, 2.4637008527578104, -7.590533984958478, 2.0918147520316546, 0.1975804522755411, 7.269037065880181, 0.10522002892446308, 4.007137093778235, 0.06244603987029348, -1.567824277367067, 2.5450468327076274, 1.7048640149131884, 3.2712220080714154]], "bias": [[0.38219851662814763], [1.2057863399935422], [-6.088628882122139], [-5.177171472999319], [-2.0739492519175613], [0.5320607433778333], [-9.951051864359767], [-0.04660886280445623], [-2.2758435633914647], [-6.930608018858873], [-4.66737709730219], [-7.514988391336806], [-1.8829375716693422], [-2.3641933959671166], [2.0339883305883855], [-1.8592371952557598], [-4.27422740430523], [-0.13144557270154228]]}, {"layer": "activation", "activation": "relu", "activation_prime": "relu"}, {"layer": "dense", "input_size": 18, "output_size": 4, "weights": [[3.4015749129670887, -3.1258830109198366, -2.4985692632566963, -2.3203740037996443, -3.7154464279987223, 3.663312244639778, -3.6515925977620896, -15.61346252756461, 0.05060776804049533, -1.4513993707226418, 2.5046976557887843, 1.9898669358570817, -0.2353027095313672, -6.232954488965886, -1.8136268347533715, -0.47980064442408277, 3.163688658009828, -2.25904764873796], [-8.94466614991099, 10.566729853038344, -1.9061330369065201, -7.516927243421711, -1.5666437367764923, -8.918008158055692, -0.6711140641341223, -2.194812930422716, -1.9066960745024717, -4.431312160429944, -0.15516521463420735, 1.8851411882532623, -5.6096503537239055, 5.80467017980353, -0.21585886786205966, 1.026854220659686, 0.5263512840025388, 2.2018583257453495], [1.9255040587785557, -1.955086561963058, 2.4725746206152532, -0.06818114162932304, -2.872516042468754, 0.1754327808854557, -1.0378619756880951, 11.480358724981684, -2.5048961109573558, -2.3015468551516376, 2.358609172351803, 3.01576340580272, -7.155099657415466, -1.3736357176050806, 1.9448732852298778, 3.912625118186118, -3.0330298745732227, -10.00019728177648], [-3.081271519671547, 0.9212955091172419, 4.187610158517897, -5.589315079144038, 4.862878914562665, -10.722942699736233, -1.7629530518206642, -6.390750143850122, -12.733428804176471, -0.07292617520026788, -2.7860787799026796, -9.03939130641341, 1.913232364386215, 4.5162636358739805, 0.09980158873832945, 3.2512838183209696, 0.24393305491115658, 0.18318949493858921]], "bias": [[1.484831955135006], [-10.344236472288566], [-5.690655235598374], [4.044208622189653]]}, {"layer": "activation", "activation": "sigmoid", "activation_prime": "sigmoid"}]}