{"generation": 284, "board_size": 10, "snake_size": 3, "input_direction_count": 4, "apple_return_type": "boolean", "segment_return_type": "boolean", "network": [{"layer": "dense", "input_size": 14, "output_size": 18, "weights": [[-1.737656166441965, -3.686028133308782, 0.12744394631710287, 5.183737560653075, -2.3994030002480544, 3.0897507741400183, 0.6001516108334966, 1.8909618662991563, -1.671927195215937, 0.34127613910787036, 0.4689349367532425, -0.020840204079335067, -4.463379596302918, 1.6098208000594227], [4.090067828002035, -0.1973862434808879, -3.2029520335536037, -0.21888067652741727, 4.657182580416435, -5.179506302506168, -1.3702915805589426, -0.5718185215198687, 2.8865126351685633, -5.07139879958521, -1.1799989052387383, 0.3034465612009962, 1.9889489335504469, 0.5639615301171157], [-5.890167189840902, 1.657973206800384, -3.832348834444174, 1.821777050344152, 4.889352005994662, -2.3793280553028184, 1.5466483403310496, -0.6910073971973081, 0.7900827003002592, 0.051674716861770165, 0.1258239768607528, 0.46269373836653727, -3.0397196854912583, -1.0620235128970745], [-4.1506259217118515, -2.180382528590667, 0.640346714335499, -7.214066187863248, -0.30400746347876534, 2.9247704443288978, -0.9299263983444368, 1.4307537220154574, 3.3666285131755114, 2.8150474033049138, 3.909695608901076, -0.4628698043577323, -1.8709901137216245, -2.2006232355679525], [0.5577643258375637, 4.600338948205547, -0.5256173586906352, 2.3461871967744603, 0.6614690086569439, -0.7203313632577604, 1.0039764105686806, -5.134916560123989, 2.2528849905388837, -4.319486771653955, 0.8392352331137838, 1.8293230145641495, -2.1844220284241027, 1.4940372179159334], [0.5527510282796184, 4.028765835769992, 0.46383175716258435, 0.12742924655059285, -4.410484635618336, -0.5403018434824852, 2.399042477266914, 1.401560084187834, 4.335467943746279, -0.8884719430851821, 1.2586161237416098, 2.551525343743213, -2.78486925127376, -1.341068510262879], [-5.378262272997583, -0.16070955658691632, -4.527985154251398, -4.368307606390092, 3.506024381072314, 0.22076228914178164, 0.5512707654259165, 3.43089652731307, 0.3111205977110767, 2.2074402570083618, 1.1801346014705016, 0.5115324312089428, -3.0750245618334753, 0.3275792977230486], [3.6702207372145006, 6.626647463535243, -0.06875071773535141, 2.4639114021430712, 1.3941310571207433, -0.07789030344428048, 5.613931180623946, 2.939274809811603, 0.08156419439191254, -1.0893445993403772, -0.49729690533452864, -0.12003945417548845, -4.3095581832372805, 3.9919812217776744], [0.46305938776745664, 1.3635459037557347, -4.183128691784677, 3.3814715561108843, -3.185093413859353, 1.7631442842686826, 0.7385797111651496, -2.497751828037583, 1.7343777604957138, -2.7585795504695865, 0.9124947299143447, -2.389186801382348, 1.0657518388135263, -1.9860172989040297], [-5.259793304277847, 5.745251497123698, -5.377519370319599, 4.383653043867236, 4.103344284899238, 6.267006333957402, -1.8949818176730817, -2.077663470854, -0.6484931397685612, -3.1501880993019906, 4.0242739323303685, 2.6867698743834, 0.795601742762172, 6.717328141578069], [3.5752582769041172, 3.5190602017320955, 0.8640354354870878, -2.1396617029245673, -4.902345485974976, 0.4470794052485323, -0.9969673853998502, -1.2008092487602884, -1.8840051965493658, -4.716102967244857, -1.2880783543015202, 3.7790947473892795, -2.3459774936564957, 5.726465282567002], [6.012574579179468, 2.037359442917765, -0.47293677520463945, -1.923916448712709, 0.7466408518260477, 1.1546182393417233, -6.452503744620381, -1.222391206704556, -2.7268403045738108, -0.11884282626976078, 2.403276654141169, 3.6258169856303333, 2.8837288669329664, 1.4637377311617348], [2.718947709783216, 4.650262653105153, -1.1856918289142875, -1.4768610332807535, -1.0024444987994487, 2.827414621898157, 4.818911424147111, 0.3249149766930377, -0.2962524511503888, -0.06430841429773151, 1.1424275427723196, -3.4914056383996357, -0.5934706640377879, -2.686962486064973], [4.288570994106982, -1.8202318549198937, 0.958796150423957, 6.987532993019734, -3.6822546980057793, -0.4446166195331897, 1.6052054551850228, -0.3970571201041501, -0.24553682296552856, -1.4258005958206525, 0.20294029618780518, -0.15648535398787, 1.8870163353167388, 1.0272540421401044], [-1.5853173926022266, 4.991734288597838, 0.027222575866165277, 4.492601276871131, 0.3631735591117262, 2.3436977174752465, -1.6478830361929533, -3.2890513875255105, -0.08165384637712311, 1.0373627499688136, -2.0261959726847967, 1.3881818055793866, -0.6021551916342578, 0.07139763424028855], [-0.6059400369454411, -0.4686830834994688, -0.29909387792545145, 0.041533978583634834, -0.43737265509030676, -0.919014826773811, -2.481226225548774, -0.9100670090303646, -0.44378525623021015, 1.3320644150452676, 0.2529495188967078, 2.4393818742700337, 4.005517929697099, -0.8413342974538407], [10.114171941512183, -5.48096564567971, 3.636624684688804, -4.081683681102185, 0.24160285032507473, -0.467199004009345, 2.757197330567985, 0.40231567418416514, 0.5204373802683439, -0.5595471276661945, 0.47311626305797894, -1.3566984453968134, 0.9285115384619617, 1.657655449462681], [2.0361767736658947, 1.6510272838132445, 0.583693513540499, -3.2989439655075823, -0.20381477673928905, 1.8129443584993443, -2.280736812214904, 0.0868791545790899, 3.8791134865829653, -3.4287222330664626, 0.20956285720685564, 3.451107617041056, -3.9481297643118025, -1.1012992890139215]], "bias": [[-2.6854156813432217], [0.2066841773137145], [-1.9419520454843102], [0.78403894447858], [-0.09752282766896131], [-0.5730501000058056], [-1.0924156062199162], [-5.84174375756347], [-2.382986913142588], [-4.672038508648997], [-1.8023695737460965], [5.194799966273384], [-1.500997273762656], [0.2637498103706854], [0.6638238588603923], [3.079050864384917], [-1.717333775414602], [-3.9065546265280036]]}, {"layer": "activation", "activation": "relu", "activation_prime": "relu"}, {"layer": "dense", "input_size": 18, "output_size": 4, "weights": [[-0.7328015817917273, -3.806449222996164, -2.629896282424683, 1.1985681569676734, -0.04524082679862414, 3.962782240812694, -1.4581158593487953, -0.20578979568344036, -1.848500694380188, 3.0245449631000003, -0.4861595347824276, -1.825791271549793, 3.5685452030986795, -1.7468703666495886, 2.0729784439916314, -3.018791492073851, -5.377464314940745, -2.1724623847016624], [-3.128256576912408, 5.135454640536639, 1.4997398340995167, 0.7996278758946752, -3.5493908849734916, -0.8554960172438938, 0.6182540131105636, -1.0745164306279091, -0.7353491354592477, -2.544087519472303, -1.4921732741908826, 0.1802974526976041, -0.47549109091213393, -1.5700418787546226, -0.13153686423807887, 0.9727390517596318, 0.44385262667625985, 1.4786879441035994], [-0.45160857388662823, -1.4843207977190547, 2.5494326150202506, 1.5309232977512983, -1.452684015818329, -0.27315999458983353, 0.9786721404524569, 0.5880801729555669, -2.5167557235590743, 1.5602693293550338, 0.9025132389939374, -0.5058167435516258, -3.2368043974465324, 1.4175201143598444, 1.8269486567452522, -1.5363118330702021, -2.628778929627317, 0.35570458692714213], [-2.2649932653190974, 3.5974653307429394, -2.74944594383734, -7.0811174690343925, 4.186016997139148, -1.5826609752572995, -4.171392562320022, 1.144636412150156, 3.072093560049881, 0.3014479914147955, -1.5867781407158892, 1.8331717810775592, 4.809096813026976, -1.070364423339614, -3.653290438515932, -3.5070044797006945, 0.03388883634982037, 0.8753495910132463]], "bias": [[2.9266708303717337], [3.391473419190369], [-2.120518146441321], [-2.117219039829551]]}, {"layer": "activation", "activation": "sigmoid", "activation_prime": "sigmoid"}]}