{"generation": 283, "board_size": 10, "snake_size": 3, "input_direction_count": 4, "apple_return_type": "boolean", "segment_return_type": "boolean", "network": [{"layer": "dense", "input_size": 14, "output_size": 18, "weights": [[-1.737656166441965, -3.686028133308782, 0.40402774543600767, 5.48410883731346, -2.3994030002480544, 3.0897507741400183, 0.6001516108334966, 1.8909618662991563, -3.2154635890181136, 0.6070724742116897, 1.1770385161609485, 0.5260508228256431, -3.5789630268635833, -1.1556187110609706], [4.090067828002035, 0.12028690974207779, -2.7332221519801965, -0.21888067652741727, 4.657182580416435, -6.14004503497818, -1.3702915805589426, -2.1143088011568216, 2.8865126351685633, -4.894387802465299, -1.4157210082790104, 0.3034465612009962, 1.9889489335504469, 0.5639615301171157], [-5.489881113553924, 2.6582788360978613, -3.3276741412314146, 2.0021183228569575, 7.416745139146025, -2.3793280553028184, 0.5914826797206828, -0.9578964682625932, -0.779623823556658, 0.051674716861770165, -1.8354618790021966, 0.46269373836653727, -3.0397196854912583, -1.2466977793793972], [-4.370099311007767, -2.180382528590667, -0.2597331100435383, -4.118388421561375, 0.9190424581553684, 1.7638325983172904, -1.5937140886218093, 0.24207982804984884, 3.3666285131755114, 2.475779181863175, 3.020287386963614, -0.06351864447004257, -2.2185400700942406, -2.2006232355679525], [0.5577643258375637, 4.600338948205547, -0.5256173586906352, 2.0230065661975494, 0.46386266962264533, -0.7203313632577604, 0.8661321163778455, -5.134916560123989, 2.2528849905388837, -4.319486771653955, 0.8392352331137838, 1.8293230145641495, -1.9371552208081018, 1.4940372179159334], [0.5527510282796184, 3.65707165374865, 0.46383175716258435, 0.12742924655059285, -4.410484635618336, -0.5403018434824852, 2.399042477266914, 1.3216961723293088, 4.335467943746279, -0.8884719430851821, 1.0559484109079424, 2.2542151520804734, -2.78486925127376, -1.0544288412037464], [-5.378262272997583, -0.16070955658691632, -4.527985154251398, -4.368307606390092, 3.6801381130100252, -0.20132447089914673, 0.5512707654259165, 3.0605230006002597, 2.10400277011681, 2.41057191559289, 1.5549442572832082, 1.1850581197752599, -2.294336874745743, 0.3275792977230486], [2.9789237555427257, 3.338696268678681, -0.38555822352503766, 2.4639114021430712, 0.4459344005063468, -0.9114567608782906, 6.355775104200476, 2.4150316484358427, 0.08156419439191254, -3.2137638342601287, -0.49729690533452864, 0.6522629697379181, -4.3095581832372805, 3.9919812217776744], [0.6871577427634524, 1.1721627781469544, -4.183128691784677, 3.3814715561108843, -3.185093413859353, 2.1367994427667543, -0.07040436770060154, -2.497751828037583, 1.7343777604957138, -2.314426985470592, 0.9124947299143447, -2.389186801382348, 1.0657518388135263, -1.9860172989040297], [-5.65302595403967, 3.2933288347354326, -5.377519370319599, 3.8828983936573076, 5.548772146793861, 6.267006333957402, -3.223693878555168, -0.7626134728348757, -0.97447598619034, -3.1501880993019906, 4.636278404547933, 0.6747748639295587, 0.4389583943001238, 4.400396846637292], [3.5752582769041172, 3.5190602017320955, 1.2120237766517985, -2.1396617029245673, -4.54183203508944, 0.4470794052485323, -1.6907825282847955, -1.2008092487602884, -1.8840051965493658, -3.4269766166649327, -1.5021820567529471, 3.783599128162741, -2.3459774936564957, 5.866116341641328], [6.012574579179468, 2.037359442917765, -0.47293677520463945, -1.923916448712709, 0.7466408518260477, 1.1546182393417233, -6.452503744620381, -1.222391206704556, -2.7268403045738108, -0.11884282626976078, 2.403276654141169, 1.5513054862251165, 2.4512015216067096, 1.7832235158050267], [2.718947709783216, 4.650262653105153, -0.7675247309641371, -1.3988822322402819, -1.1717279705257768, 2.0517793682175283, 4.818911424147111, -0.05711592575124713, -0.2962524511503888, -0.06430841429773151, 2.0243289279336616, -3.4914056383996357, -0.5934706640377879, -2.686962486064973], [4.288570994106982, -0.055269871620811095, 0.958796150423957, 7.698893615527149, -4.329898827592371, -0.4446166195331897, -1.7592309913897015, -0.8280367008238348, -0.24553682296552856, -1.4603169509909153, 0.20294029618780518, -0.15648535398787, 1.8870163353167388, 1.0272540421401044], [-1.2849244002306466, 4.991734288597838, 0.027222575866165277, 4.492601276871131, -0.7091242344037332, 2.7096818594279517, -1.6478830361929533, -4.649914894924422, -0.08165384637712311, 1.0373627499688136, -2.0261959726847967, 1.3881818055793866, -1.4442815297417981, 0.07139763424028855], [0.22921155097738072, -0.4686830834994688, -0.29909387792545145, 1.3309071498998484, -0.43737265509030676, -0.919014826773811, -4.091134865377368, -0.9100670090303646, -0.44378525623021015, 1.3320644150452676, 0.2529495188967078, 2.4393818742700337, 4.005517929697099, -0.8413342974538407], [8.338937253157267, -5.48096564567971, 4.353421540211508, -4.081683681102185, 0.24160285032507473, -0.467199004009345, 2.757197330567985, 0.40231567418416514, 0.5204373802683439, -0.709342063421723, 0.8900774173328767, -1.3566984453968134, 0.5501847860015991, 1.657655449462681], [0.5637974369212335, 1.6510272838132445, 1.4764811058866734, -4.154575503370751, -0.20381477673928905, 1.8129443584993443, -2.280736812214904, 0.0868791545790899, 3.8791134865829653, -2.824054146737421, 0.8504660694822701, 3.234343895538641, -3.9481297643118025, -1.0865126815353081]], "bias": [[-2.6854156813432217], [0.2066841773137145], [-1.9419520454843102], [-0.19180749727080437], [-0.7769879433028855], [-0.5730501000058056], [-1.5530449320841002], [-5.84174375756347], [-2.2371796667045216], [-4.672038508648997], [-1.4292766898757163], [5.194799966273384], [-1.500997273762656], [0.46873984346663555], [0.6638238588603923], [2.1977172851782023], [-1.3277644202158911], [-3.9065546265280036]]}, {"layer": "activation", "activation": "relu", "activation_prime": "relu"}, {"layer": "dense", "input_size": 18, "output_size": 4, "weights": [[-0.7328015817917273, -3.806449222996164, -1.5622361379315965, 1.1985681569676734, -0.10272039593381949, 3.962782240812694, -1.8247470014334557, -0.03145813759633276, -1.581687110395181, 3.0245449631000003, -0.4861595347824276, -1.825791271549793, 4.031822602760968, -1.3175620690019751, 2.2957438185843904, -3.018791492073851, -5.377464314940745, -2.1724623847016624], [-3.128256576912408, 5.206763933749102, 1.4997398340995167, 0.7996278758946752, -2.434299477020759, -0.696884121540839, 0.6182540131105636, -1.4944874888681936, 0.29171969250834573, -2.544087519472303, -2.101278194236148, 0.502138113785813, -0.8731927961345242, -1.2293440666609383, -0.13153686423807887, 0.9727390517596318, 0.43846780043028705, 1.4786879441035994], [-0.45160857388662823, -1.4843207977190547, 0.9157585172905143, 1.5309232977512983, -1.452684015818329, -0.27315999458983353, 0.9786721404524569, 0.5880801729555669, -2.5167557235590743, 1.5602693293550338, 0.9025132389939374, -0.5058167435516258, -3.2368043974465324, 1.4175201143598444, 1.6594497978085443, -1.0672467113889528, -1.9938043609900524, 0.09253858734963394], [-2.2649932653190974, 2.9980198487305505, -2.413005800204603, -7.302438958287648, 4.186016997139148, -1.5826609752572995, -4.171392562320022, 0.21204089821011118, 1.1446915826004564, 0.4167466885871806, -0.7326792903642132, 1.8331717810775592, 2.756833323267351, -1.070364423339614, -1.5022390968729487, -3.5070044797006945, 0.03388883634982037, 0.8753495910132463]], "bias": [[0.5941631867710973], [2.3400288878888804], [-2.120518146441321], [-2.117219039829551]]}, {"layer": "activation", "activation": "sigmoid", "activation_prime": "sigmoid"}]}