{"generation": 277, "board_size": 10, "snake_size": 3, "input_direction_count": 4, "apple_return_type": "boolean", "segment_return_type": "boolean", "network": [{"layer": "dense", "input_size": 14, "output_size": 18, "weights": [[-1.737656166441965, -3.299364449731293, -0.1357261698001852, 6.738392887244073, -2.3994030002480544, 3.0897507741400183, 0.6001516108334966, 1.8909618662991563, -1.671927195215937, 0.024803514063438725, 1.1770385161609485, 0.5260508228256431, -4.1331265693849355, -1.7917282736231237], [4.090067828002035, 1.052452196368461, -2.7332221519801965, -0.21888067652741727, 4.657182580416435, -6.14004503497818, -2.7304565289550986, -1.2353067681213465, 3.124003719544785, -4.894387802465299, -0.8076089735332285, 0.3034465612009962, 1.9889489335504469, 0.5639615301171157], [-5.489881113553924, 2.6822103674031776, -2.1410684802435167, 2.0021183228569575, 6.570870994949135, -2.3793280553028184, 1.1388142399194672, -2.330862041651262, -0.779623823556658, 0.0501081504949085, -1.8082171363551254, 0.46269373836653727, -3.0397196854912583, -1.0620235128970745], [-4.370099311007767, -2.180382528590667, -0.2597331100435383, -5.616349417317299, 0.029236073253876338, 1.7894597824608809, -1.5937140886218093, 1.4307537220154574, 3.3666285131755114, 2.475779181863175, 3.020287386963614, -2.0025140013726763, -2.2185400700942406, -2.2006232355679525], [0.8633576707624673, 4.600338948205547, -0.6615641000752104, 2.3461871967744603, 0.46386266962264533, -0.7203313632577604, 1.0039764105686806, -5.134916560123989, 2.2528849905388837, -4.319486771653955, 0.8392352331137838, 1.8293230145641495, -2.1844220284241027, 1.4940372179159334], [0.5527510282796184, 4.028765835769992, 0.46383175716258435, 0.12742924655059285, -4.410484635618336, -0.5403018434824852, 2.399042477266914, 1.979229245152755, 4.335467943746279, -0.8884719430851821, -0.5183420604556108, 2.551525343743213, -2.78486925127376, -1.9698353364248997], [-5.378262272997583, -0.16070955658691632, -4.527985154251398, -4.368307606390092, 3.506024381072314, 0.22076228914178164, 0.5512707654259165, 3.43089652731307, 0.3111205977110767, 2.2074402570083618, 1.1801346014705016, 0.5115324312089428, -3.0750245618334753, 0.3275792977230486], [2.5420537194970745, 3.338696268678681, -2.3316976119776207, 2.4639114021430712, 0.4459344005063468, -0.19179233631227852, 4.827767233974143, 2.939274809811603, 0.08156419439191254, -1.9033822308459027, -0.47232721989589754, -0.0038502539039616535, -4.3095581832372805, 4.630934591943634], [0.6871577427634524, 1.3635459037557347, -4.183128691784677, 3.3814715561108843, -2.484546336408786, 1.7631442842686826, 0.7385797111651496, -2.497751828037583, 1.7343777604957138, -2.7585795504695865, 0.9124947299143447, -2.389186801382348, 1.0657518388135263, -1.4850827055000821], [-5.65302595403967, 5.745251497123698, -5.377519370319599, 4.383653043867236, 6.9400199236568065, 6.267006333957402, -3.223693878555168, -0.7626134728348757, -0.6484931397685612, -3.1501880993019906, 4.636278404547933, 0.6747748639295587, 0.4389583943001238, 4.400396846637292], [2.562757010310136, 1.4305258240555438, 0.9418146133992317, -2.1396617029245673, -4.1415345120001055, 1.2114402524491488, -1.6907825282847955, -1.2008092487602884, -1.9673880164832407, -3.4269766166649327, -1.2880783543015202, 3.783599128162741, -2.3459774936564957, 5.866116341641328], [7.483037494022655, 2.927898285731131, -0.47293677520463945, -1.923916448712709, 0.7466408518260477, 1.1546182393417233, -6.452503744620381, -1.222391206704556, -2.7268403045738108, -1.7054807205056606, 2.403276654141169, 1.5513054862251165, 2.4512015216067096, 1.7832235158050267], [2.718947709783216, 4.650262653105153, -0.7675247309641371, -1.3988822322402819, -1.1717279705257768, 2.0517793682175283, 4.818911424147111, 0.3249149766930377, -0.2962524511503888, -0.06430841429773151, 0.36330128429741093, -3.4914056383996357, -0.5934706640377879, -2.686962486064973], [4.37731588640885, -0.055269871620811095, 0.958796150423957, 6.987532993019734, -3.6822546980057793, -0.4446166195331897, 1.4239394364855396, -0.3970571201041501, -0.24553682296552856, -2.6277897399357633, 0.20294029618780518, -0.15648535398787, 1.8870163353167388, 1.0272540421401044], [-1.5853173926022266, 4.991734288597838, 0.027222575866165277, 4.492601276871131, 0.3631735591117262, 2.6263210572855935, -1.6478830361929533, -3.2890513875255105, -0.08165384637712311, 1.0373627499688136, -2.0261959726847967, 1.3881818055793866, -0.6021551916342578, 0.07139763424028855], [0.22921155097738072, -0.4686830834994688, 0.6800143242261665, 0.5906319837135778, 0.6237337677491928, -0.919014826773811, -2.2531927838201495, -0.9100670090303646, -0.44378525623021015, 1.3320644150452676, 0.2529495188967078, 2.4393818742700337, 4.005517929697099, -0.8413342974538407], [8.338937253157267, -5.48096564567971, 4.265229970564501, -4.081683681102185, -0.3180520578113378, -0.467199004009345, 2.757197330567985, 0.40231567418416514, 0.5204373802683439, -0.5595471276661945, 0.47311626305797894, -1.3566984453968134, 0.19517593744698167, 1.657655449462681], [2.0361767736658947, 1.6510272838132445, 1.4764811058866734, -3.2989439655075823, -0.20381477673928905, 2.025217931277323, -2.280736812214904, -0.5145470970193791, 3.8791134865829653, -2.824054146737421, -0.16574550191762916, 3.451107617041056, -3.9481297643118025, -1.1012992890139215]], "bias": [[-1.1054064463119277], [-0.275199010130333], [-1.9419520454843102], [0.6522836256815989], [0.022626836678456483], [-0.5730501000058056], [-1.5530449320841002], [-6.100774418844519], [-1.7271380364591786], [-4.997479266601556], [-1.8023695737460965], [3.325026738616359], [-0.9585917982201465], [0.2637498103706854], [0.6638238588603923], [3.1458021275735115], [-2.0143848938774744], [-3.5888250100185455]]}, {"layer": "activation", "activation": "relu", "activation_prime": "relu"}, {"layer": "dense", "input_size": 18, "output_size": 4, "weights": [[-0.7328015817917273, -3.7376769023811076, -0.29816844623070793, 1.1985681569676734, 0.029399803412937575, 3.962782240812694, -1.4581158593487953, -0.7446171456056772, -0.9076767326019215, 3.0245449631000003, -0.31181745785424475, -2.6822666721907056, 4.393986174483789, -2.141455064711654, 2.9494548505871645, -3.4646812769022945, -5.377464314940745, -2.1724623847016624], [-3.128256576912408, 5.206763933749102, 2.7686669698480584, 0.7996278758946752, -3.5493908849734916, -0.696884121540839, 0.2197930649858183, 0.009027866923386307, 0.29171969250834573, -2.4093408148172837, -3.933472370440913, 0.502138113785813, -1.4697449016473003, -1.2293440666609383, -0.13153686423807887, 0.9727390517596318, 0.43846780043028705, 1.9666579127423367], [-0.45160857388662823, -1.4843207977190547, 1.3767404263914598, 1.5309232977512983, -1.452684015818329, -0.27315999458983353, 1.755659880578131, 0.488190148223274, -0.04207652363801598, 1.5602693293550338, 0.9025132389939374, -0.5058167435516258, -2.959609857013606, 0.9255593968842701, 1.289199172031585, -0.4754683224528439, -1.7132668070163608, 0.35570458692714213], [-2.2649932653190974, 2.5998930143539267, -2.413005800204603, -8.189743635627485, 4.186016997139148, -1.0228780475549546, -4.171392562320022, 0.5047221262404504, 1.3666997896545503, -1.2231038447723592, -0.7592134048114562, 1.8331717810775592, 3.9795780988995855, -1.070364423339614, -1.8478880786869327, -3.5070044797006945, 0.03388883634982037, 0.8753495910132463]], "bias": [[0.5941631867710973], [3.391473419190369], [-2.120518146441321], [-1.936122116255897]]}, {"layer": "activation", "activation": "sigmoid", "activation_prime": "sigmoid"}]}