{"generation": 423, "board_size": 10, "snake_size": 3, "input_direction_count": 8, "apple_return_type": "boolean", "segment_return_type": "distance", "network": [{"layer": "dense", "input_size": 26, "output_size": 26, "weights": [[-3.4881263333419135, 5.597304799648013, -1.543109107236085, 7.4813066170889435, 3.159296263048997, 0.5111851768779496, 2.000798972151262, -3.097147788762463, -3.9450111055141264, 2.353144617037427, 0.5634585710233972, -6.7529341990955025, -3.923188967703046, 5.998555248261332, 3.580078814402591, -1.2801130562991638, -5.854019347220646, -7.405235974418908, 1.9299515865105898, -2.081954518667872, 2.0900449635880616, -0.18997053732323715, 3.8343063515395404, 6.7972437979843665, -0.9516395155783743, -5.504001407621877], [1.6737549685502613, 0.35225332392519393, 1.5937060675768455, -5.418165181535483, 5.580019099991744, -1.391621104906121, -9.57847801862948, 4.2190512104348805, -1.09689498626479, 0.6549873233058894, -1.5662700638042293, 0.37113756190430863, 2.720606562882158, -0.26158018367932045, 7.208896019993185, -0.9073451851798017, 2.1885077644683157, 3.29331763238277, -0.7220496974101528, 3.3847642233724136, -7.3372130023816124, 0.8422245266967711, -9.7055696767375, -2.0368544025390762, 6.136767622202286, 4.817381176558092], [2.3609269550569416, -0.5560754058467454, 3.5610812570090364, -1.2400419319431273, 12.651061266732182, -7.119149861777943, -11.443665008520126, -0.3234816841748599, 1.730176100448337, 3.6917680656892466, -7.068994041365253, 3.855781427320728, 4.571773783360925, 1.3089464767081669, 10.669687528815563, -6.862483353757925, 1.5680177476955328, 0.15286535363814058, -0.8086611298654658, 4.554218434274455, 2.2581282055700687, 2.556297927815705, 1.7463478273220518, -6.186787412322431, 6.306784306690926, -3.453277700798761], [-2.7991232491365086, -2.204216742403798, 3.5811030828460364, -7.904096890522112, 0.834755477854338, 0.9587840849759764, -1.514132697993598, -4.212830576583604, 1.8431268227160995, 4.266653491140148, 0.008955365458972464, 5.055626558853561, 3.622905736788553, 1.891059669718804, -4.287842748790741, -0.7366810742151804, -1.8826486656104673, -1.8467103232260251, -2.2766828540699606, 1.6957330090581992, 0.21994708374340366, -1.08694089447189, -1.517411013835042, -3.9573871312725637, -2.13991076214932, 1.3357485022319109], [-6.42459512396653, -0.1805417521062609, 0.8468956207812391, -4.147169082224852, 1.1870012844276818, 0.8284995914374698, -0.9600483589593801, -8.512138083324086, 0.0030004966978190994, 4.57456011384631, -8.130400756995973, -3.896304634941853, -0.8044516696654052, -1.1353545862284067, 6.072378430447021, -1.4060457293723734, -2.959097279176202, 3.3002809777819624, -8.55609639585256, -3.0209507903332344, -1.7160692092513141, 2.084234794889421, 2.452590898402062, -2.132052514852621, -2.3135101361220585, -4.020203601440516], [5.313476160075789, -6.325868046346699, 5.595037077046049, 3.350832945647599, -2.7062598349109406, 4.1619551922907, -0.9430410981338249, -2.971315077916438, 0.06142159791827295, -8.393411087110234, 6.859127917239108, -11.861576327182618, 4.861308932946589, -3.3175977477598546, 5.006690566286199, 1.1224639503160754, -1.5040985350287364, 2.6029854041937934, -5.066512000290253, 1.5858235549325346, 0.4209569157327815, -0.8955361892281939, 1.4230648366305356, -5.540708032925216, 2.89966062413078, 2.4065648351558337], [3.1336829338563543, -1.5513149305362448, 2.3315560504211295, -17.8062086023566, 0.9185400457735824, -5.703194387852264, -4.586051048284569, -1.242449636868141, 2.7108031630756235, 7.398272986076873, -4.845395130986323, 2.118851927142769, 0.08321334916225953, -5.368114506587564, 0.7639230969812956, 3.2969628158573347, -2.0377562886711384, 2.6949786683499926, 12.786252297206877, 4.129374852167096, 5.353297214965174, -1.8290043778870444, 1.293591074268172, -2.3877053443057408, 3.1313719587485176, -0.2844981296339265], [-3.394026203157402, 1.619176695904294, -4.677396090375663, -0.6480664421957087, -1.7565769563340776, 4.88036906505782, 6.571503659201463, 1.864854524081397, 1.9398952851273459, -4.515571325177204, 1.533955291769293, -0.9321632394977895, -3.0626956723401357, 0.2590203737488008, -1.0278555775565272, -2.3469440328683793, -5.192211860660626, 0.016234538436497248, -3.0673536331198172, -2.2854899767576775, -0.7363048016308403, 0.1281398820164869, 6.774973958320519, 0.863381663864841, -2.067551966611809, -6.5116325630308], [9.838873284505375, -4.7257675851518055, 0.3922241066894503, -9.936784884186038, 4.868354370309151, 4.967325665329486, 1.8867983738723493, -1.8168240418893487, 0.7756838767248928, -8.324485635418284, 4.804776942663724, 8.654307749538818, 5.806177866024898, 1.0700605380151966, 0.5054668465948909, 1.704386773683258, 4.698865757049425, -3.487684865925992, 3.75076511949037, -2.7000794686129344, -1.3537349089878534, -0.02668713230993247, -4.639420204319885, 3.752856164030198, 1.4838649241160657, 4.663439972101958], [2.1911823475972163, 2.4165614737978154, 5.995735382458819, 0.1676027315360571, 7.945939173070674, -6.193613102221012, -1.1411788661962845, -0.19329947326534808, 2.4229198186383565, -1.7987236058914466, -0.6163735041104614, 7.8770317210550695, -1.6109822778761715, -0.7798830799365974, 1.2882437436401553, 0.870934590726161, -3.2473191777660997, -2.579333974477755, -3.1502167210610006, 6.396862175507177, 3.6799443535826666, -10.4257725523012, 0.33492249949282815, -0.6260344705768599, 2.864669367784173, 2.4157575618653047], [5.193377015312041, 1.8191371658738233, -2.891603158323843, 1.7325256670097309, -3.224477824638774, 5.082108204973071, -2.5887504622498327, -6.683039199578846, 0.31645820829677296, -4.66824948518583, 1.1245970366785025, -8.349367892079012, 5.09554025189234, -2.686931634940276, -3.764636748754479, 7.326664239054754, 2.2377368392466552, -0.7900504709834231, -3.2440179405966965, 1.4838300953029755, -0.3333158061040171, 1.1096254006201463, 5.389831688191957, -2.751195325938573, 5.629267685963907, -0.18236742251366955], [-9.5866083789632, 9.662210857327937, -20.20975837254169, 6.6317534060887935, -2.1030157449304054, 1.294146279246622, 0.2632525779899556, -3.0630642938744725, 4.744050669590612, -5.717670390216506, 1.4681434984781598, -1.515108531882066, 2.879884192322037, 6.724077575569854, 0.8256200746519486, -9.466453031019821, -1.9948477935212159, -0.16704074282841708, -4.024303185907475, 1.5406491397210236, 0.5120215291957916, -2.3574863711891894, -2.2182684907396277, -0.00930271217613543, -4.567007111474198, 10.73922048788913], [-11.203934465442751, 0.4300857770981812, 0.557603896506648, -1.8648462081204022, -2.5098100759655524, 0.38054732910173705, 1.7028643637395278, -3.355204347063997, 4.876777420067886, 8.463839018351011, -2.5488204568772788, -0.46333394534134076, -0.9715445965551847, 1.499112389203629, -0.28409897535323814, 4.656418278431075, -2.4098400915371383, 2.6987514034414235, -0.7709044957036078, -2.520076278541767, -4.222566889575034, 3.2503520848565497, 4.653059098522417, -0.8851257371886089, 6.981516548759492, 3.5733311382649204], [-3.3363707479047617, -4.758907159333351, -4.848405048714961, 12.37198741230892, -4.481234372111482, 1.4396544776207336, -6.2376689861132455, 2.0819695855143805, -2.7414016745910645, 0.400179509241756, -1.4503174044662581, 4.115805593671368, -3.9625849642273323, -2.9057548849562016, 3.9148313511674484, -0.1221109324837939, -1.6295347299129896, -2.19410362270507, 6.520241583096356, 1.4768408718005777, 1.8535145678056202, 6.494150142134389, -7.29714539701844, 5.383836848093172, -4.797571277490199, -2.2630551838427664], [-5.544671749363443, 0.6514737321193584, -3.5347462681144717, 6.411406901004886, -1.4516532112547567, 0.6400301621213011, 7.625115864674266, -3.213454687187828, 4.149431245992175, -0.780017672835348, 0.2836991330864968, 0.49538070529831013, -4.074973232760757, 9.73764558922543, 3.8146513891622935, -3.1482290779012287, 0.7673398869437678, -9.351157046987067, -3.258274401431801, -1.305901752578006, 6.72636905786588, -1.5265487033819614, 