{"generation": 459, "board_size": 10, "snake_size": 3, "input_direction_count": 8, "apple_return_type": "boolean", "segment_return_type": "distance", "network": [{"layer": "dense", "input_size": 26, "output_size": 26, "weights": [[-7.085267807218525, 5.735734369135345, -2.972865752754079, 6.475843171722079, 7.193590419354972, -3.3976216120733733, 3.480511852112154, -6.157940284846195, -0.744085196993618, 4.272706979841976, -5.3899448137864105, -6.14364425386446, -0.8026819315660259, 3.4629365218972445, 3.0168054839149225, -0.5462059902997027, -1.3145079312407288, -9.79641253473077, 1.31110120547418, 0.8857456849918097, 0.8687742750936955, 0.10953327456379094, 1.6353925641747336, 6.862085242551536, -2.5591207211713476, -1.9678803446036204], [2.1229296282652705, 0.3468738266754363, 4.308178544309668, -5.025229080619468, 4.117734731327585, 4.148091997210387, -0.7383032429248665, -0.6715252749755203, 0.07493851804142282, -3.4574777966674093, -1.5662700638042293, 4.5617276941411635, 2.720606562882158, -2.020938042877601, 7.027821478916039, -1.0690705912605802, 2.906291651866101, 4.347964507464591, 0.23328872481198026, 5.256085906899003, -8.950918809657946, -0.7778286427774908, -10.043112353476728, -2.129890204236282, 5.176204582082838, 5.561722390196984], [-0.0064780177644231385, 5.199128425822175, 1.909292135009524, 0.2521941658931383, 11.687038433179056, -5.684648191387185, -13.502557508498214, -2.292615468261255, 1.730176100448337, 4.40549866924776, -4.9217399417805545, 3.478681286725491, 3.512857979865177, 0.6563305207237036, 6.062293636716937, -0.39701539973353783, -0.9833135677202547, -1.8323520792513557, -0.4719095490497275, 6.531125743389733, 0.029412082665739137, 2.504772393855208, 1.2200088240689069, -2.1998853680883568, 5.0509805220975785, -2.7719572119467695], [-1.6005594968935961, -5.1873812996444055, -3.655017716485901, -2.944416151892799, 3.0439926899113035, -0.749952942548272, -2.5273964608797472, 1.8620642905959677, 2.1980188601158, 0.29567123234229364, -2.7945070355352493, 3.918337515069851, -2.8676210971091924, 0.9746897878274702, -1.2388752677745405, 1.565301351729816, -3.248512331114897, -3.922300308803731, 6.079071455368194, -4.501878151624609, 0.6251680784046956, -0.42080936935403235, -3.8570163201133885, 4.5825938443669765, -2.600736250774623, 5.575754698689428], [1.423774741567936, -3.740815828593635, 5.251135737968182, -0.5738789384990448, -4.374976124498739, -0.3983379936385661, -8.026513447656221, -6.660983194198165, 1.1116355855128077, -2.0392414881543135, 5.694511801008096, -3.6926364008253207, -1.2775912361742958, -4.904784468913485, 6.395860575569556, -2.2541195968572914, 1.3067458672890793, 2.4514749752853415, -6.809989127360766, 0.447945846089858, 1.3168097686818576, 5.686537709524043, -3.262460858878247, -7.633287026717383, -2.149777568786846, -3.39332198672718], [3.443801448843362, -3.474768196707275, 0.7055881847089811, 5.6951700962086385, 1.7849885451818812, 7.115846790679689, 0.9717862742418761, 4.685051870932602, -0.2329526812046665, -2.9618171290918487, 5.26768021858957, -7.532292750834158, -4.203629465035865, 2.8161708056222645, 0.40417913297705055, 8.620784960503713, 2.6781282274707836, 3.1766175185633143, -1.9427080085589055, 2.364116375814476, -0.024424125755851747, -5.231501904654069, -0.8595201818858886, -2.812079871571628, 3.1451727728513417, 2.2781698549159373], [0.9977975031988647, -2.4117422689184083, 3.287361167190764, -15.843678201552667, 1.0240146905401333, -5.2324579115664305, 0.05700211087426127, -1.9298696829776856, 4.311597322335764, 6.679350409165616, -6.10071818735466, 4.400399681144466, 0.18640100583671176, -4.11529394667865, 1.1635214333470696, 0.36559122753579765, 2.007265892366177, 4.406897370875855, 12.308446695942049, 5.274610829071539, 2.29924401960685, -2.253924821420936, 2.773728995913274, -1.4301155451919743, 3.2871329283849495, -2.187043153122458], [-5.57510441904002, -1.4429881114874734, -1.3883001294014126, 1.3707372123238355, 1.1880727169672567, 4.784147951956724, 4.4107384315768865, 2.66199347305347, 5.184401794216599, -6.1682947034177085, 2.4053027290796267, -3.1705432201685038, -3.823147538043097, 0.19583870851915638, -0.12648050271886435, -7.387810160658822, -1.3618708564097821, 2.27256864135416, 2.902267964394935, 7.812807071534535, -1.9299410117978095, -1.0344562909743404, 4.926087826135974, -4.196436431512502, -2.142660421529488, -0.40081569348164525], [6.4235016622745995, -5.064729949398877, -3.0841644218657422, -6.179060456485227, 6.596819967995184, -3.3904690668625106, 4.07083347803703, 1.6985493552499689, 1.8386623722946003, -0.8828524210156415, 6.541226973006232, 5.3069617602280355, 6.77195290966633, 1.7556360039047416, 0.7924344889436454, 4.698344204704074, 1.5061632845096788, 1.7469436362759654, 6.473576201428216, -9.107442611901416, -2.727690155213865, 3.6615314279773283, -0.18320461167291868, 5.037922805315365, 3.0406916798413826, 1.8357971536211428], [-3.3274721427898335, 1.3592691167371909, 5.588361630382062, 2.517026202465912, 5.403121292754189, -6.685786106282739, -3.3745670126509486, 2.0547353843241978, -1.5299022746436366, -1.7204860405586873, -0.6175538515345493, 6.744314778728092, -3.5649901268399153, -0.22282147515115314, 3.4190263079936654, 1.3711049282757655, -2.7920150942528106, -1.3775955513248637, -5.880665886924625, 2.4467967803635786, 4.027936522667676, -9.491778017412972, -2.098518766749714, 1.9438526109578271, 5.667663503437916, -1.3515108054946474], [5.83921101060642, 0.6478854319926065, 0.43892609728687915, 6.153959834266231, -5.943512047831316, 1.7745882044003758, -2.5426613165457743, -3.104732116749104, -1.433522325567622, -5.927504955547543, -2.520431949799428, -8.686357789198436, 2.9902727880101807, -2.715419034564176, -2.2089005894640037, 6.700791727958311, -0.007730415399276991, -2.9491325115120137, -2.557496466106216, -0.04766600329060955, -0.5475169543373797, 4.326704108922328, 5.91223547619127, -0.16892613225707434, 4.529932866150183, 1.5800380458674868], [-12.082844654843313, 14.494899548525169, -22.896347923269207, 6.947320120712177, -6.980622483917831, 3.9999900878804877, 4.388717520915303, -3.6270626174989085, 8.740774062021273, -3.452478514821343, -1.0774175788370342, -1.637259814891904, -1.5488184725372744, 8.582147300164934, 6.531093331128589, -10.476894103214812, -0.7060489499769366, 5.109992264720478, -4.916329341911584, 1.4140215492568506, -0.6414249180513456, -2.0425408111745, -0.8617545959071187, 0.809294489221724, -6.328493700674223, 9.751836549293683], [-6.510364693458525, 0.4300857770981812, -0.591153963570384, -2.7340815143911996, -1.1248932863721555, 3.5244198259856407, -3.0408739001251304, -7.805667903263387, -0.9982509345069491, 0.5074770158898518, -9.178734038859083, 4.757121282937284, 4.818680438780168, -8.4711772273885, 3.707746649922026, 0.5186812067785769, -3.009760678965331, 0.13225680218399782, -5.102486733585255, 5.079217436493524, -3.1041722021794844, 2.4905421451257146, -0.8370601270398396, 3.12609060597172, 0.5848652635949102, 4.1658925224948975], [-3.192735207249357, -2.480179900442012, -6.754516902633389, 13.098865827259624, -4.587772560257021, 1.9448354983810952, -5.389835897017364, 3.1372042594828407, -5.778361100053818, 0.772621129339472, 2.6607750137923096, 3.3182107438017563, -2.514870896671659, -2.8566019506555342, 5.913682433025846, 4.391814220764027, 0.5550355805352769, -1.2338827299938053, 4.531165751553125, 3.3373426606581202, 1.2450836277790618, 4.104463841541679, -0.6933323846317201, -0.0980071830192164, -1.562917322292933, -3.23829134656407], [-9.24572847205156, 2.199332498099077, -7.454781983934827, 4.281245375376823, -6.375644037882255, -3.9859919537755992, 12.037075350993922, -1.9519243499655214, 3.601790051776887, 1.418801802268479, 0.9967084447741811, 1.6363817981368491, -4.818746423972147, 8.865575800999137, -2.6531843634588923, -3.2193687215281925, 1.5983672156018356, 1.6697940327248464, -0.29016948125157027, -0.2035828716921939, 4.158981628964912, -5.202854013860776, 