{"generation": 456, "board_size": 10, "snake_size": 3, "input_direction_count": 8, "apple_return_type": "boolean", "segment_return_type": "distance", "network": [{"layer": "dense", "input_size": 26, "output_size": 26, "weights": [[-1.6034754945683516, 3.3761183836132456, -3.1725666025191313, 4.918846710688541, -1.1044692726669114, -1.167165567396799, -0.8445575619835863, -6.540205188302141, 1.4535813411626408, 5.023795611821054, -6.838122033972256, -3.239264619574455, -5.30034155090121, 3.080852172580567, 1.9282887151265669, -0.738374680951827, -7.405329716314133, -11.58196363672368, 2.321157427940006, -0.7499982764480708, 4.425480121359405, 0.48765272529823617, 3.099599120511371, 6.272437847068052, -3.9045996131155847, -1.3730578145845092], [0.8521508173884838, -3.4955134310118723, 4.22381090340041, -3.2946107152520643, 5.073582971069333, 5.199070150244511, -2.4507741729423818, -0.03894911288572489, -1.7214196182361892, 0.5616565747255194, 0.21472353962011476, -1.193782053706348, 0.7360493970592947, 2.2521708251949626, 7.912407846774052, 1.2542674411356358, -5.482413928550692, -0.8564153641083636, 1.135042751806233, 2.058505339608169, -8.493368411911899, 5.452434025917828, -8.788216574090598, 6.876614411105801, 5.162860188466027, 1.2116168853614173], [1.5449952697957823, 5.59539588370773, 3.1898578311748134, -1.047381397009942, 14.021588300751377, -8.98783807997776, -9.444293390314584, 0.4740093704501931, 1.4284689307665868, 9.374064057066974, -6.358933278867103, 4.005964334318462, -0.9491723003996992, 2.8966167869810713, 11.075923284872445, -6.862483353757925, 3.230141368859378, -0.4238708134002015, 2.8885635191449044, 6.531125743389733, -0.701796490676863, 4.348526737051255, -0.009058823140406624, 1.8084814939372977, 5.5793465683263035, -4.038994883149589], [-3.3158466514491747, -5.760416003630609, -1.4586106609467873, -3.679647745423604, 6.243594335296417, -2.02284841693828, 0.31258670642285624, 0.8791794617626923, 0.8409623784437634, 0.08290146183535838, -1.8268352721301921, 3.04414011634817, -4.094417540038139, -0.41876654396441815, -2.993579512943115, -1.5530180343153408, -3.557828853802281, -1.7330100588198873, 1.735409308730612, -4.19634715753004, 1.110578247481948, 1.5875464793847633, -2.5090023895348708, 6.794752197929086, -0.6865476235773933, 4.562228884882838], [-1.381522963987602, -3.6818968417305262, -1.135124734303791, -4.864580190604694, -1.7572510644985295, -4.396954621563153, -8.114423931739108, -7.331423701420854, 1.3932492809504657, -1.5665963985168812, 6.147085357676906, -2.708442264578176, 0.7314049983528625, -7.1875784653866175, 7.821917551427504, -4.181100870039238, 2.039451908615082, 2.5157097639052965, -6.809989127360766, 0.16535493938229218, -5.014794354495841, 3.58885624913008, 4.472820309243159, -1.8847198813836754, -1.1652869871255649, -5.231269158483166], [7.055230217336295, -4.2957729564190394, 3.37314314459602, 0.628945290885423, -2.669174698160812, 3.3463308839470685, -0.8820634764401978, -4.374200731817487, -0.43208839858682946, -6.554422454987012, 7.793265828452898, -10.943775683641885, 6.8620169846335966, 0.4491723518797464, 1.977884023042958, 4.6722364749048975, 0.5842609902332516, 3.7192800061988933, -2.498054162441151, 1.7851804620086662, 0.48038753018842817, -2.506719929538771, -0.0074866207680282515, -4.059900297697178, 3.3224718418139094, 2.3891972010915143], [1.952820348284647, -2.4117422689184083, 1.6319640123704608, -15.843678201552667, 1.0240146905401333, -5.356992678238877, 0.05700211087426127, 0.03892544047243718, 3.659093298540962, 6.679350409165616, -6.273595374311841, 1.9702337101314331, 0.1840239144724516, -4.11529394667865, 1.1635214333470696, 1.7092474455406772, 1.37287146669326, 1.545221248846578, 12.308446695942049, 3.674868288723691, 2.29924401960685, -2.3166619336309173, 2.4247810704006207, -0.6405107185209005, 3.2871329283849495, -0.593262521323022], [-5.57510441904002, -1.4429881114874734, -3.8993219021502163, 0.006017798605400082, 1.1880727169672567, 4.7242635577245355, 5.009775743281397, 1.4749770240850488, 5.184401794216599, -4.727300507704682, 3.2014574978653183, -2.410745198041277, -3.795200111485483, -0.8564595325553954, -2.451795931311856, -4.542136937098888, -3.808802618461587, 4.949466739367175, -4.562605111145848, 2.858918487742818, 3.585968811692437, -0.9663822555632288, 6.287434467788825, -2.875412118703843, -2.5278139986617867, -6.921468893431888], [9.235527157607306, -3.0722906204071783, 1.6410181513518622, -7.193174857947108, 2.7353964355044047, 2.6277383845784335, 6.832499809552302, 1.1472257513560402, 1.7348897662042075, -10.260069769977132, 2.4920556848815454, 6.72289925094775, 0.976051092080652, 2.2146802463481037, -0.646169653423383, 0.568492546357259, 4.03938215350355, 1.5850771105728314, 4.346624203143685, -4.603208197008965, -0.4397143392497751, 1.7139156452602122, -2.5539970417698425, 0.34654298275178397, 5.9531131010634395, 2.2782282747833262], [1.1906355334665881, 5.195377650897325, 4.110701096601, -0.875905997406379, 9.444326956784856, -8.876465832205788, -5.971153464580217, 1.1207833036018484, 1.3315477313001876, -1.0852966854087143, -3.6799189737170033, 9.592838733305957, -2.836924404234455, -1.6075373165506714, 4.17512291797328, -0.1480162016558182, -0.7421687252369926, -1.7448817762869566, 0.9026008096656586, -0.22795838018516446, 4.701137775456971, -7.475175561722477, -0.6896453685843598, 5.205369985035871, 3.733623350667024, -2.065187449725249], [2.8264526728374557, 0.1080451835661842, -0.3449301094974567, 2.080595742859734, -7.069717616503013, 1.980263521750254, -4.178119549725849, -6.098732914361601, 0.0028373432201782567, -4.3530752575930425, -0.010355056971731669, -8.44392423038916, 1.8278985409839505, -3.208585792189222, -1.949766640548826, 6.129015661214421, 3.3816554505218988, -3.370850137240724, -2.557496466106216, 0.625397713901855, -3.527759282147354, 4.488603023394469, 5.287920823870924, -2.7599053093641124, 2.5238897734216654, -1.148887959610621], [-7.32350149139478, 9.815246799725179, -19.972278715137556, 6.953973491062479, 0.06863606482353568, 2.064453829025645, 0.06085096302105222, -2.1754382366165115, 4.590089523785133, -3.9733700703027095, 0.9434125630870721, -1.1767477275259632, 4.0691561499019615, 4.086163628309915, 7.336081581813664, -9.04150042108925, 0.18104154789524746, 6.272189112284667, -3.791591120876943, 2.31098683560776, 1.4855478315505581, -3.0733600897272333, -0.4088699116242917, -0.6906443277901204, -5.6758856284876815, 6.257273217519676], [-6.074254241411257, 3.0084119376715996, 0.3686389713156552, -5.300864164471591, -2.215252875118655, 2.545109953715229, 5.199298805915663, 2.4281117298314254, -3.1276419126013897, -2.587515738929503, -8.6383984325183, 3.1695632648256926, 5.388977445685456, -7.555639627540089, 5.575282517944034, 0.7229665679834951, -2.7799696989687943, -1.6780625352966365, -3.9210599033900535, 5.541149949245954, -5.939335619396662, 0.13001850681879779, 2.101338703963613, -2.693880563732778, -2.000681516506333, 2.187188553589151], [-2.7942821790567227, -2.339849065856863, -4.444514942222436, 12.763304333105307, -2.8534651981044985, 2.138371500548396, -3.081320785539941, 2.0167690201286064, -4.880117891558767, 2.5072178881705858, 2.4867773006094147, 5.87563091063794, -3.3041071802417328, -2.4871534293646747, 8.597213972754153, -0.9201405615662093, 2.0106421918450184, 1.377138999900242, 6.576039572681236, -2.565210981355206, 2.2770996924971136, -0.8864698204112296, -2.777333525549544, 6.43629257264101, -0.23514877649093224, -2.0529115316023407], [-9.182169728127105, 2.275749136010411, -5.663943298824947, 5.001530243118364, -5.852420554807025, -1.5349005377057907, 11.803539379259888, -2.306240420034794, 3.009789202996611, 1.2405405971806684, 0.9967084447741811, 1.435843339462049, -3.7451008751874832, 7.957159761633756, -4.1607798738342625, -4.612213816148578, -0.6242783469400212, 2.5789823735538464, 1.6540842201139876, -0.2035828716921939, 5.851135978814116, -5.8419432816234975, -6.860285878751378, 