{"generation": 431, "board_size": 10, "snake_size": 3, "input_direction_count": 8, "apple_return_type": "boolean", "segment_return_type": "distance", "network": [{"layer": "dense", "input_size": 26, "output_size": 26, "weights": [[-2.354408541868074, 3.3761183836132456, -3.1725666025191313, 3.95231407183353, -2.912813227898942, -1.165952091117154, -0.12960578291458064, -6.540205188302141, 1.4535813411626408, 5.023795611821054, -6.2476137199433825, -3.239264619574455, -5.30034155090121, 3.080852172580567, 3.8737620162684228, -0.738374680951827, -2.758100241342234, -10.474809220413958, 2.6108710746319375, -0.7499982764480708, 3.6698266677819307, 0.48765272529823617, 3.099599120511371, 6.272437847068052, -3.9045996131155847, -3.2605453283838255], [0.49782363761760334, -0.7415373697698999, 4.22381090340041, -3.875189269008535, 5.073582971069333, 3.6627381045276755, -2.9044967682274447, 0.8310122419563234, -1.1216696875638847, 0.5616565747255194, -0.5715750234050869, -1.193782053706348, 1.7599775378583233, 2.2521708251949626, 7.912407846774052, 0.7935067504878073, -5.229408044964007, -0.8564153641083636, 1.135042751806233, 2.0088182713134364, -8.812211176069574, 5.452434025917828, -9.254698961511375, 4.69010503104739, 5.162860188466027, 1.2116168853614173], [1.5449952697957823, 5.59539588370773, 1.906264566640123, -1.047381397009942, 14.021588300751377, -8.565485463815115, -11.273693054070417, 0.24756327207454312, 1.4284689307665868, 6.67778526994776, -4.992366792670043, 4.005964334318462, 0.9571824898782352, 2.8966167869810713, 9.897116218356203, -6.862483353757925, 1.6564689697415567, -1.0009936806703528, 1.302489905491546, 6.531125743389733, -0.6771568300137234, 4.348526737051255, 0.14781479924270624, -0.43153072769790324, 4.834828181252053, -4.038994883149589], [-2.9189856954093907, -5.760416003630609, -1.4586106609467873, -2.4071290318741982, 6.0867704748594536, -2.917579701825896, 1.2868191275456937, 0.3539403594793913, 1.3657181973907968, 0.29567123234229364, -4.535362755905888, 3.7587778311429214, -4.094417540038139, 0.5246549831707312, -1.4421812763510264, 0.07008489358356118, -2.7294293999657437, -2.205612565237347, -0.29070106888465674, -3.64157360572498, -0.44119301411375744, 2.1126032506151944, -4.819794076991791, 2.923337876364527, -1.6940969558609753, 2.8502935506683134], [-1.9970393556976662, -0.609061474916399, 1.3219597561109528, -4.022901367487968, -1.289220981160369, -3.5193928165716306, -9.684637139300225, -6.660983194198165, 1.1116355855128077, -1.1099367548176184, 5.694511801008096, -3.916194538305834, 0.3980359601806973, -4.904784468913485, 6.395860575569556, -2.2541195968572914, 1.3067458672890793, 2.4514749752853415, -6.809989127360766, 0.39248575754025916, 1.1667652485387507, 4.706702507377012, -3.262460858878247, -7.633287026717383, -0.28174471069741525, -2.5762176524238076], [1.272414495998299, -3.603053247362416, 0.7055881847089811, 6.022380410976677, 0.22805653469060538, 7.39802816286303, -0.6984248820522649, 4.685051870932602, -0.2329526812046665, -2.9618171290918487, 5.06097003809106, -7.716318824898794, -2.828340249283399, 2.8161708056222645, -0.142054803280796, 7.701389777497241, 2.7922307658619467, 3.1766175185633143, -2.402338079744223, 2.0729138416021637, -0.024424125755851747, -5.507058968447991, -0.3809862039049787, -2.812079871571628, 2.7445736978404645, 2.3891972010915143], [1.952820348284647, -2.4117422689184083, 1.6319640123704608, -15.843678201552667, 1.0240146905401333, -5.356992678238877, 0.05700211087426127, -1.9298696829776856, 3.659093298540962, 6.679350409165616, -6.273595374311841, 2.118851927142769, 0.1840239144724516, -4.11529394667865, 1.1635214333470696, 0.36559122753579765, 1.37287146669326, 2.070910947185736, 12.308446695942049, 4.127748140377232, 2.29924401960685, -2.253924821420936, 2.4247810704006207, -1.2091151135660312, 3.2871329283849495, -2.187043153122458], [-5.57510441904002, -1.4429881114874734, -3.8993219021502163, 1.3707372123238355, 1.1880727169672567, 4.7242635577245355, 5.009775743281397, 1.528228784450441, 5.184401794216599, -5.061534149687706, 2.4053027290796267, -2.410745198041277, -3.823147538043097, 0.19583870851915638, -2.451795931311856, -4.542136937098888, -3.808802618461587, 4.949466739367175, -4.38352072014993, 3.781957887481143, 1.164764193062441, -3.3605720206846246, 1.6246916953674027, 0.4639592399668151, -1.1654579028148453, -7.867569953885559], [8.041457636986062, -3.8131942629502387, 1.6410181513518622, -9.039830007109225, 3.9349182212310376, 1.8156025196839063, 6.086099392015605, -1.6788113829156872, 0.4989458417431487, -8.09388891259907, 5.037928029341351, 7.439816518322031, 4.196300617638112, 0.05637766661847596, 0.09300548501546646, 1.21748332419913, 2.568660780853721, -5.283019670681851, 3.75076511949037, -3.058438025684877, -2.3107577223975158, 1.428646877073157, -1.1256854375050487, -1.2836819016323044, 3.4755636727296126, 1.7879903249148263], [0.8881847953806343, 1.1885745346661876, 7.083119171978585, -1.5550664716286309, 10.681621250805774, -5.831727189195314, -2.5040679187417223, 3.075899997509227, 0.43395450066947583, -0.21049909702259573, -1.6738138098598971, 7.633663211734449, -2.953151874366159, -0.10075580697740905, 2.8295591382932455, 1.8690743041436044, -0.13227089706167938, -1.3775955513248637, -5.854217167467551, 2.4467967803635786, 4.997432824026202, -9.491778017412972, -0.8213349065182671, 2.9433014723124553, 5.667663503437916, -1.6776207886922188], [6.314050250664593, 1.495829465529408, -1.0355106510818706, 6.153959834266231, -4.9278532203512055, 2.32799064514526, -2.5426613165457743, -4.360034241496177, 0.6700942445304776, -5.5468031419315595, -2.520431949799428, -9.03952141203125, 2.646791645782676, -3.493727883752443, -2.2933260960936876, 6.700791727958311, 2.5752241151144837, -1.9619536820830121, -2.557496466106216, 1.5710767585532182, -1.8492836210508932, 4.326704108922328, 6.618470033482549, -1.4551507323626773, 4.529932866150183, 1.5036095418180242], [-11.388683922203771, 12.962920306169236, -21.706051560658207, 6.947320120712177, -4.426999334477057, 3.9999900878804877, 4.388717520915303, -4.124356786609914, 5.814491106073292, -3.749582437961851, -0.4136518020876869, -2.1981915878503986, 0.7590039527675603, 6.724077575569854, 0.8256200746519486, -11.439499603454804, -1.9948477935212159, 0.051227151001463106, -5.48192842463568, 1.1284068582036981, 0.5120215291957916, -2.245316106617098, -1.506805074636589, -1.2075917755770933, -5.5292219340310655, 10.19072144862757], [-6.510364693458525, 0.4300857770981812, -0.591153963570384, -2.7340815143911996, -1.1248932863721555, 3.5244198259856407, -2.2647478296309815, -6.865627576388704, -0.9982509345069491, 0.7315605972387247, -9.178734038859083, 4.757121282937284, 4.670272027806683, -8.779844613535744, 4.217140924088669, 0.5186812067785769, -3.009760678965331, 0.13225680218399782, -5.115331930428348, 5.079217436493524, -3.1041722021794844, 2.696854154347777, -0.8370601270398396, 3.12609060597172, 0.5848652635949102, 4.651679197489745], [-2.0074554160996456, -3.567812095912072, -6.754516902633389, 13.304515385386821, -3.648815730661285, 1.9448354983810952, -5.389835897017364, 3.142041558179617, -6.608076900472205, 0.772621129339472, 1.6810713863218316, 3.3182107438017563, -2.514870896671659, -2.8566019506555342, 5.478257864789457, 4.391814220764027, -1.1142105009832837, -1.2338827299938053, 5.569049542663298, 3.3373426606581202, 1.8725859246685683, 5.16615398024149, -0.6933323846317201, 2.5888435055755155, -0.5351047956348952, -3.23829134656407], [-9.24572847205156, 2.3345967060094166, -7.454781983934827, 4.281245375376823, -6.273850908873406, -1.5349005377057907, 12.037075350993922, -2.306240420034794, 4.313035901308738, 1.418801802268479, 0.9967084447741811, 1.8496361366318725, -4.818746423972147, 8.865575800999137, -4.1607798738342625, -3.2193687215281925, -0.6242783469400212, 1.6697940327248464, -0.29016948125157027, -0.2035828716921939, 4.099245217803857, -4.165104367893059, 