{"generation": 433, "board_size": 10, "snake_size": 3, "input_direction_count": 8, "apple_return_type": "boolean", "segment_return_type": "distance", "network": [{"layer": "dense", "input_size": 26, "output_size": 26, "weights": [[-2.9628091891027504, 5.4098772530458685, -1.2488381712023477, 2.5406624777329263, -2.791110868685436, -1.33522943406152, 1.7770505824562688, -6.157940284846195, -0.744085196993618, 2.7287834333032377, -5.3899448137864105, -6.14364425386446, -3.186326863405185, 6.984847685385391, 5.0796086501322355, -0.19754560962300188, -0.7044336132723593, -9.79641253473077, 1.7793418064389983, 0.8857456849918097, 0.8529689348653169, 0.10953327456379094, 2.5383676324699365, 6.862085242551536, -2.935082079702585, -5.9722042098752155], [6.781310064123186, 5.39179316934081, -1.5631398214990688, -5.285086449595068, 6.262024242858891, -1.22511478061092, -4.936376666631367, 4.2190512104348805, -6.441037072416576, 2.0596986083811513, -1.6974406297054494, 0.37113756190430863, -1.0141555490224414, -1.6278720876318196, 9.918988598115345, -0.9073451851798017, 1.612232222847657, 3.394851049032185, -0.7220496974101528, 5.693235010750553, -6.495888584315352, -1.7632147445273565, -10.426951384142875, -4.310293955021823, 4.662830964274608, 3.3619879628908107], [0.7648755480319693, 3.3174213008275415, 3.5610812570090364, -1.2400419319431273, 13.045568999323558, -7.119149861777943, -11.443665008520126, -1.1911654727683794, 1.2174240437227148, 5.692830247801155, -6.813499058693915, 3.855781427320728, 5.267155217247927, 3.022216251723298, 9.40439348107597, -6.862483353757925, 1.5680177476955328, -1.0009936806703528, -1.3704192614739956, 4.967888483455175, 2.2564387094097125, 2.556297927815705, 1.7463478273220518, -5.226563116483179, 7.497440683368958, -3.7795432154014654], [-4.100529154283003, -0.4999705765957623, 3.5811030828460364, -8.848492873635008, 1.178723705746863, 1.3788431026518275, 0.9701813963668031, -4.212830576583604, 1.8431268227160995, 6.908704643930338, 2.1252123563695022, 5.069184828187893, -1.028516060478185, 3.060100308845911, 0.9770496630261575, -0.37863978958893096, 1.8489292577752277, -3.638828778637459, -3.981166774927645, -1.5656245797609432, 2.1521111093890735, -4.153612252334433, 2.6549440344709763, 2.7539289217347025, -1.2592965155945015, -1.6806709365694785], [-1.896784743717951, 1.8434714202911033, 0.26240846163570386, -9.987184862377788, -3.136343411874214, 0.33461220433817895, -5.280876350572271, -8.661519857861691, 7.989313393024061, -0.5254285036731188, 3.636602761346085, -4.5839736743466055, 0.644072333549221, -1.4413459496398613, 3.4402008039392054, -2.8584239962019575, 1.831472304736116, 1.9459368472778111, -11.429407119418805, 0.708643530263861, -1.1464823757389968, 4.24658922869371, -3.628861870626616, -7.633287026717383, -0.6098160023525248, 0.19498124814873607], [0.38168314696900096, -3.5745420306525877, 0.5658064143747343, 6.022380410976677, -0.8195051386430428, 7.845206971401862, -2.777129339427671, 4.685051870932602, 2.4741588707311344, -3.7752142588480337, 5.76652205003382, -7.773448196098362, -1.8135497816333772, 4.363824656850946, 0.7349561629906434, 6.139483646470238, 6.940674219479647, 5.1645372748100264, 2.80747007255024, 2.6080317074496633, 0.420051358441937, -1.554947865025389, 1.693235917061642, -2.7763120215172794, 4.448209811815582, 4.392560449914523], [3.206330758908625, -2.726342708761283, 1.7493959378655015, -16.302381205999776, 0.6059027989771999, -5.374687482174144, -3.7030711178024145, -2.432663634832207, 3.659093298540962, 6.474525381823703, -8.081471006890341, 4.52848518004286, 2.945598901842431, -2.8294424949927977, 1.0633956532900233, 1.4242507173957373, 2.7794932179360714, 0.433002475922053, 12.308446695942049, 4.3902737240392815, 2.7892400623671114, -2.6422641990330913, 3.0298813599178205, -0.24484773350111189, 5.137840554902171, 3.7598288097786545], [-4.462936843022166, 0.9262448854705012, -2.575540769054877, -1.7167352082009715, 1.5017598061743962, 3.7896828970165037, 5.009775743281397, 0.37365148707789986, 6.375067071437301, -5.711801012884139, 0.6028040515808276, -1.003268458022025, -4.361493314092073, 1.0384697399792668, -2.8225830593578802, -5.644802030123891, -6.951600140348889, 8.328352395134075, -7.550814970451035, 2.537272807654107, 1.1832568754128867, -3.3605720206846246, 2.411759830102598, -2.167772194854804, -1.5487977044386312, -5.753447385005852], [8.085397603829245, -3.101897928688017, 0.4972212118114284, -11.199158940115646, 5.0191641206875595, 1.8156025196839063, 6.186739765476165, -1.757216188543029, 0.42157156333978096, -6.434763715355046, 5.037928029341351, 8.024036149257569, 4.885391431566356, -2.747425505268744, 0.5557594687140879, 3.860946039834192, 2.568660780853721, -3.2813840946069006, 0.9205927212331368, -0.13227666783529524, -1.8440564000761857, -0.06318195359316459, -2.2545180586866245, -3.6674081202191617, 5.543353060223325, 2.066310445943908], [1.595962769552749, 3.2840759908825756, 6.326758134243088, -1.1164836644905103, 8.645013398693903, -7.063348648397236, -3.8872540716395965, 3.075899997509227, 0.43395450066947583, -1.5142516965005393, -3.8018180387869984, 11.468626358324903, -2.1172763236046346, -0.15935429133430862, 1.941412018663262, 1.8690743041436044, -1.037638439222422, -2.920158219187328, -4.377443410421167, 1.8241800900037082, 5.433926983964622, -9.211398419700597, 0.928667362891877, 4.143641792855512, 4.557221518956606, -1.3667255066993818], [6.9644366801647255, 2.3254377626812572, -0.5564174132330292, 2.2436682236965777, -0.6855646514008479, 1.5758942539407468, -6.607704504056109, -5.054977105683318, 0.5790365278912684, -5.484953965052004, -0.7524989774624112, -7.460370925114433, 3.8288104968607235, -2.417642526613445, -1.9807502614071282, 5.080374704779239, 5.590730084083671, -2.6889476539285937, -1.7135183305091752, -0.15720808039484258, -2.622177779269418, 2.6116341399091487, 6.212971875380748, -1.6359875853985975, 5.074031192798404, -3.831097599490183], [-12.95168855729794, 10.517806658209178, -19.600528012541275, 5.931293586819152, -1.267915191384715, 3.260799682871008, 9.587303176693815, -1.8033636905837047, 7.700834251425561, -4.842990130119118, -0.3876273850045304, -1.1821945751602598, -1.0453590959600625, 8.458227496016647, 0.496675172458771, -7.557104828281712, -6.220479924913294, 6.12680993969564, -0.33811521308583115, -2.6364665941342116, -3.1145303422133397, -2.488627204458477, -3.616312245041432, 3.617046542736013, -4.133794863907159, 9.824089641852007], [-7.731203310837375, 0.07575761204213594, 1.0360644976972857, -5.295050736074663, -4.443924463745732, 3.735934735606274, 3.6106997457693177, 1.3633308078282507, 7.437640833858464, -3.5526529478573314, -9.5063609669892, 8.366456570598022, -0.5441877993587728, -11.245418636908541, 2.1123124502014643, 4.523281803724938, -3.0122841209522835, 3.3732488713799174, -4.451526464319835, 4.555294332708079, -0.8829459500628776, -2.7168423154148442, -2.4454900737544514, -5.7498317690390355, 5.03176957721941, 7.520851281734408], [-1.7131009010285334, -3.669048908965763, -3.559805740241528, 7.937496498909159, -0.05958422910856376, 0.9052349917085867, -8.18285977056626, -0.7044696310074056, -7.305903572981979, 0.6936153023756408, -0.5222619284879519, 2.688656812827595, -3.1319374169918985, -6.194341554338915, 2.841276266210377, -1.4581883590343576, -0.5409128290761596, -4.511614576802912, 7.7746462985009, -0.8443881461406982, -0.39339381632192066, 5.768568971827866, 0.5693789615089291, 1.8289203755051044, 0.48357308367395924, -4.433167625568962], [-4.6988377798273255, 6.670032480701521, -5.132714702141321, 2.876448090997551, -6.47986358857208, -0.8405137760532447, 7.022164134789002, -3.5513588208394538, 3.7323849692424647, 3.722816367838395, 0.500531289152541, 1.0054076734358983, -4.81978675436302, 8.583592462431808, -0.24428465163885688, -2.819191757377917, 6.466851584967048, -3.146043434218801, 2.387362580014317, 1.5564511143996373, 5.563895557035756, -4.238041320018849, 2.721600003270913, 