{"generation": 502, "fitness": 1.5845632502852868e+29, "board_size": 10, "snake_size": 3, "input_direction_count": 4, "vision_return_type": "boolean", "network": [{"layer": "dense", "input_size": 16, "output_size": 24, "weights": [[-3.632160721866333, -1.1815784857026572, -5.7154715663328295, 1.654553413320511, 5.034492526197119, -2.8754990300016674, 0.3108818459890961, -2.1628087390647686, 2.439727710006748, 6.340074403396691, 3.259527262935129, -2.546378183936054, 2.260794312326517, 1.225916849548119, -2.8738122670674398, -2.657830786931561], [1.6848199315754593, -0.518752514431263, 5.46592813597586, -2.072276270765901, 1.5559706154820958, 0.576323907881467, -0.632811914438629, -0.11956546151391123, 2.525854703960331, 4.858565092531249, -0.34751901639227467, -4.663421165997929, 7.901628572812934, 1.0201151897977103, -1.6907969904608926, -0.3074258979194051], [-0.5920492955358374, -0.33243500220067707, 0.093317052862401, -0.3852674445453738, -3.7921765967059207, -5.077858972829928, -9.367178655791982, 2.471898513213093, 4.822314188700338, 0.15028073923958396, -2.899775645797277, 0.2616894860574842, -0.6102234437145703, -1.184188645044956, 2.1073974605551284, -0.31774684352003435], [-2.522245020000569, 3.3686522642152865, 3.161536060774717, 6.611797904471242, -3.30184015674702, 1.588294659904113, -4.52768958555256, 1.5826332377550056, 0.14945777420289197, -5.541954345078614, -1.5624159598808718, 2.2688119229897876, 0.788144730517614, -6.360317771630543, 0.5809728310353603, 3.1503903606469423], [6.6161682476308386, 1.099795417486627, 0.1628061709957283, -1.844253176098543, 0.991602399907187, 4.339840915320708, -8.676616827790204, 0.1702369433127755, 0.3633667439725752, 1.2860507248517004, -3.7982347001215473, 4.58705369607909, -2.9177125909656603, 4.2037739843062365, 0.6687182316026116, -4.186350341550056], [4.162869256493434, 4.872119691465805, 2.9757931462273293, 8.367512545542338, -3.6117373844494756, -4.411495876375446, 0.34942758287359554, -6.806783106568893, -0.7120922385081832, 0.8443904295621243, -2.065889661876181, 1.2467062301018657, 7.665144803179448, -2.597737205125312, -2.1769669483925744, 0.6278727344340532], [0.7695667289532291, -11.793010612699618, -3.288510731115783, 1.4181309680744483, 0.32749698780138603, -7.670537534546606, -0.827032049638735, -4.82139447565887, 4.751048943936917, 7.940229435699718, -0.7078605088944852, 1.8672212833957658, 2.336808810050787, 2.468012842777765, -3.246021003360915, -2.365320096633657], [-0.4935914535945185, 2.8501036416919323, 1.4564007533122962, -1.156962849397643, 2.9764976936798444, 1.3219946685117956, -3.4391085744693486, 1.0983677738102113, -1.5736670316584636, 0.5232104881134083, -0.9162997507046996, -2.892048780399626, -3.3513986247477647, 0.8465525692028115, 2.4870187368636993, 0.8076451910655875], [-0.10590864869327127, 3.407519733831888, -3.2106342789136897, 0.994497424830178, -0.02338323430552234, -1.351072089262259, 4.252302462879436, -2.55346299943786, -0.8071768708977769, -3.2389839295497804, 5.204045120362606, 2.24711330594645, -0.6779709873142833, -0.8995638573529998, 3.119891680016638, -0.8880520919807147], [2.208075813867824, 1.2470731989621429, 8.959990585569129, -8.702748889341656, 1.625703983307511, 1.3361517256204638, 0.6023414232951553, -2.9697819798565117, -1.169893433961282, 2.029703572147132, 0.6376593991265006, -0.16369010719603638, -3.8648996205591857, 0.6892386711856445, 1.2731986943959384, -1.2254857634890328], [6.301638580467077, 2.756312766795864, -0.15841245444345775, 3.3227533696392517, -1.4662782431075778, 1.149569772828095, -0.6731765198500433, 3.405771792556442, -4.182268300191174, -4.551869762594636, -4.083972667165659, -1.7786258477900376, 6.156101377871856, -5.287746520760703, -3.5794317799986164, -2.0965029660869763], [-0.13289002877509137, 4.522985571140338, -1.7973728258451365, 0.26538543334942954, -0.6763405847722816, -1.1888082239201025, 4.883608997258943, -2.4818140649282903, -1.028125616193075, 2.652916362216869, -4.3105115284255655, -1.7182905103981965, 0.8151354926965775, 2.628015828820099, 2.8326518988248393, 4.91495734156474], [4.227332455984324, -6.420111750240497, -6.4058862157178025, 0.800912518449571, -0.568353901384713, -1.1476509151940304, 2.5529726772227206, 3.94460601243754, -5.984241797174325, 1.0286925796495339, -3.083326134483398, 2.3525391484682916, 3.6015852766838803, -1.774572362471889, 2.9820168010102988, -0.7439702212570656], [0.3400706931438957, 2.932454911813106, -2.2377372506880135, 2.3113243730989392, -4.460546290394153, -0.849380419366718, -1.695102453029248, -1.301734083703589, -8.392887298377975, 0.9054641223810468, -2.3439565270106377, -1.4647300398419978, 3.831335757865814, 3.6830402602306593, -1.3646670670804986, 4.2259287168331525], [-5.01183523972082, -4.755306244990833, -1.459184924236003, 5.4393529189140475, -0.5729639404374625, 1.412111876264709, -3.4647717169336163, 7.234314563368002, -2.830303550616965, -1.0240901412410153, -0.6526181120336787, -7.889043561246892, -3.9776095812979517, 1.9015731934672886, 2.3442572846478935, 0.024988841087938973], [-4.737109317265637, 2.8930071093973106, -1.6903509988952148, 0.15284583922240402, 0.21063578819912554, 1.318328744771079, -0.872859568711258, -3.3166450113564308, 2.4327164119534, 9.214317473850949, -8.26844520326394, -2.558130708013424, -1.06181022939742, 0.2620606629248017, 0.33996066871988884, -3.1570314775137036], [-0.01107612247943468, -2.809657264376454, 4.461725143260536, 2.0012336983506036, -2.055244715212705, -3.2793044811161454, -0.2167609139724076, -5.3917310366428275, 0.26820585391702634, -5.979744136453627, 1.3581423777880974, 3.3140625969517004, -3.957615199787327, -3.433286987514907, -0.3845244159751825, 0.8666044362333827], [9.625935714688929, 2.994457434737754, -5.744898521507099, -2.852962861776633, -4.064080109801468, 0.5148938255544968, 4.209880308852906, -2.688712909588021, -1.8893460349313154, 1.131684570268555, 3.1852734533632043, -2.4913519903094836, -2.5395464374438736, 4.588161331251185, 0.20695908265024476, 0.7214590129882732], [0.5100232365264941, 1.0914183653937022, -0.3181489909885561, -7.232589110189255, -0.28889855648393137, 8.093228765212242, -6.72867335418546, -2.123533645667399, -6.706858203416506, 1.4860687326154598, 4.350718028634399, 0.6241259519060447, -3.703622952886058, -0.24693807072251273, -2.7469068733578097, -0.5883465009104862], [-3.6752460307705563, -2.0531265353704318, 1.8315889930377571, -1.467786626845923, -0.44434174295740525, -0.4989379327843163, -5.325337493695154, -0.5997880485356604, 5.6234845527630535, -6.244329498353547, -0.4704809168832856, -1.2214806038951616, -2.9750592816658497, -4.17620165518701, -3.9499334659758487, 1.7086735866627474], [0.2137790287788639, 1.1794055549885165, 3.297335523296593, -0.05571320747110148, -0.9965765693846382, 1.7146580631161357, 0.2703156473227682, -1.1753703608540953, 1.5305067735858167, -1.1363497616782596, -0.784829142929028, 4.030175357826147, -2.0241021690503906, 0.17015208680646088, -11.854561473660862, 3.2305065377095423], [7.917825788985331, -11.35394255564606, -5.540584670044894, 1.339007998462233, -1.0265615500106269, -2.9727588008172154, -3.4238488946195718, 3.687030211324671, -2.1728651590270123, 4.076426201867894, -3.918259045209277, 6.5889728921987185, 0.9950276091445139, -0.2613138469512104, -0.3553791418679341, 0.7777513328915703], [-5.709511362628542, 3.206698708625388, -0.10785909173028041, -5.447470488695252, -2.325597185722898, 4.860830086403092, -1.3510157807379202, -4.258134525262365, 6.738409705569695, 6.019148791503458, -1.4172438105496212, 3.4835919154796082, -3.2201009453574017, -2.32190078290454, 1.6253018022847554, -1.5058395983984147], [3.2451814103272185, -1.473206751980304, 0.4476533131770706, 1.4572345828067315, 4.306699861222097, 1.146013461446121, 1.41482342833885, -0.32643280736653346, -6.094327770772343, 4.846388877513226, -0.0003121651735629172, -1.4642812985559575, 1.1943053889235216, 1.9336137677331824, 0.3112278375519768, 0.7837609147869924]],