{"generation": 488, "board_size": 10, "snake_size": 3, "input_direction_count": 8, "apple_return_type": "boolean", "segment_return_type": "distance", "network": [{"layer": "dense", "input_size": 26, "output_size": 26, "weights": [[2.1168119758276727, -2.188824429559206, 0.0045982150278663925, -0.05465013622762793, 0.3584911901512529, 0.8006759501234486, 3.311543550519396, -6.667912596756376, -0.9525206784441105, -0.09859847058905358, 4.9536151278042135, -5.287404310420195, -5.384111496256592, 2.074041924673997, 3.751758493945993, 11.48898576628168, 5.897222736716131, 3.607158766112177, 3.7498360270657676, 0.4734451297874643, -3.3408102577975325, -4.631634181919618, 5.847593837731145, 1.5642172826764105, 1.379981519708311, 1.7936652950778313], [-7.598769908066455, 2.4597547912451994, -4.275428903009538, 1.1644562203381983, -0.10109835781512788, 9.546998417805664, 1.2075782517554852, 4.71267960515077, -1.2875516145570103, -1.0217065740774898, 0.009546182128165492, 2.0895949415577677, 1.2052440580013375, 2.3992539132990887, -0.6483928532524129, 4.77202404927384, 4.895074486266677, -1.9695552610220148, 1.1820013159455625, -5.2261286760508, 1.3863222605867853, -2.708575577830125, 1.9251169438738056, 3.918997273232217, 0.2452124525805576, -0.18273501060787956], [-4.302373229850048, 3.497539292563927, -1.7177654069657975, 0.21519124778609588, -3.718293554828824, -4.44162321294517, 1.3313338809132143, 1.8101318865251892, 0.3624420961370062, -7.258572895104416, 5.755688740615033, 1.6114944034552692, -6.844516484415112, 1.6498365504167416, 0.8428059919483625, 1.716404417857014, -5.491325528013763, -4.376053061871485, 4.369183244280024, -0.30416108570811623, -3.7275952619767403, 1.7538642469138825, 2.985564839945222, -1.8065018983391157, -4.054649607661616, -3.3167797835496087], [-2.110444523640276, -6.517783549129279, 10.326078776477287, -0.4760714741905923, 1.5951896135676116, -0.9482664068577096, 3.4221941932278006, -5.152063835435712, -2.0430155635406875, -3.637154554143042, 7.803730775703674, -3.2605274595848774, -4.42433713155091, -4.9522745200571405, -1.3732282050301168, 0.059084140821391684, -0.872919292362446, 5.708883032185626, -1.6215760467454015, -2.7306526463258387, 5.649896880447385, -0.7382245994538459, -1.8711352455399335, 1.7351063013698529, -0.00964514819215967, 1.7594164518125868], [-7.189816681673085, -9.452774821069616, 2.477229215330816, 0.3186092695174564, 0.6980518461541577, 0.1828446438056015, 0.6516702927328586, -1.9502009125736164, -0.9614959144654187, -3.5575103670130854, -0.042067014914706324, 3.1891249705394635, 5.017292878675222, 2.807421714517699, -2.4380605292533115, 3.5810840028487707, 2.587589543011131, -6.474812481983844, -1.2718097139751323, 0.052395385254447854, -0.47890659996950835, 3.2877061316057192, -4.559435181088604, -0.7083954990031789, 1.7923974313520952, 0.9669027435108377], [-2.704275813944913, -3.7272030982910596, -2.4163238577588095, 8.812446431210992, 2.1428911586959387, -0.64486980286181, 3.0492274506872317, -1.0666034677984175, 6.22967657119851, -0.948724097523393, -3.047219083179691, 2.4005424397075834, -0.7912215253374164, -0.5530402585675285, -1.1970791831754726, 2.00263971114802, 8.892136941835936, -1.0546422661279617, 4.8068466825396685, -0.9346990819006965, 2.0098454643440515, -3.9273232571168144, 1.919779983162351, -4.166910325039891, -0.6467671674286886, -4.118638801626819], [1.91296508636207, -2.310929882584288, -3.162624756486083, 7.34597299936719, -7.527440232419359, 4.416598238544759, -2.515034835704622, -1.8471717052811718, -0.29899270468983574, 2.6928924370110745, -4.743874459993832, -0.7540240520661063, -0.9281096833345701, -0.9084598311298988, -0.6964990468770422, 3.241472555174986, 2.0069079581876372, -1.65976433296162, 1.863762658714453, -1.052775593989038, -1.4064379668097244, 1.6063479680800081, -2.626983432730864, -5.900416471686815, 4.313817925517152, -3.524574568928021], [-3.454636065984355, 0.5260114989286415, -0.39382201230087377, -1.4633023209953286, -4.9628851277468815, 4.219291999982927, -2.8796719298911926, 7.230214009058072, -1.9251247807296457, 6.286049350524242, 4.411383185781022, -0.8070077175892814, 2.386041946967671, 4.132412011137026, -1.81083664156229, 3.669914691336188, 2.9808245457974065, 1.7926525650200391, -0.8709342064367438, -3.540225387254069, -4.9738891581157105, 2.061370733219981, 7.847737193307073, -2.314552907695335, -0.385053106445329, -3.315404396017886], [1.0589019788165777, -4.910330564633202, 5.651549573637603, 2.9862819129726006, -8.205390333820816, 1.8840470969951413, -0.6577962990181487, 3.48603680218124, -3.967223116038977, 1.620778270065846, -1.014297564677168, -2.7565006850516163, 1.9337679149917242, -1.9084311889972678, 0.4855610827685488, -4.687012521502913, -0.8703547813562096, 0.3456676914562157, -6.301625745264758, -2.4635455801306976, -3.5762896175880696, -2.1071173577583697, -4.4458740479609276, 3.7086849585028587, -0.08948580807115714, -1.0674916034072823], [-7.518464201217734, 1.483966172427467, -0.7847260459591641, 4.890552088628144, 2.7683378577357907, -6.145034652188037, 1.311376055888794, -7.725655229665573, 6.909499656806154, -0.076589213589916, -4.894820609038959, 3.7201297434858875, 9.28404814206311, -9.318928807550495, -5.2607424445503925, 2.559246373717402, 1.455887178354764, -0.8674558173569986, -0.18294979870940647, -4.988230960693405, -3.8648988778281304, -12.153794751654676, 4.792826670313664, 0.7879246820884065, 0.2583784929714252, 0.3187011179731698], [-3.6395350215650217, 0.31990531820387536, 2.2657947855105935, 5.905658832858939, 3.7121132189423838, 3.421281124846238, 0.08638731515793152, -3.905579929065589, -6.680747300921364, -1.4118606302570091, -2.356861378605197, 2.5978138159998423, 3.2030123079602, 3.8960235209750627, -0.0014988324915576334, 1.5495032398475532, 8.975050677121773, 3.2204587088260843, 2.2763594154983657, -1.2046144751627845, 7.28187950753512, 0.7219557117070913, 0.9290796583981777, -2.236899531445605, 3.263380273606111, -2.3858279858186036], [-3.9247858515264955, -1.7881470666592238, 3.9255443867992943, -2.2392439234412382, 2.8296508430311365, -1.937501980049805, 3.8286456222024396, 1.3011755575799984, -2.069443164106543, -1.1948724644939555, 1.9837211785827253, 10.363091472984, 6.628995237934435, 9.126083329640633, -3.7550268487133946, -3.593729987708703, 1.213574402348571, 1.3324028735347855, -7.117680549166595, 2.396551488186127, 3.606520142707194, 0.14354941806794957, -4.140256143819564, -7.696600815156781, -0.5215849048339309, -0.26626643938557976], [4.732099992644137, -3.884584270449551, -4.78324598026364, -0.27028784122464145, -7.459316302536175, -0.42904749568158473, 0.23209097524927846, -4.1381492805582845, 5.432069656048355, -3.2081568931134443, 1.372517641314266, -9.831113483383113, 11.546175660672311, 0.31652259142685046, -7.912668665249004, -5.260188832750603, -0.7979855097065156, -0.206512006982284, 5.952798197477021, 4.898342652895566, -1.91009340405623, -1.835327842644544, 4.871898494866884, -1.8362326775843665, 1.8357430219611381, -2.411637380818248], [7.694115179908057, 0.8631681149505677, 3.1688771682943795, -5.283711792525141, 0.17863599167024846, 0.8885251937889186, 1.5213193550119886, -8.995271616817092, -3.5021117542371956, -3.4722883588758044, -2.3752824311953127, -4.366436187425886, 2.526487568643665, -6.454531870572021, -3.5284396720274005, 2.6971578032633574, -11.62903368651213, 1.906392446745742, 1.3636812396026308, -5.654332950946607, -5.213443849851242, 7.671927922984921, 4.714444525885115, 1.353880236432688, -0.6761764352429912, -1.1071730007985345], [-6.218564968360443, 2.1982846972022427, 2.116866991061967, 0.4702329141327797, 4.959835084379874, 0.35414494712573297, 1.506330358612749, -0.019327196368376542, 1.652209129036764, 2.3754005736999666, -0.148228116686006, 0.2384813197676935, 3.8735446453791806, -3.3839191274309477, -5.160266512979012, 0.47701230332618727, 7.240273767413598, -0.5569597657214028, -3.3015909790756606, -9.128524618155323, -0.9873932921692654, 