{"generation": 471, "board_size": 10, "snake_size": 3, "input_direction_count": 8, "apple_return_type": "boolean", "segment_return_type": "distance", "network": [{"layer": "dense", "input_size": 26, "output_size": 26, "weights": [[-0.20505732880341332, -2.188824429559206, -0.6779580028100742, -0.2459293018029236, 0.3584911901512529, 1.3187427571700145, 3.0634865139622423, -6.60981293325323, -0.9525206784441105, -0.579176020207441, 4.9536151278042135, -5.287404310420195, -5.384111496256592, 1.7478490392168764, 2.5443528768190307, 9.99789940887711, 3.0546030802848105, 3.607158766112177, 3.575611839407425, 0.8764675290383368, -1.9002896280306216, -3.5160459881780692, 5.255091423319055, 0.7331997811026076, 2.089736591937174, 1.7936652950778313], [-7.598769908066455, 2.4597547912451994, -4.869977974610889, 0.11121347369495893, -0.10109835781512788, 8.441360465783033, 1.6221890197392141, 4.71267960515077, -1.2875516145570103, 0.2536084365148783, -0.11066881781800936, 3.0865722898017616, 1.8190207738726674, 4.242348331767267, -2.276997970013302, 4.77202404927384, 4.40780021142788, -0.5862386200020921, 1.2694100835866093, -3.120655004181398, -0.15569815385007657, -4.652810818818594, 3.182260223580175, 6.096267728333686, 0.2452124525805576, -3.1343224519460087], [-3.663832169437903, 6.796414209510569, -3.5716803671984696, -0.19604907365251362, -6.382146794379248, -4.642776894941928, 3.3888073108958174, 5.385725040721851, 0.24297344844741944, -6.743328868290052, 5.615604749876137, 1.47580052487072, -6.787132387901032, 3.1044152379479324, 0.8428059919483625, 2.757147167512538, -7.2001261426111105, -5.211129500428587, 4.941938016314943, 0.7037804743802152, -0.5744237773505496, 0.7486789240069789, 1.0248941706612413, 0.6068058620649323, -4.054649607661616, -3.3167797835496087], [-1.6086229587870389, -4.836017141169259, 11.625763908624048, -0.1705682637943693, 4.679629691638648, -2.5582336254512037, 4.263840452329038, -4.32474785697701, -4.872134980470482, -2.2238936951104935, 7.60541368051006, -2.3415386522078934, -4.654017411302866, -5.633795222014991, -1.3732282050301168, 0.059084140821391684, -1.2997019653506876, 4.187132709401087, -0.9272965620261314, -2.7306526463258387, 5.649896880447385, -1.3761388361451945, -3.317945402527984, 4.388042240385616, 0.9594635671487151, 1.7594164518125868], [-7.189816681673085, -7.612534405809836, 4.227056761931145, -1.1027766307409528, 0.6980518461541577, 0.1828446438056015, 0.6516702927328586, -0.977725595818267, -0.8913105424133061, -2.430945995817212, 0.9406585652396764, 3.1891249705394635, 5.017292878675222, 2.807421714517699, -1.039547039782828, 4.826801944914488, 2.002053889541968, -6.4780940391323245, -1.2718097139751323, 0.052395385254447854, -1.5493661932299818, 3.2877061316057192, -5.539034521965875, -0.7083954990031789, 1.2558447270518938, 0.9669027435108377], [-1.8744821440084083, -4.544257689261544, -4.375620102266947, 8.62866895178622, 2.1428911586959387, -0.64486980286181, 2.6489947380964596, -0.3196638290757857, 6.449548185462271, -1.1881509336050102, -0.6465562547165687, 3.794177729924702, -0.7912215253374164, -0.9200615018684022, -1.1970791831754726, 2.00263971114802, 6.898505744707326, -2.1083611099797, 2.8321795663468485, -0.9346990819006965, 1.8792690361861684, -2.7843736245702617, 1.6673907292095254, -4.166910325039891, -0.6467671674286886, -3.0615231172582322], [2.037427013675501, -0.3397492223423315, -2.055044112149867, 7.34597299936719, -5.065572212410274, 4.416598238544759, -1.2123176376221778, -1.8471717052811718, 1.6421492456415239, 2.6928924370110745, -4.743874459993832, -0.4646352069251174, -0.8503999523256787, -2.0668155146168985, -0.6964990468770422, 3.241472555174986, 2.0069079581876372, -2.56954928988036, 1.863762658714453, -1.052775593989038, -2.5928337121147726, 1.6063479680800081, -2.626983432730864, -4.95252592199228, 5.17144857080282, -3.4643415185389776], [-3.190170289330953, 0.5260114989286415, -0.39382201230087377, -0.7192298672994778, -4.9628851277468815, 3.623773123581279, -1.1963259844857723, 7.230214009058072, -1.8090969146776614, 6.286049350524242, 4.411383185781022, 0.9575292565003811, 3.5054174992379483, 2.6733196888511075, -4.037756320780417, 4.3652762096241755, 4.5799443952398935, 1.7926525650200391, -0.8709342064367438, -4.012203708473552, -4.9738891581157105, 3.133360883343765, 7.234824200264166, -2.314552907695335, -0.385053106445329, -4.621847196033283], [1.830957566770481, -4.910330564633202, 5.439784197696954, 1.4380043242099048, -9.113823146907631, 1.7026930336876487, 1.4516922731691921, 3.48603680218124, -2.6843857634734247, 1.620778270065846, -1.5891668325026296, -2.7565006850516163, 1.511892156878426, -0.022252718145931882, 0.13501542749982542, -3.8967490304548598, -1.0388354603410264, 0.028323504164736057, -8.968568764985829, -1.9173786249254565, -3.5762896175880696, -1.9734700309958901, -3.73456302775274, 3.603341489131956, -1.7560418191566927, -0.7580864235120792], [-7.573611688042048, 0.9080445797241092, -0.7847260459591641, 5.029129319128755, 2.687804818840238, -6.145034652188037, 2.343521777228854, -7.725655229665573, 6.541611824728211, -2.9329041397310784, -5.190136679746608, 4.822425120234147, 7.673928639653733, -10.964930751680551, -3.988989145883097, 2.6654560585019698, 2.2017429694973782, -1.5485907224662894, 1.0550188741509219, -5.280573212301527, -3.8648988778281304, -11.135571221157864, 4.792826670313664, 0.2508776999173674, -0.12692282505062957, -0.16655483950967437], [-3.9192311794402364, 1.630356302774639, 2.4534330145746375, 5.905658832858939, 3.7121132189423838, 1.7225244200598164, 0.08638731515793152, -4.0937765161477415, -7.062287084629105, -0.26360561642429026, -1.9943743458183363, 2.3253619353816086, 3.1796458606984657, 3.8960235209750627, -1.279587476956523, 1.5328264978061021, 8.975050677121773, 4.0493760607811256, 1.2728710302686064, 0.023659050309371682, 7.28187950753512, 1.8252961604130806, 0.9290796583981777, -1.4797464715930253, 3.083562968864593, -2.3858279858186036], [-5.282004161510351, -0.9286834362181333, 4.393055174195652, -2.2392439234412382, 2.8296508430311365, 0.07093702971271743, 3.282826329152755, 0.8581494338490934, -2.069443164106543, -0.12163732991201487, 0.22845193540306064, 9.161311259839604, 5.626413427031862, 10.456580459637665, -2.774145982051425, -3.6659565662055487, 1.0350273927241633, 1.1234859600696834, -6.631458305591961, 2.260392944265356, 4.492240706715466, 0.4401876170661343, -4.595325150425699, -7.696600815156781, 0.09478922487702546, -0.06880631971960041], [5.392743738332469, -4.725320988766516, -3.7107056240606178, 0.8260104917109401, -7.459316302536175, -0.42904749568158473, -0.2927885234163121, -3.2627330415632, 4.810120565994099, -3.2081568931134443, 2.9071075024186674, -9.831113483383113, 10.08012561087272, -1.0763175086025405, -8.15796249524603, -5.236376947229707, -1.4194895895021407, 0.19778914706146875, 2.936298849372422, 6.047305661461501, -5.5600651909453696, -2.6587525159057326, 5.65728569745958, -2.025537040483197, 2.2344643087346214, -2.7257007984073423], [8.939345643075146, 0.8631681149505677, 2.0199599122494307, -2.6893648549532143, -0.6373286296747527, 1.5854030160058659, 1.5213193550119886, -7.398343170703158, -4.192677632238728, -3.1318645213211886, -2.3752824311953127, -4.64341929902959, 2.1074175607988375, -2.5314502079268455, -3.5284396720274005, 1.9125602613576973, -11.62903368651213, 2.1612613512067362, -2.254064786278281, -4.851252210275072, -4.881718067531747, 7.615249446420162, 8.485232067606566, 1.5056821585880806, -0.15482840379477825, -1.1071730007985345], [-7.750164178718547, 3.2201380507409785, 1.8403332851325735, 1.116796835717859, 5.650128409483273, 0.4350187267865695, 0.9122375051325801, -0.35589948483344785, 1.8321874153032145, 1.6181569111070608, -0.148228116686006, -0.34214762732471504, 3.908367652881909, -3.3839191274309477, -4.940557638198861, 0.558380354020628, 7.240273767413598, -1.194417945882552, -3.109293271513816, -6.147878740820584, -0.9873932921692654, 