{"generation": 475, "board_size": 10, "snake_size": 3, "input_direction_count": 8, "apple_return_type": "boolean", "segment_return_type": "distance", "network": [{"layer": "dense", "input_size": 26, "output_size": 26, "weights": [[-1.1295352598545585, -5.860812946921242, -1.6395317286191955, -1.255941445183479, 0.2062596590436785, 1.7756604301189753, 3.311543550519396, -6.399243396420032, -0.9525206784441105, -0.579176020207441, 7.5643559525894135, -5.23280200884901, -5.170455624142811, 0.9939644902111154, 2.5443528768190307, 9.594135337023845, 2.3079852873826843, 3.113061494794716, 2.3433133559512513, -0.007309032990318709, -1.0616287968850049, -2.8025181135588713, 7.469276387122677, 1.1517915192069377, 0.9202190997331482, 1.7936652950778313], [-6.927795993025506, 5.057069287355734, -4.869977974610889, -2.2499469222783026, 0.4724880394971226, 9.413422588034683, 2.982502466695102, 5.187978048346172, -1.2875516145570103, -2.4465226689143433, -0.009662798765974312, 3.0865722898017616, 1.8190207738726674, 6.349299019768869, -2.276997970013302, 5.791348124004002, 2.0053270918517763, -0.5862386200020921, 1.2694100835866093, -3.120655004181398, -0.15569815385007657, -4.17017209398761, 3.650952395648771, 5.118304852587301, 0.2452124525805576, -3.1343224519460087], [-3.950609975668225, 5.440824054783926, -3.5716803671984696, -0.19604907365251362, -6.382146794379248, -4.642776894941928, 1.3313338809132143, 5.385725040721851, -1.2433088869221476, -3.3815059264407346, 5.615604749876137, 0.5087356306131621, -6.457745525487253, 4.526125517171832, 0.8428059919483625, 1.716404417857014, -7.120678186545305, -3.942607085506569, 4.508172278466044, 0.7037804743802152, 1.2391627243439194, 1.7538642469138825, 3.1745507966312436, -1.833373936641291, -4.054649607661616, -3.3167797835496087], [-1.6086229587870389, -4.932871301016407, 11.625763908624048, -0.1705682637943693, 4.679629691638648, -2.026758580296021, 4.263840452329038, -4.625811310956138, -4.036640960191631, -1.6957222443454985, 7.60541368051006, -3.6832732735696765, -4.654017411302866, -5.633795222014991, -1.3732282050301168, 0.059084140821391684, -1.2997019653506876, 4.68346885332282, -0.6893291328676285, -2.7306526463258387, 5.368914730924351, -1.3761388361451945, -4.063565354517188, 1.2594783580416762, 0.9594635671487151, 1.7594164518125868], [-7.189816681673085, -7.612534405809836, 2.813817781522251, -1.5221926410957494, 0.6980518461541577, 0.1828446438056015, 1.4661451249224804, -0.977725595818267, -0.8913105424133061, -2.7364234071827727, 2.116740163731693, 3.1891249705394635, 5.017292878675222, 2.807421714517699, -1.039547039782828, 4.826801944914488, 2.002053889541968, -6.4780940391323245, -1.2718097139751323, 0.052395385254447854, -1.5493661932299818, 3.2877061316057192, -4.559435181088604, -0.7083954990031789, 1.2558447270518938, 0.14450964328373384], [-1.8744821440084083, -4.486997794122124, -2.514988968834972, 9.001381851391411, 2.1428911586959387, -0.64486980286181, 2.6489947380964596, -0.3196638290757857, 6.22967657119851, -1.1881509336050102, -0.6465562547165687, 2.258121436065215, -0.7912215253374164, -0.9200615018684022, -1.1970791831754726, 2.00263971114802, 8.888780556131872, -0.9748604905725186, 2.8321795663468485, -0.9346990819006965, -0.008836660959321452, -2.7843736245702617, 1.3973192015065177, -2.313244904640693, -0.6467671674286886, -3.0615231172582322], [-0.06705343446421308, 0.06344670686994552, -1.5098875883404006, 7.34597299936719, -4.552716087659233, 2.813128142622161, -1.6287809821587027, -3.3916232135304254, 1.6421492456415239, 2.4726778237183074, -4.333393257499898, -0.04410443958111743, -0.9827672528419875, -2.0668155146168985, -0.6100112654065911, 4.665546409485081, 2.0069079581876372, -1.65976433296162, 1.2086859907388643, -1.052775593989038, -2.5928337121147726, 1.6063479680800081, -2.1083692147216624, -4.95252592199228, 4.313817925517152, -3.4516991039594935], [-3.190170289330953, 0.5260114989286415, -0.39382201230087377, -0.7192298672994778, -6.4819283282753535, 3.623773123581279, -1.1963259844857723, 7.230214009058072, -1.8090969146776614, 6.047082433555246, 4.411383185781022, 0.9575292565003811, 3.5054174992379483, 3.6973788388177233, -4.037756320780417, 4.860156977899457, 4.5799443952398935, 1.7926525650200391, -0.8709342064367438, -4.012203708473552, -4.9738891581157105, 3.133360883343765, 7.234824200264166, -2.314552907695335, 1.282692658367075, -4.621847196033283], [1.830957566770481, -4.910330564633202, 6.891775812150561, 1.4380043242099048, -9.113823146907631, 1.7026930336876487, 1.3523975097622596, 2.0610026553523833, -2.6843857634734247, 1.965739070656978, -1.5891668325026296, -3.3721213744526124, 1.9337679149917242, -1.0890774571421242, -0.5218430076804017, -4.574067786457096, -0.8971368297548379, 0.3456676914562157, -6.304277171353992, -1.9173786249254565, -3.5762896175880696, -1.9734700309958901, -3.5945526764383766, 3.7086849585028587, -1.6336302357482864, -1.0674916034072823], [-8.522596775514206, 3.950971052999356, -0.5210346291627977, 4.2919186354178676, 2.7683378577357907, -5.4611914436433455, 2.735907359813707, -7.725655229665573, 6.517064949991407, -1.5219086766987575, -4.894820609038959, 4.822425120234147, 9.28404814206311, -10.428655205207425, -3.988989145883097, 2.559246373717402, 3.6854754571801203, -0.834906093320278, -1.223942590774198, -5.692716448839356, -3.8648988778281304, -12.153794751654676, 4.792826670313664, 0.2508776999173674, 0.2583784929714252, -0.16655483950967437], [-3.8560302402319144, 0.31990531820387536, 2.2657947855105935, 7.439503478774854, 3.783238857530574, 4.571374784011488, 0.08638731515793152, -4.222368715396834, -6.680747300921364, -0.26360561642429026, -1.4237442120094679, 3.5496363044156345, 3.2030123079602, 5.81050852642427, -0.7563399207142644, 2.1825107711731064, 8.257788604528772, 3.6108752824006034, 1.328414762752258, -0.42536818698023826, 7.28187950753512, 1.6257779520110303, 0.9290796583981777, -1.4797464715930253, 1.701289238109493, -2.3858279858186036], [-3.814039094575555, 0.9041434022923067, 3.9255443867992943, -1.8172381433348483, 2.4591700637414218, -1.5535092321064792, 3.282826329152755, 0.8581494338490934, -3.4564234974264383, -1.1948724644939555, 1.9837211785827253, 10.250199247461799, 5.626413427031862, 9.126083329640633, -1.4587037844612212, -2.496975478795433, 1.0008138409865353, 1.1686163605829158, -7.315685002671111, 0.6097870141534152, 6.657904858603106, 1.3202241060376525, -4.258761898917554, -7.4474631503724265, -1.1800813717575456, -0.26626643938557976], [5.35661505634979, -3.4088630632531256, -4.801264062035187, -0.34322294938964876, -6.8707745434538525, -1.4462605049875088, 0.000524685765009969, -4.1381492805582845, 4.325194914490668, -6.100007744131428, 4.270679169477132, -7.130204130406062, 9.02215807075639, -0.42724467249445464, -8.451080548224235, -5.236376947229707, -1.9775617926262246, 0.8541024303482753, 2.936298849372422, 6.233923814646277, -5.362595762216486, -2.5019945531341308, 7.417150784742443, -1.8925708953019875, 0.8530684014514447, -3.44619964616012], [8.584295482308228, 0.8631681149505677, 3.7243217071717662, -4.528880707341421, -1.1083135321593687, 2.1527010107818114, 0.2106168658384, -5.00079309023062, -3.5861543979054686, -3.987312999897263, -4.709097648544639, -4.646732437449737, 2.5900123129215555, -3.2684077961064375, -1.5364976397587566, 0.375345657797273, -11.62903368651213, 1.906392446745742, 1.3636812396026308, -4.624936660696023, -4.834322801589076, 7.671927922984921, 4.714444525885115, 1.5056821585880806, -0.6761764352429912, -1.1071730007985345], [-6.469905208660594, 2.1982846972022427, 2.9335364929665313, 0.4702329141327797, 4.959835084379874, 2.722960065565496, 0.5977358339905334, -1.022651503519694, 1.652209129036764, 1.6181569111070608, -1.368987288156611, 0.2384813197676935, 3.908367652881909, -3.3839191274309477, -4.940557638198861, -0.38831186094987935, 7.240273767413598, -0.5569597657214028, -3.3015909790756606, -5.7853789677312, -0.9873932921692654, 