{"generation": 479, "board_size": 10, "snake_size": 3, "input_direction_count": 8, "apple_return_type": "boolean", "segment_return_type": "distance", "network": [{"layer": "dense", "input_size": 26, "output_size": 26, "weights": [[-0.20505732880341332, -1.4570791239370071, -0.6779580028100742, -0.7766749799022299, 0.3584911901512529, 0.622989345444371, 1.345514608288148, -6.667912596756376, -0.9525206784441105, -0.579176020207441, 4.9536151278042135, -5.287404310420195, -5.384111496256592, 2.074041924673997, 2.5443528768190307, 9.056512652723097, 2.5858092356182856, 3.607158766112177, 3.575611839407425, 0.5062745656778678, -1.9002896280306216, -3.5160459881780692, 5.121526295414818, 0.7331997811026076, 1.787072734856439, 1.7936652950778313], [-7.598769908066455, 2.4597547912451994, -4.275428903009538, 1.1391098596473637, -0.10109835781512788, 10.797793777484388, 1.2075782517554852, 4.71267960515077, -1.2875516145570103, -0.8752150031198325, 0.009546182128165492, 3.9153972402514974, 3.2180051967584595, 2.3992539132990887, -0.6483928532524129, 4.77202404927384, 4.895074486266677, -1.9695552610220148, 1.2694100835866093, -3.34333653692656, 1.3863222605867853, -2.708575577830125, 2.555481738537121, 3.9695364017708137, 0.7114337084536005, 1.5374064651570287], [-3.663832169437903, 5.300223705078092, -1.279439380500756, -0.6594069477987821, -4.184679483739471, -5.235365995734962, 1.3313338809132143, 3.5878715632905327, -2.330512324849042, -7.258572895104416, 4.407736036030776, 1.9528242398486908, -7.531441614085326, 2.8156453690046814, 0.6055700208902657, 2.7813579866293887, -5.828044497602145, -4.376053061871485, 3.0941645726538702, 0.7037804743802152, -0.8375487208539174, 1.7538642469138825, 2.3512433842924763, -0.8284017328999211, -4.081738013516214, -4.750161117972722], [-1.1852343859674495, -3.866662255018807, 11.370765595311378, -0.1705682637943693, 4.679629691638648, -1.06753728578357, 2.041657594269382, -2.9519743726583423, -3.1087431615923293, -2.2238936951104935, 6.1361879114447015, -3.527032386466188, -5.234205370795404, -6.609812904830708, -1.0070631199263018, 0.15582151884820322, 0.5230720941166869, 4.9398249061861454, 2.733579717352523, -2.3359383446626962, 6.372001690542403, 1.0338169197516582, -4.7071656874472385, 4.392588533166309, 1.2175556028578511, 0.5368624845610233], [-7.189816681673085, -4.594548447514303, 0.8169554502546038, -2.32496666297387, 0.6980518461541577, -1.6525780779629173, 2.301868050202457, 0.7439719434458778, -1.1721066412925742, -2.430945995817212, 0.800656845564023, 2.0946580265191743, 5.7460626520279465, 2.807421714517699, -4.56612357950744, 5.670218886361267, 3.432150563251078, -3.579642028837032, -1.5745012058721788, 0.12407745272484093, -3.1416363459178323, 3.3071883297566, -5.4161174003121655, -0.7083954990031789, -0.5933491186360105, 2.384880144670519], [-1.8744821440084083, -3.7272030982910596, -3.2996136804771012, 8.45371309830174, 2.345879961410001, -1.8057008210029917, 2.668877873196698, -1.6922715044445447, 4.806850231560844, -1.1257957603479838, 0.39567736361482675, 2.258121436065215, -0.7912215253374164, -3.089835473043476, -2.259150990062111, 3.1757589308714653, 7.967028517319639, -0.006814100715048843, 2.8321795663468485, -1.1014788355080907, 2.3641903199028595, -2.7843736245702617, 0.6152095549217333, -2.5175390724060174, -1.4881095145706895, -1.5624164068910213], [1.4157908641202575, 0.4478002218538576, -1.5889305128991285, 7.34597299936719, -5.065572212410274, 4.416598238544759, -1.1517089724387688, -1.8471717052811718, 1.386868939321291, 2.6928924370110745, -4.743874459993832, -0.4646352069251174, -0.9827672528419875, -3.192585192721485, -0.6964990468770422, 2.510230610878314, 2.476434942149941, -1.295495388570555, 1.863762658714453, -1.9764669394152339, -2.060413817332476, 1.6063479680800081, -2.626983432730864, -4.95252592199228, 4.313817925517152, -3.7088943579330604], [-3.3557608164230004, 0.5260114989286415, -2.8468323049684567, -0.28784137999815973, -4.9628851277468815, 4.398973706812857, -1.1963259844857723, 7.230214009058072, -1.8090969146776614, 5.431182646751632, 4.068647030009234, 1.428520149356405, 3.5054174992379483, 2.6733196888511075, -0.75435317216872, 6.517926725201454, 3.874462484148127, 1.7926525650200391, -0.8709342064367438, -4.546040695838959, -4.9738891581157105, 1.901595511054405, 7.27653331890566, -2.6441188867000815, 0.23310867092744764, -0.30989420925042216], [1.7356545871319868, -4.939060666172204, 5.439784197696954, 2.705657539026086, -9.944152599111264, 0.8690254710113724, -0.6577962990181487, 3.48603680218124, 0.8280359819322125, 1.242567798495782, -1.5891668325026296, -2.7565006850516163, 1.7643915576867686, -0.12116945091850662, -0.3017492368845759, -4.574067786457096, -1.0410953226369397, -0.5920515471178491, -7.279739192418402, -2.1553259021880193, -2.2815182048014124, -1.9734700309958901, -4.4458740479609276, 4.9877517273808225, -1.9298763439926336, -0.9752971308619137], [-8.44623843935406, 2.0398809477368642, -1.0059377056805332, 5.351072367171465, 2.687804818840238, -6.145034652188037, 3.5465123582079063, -7.175853229583055, 7.154136657392322, -2.694582762714112, -4.894820609038959, 4.822425120234147, 9.533167267333523, -10.428655205207425, -3.988989145883097, 1.7391449769246212, 4.677588346917506, -1.4640809728354223, -0.6216443949148363, -4.754542738232103, -5.816985689308408, -13.333499980888625, 4.792826670313664, -0.6831719037285059, -2.70269051997404, -0.16655483950967437], [-3.6395350215650217, 1.2295908619050893, 2.2071363113697235, 5.905658832858939, 3.7121132189423838, 3.8597440449544766, -0.9291473724320372, -4.0937765161477415, -6.680747300921364, -0.26360561642429026, -1.9943743458183363, 2.3253619353816086, 3.2030123079602, 3.8960235209750627, -1.0852012578870986, 2.1825107711731064, 6.379321539168616, 5.325184869053388, 1.7011986065568256, 0.023659050309371682, 6.692032927977555, 0.7219557117070913, 0.9290796583981777, -1.4797464715930253, 5.3549256874700575, -2.366685201417804], [-3.2068362227217873, -0.9286834362181333, 3.9255443867992943, -2.2392439234412382, 1.776639099027047, -1.3747406130221473, 3.282826329152755, 0.8581494338490934, -2.069443164106543, -0.2371919693120248, 1.9837211785827253, 9.161311259839604, 5.626413427031862, 9.126083329640633, -5.415963204808002, -2.335062931462114, 2.815124330936693, 1.1686163605829158, -6.114408657374142, 1.2074796115875832, 4.7564223851995875, 0.6393925402306249, -4.308611228866931, -7.184341276720594, -0.531919558520784, -0.10018819080624247], [5.35661505634979, -4.725320988766516, -3.7107056240606178, -0.8245484077972679, -6.392889440887504, -1.4462605049875088, -0.2927885234163121, -4.1381492805582845, 5.950618219056001, -6.161270087174299, 2.9071075024186674, -13.660533439292877, 10.673676335412264, 0.31652259142685046, -8.451080548224235, -5.236376947229707, -0.9300330987252663, 1.1012559417662207, 0.8189165013479565, 6.047305661461501, -3.541104424812472, -1.5777209811522317, 6.474110612194804, -1.2840887721588494, 0.1335442581487125, -2.267884052025024], [7.114575463899941, 0.8631681149505677, 3.7243217071717662, -4.528880707341421, -1.1083135321593687, 1.7831589081611854, 0.6141452931000675, -7.249893868139799, -3.5861543979054686, -6.351703844166362, -3.2541241119438475, -4.458988056112363, 2.1074175607988375, -3.2684077961064375, -1.3986822359730868, 0.375345657797273, -11.62903368651213, 1.906392446745742, 0.024031801891831628, -6.192064626555631, -4.3038749492938155, 7.615249446420162, 7.542474421528869, 1.5056821585880806, -0.7327991804373339, -3.4960280236565424], [-5.2804642617156095, 3.2201380507409785, 2.602437011690567, 0.4702329141327797, 3.9838405332797078, 2.3033559193294497, 0.8772167840237768, -0.35589948483344785, 1.045992564782762, 1.6181569111070608, -0.6255615364676844, -0.34214762732471504, 2.3668975995566095, -3.3839191274309477, -4.0026493563689565, -0.1729469341699591, 7.240273767413598, 0.5316712768555177, -3.3015909790756606, -6.147878740820584, -0.477619994327951, 