{"generation": 461, "board_size": 10, "snake_size": 3, "input_direction_count": 8, "apple_return_type": "boolean", "segment_return_type": "distance", "network": [{"layer": "dense", "input_size": 26, "output_size": 26, "weights": [[-0.20505732880341332, -2.812996995836046, -1.672631189972511, -0.7766749799022299, 0.3095842802302269, 0.622989345444371, 3.8030066197510894, -6.667912596756376, -0.9525206784441105, -0.579176020207441, 4.9536151278042135, -5.287404310420195, -5.384111496256592, 2.074041924673997, 2.5443528768190307, 10.002098540658535, 3.0546030802848105, 3.7494758542710755, 3.575611839407425, 0.5062745656778678, -1.9002896280306216, -4.458538802811011, 5.255091423319055, 0.7331997811026076, 2.089736591937174, 1.7936652950778313], [-6.844018595138155, 1.5057103653560249, -4.869977974610889, 0.11121347369495893, -0.10109835781512788, 9.941010187011578, 1.6221890197392141, 4.71267960515077, -1.2875516145570103, 0.2536084365148783, -2.7892606234818675, 2.0895949415577677, 2.8665821307217265, 3.639982904624442, -0.16808280333689102, 4.77202404927384, 4.895074486266677, -2.5846198431871588, 1.2694100835866093, -3.34333653692656, 1.3863222605867853, -1.4851880491649103, 2.555481738537121, 3.9695364017708137, 0.2452124525805576, 1.069979097031494], [-3.663832169437903, 4.921297115986983, -1.279439380500756, 0.21519124778609588, -4.71395639847381, -4.560093048206536, 1.3313338809132143, 5.314320205539958, 0.3624420961370062, -7.258572895104416, 5.755688740615033, 1.47580052487072, -7.2152423584583225, 2.8132797870828363, 0.8428059919483625, 1.716404417857014, -5.846123997703318, -4.376053061871485, 3.0941645726538702, 0.7037804743802152, -2.2297273189481683, 1.7538642469138825, 2.107969311588622, -2.643240452390409, -4.054649607661616, -3.3167797835496087], [-1.1852343859674495, -3.1757417688827054, 10.11463858674713, -0.1705682637943693, 4.679629691638648, -1.06753728578357, 3.537947247802123, -2.9519743726583423, -4.036640960191631, -2.2238936951104935, 7.60541368051006, -4.488297428477185, -5.292670177155857, -6.609812904830708, 0.3339919980125595, -0.005170872241527083, -0.5600062318008758, 4.9398249061861454, 1.0476274076031578, -3.6071968062318156, 5.649896880447385, 1.476423132633578, -5.012893943563738, 4.064401692092185, 1.4312556563919996, 1.7594164518125868], [-7.189816681673085, -8.083760110777526, 0.920162796064838, -2.087918190453877, 0.6980518461541577, -1.1363356485008729, 1.1791142190694468, 0.9675259765445078, -0.8913105424133061, -2.430945995817212, 1.6365977795352027, 2.0946580265191743, 5.017292878675222, 2.807421714517699, -1.039547039782828, 5.429064382550054, 3.0521170708893943, -3.2347782336261037, 0.15305474825538057, 0.052395385254447854, -3.1416363459178323, 3.3071883297566, -4.470949120625524, -0.7083954990031789, 1.2558447270518938, 2.384880144670519], [-1.8744821440084083, -3.7272030982910596, -3.2996136804771012, 7.528934520647339, 2.345879961410001, 0.1567250866190517, 1.2327521806544346, -1.012352825097878, 6.22967657119851, -1.1881509336050102, -0.4619122149102606, 4.290952394963201, -0.970622034004753, -1.1481733545640784, -1.8165167577635066, 2.00263971114802, 7.967028517319639, -0.9748604905725186, 4.011857690954988, -1.1823499512273503, 1.8792690361861684, -2.7843736245702617, 1.5085101509423078, -2.4791632506289982, -2.4033528913811875, -3.707341154463549], [0.4232499557902076, 0.6459734577007904, -2.358428751324788, 8.169783473662605, -5.198618512857433, 4.416598238544759, 0.9617580147466323, -4.225131040415609, 3.530888537443211, 0.03092407753812254, -4.743874459993832, -1.5967454125329947, -0.9827672528419875, -2.5868741041552092, -0.6964990468770422, 2.3652143608134275, -0.0046119725987064375, -1.956877939592705, 0.3271216782033344, -1.052775593989038, -2.7168452939434227, -0.35155178199582204, -0.22113162980148937, -5.628785464947859, 4.520222462246249, -2.656096177633561], [-3.3557608164230004, 0.5260114989286415, -1.2892189413570185, -0.585777653407341, -4.6184501521756225, 2.910749989457006, -0.7641529372165978, 7.230214009058072, -0.6010439137785435, 6.286049350524242, 4.411383185781022, 0.9575292565003811, 4.543297378526694, 5.136531328920212, -1.464960998379604, 4.3652762096241755, 3.874462484148127, 1.7926525650200391, -0.7293735480343428, -4.104024037520834, -4.9738891581157105, 2.116941068695259, 6.343079910151266, -2.731531240155393, -1.96792014609201, -3.8697128394208917], [1.830957566770481, -4.939060666172204, 5.439784197696954, 1.4380043242099048, -9.944152599111264, 2.4456903539144004, -0.6577962990181487, 2.5481753814407435, -1.1520382601691614, 1.620778270065846, -1.5891668325026296, -2.7565006850516163, 1.9337679149917242, 0.7469591925174524, 0.34578099376306437, -4.574067786457096, -0.8703547813562096, -0.5920515471178491, -7.425037918862715, -1.9173786249254565, -4.6193806381464, -1.9734700309958901, -2.833606701710495, 4.334111209143772, -1.7560418191566927, 0.007779163403854428], [-7.390487051785649, 2.2040258639707737, -1.4041282718988484, 4.334098255564772, 2.2003460720911807, -5.273899049182152, 2.5711327220754976, -8.52733023150489, 6.541611824728211, -2.9329041397310784, -4.377637069351388, 4.637000181537827, 7.141895603508734, -10.601116553627735, -3.988989145883097, 2.559246373717402, 2.2017429694973782, -2.3346525741110304, 1.0550188741509219, -7.005553042537502, -3.8648988778281304, -12.153794751654676, 4.792826670313664, 0.6600784203586514, -0.12692282505062957, -0.16655483950967437], [-4.216320982723442, 0.7150441554048651, 3.597433508721306, 6.324228527319799, 3.334194872048063, 3.558292979786424, -0.0646418499591441, -4.0937765161477415, -8.681280271173463, -0.26360561642429026, -1.114876584221318, 3.888677520893873, 3.1796458606984657, 3.8960235209750627, 0.6542622505418775, 2.6581588509016716, 9.604852679735014, 3.5435111398754993, 1.328414762752258, -0.18345356222011752, 6.548469107301066, 1.6257779520110303, 0.04705765633532111, -1.9890080020663108, 3.083562968864593, -2.636804262327056], [-4.547668397136271, -0.9286834362181333, 3.9255443867992943, -1.7419248044474078, 4.160085135581868, 0.07093702971271743, 2.69699173517819, 0.8581494338490934, -2.069443164106543, -0.5020603717255179, 0.22845193540306064, 9.386348961799644, 5.626413427031862, 9.126083329640633, -2.774145982051425, -3.6659565662055487, 0.4886290375089457, 1.1191145357046552, -6.385987912358656, 1.2074796115875832, 6.126227201636025, 0.4401876170661343, -4.595325150425699, -7.137479237800132, -0.5005103520382658, -0.06880631971960041], [4.732099992644137, -4.725320988766516, -3.7107056240606178, 0.8260104917109401, -7.459316302536175, -0.42904749568158473, -0.2927885234163121, -2.479408173325537, 4.810120565994099, -3.2081568931134443, 2.3789616112423455, -9.831113483383113, 10.08012561087272, 0.31652259142685046, -8.451080548224235, -5.236376947229707, -0.9728922451138928, 0.011795994054941916, 4.956079445574896, 6.047305661461501, -2.4656207242039456, -2.6587525159057326, 4.942744576637208, -2.025537040483197, 0.8530684014514447, -2.267884052025024], [7.694115179908057, 0.8631681149505677, 3.1688771682943795, -3.4415411241697784, -1.1083135321593687, 1.5854030160058659, 1.5213193550119886, -8.995271616817092, -3.5861543979054686, -3.06060023555985, -2.3752824311953127, -4.366436187425886, 2.1074175607988375, -3.2684077961064375, -3.5284396720274005, 0.375345657797273, -11.62903368651213, 1.906392446745742, 1.3636812396026308, -4.851252210275072, -4.834322801589076, 7.671927922984921, 4.714444525885115, 1.5056821585880806, -0.6761764352429912, -1.1071730007985345], [-6.218564968360443, 2.1982846972022427, 2.9335364929665313, 0.4702329141327797, 4.959835084379874, 2.3033559193294497, 0.9122375051325801, -0.019327196368376542, 1.652209129036764, 1.6181569111070608, -0.148228116686006, 0.2384813197676935, 3.908367652881909, -3.3839191274309477, -4.940557638198861, -0.38831186094987935, 7.240273767413598, -0.28118176797904704, -3.3015909790756606, -5.7853789677312, -0.9873932921692654, 