{"generation": 450, "board_size": 10, "snake_size": 3, "input_direction_count": 8, "apple_return_type": "boolean", "segment_return_type": "distance", "network": [{"layer": "dense", "input_size": 26, "output_size": 26, "weights": [[-0.20505732880341332, -4.275633761999332, -0.8213726283369963, -0.7766749799022299, 0.4637175509851395, 0.622989345444371, 3.311543550519396, -6.667912596756376, -0.9525206784441105, -0.579176020207441, 4.9536151278042135, -5.287404310420195, -4.381129496598666, 2.074041924673997, 2.5443528768190307, 9.550160067039021, 3.0546030802848105, 3.113061494794716, 3.575611839407425, 1.6972433998625167, -1.9002896280306216, -3.5160459881780692, 5.255091423319055, 1.2893866257783384, 2.089736591937174, 1.7936652950778313], [-7.598769908066455, 1.7429188491644898, -6.205513040568087, 0.11121347369495893, -0.10109835781512788, 9.413422588034683, 3.870385001185979, 4.71267960515077, -1.2875516145570103, -1.2347303829100003, -0.9871362855732517, 2.0895949415577677, 2.8665821307217265, 3.639982904624442, -0.6483928532524129, 4.77202404927384, 4.895074486266677, -3.244554797308372, 1.2694100835866093, -2.888960860630664, 1.3863222605867853, -2.708575577830125, 2.780367800617082, 3.918997273232217, 0.2452124525805576, -0.6710836687869541], [-3.663832169437903, 4.921297115986983, -1.7177654069657975, 0.21519124778609588, -5.060602098147889, -4.560093048206536, 1.3313338809132143, 4.767876872426236, 0.3624420961370062, -7.258572895104416, 5.755688740615033, 1.47580052487072, -7.2152423584583225, 2.8156453690046814, 0.8428059919483625, 1.716404417857014, -5.846123997703318, -4.376053061871485, 3.0941645726538702, 0.24933938695231195, -1.6849421066717896, 1.7538642469138825, 2.107969311588622, -1.8094313426132729, -4.054649607661616, -3.3167797835496087], [-1.1852343859674495, -3.7319424851070844, 11.625763908624048, -0.1705682637943693, 4.679629691638648, -2.5582336254512037, 4.263840452329038, -4.458072366739915, -4.036640960191631, -2.2238936951104935, 7.60541368051006, -3.742374246733605, -4.654017411302866, -4.3926706647133225, -1.3732282050301168, 0.059084140821391684, -0.12981201135409282, 4.9398249061861454, 0.5405892849999133, -2.7306526463258387, 5.649896880447385, 1.0338169197516582, -3.317945402527984, 1.7143083985345422, 1.4312556563919996, 2.470465506937025], [-7.189816681673085, -7.612534405809836, 0.920162796064838, -2.4797098439812646, 0.6980518461541577, 0.1828446438056015, 0.6516702927328586, 0.21724775230926252, -0.8913105424133061, -2.430945995817212, 2.0237097445694094, 3.1891249705394635, 5.017292878675222, 2.807421714517699, -1.039547039782828, 3.5810840028487707, 2.002053889541968, -6.4780940391323245, -0.6454589001112059, 0.052395385254447854, -2.227833398472259, 2.905248038259324, -4.470949120625524, -0.7083954990031789, 1.2558447270518938, 0.9669027435108377], [-1.8744821440084083, -3.7272030982910596, -2.514988968834972, 9.215893225465589, 2.1428911586959387, -0.64486980286181, 2.874539639619378, -0.3196638290757857, 5.710382453896695, -1.1881509336050102, -0.6465562547165687, 2.258121436065215, -0.7912215253374164, -0.9200615018684022, -1.1970791831754726, 2.00263971114802, 7.967028517319639, -0.9748604905725186, 2.8321795663468485, -0.9346990819006965, 1.8792690361861684, -2.7843736245702617, 2.867692728627877, -4.166910325039891, -2.4033528913811875, -3.0615231172582322], [1.2619156002582215, -0.3397492223423315, -2.358428751324788, 7.34597299936719, -5.198618512857433, 4.416598238544759, -0.924762636022724, -1.8471717052811718, 1.684294687489027, 1.1688876117582376, -4.743874459993832, -0.4646352069251174, 1.3518471267446672, -2.5868741041552092, -2.4138430964061044, 2.510230610878314, 0.37044347139299383, -1.162887232500383, 1.863762658714453, -1.052775593989038, -2.9383271811001395, 1.6063479680800081, -2.626983432730864, -4.95252592199228, 4.313817925517152, -3.7088943579330604], [-3.3557608164230004, 0.5260114989286415, -0.39382201230087377, -0.585777653407341, -4.9628851277468815, 2.910749989457006, -1.1963259844857723, 7.230214009058072, -1.8090969146776614, 6.286049350524242, 4.411383185781022, 0.9575292565003811, 3.5054174992379483, 4.224593348609302, -1.81083664156229, 4.3652762096241755, 3.874462484148127, 1.7926525650200391, -0.8709342064367438, -4.012203708473552, -4.9738891581157105, 2.116941068695259, 7.27653331890566, -2.0724457221767505, -0.385053106445329, -2.629086328594761], [1.830957566770481, -4.939060666172204, 5.439784197696954, 1.4380043242099048, -9.944152599111264, 2.9240631616035833, -0.6577962990181487, 3.48603680218124, -0.8436941091906673, 1.620778270065846, -1.5891668325026296, -2.7565006850516163, 1.9337679149917242, -0.022252718145931882, 0.13501542749982542, -4.574067786457096, -0.8703547813562096, -0.5920515471178491, -7.425037918862715, -1.9173786249254565, -3.5762896175880696, -1.9734700309958901, -4.4458740479609276, 3.603341489131956, -1.2957620255421767, -1.0674916034072823], [-7.573611688042048, 2.2040258639707737, -0.7847260459591641, 4.334098255564772, 2.687804818840238, -6.145034652188037, 2.224318925036719, -7.725655229665573, 5.079522716555731, -2.9329041397310784, -4.894820609038959, 4.822425120234147, 8.438405215484238, -10.428655205207425, -3.988989145883097, 2.559246373717402, 2.2017429694973782, -0.8355516552917632, 1.0550188741509219, -5.280573212301527, -3.8648988778281304, -12.153794751654676, 4.792826670313664, 0.2508776999173674, -0.12692282505062957, 0.7984139624674302], [-2.8043669549043724, 0.7150441554048651, 2.2657947855105935, 5.905658832858939, 3.7121132189423838, 3.421281124846238, 0.08638731515793152, -3.9918668145783913, -7.062287084629105, -0.26360561642429026, -1.9943743458183363, 2.3253619353816086, 3.1796458606984657, 3.8960235209750627, -1.279587476956523, 2.1825107711731064, 8.975050677121773, 4.0493760607811256, 1.328414762752258, 0.023659050309371682, 7.28187950753512, 1.6257779520110303, 0.9290796583981777, -1.4797464715930253, 3.083562968864593, -2.3858279858186036], [-3.9247858515264955, -0.9286834362181333, 3.9255443867992943, -2.2392439234412382, 2.8296508430311365, 0.07093702971271743, 3.282826329152755, 0.8581494338490934, -2.069443164106543, -1.1948724644939555, 1.9837211785827253, 9.161311259839604, 5.626413427031862, 9.126083329640633, -3.883735869733568, -3.9214332162794827, 1.6269122958802016, 1.1686163605829158, -5.343541816148349, 1.2074796115875832, 4.254040896117949, 0.4401876170661343, -4.258761898917554, -7.696600815156781, -0.5215849048339309, -0.06880631971960041], [4.732099992644137, -4.725320988766516, -3.7107056240606178, -0.27028784122464145, -7.459316302536175, -0.42904749568158473, -0.2927885234163121, -4.900085593765719, 4.810120565994099, -3.2081568931134443, 2.9071075024186674, -9.831113483383113, 10.08012561087272, 0.31652259142685046, -8.451080548224235, -5.236376947229707, -1.4194895895021407, 0.011795994054941916, 2.936298849372422, 6.047305661461501, -5.390665760989101, -1.2191350811504482, 6.474110612194804, -1.6316015770481673, 0.8530684014514447, -2.267884052025024], [6.971809686360017, 0.8631681149505677, 3.0323237334117907, -2.6893648549532143, -1.1083135321593687, 1.5854030160058659, 0.2106168658384, -7.249893868139799, -3.5861543979054686, -3.06060023555985, -2.3752824311953127, -4.785986270857044, 2.1074175607988375, -3.2684077961064375, -1.3986822359730868, 0.44023192776476394, -11.62903368651213, 1.906392446745742, -0.18187941943183572, -4.515731478589515, -4.3038749492938155, 6.6061225294304355, 4.714444525885115, 1.5056821585880806, -1.0007076194061408, -1.1071730007985345], [-5.2804642617156095, 3.2201380507409785, 2.602437011690567, 0.4702329141327797, 4.959835084379874, 2.3033559193294497, 2.0757983029332756, -0.35589948483344785, -0.28747107223334645, 1.6181569111070608, -0.148228116686006, -0.34214762732471504, 3.908367652881909, -3.3839191274309477, -4.218449348735881, -0.1729469341699591, 7.240273767413598, -0.28118176797904704, -3.3015909790756606, -6.147878740820584, 