{"generation": 573, "board_size": 10, "snake_size": 3, "input_direction_count": 8, "apple_return_type": "boolean", "segment_return_type": "distance", "network": [{"layer": "dense", "input_size": 26, "output_size": 30, "weights": [[-0.6604305403438682, -0.9981136675829111, 1.9548047056513647, -5.240995281061214, 2.348288752229935, 4.082218576741424, -4.073514078743722, 4.35667718443868, 6.466966258376335, -1.2949442388976524, -5.717836633778691, 5.098890884466938, 4.413057778484174, 5.2371063429236475, -0.5442606430977117, -5.932666740944146, 4.064944509890551, 2.7038021691318, 4.194587790456037, 0.7152864628440893, 0.36127927050246833, 9.705421459683132, 4.88388776568378, -1.853082445973687, -4.920644586478315, -7.677901228989912], [-3.737086392592594, -0.9130803538193495, -2.801035296771183, 1.1963720367611184, 3.4263078322101785, 1.1335485736615678, 2.9983056254746296, 2.9078932956046915, 0.7932802072888658, 3.752902070723845, -1.7932883943665165, 4.318754515704199, -5.099804893940911, 3.486140647092958, 7.554141408502661, -0.44527300653499247, -0.6118833716480652, -1.1311441608631214, -0.19014014435243676, 4.579661740867074, -1.8132482178554228, -4.356602904490735, -0.6060862856139542, 0.10415140879042695, -3.67748973601791, -1.3012440666381666], [-6.523335044996026, 4.8160885480314946, 2.5703217651245422, 3.5970424428540735, 0.4300844805236883, 3.5027460881412433, 8.138555282914407, -2.6707761731415807, -0.1317773848529593, -1.8245257857103065, 1.6078663021556971, 4.094120120481101, 1.0436273421528404, -2.241551555474877, -3.592365246583355, 5.4600701359974595, -3.9760434103980717, 4.676729591011572, 1.8301444698149678, 1.7746231337539027, -5.734096292781288, -5.102970770119878, 1.1044238992193696, -2.2921960007674094, -6.303978696224252, -7.202897618774262], [-0.1678965234456724, 6.529205654625565, 3.1366134065769247, 1.0471556327452793, -2.7937725769804413, 3.263552288441184, -3.606941547029743, 3.3680562708262523, -3.889818746227303, -2.0684007435881604, -3.8360957132387137, 3.6249876742204536, -3.6798043077462084, 5.277368758692347, 11.29833470447031, -1.924273355781885, 3.013007112745542, 3.4252798067840353, -3.5443718305023233, -1.3192875634112855, 0.7327737508040293, 6.990633873355893, -3.2339335876976554, 1.641857441787345, 3.2964794288064674, -1.026396662741475], [10.824484296164039, 0.03146813435306417, 5.579157084967911, -1.4119089287226025, -1.4856284368662882, 4.013892341554079, -0.2657986281615139, 1.762234617712394, -9.026414442088445, -2.4760358138252903, -5.763245667416017, 1.0675436134429384, 6.901036709534078, -0.7439475732743357, 6.492259948101127, 3.7699665206264914, 3.5865907550145293, -1.0438421982207746, 0.5144601158686215, -3.3832986859195118, -1.9235008429529794, 3.401902922885501, 1.879895625898553, 5.085280192933075, -4.51943823934466, 1.5368618555064113], [-0.23636418816282959, 0.24008625122226046, 1.3114498979893385, -0.2623582348553495, 0.12299799389044208, 2.9971542427930995, -8.17839715198291, 6.9587327586985905, -0.5004301846736373, 3.8063255482504936, 2.4381753917110895, 4.083031193296077, 2.4142575461321796, -2.560204437664981, 2.981481600450863, -7.990829224598292, -2.834943053907836, -9.078502081867056, 4.159065336966076, 7.567464138277296, 9.124696210667462, 14.565762425678304, -1.7669321233499695, 5.980759739136441, 1.9025827210685384, -1.859323942006464], [3.165588387137465, -0.645725650868155, 1.727144228089763, -4.463430133440346, 1.423842013591707, 5.019154607099861, 3.865616853434672, 7.5604080524062915, -6.0449481425175025, -4.751292863662969, -0.16222205911797832, 0.9663683255405873, 0.4892713998933744, -0.9661893754233933, -2.902567632925015, -3.6937765557625593, -8.51793716681371, -0.7390174576299736, 4.178399462458899, 9.057248604741506, -2.7618660848777488, 1.0938875829423058, -1.925431049123106, -3.936230610929478, 7.149921712521408, -3.6227438165083514], [-1.605825954478727, 1.638696434532936, -1.488122076912083, 4.624891340762802, -3.052490555177066, -3.593731818212312, -3.9341580247366017, 2.6756658121642856, -1.8328522504192304, -1.3472088824077497, 3.00192775388947, -2.094063446867522, 3.749346150989021, -3.021924844899003, -2.3822976750035183, -1.6727554798942295, -2.9258716048405335, -9.234741173078799, -2.63558834697616, 5.314110136228919, 8.560689701163534, 1.7267469310465924, -5.605966296742359, -1.5256010474970116, -0.11962548985524021, -2.546047219298398], [-0.46146152294083154, -10.19573522318212, -1.9502450287845003, -3.662009888637311, -1.9783257839496595, 0.6475540766404703, 1.9038302419140898, 2.5667017687709275, 6.458648822258455, -3.988849584383748, -4.70914230197419, -4.8514132056021655, -4.2538668011598935, -6.139350645575689, 1.7516687692560897, 5.704314885682793, 2.7664065162236247, -1.7019323882840092, -0.5132058181240122, -0.9597982924659911, -5.704078711099019, 7.7137654693741595, -2.5752095758840494, 2.4883627444518313, -0.5886279125175016, -6.574289429181249], [2.082281020744277, -1.5495179999477746, -1.0698260007313967, -1.825695958248434, 2.6638334473531757, 3.05677331950487, 0.14816105118717138, 0.3972397829178158, -3.7933327140136552, -2.913396741048332, 5.285875041112438, -4.07473775351114, 3.3871567084105383, -5.758188332097726, 2.434877915858328, 3.582434232573115, -4.695548785067861, -0.8509959249705064, -1.14163648350228, -0.3287872796198199, -1.0815047346629432, -5.216867891919063, 7.689703792375699, -2.9304874221227672, 0.9607805955862064, 2.871438086333699], [-7.952347056097785, -0.43640577488099674, 3.7024641507130385, -6.250631782346511, -0.4086182145992572, 2.009729274596284, -1.7304759783960966, -1.4844903476665352, 11.136706085937634, -4.983317802347332, -5.220565093473746, 3.806119812027163, -1.8963011439419406, -2.6978271602342354, 7.681233254990417, -3.3845649340344606, -6.93235184317563, 3.7265586350490105, 5.8381023511184775, 4.375738836914469, -2.5743437964944804, -4.985586573455338, -3.3031328562078004, -4.259180117890605, 1.3428803029053442, 1.641233317158544], [-0.08155673131802432, -4.903071873845547, 3.460450519461552, 3.447896828767931, -1.761578179314634, 1.5520698643940132, 4.151596064298896, 1.3746899563884674, 1.0239823893948918, 2.665997116695426, 2.734726911956314, 5.1622072501610115, -2.6323558638093187, 1.6149139175942095, 1.700325075185394, 9.336529521453816, 7.851125545398177, -5.108051527248768, 2.993407464117562, -9.750948073252804, 5.981367809490876, 1.4461374648790926, 9.901842435434661, 5.629810362448971, 4.145318625955067, 0.16341448999217667], [2.5050474464354457, 0.8939740630959414, 3.3962388764860068, -1.2538376863521217, -1.0781430395872402, -3.2424397134240133, -0.7919563011364171, -5.901171664059927, -1.9206540337281022, -1.3714548308686458, -3.780064073165778, 2.787073390038013, -3.6713509849597528, 3.3410445374924342, 7.521187971325481, 6.485271793217576, 1.2453240680781186, -2.0534043011861534, 2.3569849033057184, -5.203735941328685, -1.1215354673785638, -7.745168136094032, 0.3194308053444139, -0.13873191586565747, 3.438423117256687, -3.933654452444773], [2.993793243981082, 3.2977192570898683, 1.82748782721271, 3.0602052340889916, -8.52738874733956, 0.13053972874897157, -6.935794913794375, 1.6909177744565125, -1.3324111866201351, 1.9573817016498765, -1.9742398790714777, 3.7407081635693626, -3.136225859555525, 0.4829229073814465, 2.6761895989917432, -0.20992179398206978, -5.339730388235917, 3.4084638502790114, 9.265756002309061, 8.26623401363135, -2.621158358742199, -1.38577636046102, 3.3726753946342636, -0.885219101021272, -4.453965122876096, -2.218314967078128], [-7.454092671026, -0.37926062229642854, 5.45039221819129, 0.12979683838317668, -1.7513311672815624, 2.3410536599090688, 8.673164763813737, 1.3864677342666942, -8.225988190772867, -4.902698864516765, -1.6178345462439006, -0.3117116528468842, -0.014533246008390899, 5.322461899833922, -6.32263332575544, -3.389652144158079, 4.716843751140593, -0.6275421172824349, -4.397782144162826, 0.5618750248770662, 1.454913830573103, 3.2278999205176495, 