{"generation": 576, "board_size": 10, "snake_size": 3, "input_direction_count": 8, "apple_return_type": "boolean", "segment_return_type": "distance", "network": [{"layer": "dense", "input_size": 26, "output_size": 30, "weights": [[-0.6604305403438682, -2.3677852021694217, 1.9548047056513647, -7.943759819943286, 2.8072374720575883, 1.9822265126239942, -3.8438511728898543, 4.268697163376443, 5.533576473904781, -0.769961024006979, -5.901984157014657, 4.649113198524365, 1.0274373319599017, 4.678278400196942, -1.5124497437475841, -5.62002225425341, 3.045160935880641, 4.7268151240528695, 4.587129344962273, 0.5473935205659048, 2.183510251285249, 9.705421459683132, 5.649379517127944, -0.9629445792958502, -5.226095826792573, -6.870840469111071], [-2.8085762944942214, -1.87377757794384, 1.6579032474846962, 0.5777555880847026, 2.7898630421671076, 0.30670913881426165, 1.6889137491832098, -1.4078383408289572, 0.40070426134536224, 4.092709952849319, -0.9354964123463307, 4.2707017436993535, -6.581269264675266, 9.054129942577795, 4.9513830287307625, -0.07815086867327048, -1.1944330478085727, -1.3034427710854697, -2.10510818404071, 2.2498915386300955, -3.071409693006384, -2.562654427187412, -0.9481406381406393, -1.533767546545126, -4.0681453113915245, -0.18755310314946616], [-6.921372750721779, 4.733572018318987, 3.019629079550384, 4.353001281385309, -2.8384944379286527, 3.3713770413976922, 8.118512618518935, -3.781328288437259, 6.516106294980897, -2.998943350028473, 3.5525844226462358, 2.4946508474405205, 0.3620288353529827, -2.5285042636866533, -4.241419187895525, 4.368249708971785, -5.0781704005794985, 3.9756128840977083, 2.1805116079874614, -1.421774629869976, -5.989964326157486, -6.047975447049648, 2.008672854753524, -1.8768318883827444, -7.0833870942813, -6.701270761993719], [4.045011046118652, 5.930767194063349, 3.900049925641021, 0.3116149415390468, -3.1524034136452537, 3.2455000530278655, -5.9600696608509605, 3.88661995738143, -2.02083680959035, -3.8481970258171527, -4.18427120125442, 4.391645187121157, -4.662179999519572, 6.769715484835088, 11.29833470447031, -1.6020264853123227, 4.022281781361546, 3.4252798067840353, -4.363992736185876, -2.410648017242493, 1.6308302716581713, 5.388842054684042, -3.2339335876976554, 1.641857441787345, 4.059179148087288, -0.16168792609875604], [11.18498428443398, -1.0387975152604396, 5.579157084967911, -0.9457177814439364, -3.8952144425699897, 4.0197584694863915, -1.2522287525701385, 1.0718517627589663, -8.268513481300063, -2.7534449829976237, -6.002941106133136, 1.3543951575154354, 6.901036709534078, -0.6158358143766811, 6.414788184398134, 1.5542356807693203, 1.8830481942987678, -1.0438421982207746, 0.5144601158686215, -4.446927405131137, -1.9235008429529794, 2.848687643038957, 2.0551916884835353, 5.085280192933075, -6.875932527599941, 1.921455918798197], [0.514851355982421, 1.240900699356243, 1.0638652333046625, -0.9062669098514169, 1.564730430784919, 3.472496324449582, -6.362800318336284, 4.6018920549377915, -2.042494590324929, 7.037113630642878, -0.08909662486751257, 4.083031193296077, 2.757472020142112, -1.0407056417831977, 3.1404519124521, -6.70149717813066, -2.834943053907836, -9.492720970929307, 4.159065336966076, 4.226688357852369, 9.124696210667462, 14.565762425678304, -1.3586715051792018, 6.5483819984489395, 1.422752318099145, -1.066711389774126], [4.3156024968585225, -2.3696117398860124, 4.012283983777141, -4.463430133440346, 3.444723643022524, 4.142939464206334, 2.644208489341232, 8.720516752912427, -6.0449481425175025, -4.824499884379737, -0.16222205911797832, 0.4460663250340605, -0.5779529975963889, -2.58529654084989, -0.747027677146461, -5.028427476762075, -4.837312112129699, -1.7052812809048823, 6.665202335166835, 8.454708148576756, -3.0066235068851053, 0.20548043265212323, -1.271438849398468, -3.252134711821748, 5.422876836813112, -3.294404557192509], [-2.3681010366814523, 4.002311924605954, -3.4489063841489114, 6.728846196993987, -3.052490555177066, -4.930131323345845, -3.9341580247366017, 2.6756658121642856, -1.8328522504192304, -2.67485300582272, 3.00192775388947, -4.104640527998119, 4.114090734983887, -3.9988524046382516, -2.3822976750035183, 0.06270145806611915, -4.156985995430363, -8.67005288353854, -2.7731669572226094, 5.868806606821871, 11.035242618824626, 1.0496304276848225, -7.0157794705366, -1.8279120192096507, 3.264174510134349, -1.0951070153647282], [0.8056327265116243, -9.95133311480104, -1.5388034148926473, -3.989727799724656, -4.387006097403866, -1.5602630570195868, 3.4199041555535437, 1.252693854215973, 6.885776123237096, -3.7270840812492327, -5.632705653354588, -4.764417977918408, -2.7165288310637963, -5.21777633463894, 3.4020894091049714, 4.004147873856716, -2.1975396744259617, -0.7639743763208238, -3.808048406237862, -0.44838044982835235, -6.0469040970416685, 7.509186925095714, -1.8270697517816992, 1.8295233574470497, -1.8155227991862746, -6.574289429181249], [2.082281020744277, -1.3360819779778317, 1.9768882384662714, -0.6837017531506255, 2.118202193617992, 1.107758744606839, -0.7911537745014613, 0.356535459850869, -0.8977733793544639, -5.493703310359423, 5.344232750100924, -6.12098034377417, 2.800499193447897, -5.260866743144129, -0.007396206017408646, 3.320502158489358, -3.218415446116497, -0.8509959249705064, 1.9224302903850874, 0.1136892120586721, 1.3373510267759245, -4.1642072843526625, 6.516409507403099, -2.38093139025966, 0.9607805955862064, 2.143460255822327], [-8.011736716732964, 0.7872170281895793, 3.03814945074886, -4.5413337398962454, -0.4086182145992572, 0.7185596439908881, -2.0145133008939156, -1.4844903476665352, 10.78914152607586, -3.5901981311897107, -4.86050173447053, 4.060258756434856, -0.8876557764144553, -3.8339234934805364, 8.133642692337016, -3.7960765841079316, -5.261496483960011, 3.0616714906454012, 6.60192370305122, 3.732630747288395, -1.267516964233604, -4.716222741004916, -3.3031328562078004, -3.5031540164651305, 1.3428803029053442, 1.517705336105788], [-0.8978022613493959, -4.4506134277938605, 3.5583103830180196, 3.1556018683406624, -2.630000809734806, 1.996015696505214, 6.09769791766034, 2.4600387314075527, -0.745608929460363, 3.4024941310310033, 4.260194099371121, 2.6585217376247376, -2.667414863817505, 0.21676733355279088, -0.3013499729575895, 7.150722184638484, 8.677637266444796, -2.895511727954768, 5.246235312811544, -8.653004251895291, 2.533908834453543, 1.0038842471761455, 9.901842435434661, 4.946823022998891, 1.5657586478089098, 0.16341448999217667], [4.064792926181084, -0.10120693252517116, 2.9088104068772003, -1.7319928333523003, 1.0571568785335272, -1.823780338991779, -0.9936574282673929, -6.480925508498576, -2.3910738957777338, -1.8758863029637585, -7.057336896435543, 3.0401818390003976, -3.6713509849597528, 5.260440986550984, 7.15657969716242, 4.573099267799448, 0.8737973243313144, -3.9636136278263123, 2.3343356460949805, -4.441833198523373, 1.493035754967729, -7.745168136094032, 0.5632348004556554, 0.2912027781027718, 3.520516784426181, -4.635928707531827], [3.0818445139705712, 2.158093330900699, -0.3749567848054267, 3.86340930911641, -8.794753916174285, 0.5205072858109923, -7.105888003708262, -1.116234201839181, 0.13630704203325883, 2.203475361244344, -2.1941245439171913, 3.5305806701582525, -2.5701662163627557, 1.1128423499614093, -0.1723969776689207, -0.20992179398206978, -6.967058293055752, 2.816322986629162, 6.799703310299859, 8.000401016143236, -2.352097299161173, -0.8864878077147467, 3.3726753946342636, -1.1334387274574902, -4.897903808100253, -2.9473152400234017], [-8.156765635767343, -3.2135994688329332, 4.380907286427366, 0.12979683838317668, -1.7513311672815624, 3.3130196780039403, 8.054645119715381, 2.290905229835093, -8.353717289853806, -6.806579639434393, -0.6225859637443705, -2.520905461108539, -1.6990804098692243, 6.016565821962253, -7.656160556327203, -4.411500125415435, 4.716843751140593, -1.695268055914075, -5.462480848028577, -0.37934731062059046, 1.858152148990836, 3.2278999205176495, 0.9008245300233889, 