{"generation": 574, "board_size": 10, "snake_size": 3, "input_direction_count": 8, "apple_return_type": "boolean", "segment_return_type": "distance", "network": [{"layer": "dense", "input_size": 26, "output_size": 30, "weights": [[-0.5103535757734102, -0.9981136675829111, 1.9548047056513647, -5.240995281061214, 4.408825745074044, 4.082218576741424, -4.073514078743722, 4.35667718443868, 6.466966258376335, -2.462703293568299, -7.4168133456638765, 4.403297277232738, 5.885754830147236, 3.7096498236018487, -0.5442606430977117, -8.518640390353163, 3.7126120506387625, 2.7038021691318, 4.587129344962273, 1.68741981776818, 0.36127927050246833, 9.705421459683132, 4.1655140678482425, -1.853082445973687, -3.0272636621076203, -7.677901228989912], [-3.737086392592594, -1.2927672640135697, -1.900279736481555, 0.9706936759197088, 3.286974607695203, 1.1335485736615678, 2.9983056254746296, 5.587671842990376, 0.7932802072888658, 3.752902070723845, -0.761748393723664, 5.0079235085671945, -6.551270291911335, -0.2530896622335397, 5.491155747863821, 1.9041059509894729, 2.034572649932608, -2.1114521225018343, -0.0945574100835126, 4.282577306531146, -2.7196990300145396, -5.7345002277996295, -2.4810733638388287, 0.10415140879042695, -5.034369943312174, -0.19645589653659745], [-7.01812770444496, 3.5460866066212122, 2.5703217651245422, 6.167606302827548, 0.1235128364369017, 3.0968006355021354, 7.200931778444032, -2.8700912571354804, 3.994715466434021, -1.8245257857103065, 1.7735180532090653, 2.1507325586254042, 0.3620288353529827, -2.7157080431773535, -4.297563473572486, 4.604189529648679, -2.7588441891484403, 1.7375986386980082, -0.33192522840391303, 3.3367188406049246, -7.800388520036033, -7.272295448583086, 1.9084110549140387, -1.5514256557310004, -4.180400872893687, -4.821309954299492], [4.093174288812771, 7.426137839056859, 2.1784180673111173, 3.2134170217838918, -2.6155446630083086, 4.3004549629893765, -5.376261174267971, 3.876841385850979, -2.571425927907999, -3.8481970258171527, -4.18427120125442, 4.391645187121157, -4.511509118682034, 6.232711057596145, 11.29833470447031, -1.924273355781885, 4.022281781361546, 4.087061111982731, -3.5443718305023233, -3.9485161528554484, 0.4297902404719239, 5.435033928206071, -3.2339335876976554, 1.641857441787345, 4.059179148087288, -0.31224269618753875], [11.214348159361952, -1.0387975152604396, 5.792160612948869, -0.943928851520471, -4.10811416092233, 4.0197584694863915, -1.2522287525701385, 1.0718517627589663, -8.906742104726192, -0.770201269288777, -6.002941106133136, 1.3543951575154354, 6.901036709534078, -0.6945326437691806, 6.435157435090035, 1.3727183497274187, 3.0654125689603493, -1.0438421982207746, 0.5144601158686215, -3.3832986859195118, -1.9235008429529794, 5.359763930588043, 1.9995144871085788, 5.085280192933075, -5.412625277577598, 3.5995016486654383], [-1.0266614613266738, 0.24008625122226046, 0.4200115692589279, -0.8852846859340937, 0.12299799389044208, 3.0732172180542934, -6.362800318336284, 5.541301085102888, -0.5004301846736373, 3.8063255482504936, -0.0775416541074613, 3.0226239264530737, 1.4938712968117103, -1.9821883613706468, 2.8836561085417682, -6.70149717813066, -2.4853361347430347, -9.492720970929307, 3.884215236199825, 4.226688357852369, 8.86885348610922, 14.167745953775105, -0.7251677388388857, 5.377220004267144, 2.2370501214539877, -0.523409522497942], [3.8061872225325093, -2.1708397909525514, 1.727144228089763, -5.692910942076765, 1.6296055533191594, 3.6940227298597486, 2.643692187243478, 9.27556329283136, -6.0449481425175025, -2.0632009892307113, -0.16222205911797832, 0.9663683255405873, -2.4906008751885818, -1.2779081828745644, -2.902567632925015, -4.837917279494932, -5.247795526297948, -2.2123940087806706, 8.234181316283067, 8.454708148576756, -3.0707045792791967, 1.0938875829423058, -2.2149506497667786, -3.936230610929478, 5.422876836813112, -5.667432617840056], [1.127630018301974, -0.6827394702511321, -2.1696069870495185, 6.389337071400369, -3.4621274405763223, -6.960298178835066, -4.124058344618671, 2.6756658121642856, -0.8113538998848707, -4.820943499898206, 4.446598130528894, -3.3021365449456104, 3.4576030610993684, -2.383392276135396, -1.538693030645741, -0.8296913430333159, -2.662011317097451, -7.742058796701374, -1.8084044209985575, 5.868806606821871, 9.467778757120866, 1.7704276882988308, -7.422892701887603, -0.7516395869186369, -0.552659090195843, -2.29321273173057], [-0.06393891226497783, -9.66611182915079, -1.0477885277146344, -3.662009888637311, -2.5523444836058684, 0.4076585083010482, 1.8722379579270714, 2.5667017687709275, 6.074984097924525, -3.6978770636942215, -5.707930718753028, -4.430985686980746, -2.7165288310637963, -6.139350645575689, 5.683564829169993, 6.412744160410826, 0.2517559648276327, -2.6559379694897522, 0.19131357093023305, -0.5870559189882542, -6.4571843094054255, 7.509186925095714, -3.00034656460294, 4.7270157292348784, -2.7761697070811007, -7.1594016589718175], [0.607629198773525, -1.268616512422949, -1.0699309264768977, 2.210357345775291, 2.118202193617992, 2.418003742494782, 0.7855634053158027, 1.4623437884938455, -2.0959841291276113, -4.089864101707271, 7.256100547217048, -5.63182615758641, 2.800499193447897, -4.752023343217403, 1.999310331228398, 2.341327476349981, -3.2188332390804475, 0.7906873750842848, -1.3278388090766544, 2.0432802275123234, -0.6181327246242561, -4.1943440754720775, 7.570891011391984, -2.8333382390812787, 1.226943895171639, 3.4563891818459096], [-11.089593032262572, -0.43640577488099674, 1.7052680265947722, -4.339747309844584, -1.260691142752039, 0.5999330571478805, 0.6260504921290251, -1.4844903476665352, 9.00611148315912, -5.125036382505039, -5.904092065651154, 4.436289667018729, -1.6896285010700605, -3.8339234934805364, 9.466890372117184, -3.050828184537827, -6.1957950692569135, 3.0616714906454012, 5.961886546568278, 5.6229831176240594, -1.5603355170242992, -6.764332759608777, -3.3031328562078004, -0.7766547498482432, 1.3428803029053442, 0.7838989789655479], [-2.900700316791091, -6.6115984139897, 4.748964174203088, -0.08825816358228633, -2.2569202478550254, 1.9112493963021646, 7.684796421535641, 1.3746899563884674, -0.25435778797671516, 2.1745931561145366, 3.6404711724560856, 5.130063620392084, -2.6323558638093187, 1.6149139175942095, 1.700325075185394, 6.43907793156003, 7.751532921484744, -3.764235273499051, 0.29310359018213994, -10.287650102592414, 4.690504473531159, 3.6907238874432737, 9.901842435434661, 6.091699610014536, 3.274028700188765, 0.16341448999217667], [2.5050474464354457, -0.053460338513790506, 2.3941343372157218, -1.7306029070578115, -0.03266144697920714, -3.3616741664072314, -2.4350339902019003, -4.951495380293354, -2.8532716768791797, -0.057171487681309974, -7.250890310870728, 3.0401818390003976, -2.8955436757771795, 6.088114981782797, 8.547425293911694, 5.547846144740552, -0.6661374329633005, 0.45823284367618156, 0.8784428153777457, -4.999356903502287, -0.2561295606267383, -7.455364389329403, 0.5632348004556554, -0.16268190447652753, 2.20857037887773, -3.1705873304555556], [3.0818445139705712, 2.9724722544187676, 1.1397845566689042, 3.3269554821380662, -9.10033265206278, 0.9365545562565841, -6.935794913794375, 0.9859156607565398, -2.37825002550122, 1.6916053423002384, -1.9742398790714777, 4.032861025329174, -2.0262635392251243, 0.45678054585597583, 0.6418658586557751, -0.20992179398206978, -7.002323588789346, 3.4084638502790114, 8.096124877688577, 7.527968658749052, -1.3154651967996198, -1.138275536547583, 3.3726753946342636, -0.5225104754123574, -4.539042450700483, -2.218314967078128], [-8.392571702568535, -2.5298981662805575, 4.308924642266636, 0.12979683838317668, -1.7513311672815624, 3.9685001320628954, 9.582922591616299, 0.18236103130377068, -7.523685083833377, -7.210577945063599, -1.0212804043965065, -2.154865866377536, -0.83363780674042, 5.970133930496444, -7.656160556327203, -1.7456751720455517, 4.3819054090562615, -0.6275421172824349, -5.324783201853802, 0.57313201708918, 1.7123557677290024, 1.8970041214410904, 