{"generation": 569, "board_size": 10, "snake_size": 3, "input_direction_count": 8, "apple_return_type": "boolean", "segment_return_type": "distance", "network": [{"layer": "dense", "input_size": 26, "output_size": 30, "weights": [[-0.5103535757734102, -0.9981136675829111, 1.9548047056513647, -5.240995281061214, 2.5006124453011904, 4.082218576741424, -4.073514078743722, 4.35667718443868, 6.466966258376335, -1.2949442388976524, -5.717836633778691, 4.403297277232738, 4.413057778484174, 3.7096498236018487, -0.5442606430977117, -8.518640390353163, 3.7126120506387625, 1.0788539068967, 4.587129344962273, 1.68741981776818, 0.36127927050246833, 9.705421459683132, 4.88388776568378, -1.853082445973687, -3.469129530419611, -7.677901228989912], [-3.737086392592594, -1.6280541260214096, -1.900279736481555, 0.9706936759197088, 3.286974607695203, 1.1335485736615678, 0.11717610642701537, 4.394847619423445, 0.7932802072888658, 3.752902070723845, 0.05551645202089367, 5.314871671449281, -5.402338938631805, 4.6396090048127805, 5.491155747863821, 2.3843391131264533, 0.7130646511507421, -1.1311441608631214, -0.0945574100835126, 3.911487612662014, -2.3815711003124367, -5.7345002277996295, -2.4810733638388287, 0.10415140879042695, -5.034369943312174, -1.2181489275994395], [-7.01812770444496, 4.688890279488391, 2.5703217651245422, 6.167606302827548, 0.1235128364369017, 3.0968006355021354, 7.200931778444032, -3.984004888369666, 3.994715466434021, -1.8245257857103065, 1.7735180532090653, 2.1507325586254042, 0.3620288353529827, -2.4318219812125315, -4.575096251455906, 4.604189529648679, -5.034689557991302, 1.7375986386980082, -0.33192522840391303, 3.139563892223199, -9.875330095066317, -6.047975447049648, 3.121845348370985, -1.8768318883827444, -4.180400872893687, -4.821309954299492], [4.093174288812771, 7.426137839056859, 1.9187595954532592, 2.505631241865776, -2.6155446630083086, 5.035803604927237, -5.376261174267971, 3.651764155155515, -2.571425927907999, -3.8481970258171527, -4.18427120125442, 4.391645187121157, -4.511509118682034, 6.232711057596145, 11.29833470447031, -1.5762570460555985, 4.022281781361546, 3.4252798067840353, -3.5443718305023233, -2.704997446252989, 0.7327737508040293, 7.549008934199524, -0.8815015885875689, 1.641857441787345, 4.059179148087288, -0.44439515661885476], [11.18498428443398, -1.0387975152604396, 4.787103183029365, -0.9457177814439364, -3.8952144425699897, 4.927420421319855, -2.051304940851476, 1.0718517627589663, -8.906742104726192, -0.770201269288777, -6.002941106133136, 1.3543951575154354, 6.517306609248528, -0.6945326437691806, 6.435157435090035, 1.5005806390968581, 3.0654125689603493, -1.0438421982207746, 0.5144601158686215, -3.3832986859195118, -1.9235008429529794, 5.359763930588043, 2.0551916884835353, 5.622910071555301, -4.51943823934466, 0.27713331873565883], [0.14521427730236927, 0.24008625122226046, 1.0230486779805137, -1.6518111334566667, 0.12299799389044208, 2.9971542427930995, -6.362800318336284, 6.09081974508861, -0.5613917179364077, 5.229399147590911, -0.08909662486751257, 2.6763962652075968, 1.6813589495783505, -2.560204437664981, 3.1404519124521, -6.70149717813066, -2.575850567787573, -9.492720970929307, 4.159065336966076, 4.226688357852369, 9.124696210667462, 14.565762425678304, -1.3586715051792018, 6.5483819984489395, 2.206702429849569, -1.066711389774126], [4.3156024968585225, -2.1471488410641237, 1.727144228089763, -5.336835849542261, 3.444723643022524, 2.27602045240413, 2.9184779369957368, 8.356178765937905, -5.804274586103065, -4.225690650516068, -0.16222205911797832, 0.4460663250340605, -0.8421978389851299, 0.32082194210839177, -1.489196177162216, -6.155743037371221, -4.837312112129699, -1.7052812809048823, 6.579855160538044, 7.500881135800177, -3.0066235068851053, 0.8832284753024082, -2.029856892855656, -3.936230610929478, 5.422876836813112, -1.396433406863162], [-2.3681010366814523, 4.002311924605954, -2.4714430488844243, 6.728846196993987, -3.052490555177066, -4.341865197491393, -3.9341580247366017, 2.6756658121642856, -1.8328522504192304, -2.67485300582272, 3.00192775388947, -3.951453616414329, 4.114090734983887, -3.9988524046382516, -2.3822976750035183, 0.2755119735463312, -2.662011317097451, -8.67005288353854, -2.382209537093452, 5.868806606821871, 9.125674199409929, 2.3808826933340166, -7.0157794705366, -2.2208938641156717, 3.264174510134349, -2.546047219298398], [-0.23001301607591357, -9.95133311480104, -1.5388034148926473, -2.964506269047625, -2.8224834254156046, -2.1564390769188115, 1.9038302419140898, 1.252693854215973, 6.885776123237096, -3.6978770636942215, -5.632705653354588, -4.087167790924957, -2.7165288310637963, -3.89677908483849, 5.976079845181035, 4.004147873856716, -0.9151479727265457, -0.7639743763208238, -1.8757391193474469, -0.06961119744185906, -6.0469040970416685, 7.509186925095714, -1.8270697517816992, 0.6369492154268914, -2.1912722352738996, -6.814653228549839], [2.082281020744277, -1.5495179999477746, 0.6687053300032415, 0.8039751417669987, 2.118202193617992, 1.9403096388226506, 1.4233901347700941, 2.083286258134094, -1.0226454228048119, -4.131904622508124, 5.344232750100924, -7.47059698107495, 2.800499193447897, -5.260866743144129, -0.007396206017408646, 1.9180908180693415, -3.218415446116497, -0.8509959249705064, -1.163147943044872, 0.1136892120586721, 1.3373510267759245, -4.045694813938717, 6.516409507403099, -4.276583611371285, 0.9607805955862064, 2.143460255822327], [-8.011736716732964, 0.7872170281895793, 3.03814945074886, -4.17898786765788, -0.4086182145992572, 0.7185596439908881, -2.0145133008939156, -1.4844903476665352, 9.877230494547474, -3.5901981311897107, -5.080875737348808, 4.060258756434856, -2.301504020562646, -3.8339234934805364, 7.977650947304703, -3.3845649340344606, -4.040779612810375, 3.0616714906454012, 6.746275650377934, 4.250996997067178, -2.186155347841327, -4.985586573455338, -3.3031328562078004, -3.748205872136837, 2.8300996500480617, 1.517705336105788], [-1.6718685217141656, -4.174612591134325, 4.736854420724785, 1.1522253087265815, -2.630000809734806, 1.5520698643940132, 6.09769791766034, 2.4600387314075527, -1.2566875643501616, 3.3233610316558067, 5.167265444511718, 2.6585217376247376, -2.6323558638093187, 0.21676733355279088, -0.703072263408943, 7.671104952162519, 8.440401944059184, -3.9304854172694075, 5.246235312811544, -8.653004251895291, 3.3627420289147563, 1.0038842471761455, 10.137462554192531, 4.946823022998891, 1.5657586478089098, 0.16341448999217667], [4.064792926181084, -0.10120693252517116, 3.1200580123880286, -0.9171483741014794, 1.0578009874781764, -3.2424397134240133, -2.7590216621597508, -5.830565133369621, -1.9206540337281022, 0.46515484983429023, -5.744660142559726, 3.4543248628701764, -3.6713509849597528, 5.6739771328200375, 7.342031722502305, 7.1510432952433876, 2.184097545255063, -0.5861160866793655, 1.8275815781268177, -6.3002433823139, -1.1215354673785638, -7.745168136094032, 0.5632348004556554, 0.25040150132145733, 4.615220523350696, -3.1705873304555556], [2.3336829449160885, 2.9724722544187676, -0.7224113583587468, 3.86340930911641, -8.52738874733956, 0.3521851050982221, -6.6816000170619585, -0.44109578633191604, -1.2364556514885103, 1.9573817016498765, -1.9742398790714777, 3.5305806701582525, -2.4315478396380796, 1.7986050598555323, -0.1723969776689207, -0.8183052343832357, -6.967058293055752, 3.4084638502790114, 6.182214013938103, 9.32814968198138, -1.3154651967996198, -1.38577636046102, 3.3726753946342636, -1.6750806261029108, -4.897903808100253, -2.681041515001114], [-8.156765635767343, -1.8689233135568197, 4.380907286427366, 1.4970524754231638, -1.7045960948539345, 3.3130196780039403, 9.446474757870241, 1.3864677342666942, -8.329561047408996, -7.210577945063599, -0.6225859637443705, 0.7098323696117225, -1.6990804098692243, 3.0708548295432365, -8.262500150982405, -2.4699618595183477, 4.716843751140593, -1.04427877244701, -5.324783201853802, 0.03392189327699921, 2.355079817120205, 2.993733610234344, -0.5874226284692706, 