{"generation": 573, "board_size": 10, "snake_size": 3, "input_direction_count": 8, "apple_return_type": "boolean", "segment_return_type": "distance", "network": [{"layer": "dense", "input_size": 26, "output_size": 30, "weights": [[-0.6604305403438682, -0.9981136675829111, 1.9548047056513647, -4.373094600535059, 2.2816181411169407, 5.157465577542698, -1.5378020411339461, 4.35667718443868, 6.466966258376335, -1.2949442388976524, -5.525547997383779, 4.403297277232738, 2.8071808097692865, 4.718154970419232, 0.21614263696480185, -5.341510107733806, 0.9436000952814336, 4.133470459178452, 4.0133793410133185, 0.7152864628440893, 0.36127927050246833, 9.705421459683132, 5.862095030158439, -1.853082445973687, -4.920644586478315, -7.65516078707939], [-1.591525598320464, -0.011537834290449876, -4.404537190064719, 1.1963720367611184, 3.4263078322101785, 1.1335485736615678, 2.9983056254746296, 5.629060703208884, 0.7932802072888658, 3.752902070723845, 0.05551645202089367, 4.318754515704199, -5.099804893940911, 2.6638762707805363, 7.554141408502661, -0.44527300653499247, -0.6118833716480652, -0.3337375950677447, -0.19014014435243676, 3.5703275678243624, -1.8132482178554228, -4.356602904490735, -0.6060862856139542, -0.3723712393915262, -3.67748973601791, -1.3012440666381666], [-6.523335044996026, 4.8160885480314946, 2.933483830310455, 3.8533330836231157, 0.7785549842895163, 4.897974703890522, 7.200931778444032, -3.6597895873170803, 2.9297826914573726, -1.8245257857103065, 1.7735180532090653, 4.354362219050303, 2.22369998459992, -1.7401895293282177, -3.114786161280936, 4.987108884810137, -4.377018740189497, 3.920883806898066, -0.041455348237577905, -0.8790142693922296, -7.344309733570062, -4.83794230607068, 2.035751458192221, -1.8768318883827444, -4.879641885551471, -5.266883513892162], [1.8092132697242818, 7.434711583222992, 3.5789966200464916, 0.8223689218202513, -2.6155446630083086, 2.262559923375608, -3.606941547029743, 2.9840693817824664, -2.148028817545316, -2.0684007435881604, -4.18427120125442, 2.81699146039133, -4.511509118682034, 6.232711057596145, 12.53974940213157, 0.7331699046012103, 2.879703127634839, 3.4252798067840353, -4.847935158251221, -0.57309127436281, 0.7327737508040293, 5.435033928206071, -3.7637362540256603, 1.641857441787345, 2.5080049119999686, -1.026396662741475], [11.995332399850671, -1.0387975152604396, 5.579157084967911, -2.0554417561263385, -3.8952144425699897, 5.287664493674424, -2.501486553325586, 2.9522188009066594, -8.979451408926762, -2.5248219872438606, -7.31027080499448, 0.9839465342299365, 6.901036709534078, -0.7439475732743357, 6.004584261478037, 2.300578694060338, 2.9569263161846058, -1.0438421982207746, 0.5144601158686215, -3.3832986859195118, -1.1681888060116585, 2.7794593711828477, 1.2551372847318127, 5.085280192933075, -4.580689970712269, 1.5368618555064113], [-0.23636418816282959, 0.24008625122226046, 1.3114498979893385, -0.2623582348553495, 0.12299799389044208, 2.9971542427930995, -8.17839715198291, 6.9587327586985905, -0.5329657913041147, 3.8063255482504936, 2.4381753917110895, 5.536341091995882, 2.4142575461321796, -2.654417787380968, 2.981481600450863, -5.962967233855435, -2.834943053907836, -9.142707306764976, 5.750858152070746, 2.494274104243262, 9.124696210667462, 14.565762425678304, -3.337931385630787, 5.980759739136441, 3.7614755136003257, -2.4224019966352546], [3.165588387137465, -0.645725650868155, 1.2202231104900887, -4.463430133440346, 1.423842013591707, 4.711132347361455, 3.865616853434672, 7.5604080524062915, -6.0449481425175025, -4.751292863662969, -0.043707110840932276, 0.7124901579173679, 0.4892713998933744, -0.9661893754233933, -2.734264546636045, -3.6937765557625593, -8.51793716681371, -0.7390174576299736, 4.178399462458899, 8.131506382180426, -2.7618660848777488, 2.2007496704625935, -1.705318558157512, -3.936230610929478, 5.657434474679432, -3.3803794224489536], [-1.605825954478727, 1.638696434532936, -1.488122076912083, 6.19455186687842, -3.052490555177066, -3.593731818212312, -2.0357279836057574, 2.6756658121642856, -3.682943237770317, -1.3472088824077497, 3.4785743101619078, -1.907032693159761, 2.39823273387134, -3.021924844899003, -2.3822976750035183, -0.38627948592899225, -2.8616303256248172, -9.914293012215225, -4.487411979879254, 5.2122709985417215, 10.52810080144563, 1.3707990902451423, -6.773293831865474, -0.8231228911252332, 0.6739912927617402, -2.546047219298398], [0.2928628283809395, -7.97993243496691, 0.6513068293327134, -4.2488206141234155, -2.8224834254156046, -1.1228002094774439, 2.8126545357334045, 3.1651345939669437, 6.885776123237096, -3.6978770636942215, -5.7902728953134215, -4.087167790924957, -2.7165288310637963, -4.604566194988784, 3.4020894091049714, 4.004147873856716, -2.1975396744259617, 0.14103368780411807, -1.8757391193474469, -0.5870559189882542, -6.0469040970416685, 7.509186925095714, -1.8270697517816992, 0.6369492154268914, -2.1912722352738996, -6.574289429181249], [2.082281020744277, -1.176241945412539, 1.4208606255817497, 0.8039751417669987, 2.118202193617992, 1.9403096388226506, 0.1981624762663795, 2.083286258134094, -0.526145143270292, -4.131904622508124, 4.580708536837349, -6.582706653933006, 2.800499193447897, -5.260866743144129, -0.007396206017408646, 2.4330577341335387, -3.218415446116497, -0.8509959249705064, -0.03394067997889866, 0.1136892120586721, 1.3373510267759245, -4.1642072843526625, 6.529030660348841, -0.951244546542571, 0.9607805955862064, 2.143460255822327], [-8.530230432849445, 0.7872170281895793, 4.58001872122554, -4.17898786765788, -0.865387067714469, 0.7185596439908881, -1.411809923268692, -1.4844903476665352, 9.877230494547474, -3.5901981311897107, -6.442580214099912, 4.060258756434856, -2.6336968132854746, -2.662051099359066, 7.977650947304703, -3.3845649340344606, -4.040779612810375, 3.0616714906454012, 6.746275650377934, 4.250996997067178, -2.186155347841327, -4.985586573455338, -3.3031328562078004, -3.748205872136837, 1.3428803029053442, 2.1438449810649822], [-1.6718685217141656, -4.174612591134325, 4.736854420724785, 1.1522253087265815, -2.630000809734806, 1.5520698643940132, 6.09769791766034, 2.4600387314075527, -1.2566875643501616, 2.178459375801938, 6.363126404380119, 2.6585217376247376, -2.6323558638093187, 0.21676733355279088, -0.3013499729575895, 6.814797980831976, 8.440401944059184, -3.9304854172694075, 3.912950804530178, -8.653004251895291, 3.3627420289147563, 1.0038842471761455, 9.453515813765433, 4.946823022998891, 3.852708477618253, -1.1899401760959933], [4.064792926181084, -0.10120693252517116, 3.3050875295907014, -1.7319928333523003, 0.29225289958914225, -1.7418641147297342, -1.627054102010196, -6.5875061756412725, -2.3910738957777338, -1.8758863029637585, -5.512651157031664, 3.0401818390003976, -3.6713509849597528, 4.985383082531739, 6.982274260825433, 2.424544772691248, 0.41331318364160563, -3.9636136278263123, 2.1810441221899177, -4.441833198523373, 2.763817310728057, -7.745168136094032, 0.5632348004556554, 0.25040150132145733, 3.520516784426181, -4.635928707531827], [3.2272466887185196, 2.158093330900699, -0.4174130436990889, 3.1872769543584107, -8.562623597603377, 1.3427316562438594, -7.105888003708262, -0.06638585262729313, -1.2364556514885103, 1.9573817016498765, -0.6841475011014346, 3.5305806701582525, -2.5701662163627557, 1.1128423499614093, -0.1723969776689207, -0.20992179398206978, -6.513225729219025, 2.96960427931765, 6.799703310299859, 8.000401016143236, -1.3154651967996198, -1.38577636046102, 4.08951840393886, -1.7140470110741228, -5.33817868038832, -2.9473152400234017], [-7.832346873912653, -4.462923588742636, 4.380907286427366, 0.12979683838317668, -1.8216899001701956, 5.561340067505493, 8.79604853011339, 1.9092895738851552, -9.371431579269847, -7.210577945063599, -0.6225859637443705, -1.485225780427887, 0.410959998772058, 6.016565821962253, -7.656160556327203, -4.411500125415435, 4.716843751140593, -2.0060305517507784, -5.462480848028577, -0.37934731062059046, 1.858152148990836, 3.2278999205176495, 