{"generation": 575, "board_size": 10, "snake_size": 3, "input_direction_count": 8, "apple_return_type": "boolean", "segment_return_type": "distance", "network": [{"layer": "dense", "input_size": 26, "output_size": 30, "weights": [[-0.6604305403438682, -0.9981136675829111, 1.9548047056513647, -4.494662819023509, 2.5006124453011904, 4.082218576741424, -4.073514078743722, 4.35667718443868, 6.466966258376335, -1.3141307841473242, -5.525547997383779, 4.41950144946756, 2.8071808097692865, 3.2333762877861862, -0.5442606430977117, -5.341510107733806, 1.3769669737834629, 2.7038021691318, 4.587129344962273, 0.7152864628440893, 0.36127927050246833, 10.264872339071667, 4.88388776568378, -3.041668347720347, -4.920644586478315, -7.65516078707939], [-1.591525598320464, -0.07273357150074533, -4.404537190064719, 0.8564979552723797, 3.4350724962492274, 1.1335485736615678, 2.9983056254746296, 3.779941121779356, 0.7932802072888658, 3.752902070723845, 0.027633829238515487, 4.8736527737290665, -5.099804893940911, 2.6638762707805363, 7.554141408502661, -0.44527300653499247, -0.6118833716480652, -1.1311441608631214, 0.3988854513709086, 3.5703275678243624, -1.8132482178554228, -3.3848213411442285, -0.6060862856139542, 0.10415140879042695, -3.67748973601791, -1.3012440666381666], [-6.523335044996026, 4.8160885480314946, 2.5703217651245422, 4.353001281385309, 0.7785549842895163, 4.897974703890522, 7.200931778444032, -3.6597895873170803, 2.9297826914573726, -2.4523669565877952, 1.7735180532090653, 4.354362219050303, 1.0436273421528404, 0.33614056089901956, -3.114786161280936, 5.885663149273573, -4.377018740189497, 1.7695262321687655, -0.041455348237577905, 1.454682455849757, -9.11051282420342, -6.047975447049648, 2.035751458192221, -1.8768318883827444, -4.879641885551471, -5.266883513892162], [1.8092132697242818, 7.510642895767154, 3.5789966200464916, 1.0471556327452793, -2.6155446630083086, 3.400580581118642, -4.075542262426703, 2.9840693817824664, -2.571425927907999, -2.0684007435881604, -4.18427120125442, 2.951343263893791, -4.511509118682034, 6.232711057596145, 12.53974940213157, 0.7331699046012103, 3.992510561941585, 3.4252798067840353, -4.847935158251221, -0.57309127436281, 0.4277296248613803, 5.435033928206071, -3.7637362540256603, 0.779665991468861, 1.883282171437846, -1.026396662741475], [11.995332399850671, -1.0387975152604396, 5.579157084967911, -2.0554417561263385, -2.8601970324791917, 5.287664493674424, -2.501486553325586, 1.0718517627589663, -8.979451408926762, -2.5248219872438606, -6.002941106133136, 0.6923503146427302, 6.901036709534078, -0.6158358143766811, 7.5797298234467085, 2.940024619667245, 3.0654125689603493, -0.47330241769024173, 0.5144601158686215, -3.8564903433679443, -1.9235008429529794, 2.7951394313719784, 2.0551916884835353, 5.085280192933075, -5.002856830164071, 1.4910393535737816], [0.8907565711300343, 0.079316684627383, 1.0230486779805137, -1.6518111334566667, -0.6879134710153989, 2.700415229472796, -5.3566236909264315, 6.154913042670438, -0.5004301846736373, 3.8063255482504936, -0.6819587203485579, 4.882395856429547, 1.666307862186485, -3.6154193523104956, 2.8836561085417682, -6.48273660334109, -1.7538427181705596, -9.107114745099906, 3.5654374554198895, 4.226688357852369, 9.124696210667462, 14.185417955960274, -1.3586715051792018, 5.303857811341323, 2.2489286909781465, -0.9829895673095839], [4.170201450464761, -2.1471488410641237, 1.727144228089763, -4.463430133440346, 4.104101680769386, 3.6940227298597486, 2.644208489341232, 10.149553038778718, -5.850529198122779, -4.751292863662969, -0.16222205911797832, 1.2572762751461568, -0.5779529975963889, -1.6053671739494662, -3.044870306348598, -3.930295967915105, -4.893724599371356, -0.8440494119413235, 6.021742258489874, 8.131506382180426, -4.012697340800857, 1.0938875829423058, -1.274860951763246, -5.35551681519556, 5.422876836813112, -2.4291412580275265], [-1.605825954478727, 1.638696434532936, -2.4714430488844243, 6.389337071400369, -3.2575056055093494, -3.346764930011417, -2.881657877748403, 2.6756658121642856, -2.6102371135651876, -1.7361689133475584, 3.00192775388947, -1.1094966284834853, 3.749346150989021, -2.965184199552553, -3.2655107346303023, 0.06270145806611915, -1.4497024717623423, -9.914293012215225, -4.487411979879254, 4.8172986228364625, 9.642117202607974, 1.0496304276848225, -6.773293831865474, -1.541639495704553, -1.4720887766803998, -0.653891100761177], [0.2928628283809395, -10.197968642798857, -1.0477885277146344, -0.5552823823515969, 0.12178645011484845, -3.846268587951295, 1.9038302419140898, 2.4422332683300016, 5.102874943010754, -4.127997570405492, -4.184056237252396, -3.905500988184272, -3.8279199563389437, -6.149561449384493, 1.0154790787910326, 5.704314885682793, 0.44812843100999067, -0.2162314004629512, -0.5132058181240122, -0.9284462082972665, -7.269890767379097, 7.509186925095714, -3.173083484681601, 2.800655442588448, -2.1912722352738996, -6.574289429181249], [1.4098847914102293, -0.8699854057784908, -1.0699309264768977, 0.8039751417669987, 3.1444566279126653, 1.9403096388226506, -0.16130134034420818, 2.415928133864006, -3.5194793413503564, -1.273198680929457, 5.344232750100924, -5.63182615758641, 2.1020026335326474, -5.494388922056172, 1.022022711407896, 1.9180908180693415, -3.6215502650460674, -0.8509959249705064, -1.3278388090766544, 1.1775563264269113, -0.5225015599743092, -4.228536338958129, 8.646724327160044, -1.9858611993755366, 1.1186852711050832, 2.27717838012734], [-8.625494829827362, -0.43640577488099674, 2.399609600322459, -4.17898786765788, -1.482202944932396, 1.1018203669433055, -2.0145133008939156, -1.4844903476665352, 9.877230494547474, -4.136119758914084, -4.974799043311534, 4.371634675080968, -2.301504020562646, -3.8339234934805364, 8.245242154377387, -4.029945407746485, -5.226487604612355, 2.4586412292245705, 6.787493441629874, 3.7756266274962167, -1.4063798233933305, -4.990006166291881, -2.030724204480989, -3.748205872136837, 1.3428803029053442, 1.517705336105788], [-0.4396978248383021, -4.174612591134325, 4.736854420724785, 1.1522253087265815, -2.630000809734806, 1.5520698643940132, 6.09769791766034, 2.4600387314075527, -1.2566875643501616, 4.611989079508586, 4.474722294066691, 3.8628162911803994, -2.6323558638093187, 0.21676733355279088, -0.3013499729575895, 7.150722184638484, 8.440401944059184, -4.118755321582297, 5.393638710018805, -8.653004251895291, 4.0471914042558765, 1.0038842471761455, 10.065672482874483, 4.946823022998891, 2.1187736860797264, 0.16341448999217667], [3.6703125075928176, -0.10120693252517116, 1.3622517180623164, -1.7319928333523003, 1.0578009874781764, -0.985468870903675, -2.3428187467992068, -8.505820338707256, -2.3910738957777338, -1.420915388214839, -4.876821737431765, 3.0401818390003976, -2.7937691497316877, 7.280362680003914, 7.15657969716242, 4.573099267799448, 2.022152707091239, -2.731017917491823, 0.9799668340789176, -4.441833198523373, 2.3846765087475927, -7.745168136094032, 0.5632348004556554, 0.25040150132145733, 3.17096164509737, -4.635928707531827], [3.0818445139705712, 2.4962568143338233, -0.4174130436990889, 3.86340930911641, -9.154217623727092, 0.3521851050982221, -7.105888003708262, -0.06638585262729313, -1.2364556514885103, 1.9573817016498765, -2.1941245439171913, 2.289335197759798, -2.2193726869757504, 0.5723563718832348, -0.1723969776689207, -0.20992179398206978, -6.967058293055752, 3.9945441876362064, 6.799703310299859, 8.000401016143236, -1.3154651967996198, -0.2598806283994337, 4.08951840393886, -3.4991202141437228, -5.659427957899931, -2.9473152400234017], [-7.832346873912653, -4.462923588742636, 4.380907286427366, 0.23238685503363996, -2.4545044400653664, 3.533601582994042, 10.876543700818688, 1.4040044265600706, -8.733903276797731, -7.210577945063599, 0.5618776690574538, -1.485225780427887, -1.4868307477227303, 5.8201986562608, -8.031051172665004, -5.266323023063701, 5.052036785969772, -0.6275421172824349, -5.180537832242129, 0.09680586886865225, 1.221942108079929, 2.4736684430088136, 