{"generation": 575, "board_size": 10, "snake_size": 3, "input_direction_count": 8, "apple_return_type": "boolean", "segment_return_type": "distance", "network": [{"layer": "dense", "input_size": 26, "output_size": 30, "weights": [[-0.6604305403438682, -0.9981136675829111, 1.9548047056513647, -5.240995281061214, 2.5006124453011904, 4.082218576741424, -4.073514078743722, 4.410852600022545, 6.466966258376335, 0.689443870203112, -7.08906473408111, 3.764409362715276, 4.413057778484174, 3.4584495840956726, -0.0560687195057169, -8.518640390353163, 3.7126120506387625, 2.7038021691318, 4.587129344962273, 1.68741981776818, 0.36127927050246833, 9.705421459683132, 4.88388776568378, -3.016257768531738, -4.920644586478315, -7.677901228989912], [-3.737086392592594, -2.5066626768403806, -1.900279736481555, 1.702877923729687, 3.286974607695203, 1.1335485736615678, 2.9983056254746296, 4.394847619423445, 0.7932802072888658, 3.752902070723845, 0.05551645202089367, 5.0079235085671945, -5.402338938631805, 4.6396090048127805, 5.491155747863821, 1.9041059509894729, 0.7130646511507421, -0.5604242142849847, -0.0945574100835126, 3.911487612662014, -3.725564814600947, -5.7345002277996295, -1.4291269528762016, 0.10415140879042695, -5.034369943312174, -2.6529183647769847], [-7.725530192409496, 4.8160885480314946, 2.5703217651245422, 6.167606302827548, 0.5817041595531336, 4.52530315873727, 7.200931778444032, -3.3485598350265233, 3.994715466434021, -3.1080409344872324, 2.240225003522816, 2.1507325586254042, -1.3583553054004658, -3.4782996506590944, -4.575096251455906, 4.335240790168184, -5.034689557991302, 3.2615247131364233, 1.8301444698149678, 0.7496579377434959, -5.989964326157486, -6.047975447049648, 2.442466058951315, -1.8768318883827444, -6.303978696224252, -7.202897618774262], [1.9895224035963548, 5.056326588302844, 2.0072240325887725, 1.0471556327452793, -2.7937725769804413, 2.262559923375608, -3.4828560617774458, 5.032728879434651, -2.8464915691668002, -2.0684007435881604, -3.1182427991532227, 4.391645187121157, -4.751838899834865, 3.4269268852826014, 13.234700736496572, -1.924273355781885, 5.353937480711537, 3.4252798067840353, -3.8804816413894625, -0.9739541591690779, 1.9722174223316062, 5.767574770665194, -3.923700160596123, 2.567545073038309, 2.2308042183174797, -1.026396662741475], [9.807125808933197, -3.201760977214014, 5.579157084967911, -0.25883528621503316, -0.6242398255073757, 3.9049661502203334, -4.017455806736654, 0.8951730027917686, -8.906742104726192, -2.7534449829976237, -4.995874307347735, 1.6136057066750014, 6.901036709534078, -0.6158358143766811, 6.952044314530668, 1.5542356807693203, 2.8434885277231774, -1.4907704649007225, 1.8688244981793494, -3.3832986859195118, -2.3863547118392887, 2.5836995291756057, 0.6898309875773306, 5.613575255468632, -2.578953326418497, 1.314284259917541], [0.16745214100430003, -0.3387220377608565, 1.5339127243341815, -2.096302031559946, 0.12299799389044208, 3.0014157380229416, -7.011449455352742, 4.1506607449527095, 0.18942023434683608, 0.9310926054566551, -0.4784934610512097, 5.246828249982834, -0.46815187974766703, -2.4575277977837957, 2.8836561085417682, -6.586026351494205, -1.9019576373714489, -9.492720970929307, 5.051856235978074, 3.1628727298306867, 8.694070136244932, 17.74908458907151, -1.3586715051792018, 6.428449190261978, 3.1784381718642574, -0.9829895673095839], [4.3156024968585225, -1.3582081364754042, 1.1874856141806789, -5.052210668227078, 0.5963776437566288, 3.6940227298597486, 1.644040448964509, 6.913767139697624, -6.0449481425175025, -4.751292863662969, -1.8137343546668814, 0.9201038462825901, -0.5779529975963889, -3.634470099059384, -3.6633453165051924, -5.153243601893427, -4.837312112129699, -0.7390174576299736, 6.021742258489874, 8.131506382180426, -2.7618660848777488, 1.495544526849947, -1.462982148735865, -3.049807251755295, 5.422876836813112, -1.5328663030427658], [-2.911267165131455, 2.95318180887771, -2.4714430488844243, 5.700068730620679, -3.052490555177066, -4.276109059576034, -9.16979217455807, 2.6756658121642856, -3.2064868144862344, -1.7361689133475584, 2.779562199019543, -1.4907911628874686, 4.525456277111043, -3.021924844899003, -2.3822976750035183, -1.6727554798942295, -2.9258716048405335, -9.234741173078799, -2.63558834697616, 5.314110136228919, 9.808007690056664, 2.303405907784059, -5.605966296742359, -1.5256010474970116, 0.056116945650483085, -2.546047219298398], [-1.246850044015209, -9.058844841899804, -1.4690325863521068, -3.662009888637311, -1.9783257839496595, -0.8365577085898581, 1.2190006920026717, 2.5667017687709275, 5.026510261926378, -3.448724502895788, -3.102991323180981, -4.8514132056021655, -3.2132555991516654, -7.989836408697884, 1.5345710093702054, 5.704314885682793, 3.1809387353412304, -0.6460268716866413, 1.05370169026344, -0.7976501305314183, -5.799965477393673, 8.455535079766074, -2.999347141860798, 2.4883627444518313, -1.250488071424893, -6.574289429181249], [2.082281020744277, -1.5495179999477746, -0.8027530321450481, -1.0852394911365408, 2.6638334473531757, 3.05677331950487, -1.8491336350314513, 0.3972397829178158, -3.7933327140136552, -2.101290382559518, 4.093560456527074, -4.07473775351114, 2.7166379514769323, -4.033572702542115, 3.8115270067379305, 3.582434232573115, -5.036443261073022, 0.4328264298441784, -1.9646128202033124, -1.6506298504546968, -1.1078340911379185, -5.216867891919063, 9.526813224641785, -2.9304874221227672, 0.9607805955862064, 3.7052257146608953], [-10.01286163537886, -0.43640577488099674, 3.7024641507130385, -4.17898786765788, 1.4884619911963324, 2.6755393881922456, -2.0145133008939156, -1.4844903476665352, 10.595670835393125, -4.983317802347332, -5.220565093473746, 3.806119812027163, -2.301504020562646, -2.6978271602342354, 8.619715771232968, -3.3845649340344606, -6.93235184317563, 4.655237605163581, 5.09296924745719, 3.0244763626388913, -2.5743437964944804, -6.500330023719234, -3.3031328562078004, -4.259180117890605, 1.3428803029053442, 1.641233317158544], [-1.7323046680291463, -5.1931544782641925, 3.460450519461552, 1.5624254731244727, -1.761578179314634, -0.9808726049691352, 4.151596064298896, 1.3746899563884674, 1.0239823893948918, 3.9160552706654714, 3.0023541226619392, 5.758549872164175, -4.75217267524121, 1.4476481437818005, 1.700325075185394, 9.336529521453816, 7.851125545398177, -5.132996461979162, 2.993407464117562, -9.750948073252804, 5.981367809490876, 1.9656077283164501, 9.901842435434661, 5.629810362448971, 4.186360532851851, 0.16341448999217667], [2.5050474464354457, 0.395163241353808, 3.2313574407923893, -1.2538376863521217, -0.034190415420236896, -3.2424397134240133, -1.6920057861601623, -5.830565133369621, -1.9206540337281022, 1.3741407787092597, -5.206932861599461, 2.787073390038013, -3.836574446777215, 3.7510119711007075, 5.977698460731203, 6.403618881473491, 1.0112491907523404, -1.390304093504737, 2.3569849033057184, -5.2369703419585285, -2.633275117793108, -7.745168136094032, 0.3194308053444139, -0.13873191586565747, 4.489798670309458, -4.543559387697504], [3.524725560045382, 3.2977192570898683, 1.29234943361935, 3.262432479329768, -8.178832008015275, 0.13053972874897157, -7.327156206604226, 1.8137611901653097, -0.8067262123875688, 1.9573817016498765, -1.0360490288277138, 3.7407081635693626, -2.4315478396380796, 0.14399651221294518, -0.1723969776689207, -0.20992179398206978, -5.606311224075787, 3.4084638502790114, 8.375065776570697, 8.26623401363135, -2.621158358742199, -1.38577636046102, 3.3726753946342636, -0.1576075439611665, -4.384963284519564, -2.218314967078128], [-8.156765635767343, -2.659810580862758, 5.08623375285786, 0.12979683838317668, -1.7513311672815624, 2.3410536599090688, 9.582922591616299, 0.5294572629371238, -8.225988190772867, -6.467715519615267, -1.9387481519126837, -0.3117116528468842, -2.4183468930840504, 5.145262594836952, -6.32263332575544, -1.1153900899494045, 4.716843751140593, -0.6275421172824349, -4.397782144162826, -0.8393336932596124, 1.454913830573103, 3.2278999205176495, -0.7510087388315076, 