{"generation": 571, "board_size": 10, "snake_size": 3, "input_direction_count": 8, "apple_return_type": "boolean", "segment_return_type": "distance", "network": [{"layer": "dense", "input_size": 26, "output_size": 30, "weights": [[-0.5103535757734102, -0.9981136675829111, 0.6038804802182499, -7.512427564888485, 4.366753378489967, 1.75449495318728, -3.544516967862725, 2.3552326752357393, 5.312630776634684, 0.34872897526349833, -7.270730914614423, 4.403297277232738, 1.0274373319599017, 4.685217021508907, -0.620324383707483, -5.409259003006107, 1.7376678439310629, 5.960953864089612, 4.580474483728896, 1.7201993266582511, -0.95526826323251, 10.653774148428045, 3.814689675057709, -0.8685950119612162, -4.608443379595094, -7.474079086800891], [-1.1260099688526812, -2.4636813687049806, -4.7515759669755955, 3.199581375190868, 3.2157577850909993, 1.3902835775486606, 3.5915623750319208, 4.304293363160273, 1.8101032740165972, 5.735774771934168, -1.0177606852936865, 4.002378951366721, -5.099804893940911, 2.350152635544031, 6.109641373975631, -0.4225562635170656, 1.0772079745308942, -0.9375840311210701, 0.8168728764693574, 0.8848108042818237, -1.2478140977671817, -4.922294170294476, -4.002137684008007, -0.8419082887057281, -4.783690525827829, -1.0800171495173476], [-9.50981757006766, 6.6292068230383485, 3.1550471428554063, 4.353001281385309, 0.43062359506021514, 3.425920463004901, 7.200931778444032, -4.290798415848015, 8.357836415189238, -3.7768192337866022, 2.045219170806062, 2.1507325586254042, 0.3567288590281822, -2.323190868460543, -3.114786161280936, 4.604189529648679, -5.250280464344415, 4.994281315182733, 1.315720106535711, -0.28204191133254186, -7.344309733570062, -6.047975447049648, 1.618135414169475, -1.3050677784899936, -5.643379236387377, -4.845732401284611], [1.9895224035963548, 7.090845635442555, 2.573680379180737, 2.420010627916108, -2.7937725769804413, 3.8468499930366953, -2.037114730220011, 3.88661995738143, -4.134111923387813, -2.4892392426964554, -5.407347191619764, 3.6797317181259963, -4.511509118682034, 6.232711057596145, 11.29833470447031, -1.924273355781885, 2.752927978108355, 3.4252798067840353, -4.5222474339778875, -1.6480497495155308, 2.94085588531314, 3.8184011910086344, -3.2339335876976554, 0.6785889790374219, 2.5080049119999686, -1.026396662741475], [11.18498428443398, -0.23235757971231874, 3.810035003554423, -1.4119089287226025, -4.65866271663462, 4.425138074762068, -1.7780316945318697, 1.3876821920976834, -8.906742104726192, -2.7534449829976237, -3.969593697521805, 0.5627208587171297, 7.518772034758635, -0.6158358143766811, 6.82806130164672, 1.5542356807693203, 3.0654125689603493, -1.0438421982207746, -1.77999239036706, -3.3832986859195118, -1.9235008429529794, 0.8561841295049305, 3.1888617230459957, 5.6324015856381235, -3.2073718379375, 1.944686422945282], [-0.23636418816282959, 0.24008625122226046, 1.5242335080794134, -1.0243980444325886, 0.421659505450841, 2.5273222198113197, -6.054400258591851, 6.561169739963334, -0.5004301846736373, 5.084814530172494, 1.9023864760136102, 4.365817632338549, 1.985604993246942, -3.825564534628866, 2.8836561085417682, -6.091092253498148, -4.072539782054037, -9.67182886763356, 2.6961123597327687, 4.014651063676052, 9.124696210667462, 14.565762425678304, 0.3414858927051625, 6.789835489381163, 2.187070854457144, 0.9552652430412318], [4.3156024968585225, -2.1471488410641237, 2.598071269129414, -3.8839609272172506, 3.444723643022524, 3.9684799228315457, 3.2807688287727115, 8.016495011676854, -5.111490864471351, -5.836209839129827, 1.3803724706230835, 0.9663683255405873, -0.6929999718563233, -3.208462136961808, -2.902567632925015, -5.616317328784783, -4.837312112129699, -1.7052812809048823, 8.526719963895324, 9.084784475747004, -1.4189050017255502, 1.0938875829423058, -1.572397149761878, -3.0090286406503055, 5.422876836813112, -2.4291412580275265], [-2.260913302630442, 1.2389682428546027, -1.481257731288968, 6.536548330676617, -2.3562103096470848, -2.782235422385837, -3.9438244839815444, 2.9230229698990535, -3.7214709172081286, -1.7361689133475584, 2.806289020066038, -1.907032693159761, 5.41851265534206, -3.9988524046382516, -2.3822976750035183, -1.7339901729511258, -2.662011317097451, -9.914293012215225, -5.202145476938131, 2.721054679650608, 9.078608219401612, 0.8879646504003492, -6.261907570876301, -2.375083715622604, 0.8238708326439659, -0.9198588322030534], [-0.15541803071067545, -8.901678142540007, -1.0477885277146344, -4.030510088570977, -3.465672338435133, -1.0984190639487172, 1.2306145038488743, 1.0556783663810332, 5.102874943010754, -2.295098041664807, -2.350922658090067, -6.166080698325764, -5.724054253055007, -5.910509445039695, 2.3431369128166315, 5.704314885682793, -0.8765455172140455, -0.8295368803525297, 1.9508238767469466, -1.1594111658568722, -5.704078711099019, 7.509186925095714, -1.196030093850535, 2.5313065856011874, -2.1912722352738996, -7.0327432503486325], [1.5908098427388762, -1.3099440114673802, -1.7144341949203383, 0.8039751417669987, 2.302138677765075, 2.207262068597991, 1.5130966499907506, 0.745356065800006, -3.7933327140136552, -2.305263400773775, 4.625489088556295, -5.63182615758641, 2.7166379514769323, -5.1586110253639506, 4.5024810074982025, 3.248702711986003, -3.5188690713217836, -0.8509959249705064, -1.0579281280256287, -0.3287872796198199, -0.40346620566067587, -5.560750829140024, 7.689703792375699, -2.6802369826570303, 0.9607805955862064, 4.462206259018409], [-8.011736716732964, 0.09872112060817684, 2.6009881854165027, -4.17898786765788, -0.4086182145992572, 1.542404723268777, -2.0145133008939156, -1.8927256705741227, 8.73629850875109, -4.569476365179298, -4.458094583956516, 4.436289667018729, -2.301504020562646, -3.8339234934805364, 7.977650947304703, -3.3845649340344606, -6.493783398396561, 3.0616714906454012, 6.787493441629874, 3.7756266274962167, -2.5743437964944804, -3.526659268071745, -3.3031328562078004, -2.6406888402761393, 1.7750013208448383, 1.641233317158544], [-0.16356954571837834, -6.505772451340809, 5.3159186073862585, 2.1751481301739255, -1.5245545971226764, 1.587394246712614, 6.103398604785207, 1.3746899563884674, 1.0239823893948918, 3.821228249509604, 3.6404711724560856, 5.758549872164175, -3.2921184423402567, 1.0697791668060321, 1.5197582161561551, 8.400901071041776, 7.8361053549185735, -4.190732992022351, 2.5132604314326406, -8.85816585766902, 5.487598664571226, -0.2773350944040254, 9.901842435434661, 4.946823022998891, 2.9835392264974123, 0.9253781543593284], [2.969668555505317, 0.3814732650613629, 4.016688014290942, -1.2538376863521217, -0.034190415420236896, -3.2424397134240133, -1.6920057861601623, -5.830565133369621, -1.9206540337281022, 0.3284816020202991, -6.311201197972198, 3.0401818390003976, -3.847833742728981, 2.9602712184183924, 5.977698460731203, 6.403618881473491, 2.641794265752638, -1.390304093504737, 2.0979943482868637, -5.041109238179616, -1.033717501355181, -7.885969685063868, 0.4866387436664506, -0.13873191586565747, 3.524425424977047, -2.5243479093528287], [2.993793243981082, 3.2977192570898683, 2.958008507839056, 4.214641273158052, -6.642927580421762, 1.0803467352552332, -6.935794913794375, 0.6439812396113306, -2.5860858923179286, 1.9573817016498765, -1.9742398790714777, 3.7407081635693626, -2.4315478396380796, 1.1912907578363092, -1.3621945808682645, -1.1902753685672414, -5.606311224075787, 3.4084638502790114, 8.375065776570697, 8.26623401363135, -2.621158358742199, -1.38577636046102, 2.3172880551703385, -1.1334387274574902, -4.158739946642569, -2.218314967078128], [-8.156765635767343, -2.659810580862758, 5.45039221819129, 0.24264345316015018, -5.4972699586408975, -0.6343367192505709, 8.7208405380816, 2.020800098372332, -6.7186812013515755, -6.467715519615267, -1.9387481519126837, -0.3117116528468842, -0.3031425425769656, 5.145262594836952, -3.259808103897749, -2.822559858316099, 4.716843751140593, -1.9863590023723872, -5.511185872494967, -0.8993824152895014, 0.9659795052736857, 2.8743196567864833, -0.5874226284692706, 