{"generation": 631, "board_size": 10, "snake_size": 3, "input_direction_count": 4, "apple_return_type": "boolean", "segment_return_type": "distance", "network": [{"layer": "dense", "input_size": 14, "output_size": 18, "weights": [[9.716971567259774, 2.0295614179557524, 3.729696727754025, 0.5815997815360581, -1.9265090538484375, -1.6714954975134126, 1.5832671208286944, 2.7123672838701087, -3.470780219327428, -3.6892130071666496, 2.888982237248781, -1.3331227318034657, -3.3904710963280364, 3.865132303362004], [2.2343287547982307, 0.4662151127932896, -2.7091821550078157, -7.098425858454978, 3.506920780353751, 6.571734366939779, 0.7053277012660255, 3.1870084615440852, 2.5173662366510685, 0.39676480880250276, -9.51803450992826, 4.184890534447538, 2.198901756371606, 1.0610831985366778], [-1.522956269994341, -5.053864905977001, 1.0890757540435725, -2.125396796787779, -3.2396448647725866, -4.952912786581449, 1.8097043443994871, 6.102883451457059, 1.60670505554232, 5.326612179993272, -0.44168520612831885, -1.643326961308873, -3.4359068461754534, -0.5239636103092005], [-0.886546055447461, -7.588054062170694, 4.96085770151482, -7.1291014480839054, 0.7681811629150429, -1.156793667659717, -2.091925962209338, 1.9772379354278224, 1.1166067132026922, -0.585034094586073, 1.4656806885646834, 1.277037699364854, 3.4009727900812083, -3.4443537293515254], [-4.281696615740979, 5.98830426654175, -0.4404123822657554, 2.0980106273506287, -0.6890244146990722, 3.8946044697738365, 1.9192121242708513, -4.250869911973867, 1.1489804872921987, -7.289755021432125, 3.287603372443834, 1.5476830734973008, -2.757541650026791, -1.9372270012284147], [6.206474989786702, -1.8098546760935235, -0.3990414639805559, -3.5362711806909, 2.0711516505802874, 0.7928513901160219, 1.0907503588992693, 1.3380267793785605, -1.5035460137620844, -4.682251908173534, 2.090073447852484, -6.750826128408718, 0.9336394603042313, 6.312496085198481], [-1.5447297731854261, 9.195558137163104, -0.9503981676654072, 5.595622919091465, -2.518182041604601, -1.8100672810720737, -0.7867133078539436, 0.19119169171533734, 3.3687720180194787, -1.4592715400719043, -3.7837926304663423, -1.0726883098786613, -5.067768645593644, -1.1844045404408783], [-3.0448621155865565, -3.797518424505224, -1.4163106226870688, -0.7678118563162186, 1.4854762560778003, -2.6683849129339006, 9.652515816281504, -7.815686564886959, -0.7956246780311285, 0.03257504763187047, -0.9459214949264779, -0.2536237355901645, -0.14482411839581197, -2.521076406113534], [-1.7360380732484846, 6.188973489753177, 5.181929664250922, -3.853325908978848, 0.8856103304753005, 4.49809165749507, -2.470020700391677, -2.9981036405560504, -3.074262764091953, 4.604412344361452, -1.5692499593124225, -4.536179820631588, -4.524314859564856, -0.05611534257713058], [-1.821816332001246, 3.2534667626305374, -0.7831883302268712, -3.206682968206129, -0.03049066778219678, -4.271422654461603, -1.8171008178488934, -2.353442682268369, 2.5090232555658663, -3.8105925136459984, 0.04615299045400456, 1.072598623910535, -0.6372553556516471, -3.9466641842226435], [-3.2770422017078236, 1.4645029510752587, -0.5816307698737666, -5.7765703188909185, 0.5906543384836367, 5.316543146532, -1.1941579590847788, 4.785310615258275, -1.8150266364080858, -6.21772488306857, -2.508157175763769, 2.696750655013605, 8.981608902030144, -3.950232627885497], [-2.0619530680059297, -4.06883722883239, -2.6532348623289805, -2.973193919946273, 0.4492880740782069, -4.718453823294517, -2.7550026313673404, -1.8109142609576447, 8.361017801964087, 3.440345100803837, 0.41154216753610995, 3.087187150786646, -2.609062684058835, 1.314111939709637], [-7.244163528030965, -1.1004451375035293, -2.6063314469221623, -2.353842821134642, -0.5470009110411393, -3.15187195912303, -1.0938076800031313, -4.684609732035823, 4.4115649860653745, -3.730329239281405, 1.8299734991190046, -3.294080785479424, 2.1664555739039137, -2.957222450160414], [-9.447380586398584, -3.1777143467872557, 5.980977405196213, -0.42478749876871236, -4.240378708541867, 4.696838544278534, -2.828653088857008, 0.7411103499662691, 4.1720326651999295, 4.1762554347627585, 1.7228027530949421, 0.9642723101485374, -4.178240252623031, -5.740876808770625], [-0.3142714052559352, -4.955643676866579, -1.5933372208942895, -5.644805648628242, 0.3562372937677517, 4.773967633426233, 5.070784802167743, 4.62480939532766, 1.2228277564845953, -4.507289859631698, 2.699777211582163, 1.7802554754457467, -1.5720965566567862, 1.454226238157075], [-1.1972217671750003, -2.8053545140394793, -1.327116025810987, 8.746574998625327, -0.23681583080917346, 7.749112160611507, 1.4501450035813104, 9.827600566737617, -3.6752068742478445, -0.5547626408806327, 6.047009748712201, 4.4362971532053805, 0.34638998619689226, 7.681103397158018], [3.45879448994879, 1.0455835558864974, 5.342190071655823, 2.6978851468805285, -7.337219146986657, 4.7804134701402194, 2.6208675862630817, 0.2815136301094685, -2.2510666262969994, -5.039445704670816, -0.16388680858249027, 2.9340751031725656, 1.831128048739792, 3.2290094732731074], [6.910682059783022, -5.22765695040626, -4.26229168312791, 2.3015415892602586, 0.6454401378492487, 0.8382976755740565, -1.6202865364942836, -2.8562730181695297, -2.0080557141236257, 1.7814143665718811, -3.9501796008078376, -1.9723761334122372, -2.1204765119950686, 2.8182446101330685]], "bias": [[-5.348567294106527], [-3.163404591699525], [1.1092506047815878], [0.6954340392164011], [-0.9240837011203535], [-1.8994337084354136], [-1.1978851363845193], [-1.8533891556922286], [-0.7884909974339078], [4.5231661893126365], [3.478441797726869], [1.0508596507431394], [1.9032418962371935], [-6.240658516008218], [-0.6225835264422265], [-0.5508932873127041], [2.546579746128699], [-1.0810328235261988]]}, {"layer": "activation", "activation": "relu", "activation_prime": "relu"}, {"layer": "dense", "input_size": 18, "output_size": 4, "weights": [[0.29351213566745427, 0.9458912769998504, 2.4712796991738872, -5.886972898809411, 0.9672108766231924, -0.5802708379269679, 7.5795148281319635, 7.721883913065569, -2.661237749242446, -2.8501008754908077, 0.052463769533282856, -0.25108110471844447, 5.377160980859191, 4.8307154717936855, 2.0970485624428425, -2.0122714376637916, -1.2509383865389148, -1.8793726563069513], [0.5524014247915775, 1.9250013243276625, 2.3447906597186363, 1.538078943996919, -3.3106386647015347, 0.5929741534996233, -6.972815668307756, -0.13297388399873156, -1.9750648171150655, 4.067639773854164, 5.281690201199505, -0.516500069825468, 3.7533686234959878, 1.0539479083495906, -1.1251837792785213, -2.9076904449696066, 0.3554861798227295, 0.518425392181948], [3.2122980667981134, -0.4761092884594764, 2.3791260652193102, -4.8886097372753685, -2.235365667884599, -0.9425792208870909, -1.489367185228728, -7.5591206715319466, 0.3784126389993615, 0.48077162055170697, 1.9397599361130482, -4.580912948106717, -2.101478785277673, 1.2562751151447058, -0.646285219292055, -0.07882762966333934, 2.14320487576414, 0.3425123442052132], [5.377519472712221, -1.8933108983445373, -5.879879088203111, -4.829718129365782, -4.3496334856869545, 4.597455128249342, 4.569955688684704, -1.215233853937231, -3.611300387720742, 0.18488628937993457, 0.6895760617503762, -2.5476640193163216, -2.0696073336512884, -3.191614073025238, 2.300242893423368, -2.1852623776384412, 1.0676128785565093, 3.5895871603099225]], "bias": [[1.116162966817683], [-0.4091786623546634], [-2.087909482408861], [0.2352983919564493]]}, {"layer": "activation", "activation": "sigmoid", "activation_prime": "sigmoid"}]}