{"generation": 632, "board_size": 10, "snake_size": 3, "input_direction_count": 4, "apple_return_type": "boolean", "segment_return_type": "distance", "network": [{"layer": "dense", "input_size": 14, "output_size": 18, "weights": [[10.715751832688637, 2.648322711585156, 0.10015325342841863, 4.749178033910222, -1.0736723817227658, -1.6714954975134126, 2.371025265131159, 3.6378874302391226, -0.16016144955527922, -5.241580936657914, 2.3554586284210517, -3.7592426361151823, -3.288693381282283, 4.602535188041568], [2.2707726639211083, 1.6905297631143164, -3.686590482183474, -6.694910349071151, 5.846841463440377, 3.6703248257201526, -2.057286733826394, 1.7466950140662607, -0.34661967957439854, 3.3593228560795017, -9.21574853911253, 2.436729731420598, 1.4893162712606043, 1.1708730315491394], [-3.1082715852026146, -4.393848663793875, 2.548309490595588, -2.6755442007714154, -1.1201474636360942, -5.835630693867122, 2.7148207266755358, 5.036004169627693, 3.229593302564987, 7.230424713554639, -0.5318744611867343, -1.4464147737296906, -4.501093690016681, -0.49618229324568003], [-0.4703623683009941, -5.413722235139538, 6.118975147544305, -7.584851161675855, 0.7520593033430244, -0.7583875988273477, -2.770055946368147, -0.7001727883171756, 0.2892035482326887, -2.196271251896081, 0.9699423786479037, 2.8161767388889336, 3.8841783944755703, -2.729667587256936], [-3.8831205645629137, 7.677150418546669, -0.6357812590872303, 0.5833687244701603, -1.3317027194641096, 5.135032050118798, 3.2070584760864165, -5.046717098459905, 1.2584076681551597, -6.549121879408596, 4.380359102089975, 3.5977818877376517, -3.253423653137703, -1.4524173124386697], [6.166723281973603, 0.36884410139853896, -0.010780060695437577, -5.4620596853417664, 0.9415241281082183, 1.2312307556530975, 1.7146119753298752, 0.12577516742923733, -2.0703448032179548, -6.813847643851071, 0.7195845260246363, -1.3298614186888538, -0.809624431440484, 6.649802678929573], [-0.7313681076537132, 8.138868748631925, -2.0114318063636554, 3.2076105768228964, -2.364098398361726, -0.20584388229104011, -0.23304734578796105, 0.14064616245792955, 3.5301559847152544, -2.2634047891024394, -3.6730448553504598, -0.025492095946038407, -3.626688991613746, 1.9587813088156034], [-1.021932119242021, -2.1282216921811816, -2.8981779808261763, -0.12731115311157232, 1.6943789309097246, -1.7899080983497322, 7.73370779608722, -8.90124966531739, 0.5907921989426612, 0.03257504763187047, -1.0922577764308206, 0.770488229898613, 0.9852117533414404, -1.208886760620146], [-1.5345292333023974, 2.4776384962851887, 6.428848354840993, -4.148123414453872, -0.9070576480990831, 4.539356463592644, -1.5450444377030994, -0.5027051997782759, -2.1924450489421554, 3.707294922000605, -2.6379880035860492, -4.536179820631588, -4.524314859564856, -0.05611534257713058], [-1.0870052886470905, 3.499539878780406, -0.8635721380968773, -3.837592760880924, -0.03049066778219678, -7.950770338061224, -0.417095303876835, -2.353442682268369, 2.8771450985336218, -2.0332823510735873, 0.4161182184823131, 1.072598623910535, -2.42769639029544, -1.7382487477171311], [-3.2770422017078236, 0.9492032080178672, -1.3657723095011736, -5.7765703188909185, 1.059408829825959, 5.169415933481474, -1.1941579590847788, 4.501741716885285, -2.123704421384353, -7.227326477804628, -0.9880671702261188, 2.696750655013605, 8.981608902030144, -3.950232627885497], [-1.1915836559989061, -4.06883722883239, -3.7323150674431855, -2.973193919946273, -0.3167942014936247, -5.905128336861122, -3.9848213502412353, -2.060648840776208, 10.42224129766131, 2.2109033797991287, 0.6920127726220249, 3.087187150786646, -4.792135612119021, 2.3600078091454275], [-6.577250249336096, -3.13541700733417, -2.2704915417447245, -2.700582989372542, -0.5470009110411393, -1.8370184468002284, -2.9080058431010287, -4.684609732035823, 4.4115649860653745, -3.730329239281405, 1.8299734991190046, -3.294080785479424, 2.1664555739039137, -2.7054542716751526], [-8.265485599434303, -3.1777143467872557, 5.980977405196213, -0.42478749876871236, -4.240378708541867, 4.696838544278534, -2.828653088857008, 0.050777579429000186, 1.8100890430881473, 5.003539263711595, 0.9794649791038516, 0.9642723101485374, -4.178240252623031, -6.370436603174069], [-0.9692945280327459, -3.9638503253587007, -1.5933372208942895, -5.644805648628242, 0.3562372937677517, 6.22567812759122, 5.68785142062421, 6.866068919477753, 1.2228277564845953, -4.507289859631698, 2.9536486462555915, 2.3369526494825976, -1.5720965566567862, 1.454226238157075], [-2.4494517181978313, -3.066143362232856, -2.4346864586083545, 9.209388063904608, -0.4162957857984687, 7.339769164037014, 1.1234776852142732, 9.827600566737617, -4.159396030166106, 1.3291860919885334, 6.501716405717131, 5.6016414668990215, -0.022027654998749924, 6.599773678061036], [3.300420513825582, -0.39277453494511205, 5.342190071655823, 1.9250774224177882, -8.345076418638662, 4.132849751061445, 4.276132268228217, -0.36528023738792015, -2.5065895730654693, -3.3376478345515683, 0.35536332751470745, 2.362457425736411, 0.44959463164097996, 3.3192342215609143], [6.910682059783022, -5.7300793387798015, -4.429939523765443, 2.8517210512208533, 1.6035858432006687, 0.4535670681795892, -2.1364436167173264, 0.5197567650000317, -1.7434266395270666, 1.0897631518924682, -2.4534558256852828, -0.8569729127644592, -1.4665185260638771, 1.1729552138871722]], "bias": [[-6.294774224047468], [-2.534320537824851], [1.1092506047815878], [0.7190001377642843], [-0.28964271586933044], [-1.3321986161731612], [-1.1978851363845193], [-1.5409189840373516], [-2.043916898477584], [2.5674801817775945], [1.0207864647332092], [0.2036059158435075], [0.7868403493537613], [-4.238250776624402], [-2.1059946481551606], [0.5731600774722658], [2.744659718703805], [-1.2516672995455496]]}, {"layer": "activation", "activation": "relu", "activation_prime": "relu"}, {"layer": "dense", "input_size": 18, "output_size": 4, "weights": [[0.28860545241082747, -0.3496989847804819, 1.7085202494540752, -5.960656771757274, 0.48701144675823493, -0.19520699788058116, 6.301295297258204, 6.895048733692638, -2.661237749242446, 0.14386303228271557, 1.0786808644642985, -0.691636014890676, 7.993424936940974, 3.9284172221173073, 2.193378025276959, -2.0122714376637916, -1.2509383865389148, -2.541303784146781], [0.8885156752133889, 1.563078569313607, 2.639625206322503, 3.2746410351203616, -0.49129688786426695, 0.5929741534996233, -4.756725233745303, 0.0016937523318363845, -3.728684917588657, 1.2489148067505584, 6.560192579020644, -1.043641258511217, 3.327633393816164, 0.5041230345820784, -1.0678342370282843, -3.198780846222759, 0.17446398134778895, 2.3133373315554326], [0.40708907133952826, -0.11781579089886374, 1.1395344053475143, -3.0085842876573, -1.248092473407111, -0.9425792208870909, -1.7021217421946204, -6.840751308781414, -0.9334713221728496, 0.5648834695312044, 1.708222195910357, -5.5330481476517726, -2.101478785277673, 1.7814331505949839, -0.051457047552560475, -0.4055426017812659, 2.14320487576414, -0.8566026131794894], [6.413867132112973, -1.5077783947441685, -7.935295074016315, -4.829718129365782, -4.280752066237802, 5.421719644581365, 3.0514932120049676, -0.6282990400170245, -4.2551767707491095, 0.5290406327354634, 0.6895760617503762, -2.5476640193163216, -1.5207818023045827, -2.943489189584199, 2.7559735996160817, -3.0730947613872996, 1.0676128785565093, 3.5895871603099225]], "bias": [[2.48840514404335], [-0.4091786623546634], [-0.29290216786407075], [-0.06917126078775748]]}, {"layer": "activation", "activation": "sigmoid", "activation_prime": "sigmoid"}]}