{"generation": 628, "board_size": 10, "snake_size": 3, "input_direction_count": 4, "apple_return_type": "boolean", "segment_return_type": "distance", "network": [{"layer": "dense", "input_size": 14, "output_size": 18, "weights": [[9.716971567259774, 3.059660867677614, 3.729696727754025, 0.5815997815360581, -1.9265090538484375, -1.6714954975134126, 0.8794405206589733, 2.7123672838701087, -3.470780219327428, -3.6892130071666496, 2.888982237248781, -1.3331227318034657, -3.6798752699022446, 3.865132303362004], [2.2343287547982307, 0.49203284657813473, -2.7091821550078157, -7.098425858454978, 3.506920780353751, 6.571734366939779, 0.7053277012660255, 3.1870084615440852, 2.5173662366510685, 0.39676480880250276, -9.51803450992826, 4.184890534447538, 2.729934712634641, 1.0610831985366778], [-1.522956269994341, -5.053864905977001, 0.44848783210763055, -2.125396796787779, -3.2396448647725866, -4.952912786581449, 3.6895882507147535, 6.102883451457059, 1.60670505554232, 5.326612179993272, -0.9301564981382335, -1.643326961308873, -3.4359068461754534, -0.5239636103092005], [-0.886546055447461, -7.588054062170694, 4.96085770151482, -8.059992344334491, 0.7296697551842517, -2.3177536318049876, -2.091925962209338, 1.9772379354278224, -0.24998015944887042, -0.585034094586073, 2.243470774760607, 1.5754606835039227, 3.199945737357242, -1.5888903963644796], [-3.0800139509063174, 6.6688037085609855, -1.4912322526912405, 0.8251217594173337, -1.6795394729195823, 5.106759402049168, 3.3560183660489953, -4.729512543600935, 1.2584076681551597, -6.549121879408596, 4.380359102089975, 3.1695887493352504, -2.757541650026791, -0.6641355567527516], [4.574132014192523, 0.36884410139853896, -0.010780060695437577, -6.294824091393343, 0.8345043947771867, 0.7928513901160219, 1.0907503588992693, 1.3380267793785605, -1.6293524078007806, -4.682251908173534, 0.7195845260246363, -3.7839731510728796, 0.9336394603042313, 6.312496085198481], [-1.5447297731854261, 10.048446136959669, -0.9503981676654072, 4.635149088321334, -3.9153235841243883, -0.8248154303690034, -0.7867133078539436, 0.19119169171533734, 3.3687720180194787, -1.4592715400719043, -2.0997792560123916, -1.0726883098786613, -3.626688991613746, -0.0858369444309679], [-3.0448621155865565, -1.9868442900651437, -1.4439507517509331, -0.12731115311157232, 0.5133904361478254, -1.7899080983497322, 9.721658731005245, -6.0589036808855585, 2.1978050968140774, -0.02576638941060693, -1.0922577764308206, 0.770488229898613, -1.7270048133407532, -1.9955524036297092], [-1.6341237380820544, 2.4776384962851887, 5.181929664250922, -1.778694091968181, -1.636752026792636, 4.6459744360257496, -1.6276975756932286, -1.6707182830104907, -0.9233393560172463, 2.846270254346857, -1.9071878111312672, -2.2261015411803147, -3.1895680339322254, -1.5002736102840548], [-3.1686390130723106, 3.499539878780406, 1.5068092513858162, -3.206682968206129, 1.185378328076932, -5.112624127314738, -2.7566215077421052, -1.6440408228795889, 3.326451893254232, -2.3188326809083986, -1.264501580145036, -0.43976181971353023, -0.7912177359546785, -1.6089154985645735], [-5.005902973814392, 0.9492032080178672, -2.0990641479481287, -5.7765703188909185, 1.0700461574445939, 4.131439449949756, -0.9873843215898945, 5.384749286606887, -3.7953602037769216, -6.607923955274378, -1.589480217824238, 2.723063961145767, 9.339999373128723, -2.154162099531429], [0.1736462496056015, -4.792780678864177, -3.0068674617834112, -1.7671103076713224, 0.4492880740782069, -5.015806808602853, -4.518371224941672, -1.292195107866653, 8.689919664479898, 3.558625922876912, 0.41154216753610995, 3.237117317163952, -4.634972287078214, 2.3600078091454275], [-6.042053807322396, -3.212894831341476, -6.673784423543305, -1.468081828207204, -1.4892592618277662, -1.3256795010103595, -1.8765309204794025, -5.390655172493375, 4.2446234858488765, -1.2861729625771252, 0.5707458972270127, -3.554612710123607, -0.2817115729773011, -2.0429649802316234], [-6.628798875625017, -1.2622247677671796, 3.0949146086701758, -0.8001016604394142, -1.4945525886057645, 3.513538468695833, 1.71806285102902, -0.9382790806938145, 1.7873957387577615, 4.046430660578228, 1.3708762381690596, 1.9303333206732711, -6.858076939663842, -5.06045497049969], [2.1821914033418994, -4.257325230616449, -3.1222300910465384, -3.5436312545477118, -0.12674406539748911, 3.1457198329111122, 6.625707755011071, 5.652058455660319, 1.6864533470687577, -3.312954195892977, 1.152956128816114, 0.9154339252049578, -2.5028099840114875, 1.454226238157075], [-2.4494517181978313, -2.8841615731579813, 1.2982720279912698, 9.78867381326549, -0.608108220894922, 7.410805711593615, -0.5822205123642665, 9.827600566737617, -3.6752068742478445, 1.0369283964414127, 5.87579528338472, 4.4362971532053805, -0.022027654998749924, 6.599773678061036], [4.203840698684351, 0.4148631022005642, 6.045918300311848, 1.9250774224177882, -9.005050372596969, 3.8681784297941304, 3.8367389816350714, 0.2815136301094685, -2.5065895730654693, -3.3376478345515683, 0.35536332751470745, 2.2923485500111114, 0.44959463164097996, 3.4490984113553385], [6.910682059783022, -5.7300793387798015, -3.7291450010437455, 0.7733085633615973, 0.7641130866889513, 0.8382976755740565, -1.1068712848292188, -0.8074143846147042, -2.0080557141236257, 1.0897631518924682, -3.9501796008078376, -1.9723761334122372, -0.29113161889859107, 4.609297444956068]], "bias": [[-5.348567294106527], [-1.036456001461525], [1.3543430733872774], [0.6820985701257348], [-0.020003230835824115], [-1.3321986161731612], [-1.1978851363845193], [-2.303440376449828], [-1.2900366269114867], [4.5231661893126365], [2.291374169157317], [0.2848420383075098], [1.3615286397359274], [-6.240658516008218], [-0.6225835264422265], [-0.5508932873127041], [3.6723700128728898], [-2.6304472282248237]]}, {"layer": "activation", "activation": "relu", "activation_prime": "relu"}, {"layer": "dense", "input_size": 18, "output_size": 4, "weights": [[0.29351213566745427, 0.7855021100996478, 1.0723597660226984, -5.998770305515155, -0.05390456690594114, -0.3997891621609816, 6.721663032544266, 5.370459269147846, -3.039570685809895, -1.2609162346917864, 2.576216515288949, -0.37485787677958143, 5.534010479179528, 3.9284172221173073, 2.0431435520588304, -2.0122714376637916, -1.2509383865389148, -3.6984478567159638], [0.5524014247915775, 1.563078569313607, 2.330402094056332, 0.8118920782342983, -3.3106386647015347, 0.876333997401292, -6.164232282090447, -0.09650984020890796, -4.500406406448268, 4.287031320714407, 5.706046711798055, -1.2664923007858502, 1.7665235302839972, -0.0769644187108069, -0.31967133390273594, -2.5332473096155304, 0.17446398134778895, 0.518425392181948], [-0.17737807233372044, -0.38317511014276995, 1.1395344053475143, -5.673651575602067, -2.011028748983161, -1.8579802590753105, 0.0865700590329973, -5.807668062530424, -0.5064725811095199, 0.9923869309758623, 1.9397599361130482, -3.599602314386189, -2.101478785277673, 1.7814331505949839, -0.051457047552560475, -0.4055426017812659, 2.14320487576414, -1.0723746175983369], [5.89887820230297, -1.8933108983445373, -5.879879088203111, -6.859832989315848, -3.158870357506183, 6.578076016366545, 4.821972162787977, 0.4275226349340363, -4.635125069504149, 0.9807727658304987, 1.0364715979448624, -2.5476640193163216, -1.1822156792358194, -3.0805030425928983, 2.7559735996160817, -3.0730947613872996, 1.1631113827106214, 3.5895871603099225]], "bias": [[2.3046136541685014], [-0.4091786623546634], [0.1375188876484903], [1.6462514880821593]]}, {"layer": "activation", "activation": "sigmoid", "activation_prime": "sigmoid"}]}