{"generation": 514, "board_size": 10, "snake_size": 3, "input_direction_count": 8, "apple_return_type": "boolean", "segment_return_type": "boolean", "network": [{"layer": "dense", "input_size": 26, "output_size": 30, "weights": [[6.755301597244457, 0.9593619995203367, -1.7993063885387643, 1.5743132730355425, 6.072432184062858, 2.9232534330940982, 1.3059589509722, 3.2118329790213376, 5.107945674993523, -3.913514786410039, 5.6517473506850475, 1.5264069372152365, -1.2641777212168486, 1.6787798866695232, 2.3137656737409196, -5.344848399710374, 1.748560176286905, -1.906190011387047, 3.109462358300652, -4.50688429004326, 1.7534940806286088, -1.9254640672910939, -5.585714004721003, 1.213770660639029, -6.45363443716163, 8.180314349434484], [0.9721656357581426, 2.413485131740611, 0.7056451543497533, 1.4666440819738513, -4.858560798683596, 1.3275604346812868, 1.9718129229014594, -6.6714393626164865, -1.6638544709370593, 7.471122690392686, -3.2792559432818917, -2.8809983868263247, 3.544869044911844, -1.0927856903229505, -2.138453269230552, -0.6432318336226768, -1.4306063939645441, 0.4386758237713908, 5.256005687743199, -0.851070658201631, 0.14782481992763108, 2.662569623445715, -7.767044830514821, 4.876832574758675, 4.76122466002138, 8.098133043745477], [3.9417802196538148, 1.1053733750340569, 4.743559280892042, -0.11295015118161267, 3.7668975468202666, -4.456736612342383, -0.4328632759701475, -0.2501476696904406, 5.499263409199901, -5.54390909583373, -5.576266065317058, -7.17165821340173, 1.1131832629352334, -7.604238112217014, -1.3427670861034815, 1.470592520215628, -1.124771936867067, 1.0046680465320665, 1.4530207874075054, 0.2835904693095741, -2.6859442438339522, -4.659549196689527, -2.5356613570991855, -1.300995391774061, -5.6293190971184055, -4.873679670961095], [-2.390376833019292, -0.7108710811951444, 6.7594261794935955, -7.283192249888557, 1.2707474980076183, -1.7120753739047938, -2.379344442018668, -0.9083391042269691, -0.36720352759909447, 1.2769815492032734, 0.5403223154167223, -0.90661284590333, -2.87997193980795, -2.3854636824980293, -1.0619995724021294, -2.902390546030267, 2.426603851482132, 3.730632997730278, -5.047697952441565, -1.7303075654060474, 1.920010256309809, -0.9455886632493606, -1.7308647190654198, 2.98990760011627, -4.29064049596823, -6.590026793080473], [6.622357881398463, -4.2433133103560925, 0.6753537559822508, -0.3683252247449238, -5.004843386938709, -1.7610431493369414, 4.70947970706259, -2.0967860640418916, -3.728527617755985, -2.906933675125775, 1.4383548426463044, 3.183579813970595, -0.4713547118432464, 1.2986120328241464, -2.977200494299166, 3.7021031790831818, 3.2503817374739077, -0.03473310510504787, 6.050151188851885, 4.36672539515459, -2.0396494706376265, -4.330272662629468, -1.8605796251107716, 1.1315158213718544, -2.472274807895749, 3.3651492005856265], [2.355559637546733, 0.15907166277397675, 2.153568373535942, -5.991195730344266, -1.7362742267614313, 0.017955901117223005, -7.851611909534219, -1.3023154993429196, -0.47224302524361417, 4.191281442266829, -6.266609901382761, -1.0693105390876645, -2.0833229259594237, -1.4104929645177045, 0.12288837993144142, -3.336670126218329, -3.027697016423099, -10.02182288900542, 1.7709796506290605, -1.9579735406646694, 1.257886003833166, -1.9136691168275397, -4.03659151662334, 0.532833211365418, -2.6657306449680647, 2.1202729204299375], [-3.886573803631972, -1.976039060276953, -3.751157194075266, -2.240940074881049, 2.277180473821633, -2.6349355214107097, 3.0009873512985954, -3.7380386224223834, -1.3647414123510044, 0.4563610824924864, -0.9931443601031752, 2.6330482832905444, 2.7305403909148582, 1.7270024171225253, -2.4235660507854515, -4.36169204356026, -3.900613034772503, 1.1406640274576934, 1.8001793879778591, 2.218099901807845, -2.518185060330592, -2.59410809418638, 3.9080757624654203, 6.510075894177296, 1.7769388132923776, 0.5811294240810676], [-0.19656507848533256, 3.5773906781316898, -2.497533335048693, 3.5392681881282995, 5.114437644659332, 3.074353859464601, 3.211522992055392, -7.815898901422755, -5.706608524678902, -5.845731475337599, -4.40892527389698, -1.9204322114483496, -0.3179546262464863, -1.694782447828918, 1.2409921127668722, -3.114254993560777, -3.294757770000888, -10.677530126480372, 4.896802707740456, 1.0806754377265657, -4.368863144212141, 0.7579414869302246, 0.5282462328168686, -1.4229674642749446, 3.381235541983191, -4.792849277714004], [-0.6257499659680958, 1.4314610859478876, -2.329775909000519, 4.317152689503633, 2.500630402498832, 1.4697047592294246, 3.9248821434911063, -0.4083981373842458, 4.498663317764487, -2.2784331979426127, -5.466595494983329, 1.5624773248008232, 5.830852235481977, 3.0749568154784956, -1.3907062493916185, 0.01408882288949903, -4.008584874238405, 2.710271730897274, 4.192283901354471, -0.16326560967693404, -0.9157828274615798, 3.1675290335605957, -0.845354562452207, 2.219567079170681, -1.9234714286552796, -4.789921161538048], [-4.305554752518725, -1.0850985256193795, 3.77404815255716, 1.4769262499120146, 1.6624992063053088, -3.63766792515492, -1.3872830241146503, 0.1480870412625373, -1.628537077791896, -1.5931901555650598, 2.646876935212506, -0.4267221677898081, 2.9623694130358738, -1.8351060533579824, -3.268614435894387, 1.1931177348334367, 4.611098521981963, 5.626494424573518, -1.0120064702140952, 3.4425007317522214, -1.8843132601334043, 2.3011519137551417, -3.531065650858147, -4.39595225239446, -3.582357401578312, -1.5845448559453248], [7.015067095258126, -6.544364571651506, -3.164967574477703, -5.772188084642208, -1.8556405795696331, 2.184241355508264, -3.267398464916262, 4.500527256311204, -2.3895956552116537, 0.6337714139779894, 1.8369332890243055, 2.8071378778378864, 4.297478074557775, 0.6855472528466668, -0.8175531403538792, 0.5264461899866766, 1.100925289691078, 1.8542710769407946, -1.4461551845906349, 4.353083190512795, 2.781797646237871, 3.3621541560360493, -1.1021567423412, -4.08764294218668, 1.584809836259393, -2.8653081883918112], [-2.706580993642435, 3.6996026407541387, -1.8948625977217395, 4.128659018482366, 1.8020876096474452, -2.79495296343193, -3.4587824478490714, 1.7788371066351742, -5.917388607297021, -3.4924469342524365, -0.8308969639236891, -1.351334684239659, -9.479797787713437, 2.777228985625939, -4.185119161138774, -0.419640553891555, 9.067462558864758, -1.7707668277309916, -1.1912366635782758, 2.371501299067588, 6.101972629027459, 3.9662957768460947, 3.7226745996848396, -1.3944378982426595, -0.5687271177476854, -2.6271919176970813], [-0.07483059007523674, 2.09609946753034, -0.33476663411946195, -0.452307018683829, 0.20197180314096053, -0.3501707834604348, 2.6901824642239878, 5.935564304605811, 4.038656998938249, -8.695600424288074, 3.300056855409183, 1.3486440279487437, -3.2426841571362575, 3.035871742249366, -0.7858807923932871, -0.6177132428774992, -1.866599561232585, 4.662228917517525, -1.0390399709298803, -3.132279858083133, 4.937120031537549, -0.4103213701175895, -6.740282614001771, 4.615687532573417, -6.937232717088016, 1.338408689711766], [-3.290969901804272, 1.820384083697074, 4.653660763567068, -4.277696113205415, -8.269388898332874, 1.9702791527446082, 11.676701560904739, 3.275931557451714, 3.260578980296895, 1.1430913474677007, 3.4906667715852633, -4.526467668118154, 1.2172441286786888, -0.3871938946026625, -2.2173872045038516, 0.8599441858575504, -4.7048749822253155, 1.716450646882036, 1.9011043996676382, 5.025759000787611, 4.146560431646356, 3.615263141546143, -1.3817928829480357, -0.6328595129641663, -4.629531914120186, -6.321684621537159], [2.1701587056394276, -2.182173253290193, -0.25325602017957327, 0.7413534291283227, 3.2382775798811063, 0.7842042037039264, -1.281272384302223, 3.0740045645686536, 0.06957220743808393, 1.1681172815689715, 1.2147040559058127, -4.3972667057999, -6.263419822081968, -1.8599465904204378, 0.4340793026396249, 6.1070747493253155, 2.501923300152472, -3.3192862537794556, -0.6761170880613747, 2.767937245229414, -1.0195767171342238, -1.0493770179631698, 