{"generation": 515, "board_size": 10, "snake_size": 3, "input_direction_count": 8, "apple_return_type": "boolean", "segment_return_type": "boolean", "network": [{"layer": "dense", "input_size": 26, "output_size": 30, "weights": [[6.320532387641195, -0.4810234046874756, -1.7993063885387643, 1.5743132730355425, 4.60881662933624, 2.9232534330940982, 2.4665302818853556, 3.044456626324142, 6.125846408289814, -3.913514786410039, 5.6517473506850475, 0.43293671458229577, -1.4589753239395262, 0.8736762317259008, 1.6431262765237364, -5.344848399710374, 1.6754354024291167, -1.9819111303499475, 3.654644679816928, -4.50688429004326, 1.7534940806286088, -1.9254640672910939, -5.585714004721003, 2.070801349273939, -6.45363443716163, 7.651244458921327], [0.9721656357581426, 2.1962861217337593, 0.7056451543497533, 1.4666440819738513, -4.858560798683596, 1.2336932893269197, 1.1393831805345782, -5.7963756249695555, -1.6638544709370593, 7.973369245051621, -2.335575839669424, -2.8809983868263247, 3.544869044911844, -0.7360891367648816, -1.4870244448528247, -0.6432318336226768, -1.4306063939645441, 2.7642472518958323, 5.256005687743199, -2.774729057156018, 0.676896455665313, 1.16054018386596, -7.767044830514821, 4.876832574758675, 4.76122466002138, 8.098133043745477], [3.1379974025421538, 2.1660251842727565, 4.743559280892042, -2.290514682678898, 5.503493625033859, -4.456736612342383, -1.8605407104345413, -0.2501476696904406, 5.499263409199901, -4.136012899094876, -5.576266065317058, -7.17165821340173, 1.1131832629352334, -7.604238112217014, -0.8457662355356275, 1.470592520215628, -1.124771936867067, 1.2026942754974081, 1.9505360019235694, 1.0412209907727077, -2.6859442438339522, -3.783025441763784, -2.5356613570991855, -1.300995391774061, -3.7893889218423014, -2.6116124648272177], [-2.390376833019292, -1.1247078992003368, 6.7594261794935955, -7.283192249888557, 1.2707474980076183, -1.7120753739047938, -2.379344442018668, 3.714083066507104, 0.7970156207428082, 1.111403317028758, 1.4151900163542075, 0.6992651596403283, 0.6191035236715468, -4.490192550487539, -1.0619995724021294, -2.902390546030267, 1.432298889495391, 3.730632997730278, -5.047697952441565, -2.2830389549904044, 2.1299685105714854, 1.0259644380943218, -1.7308647190654198, 2.98990760011627, -4.29064049596823, -6.590026793080473], [6.622357881398463, -4.2433133103560925, 0.5872351025257578, -0.3683252247449238, -5.004843386938709, -1.7610431493369414, 7.597365926470271, -2.0967860640418916, -3.728527617755985, -1.9601092046568638, 1.4383548426463044, 3.183579813970595, -0.15035087016016174, 1.2986120328241464, -2.977200494299166, 3.7021031790831818, 4.067408001431295, 0.5885896558381176, 4.8977676178773315, 4.36672539515459, -2.0396494706376265, -1.4120186725574706, -1.8605796251107716, 1.1315158213718544, -2.1022647528984186, 2.619025178844091], [1.225296615354767, 0.009450291421329249, 1.3885963694699028, -6.76147409564821, -0.07088160250949027, 0.017955901117223005, -6.47108173213935, -1.3023154993429196, -0.47224302524361417, 3.963183054739644, -4.288100498370501, -2.0038587788161197, -2.0833229259594237, -1.0197330854449844, -0.7610889599036619, -5.032035665286671, -3.5330720192861484, -10.02182288900542, -0.39943359114661503, -1.9579735406646694, -2.243813120302396, -1.9136691168275397, -4.03659151662334, 0.5002866545766232, -1.2412980627654544, 2.1202729204299375], [-4.5996068159403976, -3.438112119002924, -1.9077386552690454, -1.2339867295040716, 2.8550242416369627, -2.6349355214107097, 3.0009873512985954, -3.0000636951487656, -2.674259401630906, 2.377143375743004, -0.9931443601031752, 2.353013349063583, 1.8676982330141962, 1.7349019679746718, -0.6236083192397474, -2.9885565671310443, -3.5310222193341607, 0.2533611225976099, 1.1139883818860303, 2.218099901807845, -2.518185060330592, -4.7502778074961505, 3.9080757624654203, 5.5539813914943945, 1.1421738483820016, 0.5811294240810676], [-0.008720166901517057, 3.7543329065830138, -2.497533335048693, 3.5392681881282995, 4.865814464822055, 3.908315554490219, 3.211522992055392, -8.516775260826046, -5.706608524678902, -6.361973386439943, -4.40892527389698, -3.0811030026133857, 0.5641730960389462, -2.5026465408777385, 0.645085970469349, -2.753149554197305, -0.8734418028285549, -8.286377122192093, 2.43902901944922, 1.711078194773662, -3.5795096567108127, 0.9990727814600102, 1.307332297516251, -1.3197404254778244, 3.7178078193225987, -5.288883441883982], [-0.6257499659680958, 1.1947167121432376, -2.329775909000519, 2.0716349763513735, 3.08580108343674, 1.4697047592294246, 2.5616989344212953, -0.09097564854864285, 4.498663317764487, -3.1092559501166015, -5.00462413204884, 1.4282242498682267, 5.830852235481977, 4.651117099920857, -1.9343191013273628, 0.07238696998297045, -4.809564083021313, 1.7981287313826, 4.192283901354471, -0.47741713272414543, -1.9032114642150275, 3.1675290335605957, -0.845354562452207, 2.298926225431519, -5.430917982437738, -4.268420850139284], [-4.305554752518725, -0.05260482458577864, 3.9248333358531213, 2.2366670787866987, 1.3715612610940935, -2.1589003893772962, 0.7757470179155055, 0.5733728021611069, -0.6941484815297071, -0.08336067178664042, 1.6328418733977794, -1.1668703417342736, -0.039213164868691974, -1.8351060533579824, -3.268614435894387, 0.9172895662461551, 4.407135296573532, 4.769887822382243, 2.4049779723582647, 3.4425007317522214, -1.8843132601334043, 0.7368910395856237, -2.652061826104747, -4.39595225239446, -1.038261860826788, -1.5845448559453248], [7.409772211666678, -4.472843069937002, -3.423785445254724, -4.092018411436616, -1.7541598237321232, 1.1664707684487232, -1.5858088681736664, 4.427328454809441, -0.8891818174745718, 2.983802902633287, 1.8369332890243055, 5.200180238206637, 4.297478074557775, 0.6855472528466668, 0.5523186754666634, 3.0972704507531628, 1.100925289691078, 1.4879877801574377, -0.5394293948816398, 4.353083190512795, 2.183065846701077, 3.3621541560360493, -1.1021567423412, -4.08764294218668, 1.1887438650116036, -2.262651880712225], [-1.8068483575891734, 2.739611571467376, -0.8232198883159247, 4.488987546580899, 0.43014288334293727, -4.328514165201641, -3.4587824478490714, 1.7788371066351742, -6.319398170070601, -3.588579100003912, -0.9003464136380072, 0.836779904222628, -9.479797787713437, 2.777228985625939, -3.44019739525278, -0.5251754126332046, 9.226265330894394, -1.6946012796658834, -0.555264111958279, 2.768332797394853, 5.635689932421762, 5.153539523855171, 3.222308604802152, -1.3944378982426595, 0.7450575756672391, -1.2416807244024746], [0.8716400801763378, 2.462256410618381, -2.2400958047148247, -0.161442715013226, 0.20197180314096053, -0.46510862366065964, 3.1926659650041107, 5.9075761234777175, 2.8926399862281533, -8.695600424288074, 3.300056855409183, 3.3140047188815482, -2.7712446409398175, 3.1742412963567426, -0.3688613595780884, -0.839143749408524, -1.866599561232585, 3.195615048177312, -1.0390399709298803, -1.5556287498106105, 4.937120031537549, 0.3878227985419638, -6.740282614001771, 4.234852741875493, -6.483545271682498, 1.338408689711766], [-3.290969901804272, 1.820384083697074, 4.653660763567068, -4.277696113205415, -8.269388898332874, 1.9702791527446082, 11.010492033097218, 3.982692153072264, 3.260578980296895, 2.286420375894586, 3.4906667715852633, -4.158765610472425, 1.2172441286786888, -0.3871938946026625, -1.7114218386310298, 0.8599441858575504, -4.7048749822253155, 3.566315023256985, 1.9011043996676382, 5.025759000787611, 4.239804270079869, 2.630361528831061, -1.3817928829480357, -0.6328595129641663, -3.946569631717632, -6.321684621537159], [2.1701587056394276, -2.182173253290193, -0.25325602017957327, -0.12881811229843687, 3.857687065384421, 0.7842042037039264, 0.5243522927137646, 3.0740045645686536, 0.3254518830560188, 2.3108301734199768, 1.6001065636194665, -4.3972667057999, -5.788177859000474, -0.8176177742952893, 0.7220274049102946, 6.1070747493253155, 2.501923300152472, -3.0354519489405827, -1.3803534722988529, 2.767937245229414, 0.023702962257675153, -1.0493770179631698, 