{"generation": 520, "board_size": 10, "snake_size": 3, "input_direction_count": 8, "apple_return_type": "boolean", "segment_return_type": "boolean", "network": [{"layer": "dense", "input_size": 26, "output_size": 30, "weights": [[6.320532387641195, -0.4810234046874756, -1.7993063885387643, 1.5743132730355425, 4.60881662933624, 2.9232534330940982, 2.4665302818853556, 3.044456626324142, 6.125846408289814, -3.913514786410039, 5.6517473506850475, 0.43293671458229577, -0.5579617336439223, 0.8736762317259008, 1.6431262765237364, -5.344848399710374, 1.6754354024291167, -2.2694069593386024, 3.2807287008993677, -4.50688429004326, 1.7822313701547143, -1.9254640672910939, -5.415084064939295, 2.070801349273939, -6.45363443716163, 7.651244458921327], [0.9721656357581426, 1.3486310457148487, 2.0746036640732957, 0.6070852765248549, -4.858560798683596, 1.3275604346812868, 1.3281210146131393, -5.393491633708312, -1.6638544709370593, 7.471122690392686, -4.155928795089286, -2.8809983868263247, 3.544869044911844, -0.8777570263469922, -2.138453269230552, -0.6432318336226768, -1.4306063939645441, 2.4527646813672557, 6.6092815839102155, -4.129203855618831, 0.676896455665313, 0.8667879083622646, -5.113626907494033, 3.5934301389670913, 3.532315309138735, 8.098133043745477], [4.882845248506859, 0.6898887809104782, 4.743559280892042, -2.290514682678898, 4.137483807803823, -4.456736612342383, -1.4057308568417943, -3.5590869419106057, 5.642816913450419, -5.54390909583373, -5.576266065317058, -7.17165821340173, 0.022581072778340205, -7.31265100816476, -0.8457662355356275, 0.3244053990987581, -1.3322769689292404, 1.0046680465320665, 1.9505360019235694, 0.2835904693095741, -2.6859442438339522, -4.659549196689527, -2.2554168530224037, -0.43799875358745133, -3.9344100665986215, -1.8801068143069828], [-2.390376833019292, -0.20332096170435945, 6.7594261794935955, -7.283192249888557, 1.2707474980076183, -1.7120753739047938, -2.379344442018668, 3.131511684618471, 0.7970156207428082, 1.2635598704349962, 2.4074069611381126, -0.9900423078673108, 2.6748523195212135, -1.7223108080367668, -1.257212338274418, -2.902390546030267, 2.426603851482132, 3.730632997730278, -5.029476076862097, -1.0542765669225131, 3.0874956591668252, -1.1784777895333596, -1.948160394472875, 2.8517438040408822, -3.14619785666296, -6.206041961984178], [6.622357881398463, -2.9717892072899845, 0.5872351025257578, 0.6755681423124245, -5.004843386938709, -1.7610431493369414, 6.488813317505402, -1.1828885436531695, -3.625436935986414, -2.15835128461328, 1.4383548426463044, 3.183579813970595, -0.15035087016016174, 0.7110558489369622, -4.911201403475944, 3.4679587546855197, 4.067408001431295, -0.03473310510504787, 5.552883481902753, 4.36672539515459, -2.3200240194600448, -3.0056682534799855, -1.8605796251107716, 1.1315158213718544, -2.1022647528984186, 2.619025178844091], [1.225296615354767, 0.009450291421329249, 0.06187340002823538, -5.991195730344266, -0.07088160250949027, 0.017955901117223005, -6.47108173213935, -1.3023154993429196, -1.3821332062972802, 2.9029965518662646, -3.680474045240633, -2.0038587788161197, -2.0833229259594237, -1.0197330854449844, -0.5577647657612315, -3.336670126218329, -3.5330720192861484, -10.02182288900542, 0.6284523938831444, -1.9579735406646694, -0.35876421427730504, -2.150098905478799, -6.410612717760247, 0.032261653132054535, -1.2412980627654544, 2.1202729204299375], [-2.9082714773124905, -2.287868929583306, -1.999970100112874, -4.726006304493234, 2.8550242416369627, -2.6349355214107097, 2.606782259071628, -4.2278179781848975, -1.1695634144367775, 0.7566355020178042, -0.9931443601031752, 0.8936483408951814, 2.9663478008751936, 1.7270024171225253, -0.6236083192397474, -5.228589307091759, -3.900613034772503, -0.6901880459964673, 0.580330163748024, 2.218099901807845, -2.8427560666092444, -4.425219558658637, 3.9080757624654203, 6.510075894177296, 1.7769388132923776, 0.5811294240810676], [0.1563838940681812, 3.7543329065830138, -2.497533335048693, 3.5392681881282995, 5.114437644659332, 4.656733137890449, 2.2550630926479616, -8.516775260826046, -5.706608524678902, -4.968924110281313, -4.40892527389698, -3.0811030026133857, 1.0570968888109504, -1.694782447828918, 1.2409921127668722, -1.9577333619475668, -2.0050018284216, -10.677530126480372, 2.648543585790299, 1.2681178709201468, -3.026479591617744, 0.7579414869302246, -0.20685079196356826, -1.4229674642749446, 3.7178078193225987, -5.151873906247645], [-0.6257499659680958, 1.4314610859478876, -2.329775909000519, 4.317152689503633, 3.08580108343674, 1.4697047592294246, 2.5616989344212953, -0.09097564854864285, 4.498663317764487, -3.1092559501166015, -5.780552754377926, 1.4282242498682267, 5.830852235481977, 3.272977318136553, -4.108996887049437, 0.07238696998297045, -4.809564083021313, 2.710271730897274, 4.192283901354471, -1.3337438339103418, -0.9157828274615798, 3.1675290335605957, -0.845354562452207, 2.219567079170681, -1.9234714286552796, -4.268420850139284], [-4.305554752518725, -1.0850985256193795, 3.77404815255716, 2.7684079123983367, 2.1592469800171177, -2.1589003893772962, -1.035223391726925, 0.26324885779632373, -1.628537077791896, -0.6120765969208647, 0.9664092138070699, -0.4267221677898081, 1.867218205377056, -1.8351060533579824, -3.268614435894387, 0.9172895662461551, 4.407135296573532, 5.273502019528581, 0.9641022516192166, 3.4425007317522214, -1.8843132601334043, 0.7368910395856237, -3.531065650858147, -4.39595225239446, 0.08587333767760419, -2.780183694927806], [6.629940559962647, -6.033134037836925, -3.164967574477703, -4.776304552952625, -1.73143752793798, 1.1664707684487232, -3.267398464916262, 3.76337389141295, -0.8891818174745718, 1.306683251046859, 2.7754807553850394, 3.5748680679958493, 4.297478074557775, 0.6855472528466668, -0.8175531403538792, 3.2345345280413964, 0.11386281807998277, 2.8561259356559607, -0.5394293948816398, 4.972717292513844, 1.5978734763478433, 3.3621541560360493, 0.09267966494517776, -5.9757194750641895, 1.1887438650116036, -2.8653081883918112], [-1.8068483575891734, 3.7099806682522383, -0.7332741421517404, 4.128659018482366, 0.5230446040404944, -2.79495296343193, -4.906384790826167, 1.3388820643354227, -5.021482087568106, -3.4662216715790657, -0.9003464136380072, 0.551428940460063, -10.005269393699102, 2.777228985625939, -4.185119161138774, -0.5251754126332046, 8.364224798978478, -1.7707668277309916, -2.36620960858858, 2.768332797394853, 6.62805815889511, 2.9960696096105983, 3.269138399102082, -1.3944378982426595, -0.25870445100269457, -0.3373526729742671], [2.233152241346364, 2.8600563631086375, 1.00729982077961, -0.11243442664822839, 0.20197180314096053, -0.46510862366065964, 3.1926659650041107, 5.9075761234777175, 2.8926399862281533, -8.695600424288074, 2.6149195973813693, 1.3486440279487437, -2.7712446409398175, 4.15071226775518, -0.11700762862660163, -0.839143749408524, -1.7008979400602005, 1.1137358623501785, -0.8903538758347526, -1.5556287498106105, 4.937120031537549, 0.3878227985419638, -4.815101709983414, 3.2482374998336683, -7.160930641100332, 1.338408689711766], [-3.8847856854097365, 1.8168637459923798, 3.7468468316579835, -5.489239943117353, -9.748820172421947, 1.409037780703704, 10.985112956280268, 3.982692153072264, 3.260578980296895, 3.3398073620096, 2.6114201352917012, -4.358480969868475, 0.9207519491327231, -0.3871938946026625, -2.2173872045038516, 0.8599441858575504, -4.7048749822253155, 3.566315023256985, 2.6105896564110305, 5.185054254052113, 4.239804270079869, 3.492678538281923, -1.3817928829480357, -0.6328595129641663, -3.03556094237632, -4.5950624491136445], [2.868208577474293, -2.7456909230839637, 1.496853443822292, -0.12881811229843687, 3.0002331419554342, 1.2871332522576575, 1.2169070336421424, 1.7571389011823035, 0.30704771422952953, 2.3108301734199768, 0.9502378967018921, -4.960746598647356, -7.872190564200628, -1.7520091597321445, -0.2605334393416783, 5.305972769430816, -1.541173860914328, -3.0354519489405827, 2.598552193602014, 0.05131941595485068, 0.7291022981314117, 