{"generation": 517, "board_size": 10, "snake_size": 3, "input_direction_count": 8, "apple_return_type": "boolean", "segment_return_type": "boolean", "network": [{"layer": "dense", "input_size": 26, "output_size": 30, "weights": [[5.379821498515794, -0.3194188380184185, -1.7993063885387643, 1.5743132730355425, 4.60881662933624, 2.9232534330940982, 2.736309906709349, 3.367045744566747, 5.833492308279527, -3.225343238034705, 5.6517473506850475, 0.43293671458229577, -1.0682617075573873, 0.8736762317259008, 2.3137656737409196, -5.344848399710374, 1.5275270320052694, -2.2694069593386024, 0.9142177482740601, -4.50688429004326, 1.7822313701547143, -1.9254640672910939, -5.585714004721003, 2.070801349273939, -6.45363443716163, 7.651244458921327], [1.4239503636969357, 2.1132196071538627, 2.120429555477347, 1.4666440819738513, -4.858560798683596, 1.3275604346812868, 1.1393831805345782, -2.6220942096572952, -1.6638544709370593, 7.471122690392686, -4.155928795089286, -2.8809983868263247, 3.544869044911844, -0.7360891367648816, -2.138453269230552, -0.6432318336226768, -1.4306063939645441, 2.4527646813672557, 5.256005687743199, -3.28419133051093, 0.43202585278668726, 0.2682978151518429, -7.767044830514821, 4.165871382896518, 4.76122466002138, 9.623748497069828], [3.9417802196538148, 0.6072156528911472, 4.743559280892042, -2.484273632132248, 3.3677410746151493, -4.456736612342383, -1.4057308568417943, -0.2501476696904406, 5.735586961123383, -5.54390909583373, -5.576266065317058, -6.690540420808194, 1.1131832629352334, -7.604238112217014, -0.7098169779411425, 0.3244053990987581, -1.3322769689292404, 1.0046680465320665, 1.9505360019235694, 0.2835904693095741, -2.6859442438339522, -4.177178929835675, -3.665289669164882, -1.280256282255554, -3.9344100665986215, -2.6116124648272177], [-2.390376833019292, -1.9709639448529224, 6.637711096147644, -6.805033637047838, 1.2707474980076183, -1.7120753739047938, -2.379344442018668, 3.131511684618471, 0.7970156207428082, 1.111403317028758, 1.4151900163542075, -2.6023556056346973, 0.6191035236715468, -0.5906785149308313, -0.9494447830505877, -2.902390546030267, 2.426603851482132, 3.730632997730278, -5.047697952441565, -2.2830389549904044, 3.0874956591668252, 1.9930392203071083, -1.7308647190654198, 2.98990760011627, -4.29064049596823, -4.446263624946854], [6.275382691843645, -4.2433133103560925, 0.5872351025257578, -0.3683252247449238, -5.004843386938709, -1.7610431493369414, 5.661322097393487, -2.0967860640418916, -3.8818359164191745, -1.9601092046568638, 1.4383548426463044, 3.183579813970595, 0.30206323897711784, 0.5027201711119186, -2.977200494299166, 3.7021031790831818, 5.22582522392203, -0.04124200974075265, 4.8977676178773315, 6.467587759824107, -2.0396494706376265, -2.3533908215642616, -1.8605796251107716, 1.1315158213718544, -2.1022647528984186, 2.619025178844091], [2.2971113599325568, 0.009450291421329249, 1.3885963694699028, -5.991195730344266, -0.07088160250949027, 0.017955901117223005, -5.047822356982243, -1.3023154993429196, -0.47224302524361417, 4.017166952296614, -4.068901225876748, -2.0038587788161197, -2.0833229259594237, -1.0197330854449844, -0.5577647657612315, -5.032035665286671, -5.770776606601104, -10.02182288900542, 0.4157785594475074, -1.9579735406646694, -0.6033656482687904, -2.068163851436041, -5.273225528387367, -0.2964052268138486, -2.5495491649567685, 2.1202729204299375], [-4.5996068159403976, -2.287868929583306, -1.9077386552690454, -1.2339867295040716, 2.8550242416369627, -2.718542230018847, 3.0009873512985954, -2.3811714716162413, -1.3647414123510044, 0.7566355020178042, -0.09394921904182563, 2.6330482832905444, 2.9663478008751936, 2.28735978257808, -0.6236083192397474, -5.228589307091759, -3.5310222193341607, 0.2533611225976099, 1.1139883818860303, 1.601618630776255, -2.518185060330592, -4.425219558658637, 1.3763925692624288, 6.510075894177296, 2.892779540133442, 0.5811294240810676], [0.1563838940681812, 3.7543329065830138, -2.497533335048693, 3.5392681881282995, 5.114437644659332, 3.463957534595066, 3.211522992055392, -7.521075683361398, -5.706608524678902, -4.968924110281313, -4.40892527389698, -3.0811030026133857, 0.8103402889476559, -2.5026465408777385, -0.05731523329691146, -2.753149554197305, -0.8734418028285549, -8.286377122192093, 2.43902901944922, 1.6176790301770532, -1.3390534365655924, 0.8035498568098437, 1.307332297516251, -1.3197404254778244, 3.7178078193225987, -4.993236346255857], [-0.6257499659680958, 1.1947167121432376, -2.329775909000519, 3.619120254134848, 3.08580108343674, 1.4697047592294246, 2.3823028626226375, -0.09097564854864285, 4.498663317764487, -3.1092559501166015, -5.466595494983329, 1.4282242498682267, 5.830852235481977, 1.207800301104736, -3.0204664649342514, 0.07238696998297045, -4.809564083021313, 2.710271730897274, 4.192283901354471, -0.15501131145431835, -0.9157828274615798, 5.76361920098536, -0.845354562452207, 2.298926225431519, -1.3742945804470577, -4.268420850139284], [-4.305554752518725, -1.0850985256193795, 3.77404815255716, 0.1861686695402066, 3.533065755138977, -2.1589003893772962, 0.7757470179155055, 0.5733728021611069, -1.628537077791896, -1.5931901555650598, 1.6328418733977794, -1.1668703417342736, 1.0796466884824896, -1.8351060533579824, -3.268614435894387, 0.9172895662461551, 4.407135296573532, 5.273502019528581, 2.4049779723582647, 3.4425007317522214, -1.8843132601334043, 0.7368910395856237, -3.447080941774198, -4.39595225239446, -1.038261860826788, -1.5845448559453248], [6.629940559962647, -7.479636512824589, -4.613798572135874, -5.063324639997922, -1.7541598237321232, 1.1664707684487232, -3.267398464916262, 3.76337389141295, -0.8891818174745718, 1.306683251046859, 1.9492439696153592, 2.852673817429938, 6.038729054602778, 0.6855472528466668, -0.8175531403538792, 3.2345345280413964, 1.100925289691078, 2.8561259356559607, -0.976802377939903, 4.353083190512795, 1.5978734763478433, 2.305866622224802, 0.09267966494517776, -5.9757194750641895, 1.1887438650116036, -2.8653081883918112], [-1.8068483575891734, 3.7099806682522383, -1.034298467933698, 4.128659018482366, 0.5230446040404944, -3.8221216902883106, -4.906384790826167, 1.3388820643354227, -5.021482087568106, -3.4662216715790657, -0.9003464136380072, -0.06631466733067393, -9.479797787713437, 1.395332557507892, -4.185119161138774, -0.5251754126332046, 6.412285091792901, -1.7707668277309916, -0.9808562901725166, 2.768332797394853, 6.101972629027459, 3.9662957768460947, 3.222308604802152, -1.3944378982426595, 1.4677498679664043, -0.8579498863900922], [0.8716400801763378, 2.09609946753034, -0.33476663411946195, -0.161442715013226, 0.20197180314096053, -0.46510862366065964, 3.1926659650041107, 5.9075761234777175, 2.8926399862281533, -8.695600424288074, 4.312718693139911, 1.3486440279487437, -2.7712446409398175, 2.7923964516016606, 1.5179620557224625, -0.2689521469320696, 0.4904227184009293, 3.195615048177312, -1.0390399709298803, -1.5556287498106105, 4.937120031537549, 0.3878227985419638, -6.740282614001771, 4.615687532573417, -8.508708422163336, 1.7181448200038465], [-3.290969901804272, 1.820384083697074, 3.7468468316579835, -4.277696113205415, -8.269388898332874, 3.1052742151394144, 11.676701560904739, 4.318879574185202, 3.178304371813572, 1.849708232137287, 3.617380097613685, -4.526467668118154, 1.7194242697878632, -0.3871938946026625, -2.5450903773070515, 0.8599441858575504, -4.360177711458936, 3.110701755496514, 2.6105896564110305, 5.025759000787611, 4.051714198950166, 3.7195452072337254, -1.5533713427107063, -1.403896409701586, -3.03556094237632, -4.5950624491136445], [2.1701587056394276, -3.439352011083662, 1.6077479503765624, -0.12881811229843687, 3.0002331419554342, 0.6037919544863699, 1.2821659687105662, 2.0212605494798708, 0.30704771422952953, 2.3108301734199768, 1.2147040559058127, -5.798475814629385, -5.788177859000474, -1.8599465904204378, 0.31691965336537076, 5.282918966064136, 2.167997024047488, -3.0354519489405827, 1.1129551930813353, -0.771231950195858, 0.11560087021341653, 