{"generation": 521, "board_size": 10, "snake_size": 3, "input_direction_count": 8, "apple_return_type": "boolean", "segment_return_type": "boolean", "network": [{"layer": "dense", "input_size": 26, "output_size": 30, "weights": [[6.217213990710136, -0.4810234046874756, -1.7993063885387643, 1.5743132730355425, 4.60881662933624, 2.9232534330940982, 2.4665302818853556, 3.044456626324142, 6.125846408289814, -3.913514786410039, 5.714645637296249, 0.43293671458229577, 0.7154532378320693, 0.8736762317259008, 1.6431262765237364, -5.344848399710374, 1.6754354024291167, -2.2694069593386024, 3.2807287008993677, -3.953006834774601, 1.7822313701547143, -1.9254640672910939, -3.4970333294695655, 3.6981556154430324, -5.663650463456872, 7.651244458921327], [0.9721656357581426, 1.3486310457148487, 2.0746036640732957, 0.16055584401560696, -4.858560798683596, 1.3275604346812868, 3.2014174938777, -6.038884548231882, -1.6638544709370593, 7.471122690392686, -4.155928795089286, -2.8809983868263247, 3.544869044911844, -0.8777570263469922, -2.138453269230552, -0.6432318336226768, -1.4306063939645441, 2.4527646813672557, 4.8467374769625335, -4.129203855618831, 0.676896455665313, 0.8667879083622646, -5.904196266788324, 3.5934301389670913, 3.532315309138735, 9.623748497069828], [3.9417802196538148, 0.6072156528911472, 4.743559280892042, -2.484273632132248, 3.3677410746151493, -5.472978142841483, -1.4057308568417943, 1.5278819508304913, 5.642816913450419, -5.54390909583373, -5.576266065317058, -6.690540420808194, 2.262445608575054, -7.604238112217014, -0.7098169779411425, 0.37127638267526475, -1.9209982202473073, 1.8614693738225605, 1.9505360019235694, 0.2835904693095741, -2.6859442438339522, -4.659549196689527, -3.665289669164882, -1.280256282255554, -5.074311182867223, -2.6116124648272177], [-2.390376833019292, 0.050668326418530404, 6.7594261794935955, -6.805033637047838, 1.2707474980076183, -1.7120753739047938, -2.379344442018668, 3.131511684618471, 0.7970156207428082, 1.111403317028758, 1.4151900163542075, -2.6023556056346973, 0.6191035236715468, -2.3854636824980293, -0.9494447830505877, -1.9315700564924367, 2.426603851482132, 3.730632997730278, -5.047697952441565, -2.2830389549904044, 3.0874956591668252, 1.79164997284153, -1.7308647190654198, 2.98990760011627, -4.29064049596823, -5.961846662536592], [6.275382691843645, -4.2433133103560925, 0.5872351025257578, 0.05356242872584549, -5.004843386938709, -1.4365604585357565, 5.661322097393487, -2.0967860640418916, -3.8818359164191745, -1.9601092046568638, 2.564477136536664, 3.183579813970595, 0.30206323897711784, 2.499646146242203, -2.977200494299166, 5.1162741667262175, 5.113784420089815, -0.4159098246102257, 4.8977676178773315, 5.677387526233207, -2.1273319221616243, -2.3533908215642616, -1.8605796251107716, 1.179476290244175, -0.8552923162231605, 2.619025178844091], [2.2971113599325568, 0.32998239168018717, 1.3885963694699028, -5.991195730344266, -0.07088160250949027, -0.33617336287701277, -5.047822356982243, -1.3023154993429196, -0.47224302524361417, 4.017166952296614, -4.068901225876748, -3.396665352365227, -2.0833229259594237, -1.0197330854449844, -0.5577647657612315, -5.032035665286671, -5.770776606601104, -10.02182288900542, 0.4157785594475074, -1.9579735406646694, -0.5242924122156294, -1.9136691168275397, -6.465421840046655, 0.532833211365418, -2.5495491649567685, 3.8543220947249233], [-4.5996068159403976, -1.7157408489833832, -1.9077386552690454, -1.2339867295040716, 2.8550242416369627, -2.718542230018847, 3.0009873512985954, -2.660614483683682, -1.3647414123510044, 0.7566355020178042, -0.09394921904182563, 2.8172305211468993, 2.9663478008751936, 2.28735978257808, -2.427023118090468, -5.416133529346637, -3.5310222193341607, 0.2533611225976099, 1.1139883818860303, 2.218099901807845, -2.518185060330592, -3.9158734927777563, 1.3763925692624288, 6.510075894177296, 2.892779540133442, 0.5811294240810676], [0.1563838940681812, 3.7543329065830138, -2.497533335048693, 2.9917683823562604, 5.114437644659332, 3.908315554490219, 3.211522992055392, -7.521075683361398, -4.727324869959985, -4.968924110281313, -4.40892527389698, -3.0811030026133857, 2.592521376151506, -2.5026465408777385, 0.7202850871408524, -2.753149554197305, -1.5724568817606552, -9.654090126697826, 2.362140421908802, 1.6176790301770532, -1.3390534365655924, 0.8035498568098437, -0.40081258858403523, -1.3197404254778244, 3.7178078193225987, -4.993236346255857], [-0.67617179554816, 1.1947167121432376, -2.329775909000519, 3.619120254134848, 3.08580108343674, 1.4697047592294246, 2.3823028626226375, -0.09097564854864285, 3.1142479664107254, -3.1092559501166015, -5.466595494983329, 1.4282242498682267, 5.044818882614024, 3.272977318136553, -3.0204664649342514, 0.07238696998297045, -4.809564083021313, 2.710271730897274, 4.192283901354471, -0.15501131145431835, -0.9157828274615798, 4.144594740329417, -0.845354562452207, 0.15867413905289585, -2.2096433797930515, -4.268420850139284], [-4.305554752518725, -1.583470799760749, 3.77404815255716, -1.1358980780440169, 0.4683756507230641, -2.1589003893772962, -1.035223391726925, -1.520670776215313, -1.628537077791896, -0.8347988149104242, -0.7927312694023778, -0.4267221677898081, 1.8230483372225812, -1.8351060533579824, -3.268614435894387, 0.9172895662461551, 3.25921401424758, 5.037958960158255, 0.9641022516192166, 3.4425007317522214, -1.8843132601334043, 0.3742825980005628, -3.531065650858147, -5.672727848808361, 2.757452522563349, -2.4984042089771163], [7.248229893673868, -4.954222681447736, -3.1602009822904296, -5.9545068688223814, -2.1418059760084116, 1.1664707684487232, -3.233121600696653, 3.172665398461862, -0.8891818174745718, 2.3280425538398273, 2.7754807553850394, 3.5748680679958493, 4.297478074557775, 0.30777544310222077, -0.8175531403538792, 3.622118479239169, 1.100925289691078, 2.8561259356559607, -0.5394293948816398, 4.353083190512795, 1.5978734763478433, 3.3621541560360493, 0.849490046729372, -5.160276313047675, 2.3573339658704913, -3.5397036314857364], [-2.613763469786278, 2.6620178258383183, -1.5023282003430287, 4.4655661625873995, -0.7207366634610068, -2.79495296343193, -3.4587824478490714, 0.3751167378803326, -4.938028953405548, -3.4924469342524365, -0.814695344788785, 1.4304173739883768, -10.666490274507732, 2.777228985625939, -4.185119161138774, -0.5251754126332046, 8.661774601446245, -1.3264020958735094, -0.7352250664860112, 2.768332797394853, 6.101972629027459, 3.9662957768460947, 3.222308604802152, -1.5576148447662161, -0.25870445100269457, -0.3373526729742671], [2.233152241346364, 3.0973973835639774, 1.00729982077961, -0.09470613106204073, 0.20197180314096053, -0.46510862366065964, 2.8793489751147945, 5.9075761234777175, 2.8926399862281533, -6.589108130833893, 2.6149195973813693, 1.3564820359488374, -2.7712446409398175, 2.9330129766402844, -0.11700762862660163, -0.839143749408524, -1.7008979400602005, 1.1137358623501785, -0.8903538758347526, -0.6141586260323264, 4.937120031537549, -1.9114784964942244, -4.815101709983414, 3.2482374998336683, -7.160930641100332, 1.1207192620471564], [-2.8121558136940563, 1.820384083697074, 3.7468468316579835, -5.981644976412965, -9.748820172421947, 1.409037780703704, 11.596735504751615, 3.1805493118078094, 3.260578980296895, 2.2285122827882318, 3.4906667715852633, -4.358480969868475, 0.9207519491327231, -0.3871938946026625, -2.2173872045038516, 0.8599441858575504, -4.7048749822253155, 3.566315023256985, 3.6061259865993804, 5.185054254052113, 5.271603441440719, 3.492678538281923, -1.3817928829480357, 0.41213824304492763, -3.03556094237632, -4.5950624491136445], [2.868208577474293, -2.7456909230839637, 1.496853443822292, -0.03921111132669891, 3.0002331419554342, 3.0535538953406736, 1.2169070336421424, 2.4743279250030845, 0.30704771422952953, 2.895076619236393, 0.9502378967018921, -4.960746598647356, -6.737188939533828, -1.7520091597321445, -0.2605334393416783, 4.997698619059673, -1.541173860914328, -4.888780331514024, 1.663010011581656, -0.35837329987363276, -0.14653509563923467, 