{"generation": 514, "board_size": 10, "snake_size": 3, "input_direction_count": 8, "apple_return_type": "boolean", "segment_return_type": "boolean", "network": [{"layer": "dense", "input_size": 26, "output_size": 30, "weights": [[6.320532387641195, -0.4810234046874756, -1.7993063885387643, 1.5743132730355425, 4.60881662933624, 2.9232534330940982, 2.4665302818853556, 4.097264482453759, 5.833492308279527, -3.913514786410039, 5.6517473506850475, 0.43293671458229577, -1.0682617075573873, 0.8736762317259008, 2.3137656737409196, -5.344848399710374, 1.6754354024291167, -1.9819111303499475, 3.109462358300652, -4.50688429004326, 1.7534940806286088, -1.9254640672910939, -5.585714004721003, 2.070801349273939, -6.45363443716163, 7.651244458921327], [0.9721656357581426, 2.413485131740611, 0.7056451543497533, 1.4666440819738513, -4.858560798683596, 1.2336932893269197, 1.1393831805345782, -5.7963756249695555, -1.6638544709370593, 7.471122690392686, -3.2792559432818917, -2.8809983868263247, 5.261934408314802, -0.7360891367648816, -2.138453269230552, -0.6432318336226768, -1.4306063939645441, 2.7642472518958323, 5.256005687743199, -2.774729057156018, 0.676896455665313, 1.16054018386596, -7.767044830514821, 4.876832574758675, 4.76122466002138, 8.098133043745477], [3.9417802196538148, 1.1757048822345313, 4.743559280892042, -2.290514682678898, 3.7668975468202666, -4.456736612342383, -1.4057308568417943, -0.2501476696904406, 5.499263409199901, -5.54390909583373, -5.576266065317058, -7.17165821340173, 1.1131832629352334, -7.604238112217014, -0.8457662355356275, 1.470592520215628, -1.124771936867067, 1.0046680465320665, 1.9505360019235694, 0.2835904693095741, -2.6859442438339522, -4.662585173980727, -2.5356613570991855, -1.300995391774061, -3.9887068232278686, -2.6116124648272177], [-2.390376833019292, -0.5991958761699936, 6.7594261794935955, -7.283192249888557, 1.2707474980076183, -1.7120753739047938, -2.379344442018668, 3.0698939257567006, 0.7970156207428082, 1.111403317028758, 1.4151900163542075, -0.9900423078673108, 0.6191035236715468, -2.3854636824980293, -1.0619995724021294, -2.902390546030267, 2.2971186641625407, 3.730632997730278, -5.047697952441565, -2.2830389549904044, 1.4636583007737087, 1.0259644380943218, -1.7308647190654198, 3.8681224490070076, -4.29064049596823, -6.590026793080473], [6.622357881398463, -4.978630648388746, 0.5872351025257578, -0.3683252247449238, -5.004843386938709, -1.7610431493369414, 5.661322097393487, -2.0967860640418916, -3.728527617755985, -1.9601092046568638, 1.4383548426463044, 3.183579813970595, -0.15035087016016174, 1.2986120328241464, -2.977200494299166, 3.7021031790831818, 4.067408001431295, 0.5885896558381176, 4.8977676178773315, 4.918789454785161, -2.0396494706376265, -1.4120186725574706, -1.8605796251107716, 1.1315158213718544, -2.1022647528984186, 2.619025178844091], [1.225296615354767, -0.8340123398066485, 1.3885963694699028, -6.76147409564821, -0.07088160250949027, 0.017955901117223005, -6.47108173213935, -1.3023154993429196, -0.47224302524361417, 3.963183054739644, -4.288100498370501, -2.0038587788161197, -2.0833229259594237, -1.0197330854449844, -0.7610889599036619, -5.032035665286671, -3.5330720192861484, -10.02182288900542, 0.4157785594475074, -1.9579735406646694, -0.25344881502323124, -1.9136691168275397, -4.03659151662334, 0.5002866545766232, -1.2412980627654544, 0.966419509592712], [-4.5996068159403976, -3.438112119002924, -1.9077386552690454, -1.2339867295040716, 2.8550242416369627, -2.6349355214107097, 3.0009873512985954, -3.0000636951487656, -2.674259401630906, 0.7566355020178042, -0.9931443601031752, 2.6330482832905444, 2.5268511794180344, 1.7349019679746718, -0.6236083192397474, -5.228589307091759, -3.5310222193341607, 0.2533611225976099, 1.1139883818860303, 2.218099901807845, -2.518185060330592, -4.425219558658637, 3.9080757624654203, 5.5539813914943945, 3.1063113496093466, 0.5811294240810676], [0.1563838940681812, 3.7543329065830138, -2.497533335048693, 3.5392681881282995, 4.865814464822055, 5.869387897719463, 3.211522992055392, -8.516775260826046, -5.706608524678902, -4.968924110281313, -4.40892527389698, -3.0811030026133857, 0.5641730960389462, -2.5026465408777385, 0.7202850871408524, -2.753149554197305, -0.8734418028285549, -8.286377122192093, 2.43902901944922, 1.6176790301770532, -3.5795096567108127, 0.9990727814600102, 1.307332297516251, -1.3197404254778244, 3.7178078193225987, -5.288883441883982], [-0.6257499659680958, 1.1947167121432376, -2.329775909000519, 4.317152689503633, 3.08580108343674, 1.4697047592294246, 2.5616989344212953, 0.17881256374784352, 4.498663317764487, -3.1092559501166015, -5.466595494983329, 2.0239246654013736, 5.830852235481977, 4.651117099920857, -1.9343191013273628, 0.07238696998297045, -5.237592593582383, 1.7981287313826, 4.192283901354471, -0.47741713272414543, -3.682734178850044, 3.1675290335605957, -0.845354562452207, 2.298926225431519, -3.708630810672707, -4.268420850139284], [-4.305554752518725, -1.0850985256193795, 3.77404815255716, 2.2366670787866987, 1.3715612610940935, -2.61718975226484, 0.7757470179155055, 0.5733728021611069, -1.628537077791896, -1.5931901555650598, 1.6328418733977794, -1.1668703417342736, -0.039213164868691974, -1.8351060533579824, -3.268614435894387, 0.9172895662461551, 4.407135296573532, 4.769887822382243, 2.4049779723582647, 3.4425007317522214, -1.8843132601334043, 0.7368910395856237, -2.652061826104747, -4.39595225239446, -1.038261860826788, -1.5845448559453248], [5.862308814178683, -6.050462813836787, -3.423785445254724, -4.092018411436616, -1.7541598237321232, 1.1664707684487232, -2.0356510519567186, 4.427328454809441, -0.8891818174745718, 2.983802902633287, 2.1666240456409644, 3.5748680679958493, 3.681520919101655, 0.6855472528466668, -2.463039965422201, 3.0972704507531628, 1.100925289691078, 2.8561259356559607, -0.5394293948816398, 4.353083190512795, 1.5978734763478433, 3.3621541560360493, 0.09267966494517776, -5.160276313047675, 1.1887438650116036, -2.8653081883918112], [-1.8068483575891734, 6.135873307609188, -0.3776113252526363, 4.128659018482366, 1.8020876096474452, -2.79495296343193, -4.00851184148454, 0.8001976436273823, -5.021482087568106, -3.4662216715790657, -0.9003464136380072, -1.351334684239659, -9.479797787713437, 2.777228985625939, -4.169396575116111, -0.5251754126332046, 8.110918027064814, -1.7707668277309916, -1.1912366635782758, 2.768332797394853, 6.101972629027459, 3.9662957768460947, 3.222308604802152, -0.9569075793746431, 0.7450575756672391, -1.0677133050809942], [0.8716400801763378, 2.09609946753034, -0.33476663411946195, -0.161442715013226, 0.20197180314096053, -0.46510862366065964, 2.2846805647969894, 5.9075761234777175, 2.8926399862281533, -8.695600424288074, 3.1343236680285655, 0.9237535966589345, -2.7712446409398175, 1.9926367731849028, -0.3688613595780884, -0.839143749408524, -1.866599561232585, 3.195615048177312, -1.0390399709298803, -1.5556287498106105, 5.600630790290437, 0.3878227985419638, -6.740282614001771, 4.615687532573417, -6.483545271682498, 1.338408689711766], [-3.290969901804272, 1.820384083697074, 4.653660763567068, -4.277696113205415, -8.269388898332874, 1.9702791527446082, 11.676701560904739, 3.982692153072264, 3.260578980296895, 1.849708232137287, 3.4906667715852633, -4.526467668118154, 0.847229709418273, -0.3871938946026625, -2.2173872045038516, 0.8599441858575504, -4.7048749822253155, 3.566315023256985, 0.26726532706356787, 5.025759000787611, 4.239804270079869, 3.7019263836909904, -1.3817928829480357, -0.6328595129641663, -3.3564175533403686, -6.321684621537159], [2.1701587056394276, -2.182173253290193, -0.25325602017957327, -0.12881811229843687, 3.0002331419554342, 0.7842042037039264, 0.5243522927137646, 3.0740045645686536, 0.30704771422952953, 0.6160366886647181, 1.2147040559058127, -4.448430397411403, -5.788177859000474, -1.8599465904204378, 0.4340793026396249, 6.1070747493253155, 2.391416500970177, -3.0354519489405827, 1.663010011581656, -0.3795550684661823, -0.14653509563923467, 