{"generation": 518, "board_size": 10, "snake_size": 3, "input_direction_count": 8, "apple_return_type": "boolean", "segment_return_type": "boolean", "network": [{"layer": "dense", "input_size": 26, "output_size": 30, "weights": [[6.755301597244457, 0.9593619995203367, -1.7993063885387643, 1.5743132730355425, 4.60881662933624, 2.9232534330940982, 1.3059589509722, 1.783536930048606, 5.107945674993523, -3.913514786410039, 5.6517473506850475, 0.43293671458229577, -1.0682617075573873, 0.8736762317259008, 2.3137656737409196, -5.344848399710374, 1.748560176286905, -1.9819111303499475, 4.297872429376516, -4.50688429004326, 1.512343227062458, -1.9254640672910939, -5.1651398049381445, 1.213770660639029, -6.45363443716163, 9.50900897210327], [0.9721656357581426, 2.413485131740611, 0.7056451543497533, 1.4666440819738513, -4.858560798683596, 1.3275604346812868, 1.9718129229014594, -5.7963756249695555, -1.1942672468975788, 7.471122690392686, -3.2792559432818917, -2.8809983868263247, 3.544869044911844, -1.0079076588976439, -2.138453269230552, -0.6432318336226768, -0.40929098011791676, 0.6650485138679896, 5.256005687743199, -1.5955083265581573, 0.14782481992763108, 1.6337641127667721, -7.450914448835873, 4.876832574758675, 4.76122466002138, 8.098133043745477], [3.9417802196538148, 0.28318403385549384, 5.502462371464923, -2.145906526617419, 3.7668975468202666, -3.9745769215213795, -0.4328632759701475, 0.1158401889832652, 5.499263409199901, -5.54390909583373, -5.576266065317058, -7.17165821340173, 1.1131832629352334, -5.697045333666853, -0.4145372878336816, 1.470592520215628, -1.124771936867067, 1.0046680465320665, 3.049228220759227, 0.2835904693095741, -2.020583730268548, -4.659549196689527, -2.5356613570991855, -2.2985008708829433, -5.6293190971184055, -2.6940988095491187], [-0.8672925417114514, -0.7108710811951444, 6.7594261794935955, -7.798960010887018, 1.2707474980076183, -1.7120753739047938, -2.379344442018668, 3.0698939257567006, 0.7970156207428082, 2.038444026477578, -0.14810293814905173, -0.9900423078673108, -1.4298340645905225, -2.3854636824980293, -1.0619995724021294, -2.496169652303739, 2.426603851482132, 3.730632997730278, -5.047697952441565, -1.7303075654060474, 2.1299685105714854, 1.6903219733099313, -1.7308647190654198, 2.98990760011627, -4.29064049596823, -5.079242540300135], [6.622357881398463, -4.2433133103560925, 0.5872351025257578, -0.3683252247449238, -5.004843386938709, -1.7610431493369414, 4.70947970706259, -2.0967860640418916, -3.728527617755985, -1.9601092046568638, 1.4383548426463044, 3.183579813970595, 0.40347325562571235, 1.2986120328241464, -2.977200494299166, 3.7021031790831818, 4.067408001431295, -0.03473310510504787, 6.050151188851885, 4.36672539515459, -3.0716690878141835, -3.0056682534799855, -0.2958799350249597, 1.4114026303518012, -1.5258008278470863, 3.3651492005856265], [1.7053671983308791, 0.009450291421329249, 2.153568373535942, -4.535469527708913, -1.7362742267614313, 0.017955901117223005, -6.47108173213935, -1.3023154993429196, -0.16027219567396883, 3.963183054739644, -3.3189653355901925, -1.0693105390876645, -2.0833229259594237, -0.08988738514551331, 0.26747523102078596, -3.336670126218329, -3.5330720192861484, -9.910934389188867, 1.7709796506290605, -1.9579735406646694, -0.25344881502323124, -1.9136691168275397, -4.03659151662334, 0.532833211365418, -1.644190565448561, 2.1202729204299375], [-3.5242802162099482, -2.3888921613538128, -3.751157194075266, -2.240940074881049, 2.277180473821633, -2.6349355214107097, 3.0009873512985954, -3.694461589880455, -1.3647414123510044, 0.4563610824924864, -0.2400351003236364, 2.6330482832905444, 2.7305403909148582, 3.0664199609064493, -2.5433110314414207, -4.36169204356026, -3.900613034772503, 1.1406640274576934, 0.580330163748024, 2.218099901807845, -2.518185060330592, -6.56468913462937, 3.9080757624654203, 3.341711465503427, 1.7769388132923776, 0.5811294240810676], [-0.07690968950073955, 3.7543329065830138, -2.497533335048693, 3.9423800755795453, 5.114437644659332, 3.074353859464601, 2.7265720944417438, -8.516775260826046, -2.7573535398389426, -4.710548249921533, -6.012394381668094, -3.0811030026133857, -0.3179546262464863, -1.694782447828918, 1.2409921127668722, -1.7742187815389474, -1.9930837489613709, -10.677530126480372, 2.648543585790299, 1.1446636520791884, -2.450104491226316, 0.7579414869302246, -0.20685079196356826, -1.4076259466158143, 3.7178078193225987, -5.151873906247645], [-0.6257499659680958, 1.4314610859478876, -2.329775909000519, 4.317152689503633, 3.08580108343674, 1.4697047592294246, 2.6803071629816286, -0.5359173534927084, 3.1142479664107254, -3.1092559501166015, -5.335086303980582, 1.4282242498682267, 5.044818882614024, 3.272977318136553, -3.0204664649342514, 0.07238696998297045, -4.809564083021313, 2.710271730897274, 4.192283901354471, -0.15501131145431835, -1.1813582433095449, 4.441912154903234, -0.845354562452207, 3.385237839801853, -1.3742945804470577, -4.268420850139284], [-4.305554752518725, -1.0850985256193795, 3.77404815255716, 0.3342812203903396, 1.6624992063053088, -2.1589003893772962, 0.7757470179155055, 0.5733728021611069, -1.628537077791896, -1.5931901555650598, 2.779359588634493, 0.7100267967705707, 1.0796466884824896, -1.8351060533579824, -3.268614435894387, 0.9172895662461551, 2.7626425406634274, 5.984558400323685, 3.6391960598499242, 3.4425007317522214, -3.317683989942399, 0.7368910395856237, -3.447080941774198, -4.39595225239446, -1.1349790503407091, -0.6307408868626505], [8.297499179072013, -7.479636512824589, -3.164967574477703, -5.520010818021682, -1.7541598237321232, 1.1664707684487232, -3.267398464916262, 3.76337389141295, -0.8891818174745718, 1.306683251046859, 1.9492439696153592, 2.852673817429938, 6.038729054602778, 0.6855472528466668, -0.8175531403538792, 3.2345345280413964, 0.11386281807998277, 2.8561259356559607, 0.9867263806929338, 4.972717292513844, 1.5978734763478433, 3.3621541560360493, 0.09267966494517776, -5.9757194750641895, 1.1887438650116036, -1.9928581192809898], [-1.8068483575891734, 3.7099806682522383, -1.034298467933698, 4.128659018482366, 0.5230446040404944, -2.79495296343193, -4.906384790826167, 1.3388820643354227, -5.021482087568106, -3.4662216715790657, -0.9003464136380072, 0.20238020763938713, -9.479797787713437, 2.777228985625939, -5.324558432083949, -0.5251754126332046, 7.8527176855746905, -1.7707668277309916, -2.36620960858858, 2.768332797394853, 6.62805815889511, 3.496824971530725, 3.222308604802152, -1.3944378982426595, -0.25870445100269457, -0.3373526729742671], [2.233152241346364, 2.8600563631086375, 1.00729982077961, -0.11243442664822839, 0.20197180314096053, -1.1395860217150848, 3.1926659650041107, 5.9075761234777175, 2.8926399862281533, -8.695600424288074, 2.6149195973813693, 1.3486440279487437, -2.7712446409398175, 4.15071226775518, -0.11700762862660163, -2.9693164890596, -0.9286275232549922, 1.1137358623501785, -0.8903538758347526, -1.5556287498106105, 4.937120031537549, 0.3878227985419638, -4.815101709983414, 3.2482374998336683, -7.160930641100332, 1.338408689711766], [-2.8121558136940563, 0.801254921418501, 3.7468468316579835, -5.981644976412965, -9.748820172421947, 1.409037780703704, 10.985112956280268, 3.982692153072264, 3.260578980296895, 2.2285122827882318, 2.1756048176322813, -4.358480969868475, 0.9207519491327231, -1.3277695932392009, -1.7934318929497985, 0.8599441858575504, -4.7048749822253155, 3.566315023256985, 2.6105896564110305, 5.185054254052113, 4.239804270079869, 3.492678538281923, -1.3817928829480357, -0.6328595129641663, -3.394300924132666, -4.5950624491136445], [2.868208577474293, -2.7456909230839637, 1.496853443822292, 0.15599303946384552, 3.0002331419554342, 1.2871332522576575, 1.2169070336421424, 1.7571389011823035, 0.30704771422952953, 2.3108301734199768, 0.9502378967018921, -4.960746598647356, -7.872190564200628, -1.7520091597321445, -0.2605334393416783, 5.305972769430816, -1.541173860914328, -3.0354519489405827, 2.598552193602014, 0.05131941595485068, 0.6864645793019095, 