{"generation": 353, "board_size": 10, "snake_size": 3, "input_direction_count": 4, "apple_return_type": "boolean", "segment_return_type": "distance", "network": [{"layer": "dense", "input_size": 14, "output_size": 18, "weights": [[6.088958062697903, -0.5144878150243944, -3.483379726727685, -0.917360269072153, 1.5223258934606925, -1.693227599344367, 2.655279517638095, -6.344020007310189, -1.5587294687469073, -6.814996977657573, -6.202009905836784, -2.8427514034660937, -0.3446651002950628, 4.1268290341179314], [-1.1234446122480204, 7.455700575978423, 1.4611273189270222, -4.314294666626692, 0.9953221973995543, -9.652246569444525, 0.7151563228263695, -1.9314528732162988, 5.599595581735324, 10.998550131995541, -0.4047348432634361, 2.340777912013972, -0.014374361316989742, -1.9058948703347158], [5.027825872096267, -2.3482255227040434, -5.544174789169698, 2.198696145411236, 3.2608518135256093, -2.1398756356242634, -2.9751427304593387, 5.402743682506914, -1.215548688266058, 2.0177366912513746, 1.3525218584093162, -2.3147774875071185, 0.5547606245220474, 3.6640968609657656], [1.55612574584539, 1.3844380088623527, 1.502979094066833, 4.106348684335184, 0.553603624879484, 3.2134951491210817, -15.231862203790053, 13.248333033325407, -2.719088160131843, 1.723203236197217, -1.1813271424756155, 2.0552953452728904, 2.216221715583215, -5.29486089779225], [-0.06319422340457814, 8.21213996716242, -1.5473992188578545, 1.321038886147161, 3.378022663354728, 1.3691277916512874, 2.6610805247304112, 5.170515477309614, -3.4573555267442195, 4.464777184695534, -6.1815825623377325, -1.9904407758564853, 1.308419290186614, 2.421664502810804], [-4.257859157321302, -0.46162416768108505, -0.1263476813574403, 0.19374654074378023, -0.7772281415673147, 1.8341609451737373, -1.98311105854416, 0.16534913829171338, -3.6175544419523264, -5.25806504672419, 6.380366825343314, -3.829407475279801, 2.730200099318221, 0.6358900722687433], [-0.07108775152249996, 1.1415925856519349, -4.418634188696461, 1.2558864240417709, 1.5268281252633409, -5.918689155182521, -4.495513653217538, -3.3847158162311075, -0.22473735457100263, -0.1206988782178604, -5.8701052756032555, -0.4718773176992299, 3.1446086349658016, 0.3104031516466115], [-3.8874433335426564, 3.745049958394711, 1.6575818917359633, 9.19136033306938, -3.87741764998745, 0.5592350709902497, -9.674017843289892, 4.948279291442175, -1.2705841807178477, -4.0897170801111535, 0.3799633790449596, 2.1145173325693265, 3.2337278254283466, 0.3643691345535913], [-2.885702760196942, 4.129891845249148, -2.2466119759636403, -4.835259389548083, -2.678228242030948, -1.0061052300247066, 1.5670687636240856, 0.9525683959013528, -2.4676346188738316, -2.1936998112059034, 1.976141272822598, 3.277493454073352, -5.604627318695805, 0.6873968587499943], [3.3620907048100626, -1.841569446494677, -2.8329121930991197, -1.9344486277087225, -4.64978736101859, -0.35561317365651113, -2.453066370676556, 0.4195354129385839, 5.978387095092909, -2.7500851174561527, -5.4578404786753, 3.1287424178078873, -0.45002888368492955, -1.8935468107404192], [1.8819177753931613, -1.811700079077855, 0.47307392101548273, 3.1844952515084213, 0.5546840082650256, 1.0104089101875209, -6.1088423625003285, 2.1306908642370965, -0.16898188831957817, 1.6293271680476684, -6.3982843574749655, 0.6772374948723571, -0.8075708591913493, -4.765924280560131], [1.3723554260795245, -0.9484118585535639, -0.8845263766438496, 5.280454976374196, -3.259150780605898, -3.040138183727841, -0.9212491553749422, -2.4332436243060913, -2.595811067622808, -7.730521797278672, -0.8969806319062672, 0.7669335795441645, 4.189853589646134, 1.4320640610079034], [0.49994568659718197, -0.6328965538430468, -0.0881546046165651, -4.714520363473811, -1.858499101039727, -1.9790100545935072, -1.6495373734147012, -3.032905347849573, 3.7870045305981472, -2.7594338355051065, -2.065360929050451, -3.6030345181296393, -2.05348851633233, -1.8942100430849993], [2.298037860936682, 2.4805515235309286, -1.399424104992766, -0.13205358508225645, 0.24431485642819195, -3.2203762044205773, -5.612256604169111, 2.404952257938726, -0.7243055115715613, -1.1878161832584526, -1.6718859834981619, 2.69761659452515, -1.4836685435492054, 1.7428212029389], [-0.09958407805530584, -1.0014068151593338, 1.3247281067295065, -3.5261079088726843, 2.261146515108297, 1.4843040150084743, -0.1577273887122933, -4.936377995421775, 2.7352321944078257, -0.6413743913834264, -1.3846353334336776, 1.343665078054305, -1.1444040264866586, -2.3693531580692007], [-0.6408301470985501, -1.9383515921286734, 0.46715457374963165, 0.20139513429154698, -0.04150501972389442, 0.10118738535022653, -0.19144842970616138, 2.083317669843312, -4.342110840063092, -0.3442858713956338, -3.1503625266970188, -2.5559562585326536, -0.7727642922670991, 1.0429060177068172], [-14.343849467598396, 2.958973498953494, -3.1358301161867574, 1.707252888540424, 0.9680967372208384, 6.77100154577837, 7.3080239305101715, -0.17425500295728769, -3.700799546348955, 0.5230709102415492, -0.36747324942518983, -0.007657757225098871, -0.2762644800163889, -2.0099080091544104], [4.111220771315167, 1.7447189035800226, 0.8517589249909856, -1.3060972761787728, 2.597669705853039, 0.6292277668967494, -0.14627549215497537, 1.6088281565769629, 2.321025263375371, -12.650416250623127, 2.057640208528106, -4.807616441696182, -0.3323268146510655, 6.119211703740952]], "bias": [[-2.710210480590141], [-0.4774814252970663], [-5.5790376411141684], [1.4990331833667545], [-4.414018617853212], [-3.2143256010898713], [-2.8565762173949203], [-3.127158471554006], [-5.781016296866754], [-2.8463977136288467], [-1.5785677996102703], [-10.192592250399594], [-2.2433429308154973], [-3.152292720100907], [-2.850791733815045], [-6.829024395251065], [-0.2946936654430121], [3.7968067398720127]]}, {"layer": "activation", "activation": "relu", "activation_prime": "relu"}, {"layer": "dense", "input_size": 18, "output_size": 4, "weights": [[1.5447242100681238, -2.1405830799073517, -9.490038816706742, -9.141261132572506, 0.9837354244187447, 0.2290361104802323, 1.1283096205047316, 2.85569453629304, -3.721235109960179, -1.5810566668391988, -5.463931474434975, 1.7478741311857395, -1.360136780843409, -4.142074765612868, -3.579452725350118, -0.4923612425472057, 9.697144613904266, -2.623589676767147], [-2.215643000056883, 7.632958238314566, 2.402558551372013, -5.23890906783385, -3.8289564889351357, -5.928225300984626, 4.242985634547299, -5.533474351431452, -4.171815508240258, 0.6555669197877854, 2.500762178980681, 1.2009766565292046, 2.0579531729380904, -0.23917189269319294, 0.97511357620988, 2.0495778096367663, -2.343610174360417, -6.366280852991531], [0.03428395583901134, -4.339080569947928, -0.16785712158421673, 6.153455441158085, 1.0185053374084667, 0.6658833665667934, 2.4902000727478355, 7.0928084129483775, -1.015976182519249, -1.2609181359665542, 3.2102847178951848, 2.026921734878557, -1.3136628855626409, -0.38794203933239213, -2.257792467171002, 3.354145615941529, 1.3392851820728493, -4.049115593048382], [2.2252991017672854, -1.4533116521909273, -0.5993330480323472, -4.0186891218703344, -1.4042771940214405, 2.5908030699385227, -1.5950102937762556, -3.3290255233984163, -0.2719012901412838, -0.17384716125641164, -1.7726532500797274, -4.837238180239721, 2.738476985885246, 2.4744541461651037, -3.776465056493537, -2.648413497575992, -2.6743602805686644, 6.435908895662385]], "bias": [[-1.9689133359832764], [2.8446306045165706], [0.19781403806224787], [-0.7586550842430557]]}, {"layer": "activation", "activation": "sigmoid", "activation_prime": "sigmoid"}]}