{"generation": 359, "board_size": 10, "snake_size": 3, "input_direction_count": 4, "apple_return_type": "boolean", "segment_return_type": "distance", "network": [{"layer": "dense", "input_size": 14, "output_size": 18, "weights": [[4.772103680478098, -1.5069669661226008, -2.487239676577937, -0.13055200951026802, 4.7558306979706, 1.406097438147138, 1.8338427546780003, -3.1529884123187895, -2.53061679018625, -7.86806341677393, -8.978758888334662, 2.7179914057249515, 0.42300147640452335, 9.16673356865238], [2.603846942351984, 4.5432880865527725, -0.5101963780903928, -0.8950835761077274, 3.334676827464928, -10.352682274584339, -0.5604840981677236, -3.217759306329347, 5.029437294069161, 12.237100768902714, -0.972475737387499, 2.3101939136056466, 0.25235095093557847, -0.8597925254715653], [5.205135821455675, -0.6489618578306253, -4.080777843885211, 4.420248667456408, 1.1127808335873735, -1.3950106270813107, -3.637617208217706, 7.328286079275667, -2.9035048487255484, 1.3262129054974292, 3.3584120068006316, -3.635359305461014, -2.50641415276171, 1.3645307375100024], [3.757308534476728, 2.2260313850805256, 2.7929295920146933, 4.170774197078197, -0.6192748259455689, 0.7589417584014948, -14.76722995109241, 8.989341454891544, -2.6703703160465033, 0.4647142905399071, 0.8887871457020483, 1.1117771185624603, 3.6972638996383256, -5.6674537639834055], [-1.1655423763420836, 7.689701273295439, -1.679794151315165, 1.1429153170079767, 1.4304997257955325, 0.36820180985940176, 4.407563319368392, -0.04791813146542856, -3.038478122922042, 2.0866830501933933, -6.53581914514608, -2.0582317627571514, 3.5328798072064833, 2.6453767096593097], [-4.766068599735019, -1.2722071731005422, 1.5387883090527803, -1.049665895060833, 1.6964882916470585, 3.723327015773268, -0.685216132065941, -1.5214253405154332, -5.202676085261288, -0.6894567975878032, 5.2195596277469045, -2.353987776709361, 3.2350480615492088, 2.3121875958474716], [-0.5066466876398982, 1.290098666474353, -7.025049490118221, 0.5725702662093978, -1.9345403507862171, -6.501428057321119, -3.4039634403352084, 0.9626837518431881, -0.7682182115939171, -1.0890004769293777, -1.4243947255227534, -3.1996961217703355, 2.407183651147125, 0.7337839761104876], [-2.6548178112458043, 3.745049958394711, 0.22957400755018986, 10.041569772658958, -4.210683518086351, 0.5592350709902497, -8.16646322879543, 4.780936421747655, -1.2705841807178477, -4.769751961730041, 0.45282792066819777, 1.6277124885045624, 2.6864175456122084, 1.638523856821474], [-1.6850145375934658, 2.2806091776412223, 0.833597720626371, -6.339193486376289, 0.00027390520144154884, -3.5793887679486565, -4.194291519033552, -0.6829338268323399, -4.87701756005801, 0.22157350104297596, 0.02038789954774356, -0.8185934290581953, 3.1497784368191173, 1.8344638537851465], [2.3273659469036683, 0.10461413316081059, -7.4208788631909535, -4.199547980081163, 0.8441905371014695, -6.461605972471252, 0.3384747656170013, 0.5712927004119734, 4.56185913678215, -2.6801602624055705, -6.747335971879599, -3.4584140528470035, -3.451562898346564, -5.079471828520544], [3.104274483482905, -1.1713584103726338, 3.5358165830147055, 3.8336655705776708, -3.8034838357333003, 1.9464018475332372, -5.735028037379406, -5.586752927122167, -3.9859099642484956, -1.7217489199456115, -2.982872083358051, -3.375015534685299, -0.4829106756339075, -4.724623135345263], [0.08323752709780946, 0.9112784628529098, -1.6401976526927142, -4.761748779884567, -6.559780366017238, 0.11898521874520471, -2.4914017931526304, -4.223024295878943, 3.652740932383832, -5.860095562773763, -0.3625754397362418, -3.3727612154253577, -1.9686367156382392, 0.5197724262481446], [7.300519326063138, -1.9936093588580945, -0.9167554331308698, -6.117810217975543, 2.4099330258556275, -0.02191586451622607, -4.083478568849147, 3.0152069056905626, 1.3530660622120927, -0.5642222572116731, -0.3998098409246029, -6.677656280145171, -2.6289961889018185, -5.090086414368417], [1.7830553826084392, 6.841057239417108, 1.2465873673940122, 0.22175506697625058, 3.3703324082329242, -1.1897462811750745, -2.7631587677658325, 6.213945894579241, -2.4114084346733047, -2.7234210061202946, -2.0519289302525516, 1.6458058220751228, 2.7919314081013686, -0.7402371886081784], [0.9914177136337896, -0.5042426923785572, 1.7614777213577053, -3.5261079088726843, 0.6505368800940147, 1.4843040150084743, -1.7520888350094745, -4.936377995421775, 1.229898434033096, 0.2609798203137135, 3.145588469659619, 2.605980117208399, -1.357221937137724, 0.4281143581573334], [-1.280352652670081, 0.2986046465658506, -1.5959375222629153, 0.9339949378696186, 0.21573608985239257, -1.7195378122089315, 0.20597059956532848, 2.083317669843312, -6.125370494584182, -0.3442858713956338, -2.3952039691706073, -2.5559562585326536, -1.771417604994153, 1.0429060177068172], [-14.343849467598396, 2.958973498953494, -3.1358301161867574, 1.707252888540424, 0.9680967372208384, 6.77100154577837, 7.3080239305101715, -0.17425500295728769, -3.700799546348955, 1.6051265273112312, -0.36747324942518983, -0.007657757225098871, -1.4581803110169202, -2.0099080091544104], [4.111220771315167, 1.7447189035800226, 0.8517589249909856, -1.3060972761787728, 0.5356208015970603, 0.6292277668967494, -0.14627549215497537, 1.6088281565769629, 2.0724055450349206, -13.509115387272072, 2.057640208528106, -4.807616441696182, -0.13728519658298244, 6.119211703740952]], "bias": [[-2.3191938272192374], [-0.12701651116257273], [-3.2989363164731365], [1.4990331833667545], [-3.3670084769392594], [-3.213592599897976], [0.24533493982577537], [-4.128771436484762], [-3.632272933923302], [-2.8463977136288467], [0.9212626331841147], [-5.529669489702647], [-5.46903334476903], [-3.8627797315361074], [0.3991374369433416], [-6.4487445606346405], [-0.8935997515100952], [3.7968067398720127]]}, {"layer": "activation", "activation": "relu", "activation_prime": "relu"}, {"layer": "dense", "input_size": 18, "output_size": 4, "weights": [[0.733788293939808, -1.560059710710501, -6.906800771014602, -9.141261132572506, 0.26665368166552106, 2.860809612907761, -2.6993024573097, -0.6460749585708008, -4.048523739044059, 3.444712717214657, -6.838445353946944, 1.0876807439936393, -0.5991866084578017, -0.6151203472450886, 0.13306904518506335, 1.3536531793416684, 11.42417949712339, 0.3322830740138196], [-1.957374679412512, 6.040874113134132, 2.3458647504979884, -5.23890906783385, -1.9401188698321008, -1.707753381024979, 3.9390896962554907, -5.533474351431452, -2.4438897172160514, 0.9876703577858887, 2.500762178980681, 2.926909906655705, 2.0579531729380904, -0.7639776265795989, 0.97511357620988, 1.5496680776783087, -0.2737331252872482, -7.018313108253554], [0.3090517604076515, -5.7625381707048575, -0.16931139619812563, 6.565542133879017, 1.0185053374084667, 0.6658833665667934, 1.3722833968312613, 3.8450893594371087, -1.5450083270321453, -1.2005523108719414, 3.285415003390508, 0.6449766764048517, 0.304759721835109, -0.14843508393518062, -3.3734569601016933, -3.605710836888237, 2.5962253022949584, -4.080153786305023], [3.8190916376369928, -0.2759323092704712, -0.2565992143533319, -3.6582632494366853, -2.3666179068577526, 1.929920533413135, -4.650963812463359, 1.3428479509147484, 4.006035019882955, 2.617868657793796, -0.37964692352156537, -5.928016225252411, -1.2120748849357788, 2.543536611351597, -3.351490474559159, -2.7949483884343667, -2.6743602805686644, 6.435908895662385]], "bias": [[-2.749878811337587], [-0.5426648111030855], [-4.749457201716935], [-0.7586550842430557]]}, {"layer": "activation", "activation": "sigmoid", "activation_prime": "sigmoid"}]}