{"generation": 354, "board_size": 10, "snake_size": 3, "input_direction_count": 4, "apple_return_type": "boolean", "segment_return_type": "distance", "network": [{"layer": "dense", "input_size": 14, "output_size": 18, "weights": [[5.839540145879508, -0.5144878150243944, -3.483379726727685, -0.07088606664628369, 2.2283127621163334, -2.7613557908133033, 0.31114350583974115, -4.8942609245015865, -2.2925197935380583, -6.676635368569906, -11.615883811791994, -0.8431988022005561, 3.5833377106388165, 4.49390911852968], [0.19267933203660914, 4.460892871920295, 0.4155797025541461, -3.793067452338839, 0.9003653067153952, -11.421930313609307, 2.7272494203561783, -2.4736527935765906, 5.778951536812318, 11.25281077876108, -3.3912099098259088, 2.3891587767351576, 1.2891517503781798, -1.3994623904350645], [7.701190149785168, -1.8839059179594524, -3.66737412683241, 2.014360176381645, 3.0165083060149613, -1.3950106270813107, -2.9751427304593387, 2.388246326512446, -3.6848756007571466, 2.0177366912513746, 1.973380860039075, -1.5166736635445721, -0.22243521797219526, 1.2814454785655378], [3.664565168569986, 1.3281318207699015, 0.4770160174198346, 4.756911191493182, 0.5493413649726523, 1.7201792297335745, -13.439876275981101, 13.153050035394024, -2.8912182528861465, -1.9142509870093898, 1.2404932917812521, 2.06375901932216, 4.189828138541021, -5.557466339069759], [-0.4123855001510447, 3.949980716860366, -1.7647011866256188, 1.321038886147161, 2.7368255429755157, 0.4492830146277371, 3.190205386518881, 2.3568598349482093, -2.515915881451798, -1.0210027832649984, -7.988113339434747, -0.9374391305904591, 0.6778753061719884, 0.8813722895020022], [-5.005601022104009, -1.3682508382101684, -0.7866289676539557, -1.4851656898976533, 1.7494860348967949, -3.682170376915898, -4.050670752121176, 5.766288797682756, -2.219212117953786, -5.14068942489438, 6.324004923938027, 3.0095037045670967, 0.01249243523569743, 4.696666609029611], [2.54293516727027, 0.17596964815214144, -2.111094646918529, 0.812737877119859, 0.232131736594699, -3.9800525052164906, -5.5380454917529836, 0.7786678341275348, -1.9579772570897886, -4.5663627759205445, -4.151259684623231, 0.7107860691530509, 0.8466342152747768, -3.091738544868961], [2.385705916658289, 2.0732004238599684, -0.6157601899683003, 6.057953250275041, -1.972810005187788, -0.9450055257722358, -6.042826904486285, 3.307504590518188, -0.9999170208937455, -2.9498209585570807, -1.7485361852547523, 1.5532992497441183, 2.2162743750664085, 0.6206541561934971], [-5.598439425470783, 1.4375121531262123, 1.6474796159051923, -1.4934403151872475, -1.6746306093309582, -5.809888890255181, -2.1006757159616556, -0.2908381001917499, -0.2767532802266537, -0.1732066951829302, -4.8463363910481325, 1.119627476329633, -3.086164331530945, -0.7483263322974903], [4.044014964486148, -2.6822045155179968, -3.838813845211441, -4.2477876660083185, 1.1743084090141773, -7.606934208817541, -0.2948685827420686, 0.2317112956820086, 6.498591002552338, -3.7362673344506323, -8.95365719026467, -4.406541072779024, -0.8972856312968962, -5.7435382682735625], [4.175296389087783, 0.4244043572624019, 2.422639890810845, 5.437837243171297, 0.5546840082650256, 1.8134754116440228, -7.864356435850741, 2.1306908642370965, -0.023610647274177637, 1.576848197323627, -4.582088918367329, 0.2369418983740441, -0.8075708591913493, -4.765924280560131], [1.3723554260795245, 0.6213930316382945, 2.1959191409131735, 3.989996797749402, -1.9444641437031676, -6.370401672288821, -3.249172587694693, -0.6896199840255666, 1.5301175592852094, -6.773277397792906, 0.013778600463944246, -1.4234322781243725, 0.8122076025560965, -1.2570721238578997], [1.436330291345959, -0.4801709937391814, -1.9960309827801503, -5.056202489186167, 1.141323253442049, 2.527179064690465, -2.9197637828322556, 4.765349637288805, 1.2826051994425423, -0.011238229251080312, -0.1530119155853693, -6.5515863807218855, -3.2994113590313328, -3.609318102787152], [-0.34470301765612893, 4.361678847740052, 1.3575629930009945, 1.1909582744817517, 1.0242292283622605, -1.055152452651603, -3.2935224808999424, 9.52475224445635, -1.3480045367515558, -1.6768070501135084, -0.306774068896004, -2.186767954576401, 2.2613158216938647, -0.5504454286379091], [0.509665152223695, -4.568517026419771, -1.2243161652161465, -2.133944820131076, 4.8531880279290185, 2.7371259794527134, 2.2758463245537426, -7.033953721570307, 2.148159540941983, 2.4229986955065432, 0.7670817588160528, 2.605980117208399, -2.9431512458743287, -1.4339412438743226], [0.7177970393821703, -3.2093617210572365, 0.09928795194209106, -4.717652305361579, 2.0778648005201816, 1.9690439128792636, 1.618886542191912, 4.1274795339797485, -4.779950453038634, -3.046216323109861, -2.165770621165707, -3.9881094800112673, 3.387057379150681, 3.9624379631104967], [-16.91705361903219, 4.348467637351668, -3.863181603053112, 3.248900349876147, -1.1748800765621983, 7.577021388785674, 6.738860476282259, -1.9998417155393706, -3.729634413676108, 2.475223856565986, 1.0783020700460821, -0.4607795488942867, -1.7910435697138216, -3.255640282210978], [4.111220771315167, 2.172620181583315, 1.1101476037226135, -1.0191402657166986, 1.497919956528005, 0.918830557422637, -0.14627549215497537, 1.953780162933734, 2.321025263375371, -12.650416250623127, 2.8045176755134564, -0.6779244239573732, 0.7457151542613282, 5.492974230781474]], "bias": [[-2.231372258045095], [-0.7175661586041303], [-7.471914879569193], [1.8076055349236326], [-2.0264737195436453], [-3.305869754022315], [-3.4208825968931], [-2.0354049196581996], [-6.090543201070577], [-5.291130318262096], [0.9047484313604939], [-11.463681829188737], [-2.07197414232884], [-1.969102957543695], [-0.7561475867332466], [-5.647008161867161], [-0.008141046120149764], [4.393182633512716]]}, {"layer": "activation", "activation": "relu", "activation_prime": "relu"}, {"layer": "dense", "input_size": 18, "output_size": 4, "weights": [[1.5447242100681238, -0.9416204374626559, -8.303497922625576, -7.502389203253902, -1.020969835371003, 0.9103600732563096, 1.3873201460108169, 2.9167137394610423, 1.830405213217588, 4.889327092050013, -3.4945541909962907, 0.9592575746315367, -3.980057648277384, -2.584451307424037, -0.9445919060290271, -0.09629169356160217, 11.063338635965607, -2.570639541119042], [-2.557130613420584, 6.290986115811891, 1.1816891310638382, -3.224357348323225, -3.8289564889351357, -1.5283425011869989, 3.9390896962554907, -5.753850707155621, -4.241479736309506, 3.8767489877409904, 1.3484603547518028, 3.1029957853932792, 2.5098605296844383, 0.03436603806275884, 1.6041333127121404, 0.45280299967041726, -1.507723398408208, -8.908829709443713], [-6.035826448483688, -4.530324682837121, -6.249867597963536, 6.729925914410381, -1.6831859453706857, 1.0286819498324773, -2.889920793639181, 7.3835554792432445, -3.226582809647427, -2.347323455247996, 2.727928257367365, -0.956410519811485, 0.38784532885334455, 0.0742804333044289, -4.186548708221063, -0.7694415030771329, 5.404538473014139, -4.642180643175513], [6.200082727133538, -1.0459540273121455, -1.818377114610289, -2.665300402337791, 1.259569828251371, 4.727466461926617, -1.266298657050159, -0.9066853031110099, 0.23998696782712448, -2.706189788292174, -1.9249071579508987, -5.393105377580309, 0.22638471933758741, 0.7116372523562083, -2.5768618951608597, -2.7460528561927973, -4.694582903213505, 5.128170966680461]], "bias": [[-0.16597582020931334], [0.01633700697683782], [-4.438899772165648], [5.271834095744465]]}, {"layer": "activation", "activation": "sigmoid", "activation_prime": "sigmoid"}]}