{"generation": 360, "board_size": 10, "snake_size": 3, "input_direction_count": 4, "apple_return_type": "boolean", "segment_return_type": "distance", "network": [{"layer": "dense", "input_size": 14, "output_size": 18, "weights": [[7.729540234054831, -2.1746050262906818, -2.9112778221079525, -1.2049631034140589, 1.3908923791875862, 0.6961308671749938, 1.0225196422910068, -3.9631244865905937, -4.510990813428872, -6.142583311587339, -10.352010288946719, -2.102236737977517, 3.10099205398904, 0.9431540534028091], [0.6730134244139409, 3.323476452855462, -0.5101963780903928, -3.793067452338839, 1.8881522565320503, -12.752876083459379, 1.7879372644561926, -2.163150547963855, 5.347279622218331, 10.394347558896575, -3.5435267698311503, 4.290826458139173, 2.2803236915831286, 0.8151324580882339], [6.582804222794044, -2.2386597457467374, -2.191308993031039, 4.658312410080696, 3.027277804490339, -1.191577310974671, -2.9751427304593387, 1.6062946412825512, -2.0757726457339123, 3.83051556492193, 1.5662053347847094, -3.6919005611976514, 0.4729326719362139, 1.0290492318849975], [2.211192154392355, 1.3281318207699015, 1.502979094066833, 5.55963215831177, -0.014742389641260234, 3.040270675230247, -15.172871251285788, 9.816863950719936, -3.7316546622918865, 0.4647142905399071, 3.1042452657518145, 0.9182882947664216, 3.7020790668237895, -5.684323448628513], [-0.6437134036118448, 7.055524931566169, -3.8384674920629887, 1.6491579996128347, 2.036185718904201, -0.14382284756232538, 5.288052584860388, 3.094717848447127, -2.610856339111305, -1.6341180929053192, -7.0689535457851935, -2.597619456777026, 0.5747764801891404, 0.9448421950197547], [-4.329274380348958, -1.2722071731005422, 2.255916653434487, -2.9793197641335527, 1.206289474545748, 5.5896963063459, 1.4219204024596084, -0.8888063193170926, -2.8558456620466615, -5.290684866832625, 6.260143765809301, -3.1032646165481945, 2.1317549788796364, 2.256835291886733], [-0.6016589719216283, 1.2016479785734895, -3.555685863268895, 0.8661103327368271, 1.7416157248312025, -5.918689155182521, -4.076426861518704, -3.3847158162311075, -0.49020253629064026, -0.7384849000333052, -3.0600041754047105, -0.2565289251209677, 2.349993658488234, -0.16477917279984516], [-2.5071703454610326, 0.6078508339238793, -0.4285068378211303, 10.377546693851414, -5.969980449979203, -0.15140282222805257, -5.3532120615213765, 2.5763297066130044, 1.8780303996156844, -4.422181873602668, 0.08956463371639889, 1.0423030527175772, 3.1019139623136605, 0.1490191511573839], [-1.4160462167380765, 2.2806091776412223, 0.833597720626371, -6.350718584459759, 0.00027390520144154884, -2.3210697156438376, -1.7321301841514336, -0.1354069404000744, 1.0015059833904874, 0.765428611243849, 3.4565960924823074, 4.944590344831998, -2.5559153172229574, 2.3540246703794026], [6.977626533486246, -0.582619757870682, -2.677790662953205, -4.8292941423402045, 1.0481917885609073, -6.259196611449085, -0.7375076021325571, 0.09361625253012629, 6.514681129564783, -3.7362673344506323, -7.060424250874059, -4.400666007414012, -0.8972856312968962, -5.7435382682735625], [4.175296389087783, 1.3053165681323107, 2.17214901514064, 5.437837243171297, -2.6069817933749073, 3.4452229445080738, -9.457354964969591, -0.6857226050165727, 1.0192198341815248, -0.670832845463569, -3.7549720053661506, -1.3625359899831302, -0.35310781143660547, -4.036124851692587], [-0.5568941428453885, 0.8966583235069637, -0.25416149265261184, -8.333797428391076, -5.293421031171704, 0.9570414620164664, -0.6030971419690553, 3.13757123365341, 1.9271377808642065, -6.090646460586045, 3.8759747594755716, -5.445657537685668, -2.3818954456263137, 0.8691937014550317], [3.1935166748000783, 0.8201711433180712, -1.5687544774871989, -5.3943852484359684, 5.275183266312916, -3.5772924525313234, -3.265612550390701, -3.032905347849573, 2.516143315259698, -1.7896668150465949, 0.5782628114705755, -4.755541490911745, -1.3057336652956266, -1.4386643469270186], [1.3309431871960244, 4.565553614754748, -1.399424104992766, -0.7679936940590804, 0.23716774411529284, -1.0762989677653731, -4.375961738925574, 3.1745261302720147, 0.7594215224041516, -2.96837166513928, -1.825845447381718, 4.337078426389883, -1.4836685435492054, 1.7428212029389], [-0.6745449304420816, -2.833870685395161, -1.7987621371305298, -1.9798734965689488, 6.769652892753767, -1.926746369792744, -0.30832483038021763, -6.1797562871231335, 2.5705548371810227, 3.7815576251516627, 5.8843568133578685, 4.612149565122454, 0.008674973633601812, -2.471279317562922], [0.5863077588082408, 0.2986046465658506, -2.484843192389601, -5.694610332169112, 3.8290852609085455, -1.0017481048313457, -0.7464579011281727, 2.0924035775692826, -6.799615196364103, -2.019639844024836, -0.9178123397918349, -2.829173946967551, -0.3982998907962524, 2.356267342781219], [-15.617802129822937, 4.067052415966343, -4.328290756118536, 1.6263522704529092, 2.0770704720251327, 7.2515527935200765, 5.2251776311820635, -8.729087822278828, -3.2681204507921553, 2.1796701031458285, 0.17240910260906195, 0.932802911032182, -2.789613093459985, -2.1107443179683694], [3.071724345408876, 1.4264086156658464, 1.4711552275006454, -0.07965832854384777, 1.4013437137789146, 0.17383571467103764, 1.173956188265916, 0.22002118270780313, 2.267004283629193, -12.574643654429812, 1.3826167439395043, -1.9468765350693038, 0.7457151542613282, 8.128591533574646]], "bias": [[0.470337591930983], [1.0242476214025673], [-4.000092697081514], [1.7747341553655236], [-4.429914490635719], [-1.9787020611680337], [-1.2368893014655504], [-4.618157725122648], [-2.8477814303225855], [-3.8641587086752134], [2.309428665127854], [-9.941102854070786], [-2.2433429308154973], [-3.0117090487652165], [-0.7863080560505086], [-4.088037585907887], [-0.13133780710797582], [3.9322312175176446]]}, {"layer": "activation", "activation": "relu", "activation_prime": "relu"}, {"layer": "dense", "input_size": 18, "output_size": 4, "weights": [[-1.7138030358988756, -1.789157039992258, -6.865812287030652, -8.632682102941226, 0.5055930676262678, 4.208327477811956, -3.59645154481285, -0.08233691425263129, 1.2876977683040045, 3.4666947969732336, -5.805292339615101, 0.1471922572803655, 0.9874162159779146, -1.9534167313032476, -1.4186470498815242, 2.3883831604101498, 11.305974324547115, -2.721843814533698], [-1.8023481988310035, 6.396478390314091, 1.7832371255393475, -5.23890906783385, -3.8915143579469023, -2.0821907408738776, 3.857646106491803, -7.0782806612928075, -4.171815508240258, 2.010898509685725, 2.3573644107848493, 2.4642393927750157, 2.766998000371939, 0.6843547946586536, 0.97511357620988, 0.45280299967041726, -2.5780959731290336, -7.67509135940241], [-4.6687868613570025, -2.368493644113625, -0.2786925243386782, 6.163132971444661, -1.5267435655461548, 2.5802877345542736, -1.8379140041391098, 9.892501502512573, -0.09743020633614474, 0.2491458462970153, 2.1546580796064236, 1.522456755981528, -3.351606597656842, 1.6395984497424654, -5.1434788977734325, -0.2843592345827659, 1.4981562171684162, -4.696439571199365], [6.55331548897876, 2.6719229258252724, -1.760296149787938, -5.1710674436281305, 3.418518641407724, 5.504337316877006, -3.0476358963587202, -2.4276586733996175, 0.7173851504282334, -0.4204068487355167, 0.25975955904493053, -6.611891835726968, -1.998609660407653, -1.049663068265352, -2.100435033357464, -3.1470589709545074, -3.4295090752791806, 0.8813626209795444]], "bias": [[-2.1851552722907113], [0.9844229461252872], [-4.6315566092970055], [3.739588419740718]]}, {"layer": "activation", "activation": "sigmoid", "activation_prime": "sigmoid"}]}