{"generation": 356, "board_size": 10, "snake_size": 3, "input_direction_count": 4, "apple_return_type": "boolean", "segment_return_type": "distance", "network": [{"layer": "dense", "input_size": 14, "output_size": 18, "weights": [[7.59836788946512, -3.118722186574644, -3.483379726727685, 1.8647285598184773, 2.2283127621163334, -2.935691407104627, -0.2930101400583942, -2.581167949460951, -3.0885073175621884, -8.328315516056886, -4.896356309276299, -2.8427514034660937, -2.792273434312324, 7.1667763358256735], [-0.35860748560200695, 4.287104873586004, -0.8370794050076906, -3.588795145080045, 0.7546893947807529, -8.928354669584577, 1.851520414214098, -2.302534774184538, 4.483150049500242, 11.95933412351735, -1.4879915613550434, 2.0280144265579843, -0.24325270750339162, -0.8597925254715653], [3.937165738431024, -1.0768965889920894, -3.7397773315232663, 4.319556524163217, 0.36073862429660436, -1.0800593370849976, -2.8564752561467888, 5.514770736604066, -2.9035048487255484, 2.760423207600351, 2.7376921065224256, -2.9156195300170733, -1.7407690976440666, 3.8069076940745337], [4.04867875054183, 3.423851107180833, 1.7542542510005634, 5.554343636868121, 1.0857585332921778, 5.35500680927274, -15.589956212555766, 12.446839976409183, -2.895492728691216, 0.28410160518325633, 2.589751169477886, 2.416416838327183, 1.5356351623625923, -5.684323448628513], [0.08737784721753616, 7.896280736678508, -3.673609244736114, -3.0908029318035317, 1.3996913724371571, -1.5508277742118142, 5.055930716537288, 5.191496460853829, -1.319474778876267, -0.5191282403470514, -6.242793597804585, -2.68793486732298, -2.7304629732159245, 0.8813722895020022], [-5.846074621516443, 0.11321751470015018, 3.4509825311022033, -2.109652257108315, -1.0566907224084252, -2.599386564808023, -2.1312438880597693, -0.4457083956516662, -3.38444340302596, -4.794163272358161, 5.46484332844861, -0.7358005503843106, 5.429212464883228, 0.6735140187594222], [-0.8823285812652303, 0.06861173219938987, -4.075059665642932, 1.4330367225591192, 1.5831128294613745, -3.002931026655313, -4.699240016661488, -1.7295190234820865, -1.6989862865619407, 5.235377120493434, 0.5313007075593257, 2.8807296516087537, -1.0106591537462934, -0.26959542998224373], [-0.877472266030086, 0.5183495918977968, -0.46312820902067464, 8.00463070391386, 0.32715101768695876, 0.06682079853165152, -0.8456572026228341, 0.18476944754840385, -3.6187606152556153, -0.5916923372763121, -3.5965838759022883, 1.8262234538524487, -4.094095414465035, 1.0254643159730539], [-1.4160462167380765, 3.2630447401625613, -0.7442134518496106, -5.2675588791217685, -1.749995380325359, 0.7963031628102194, -0.4371457831389719, 0.36426116527395486, -2.773676180786504, 3.370579072649618, 0.6468366060548965, 0.966054979633272, -3.442420267696895, -0.1408836626615504], [1.6642765507535544, 0.7106529594541056, -5.332843138020287, -3.1833506888792362, -0.1259691941049219, -3.1838802738746015, -6.440570715466865, -2.4027136871005297, 2.3554155124257936, -0.2464051806265981, -5.599388181540797, -5.431495209390966, -0.8972856312968962, -6.533048837612233], [4.175296389087783, 0.4244043572624019, 4.611582319389212, 5.263901439041296, -2.8369026260029457, 2.5863342636121316, -9.250193436331505, -2.844048963214299, 0.17061690319414402, 0.008536329689073918, -5.211211898270611, -4.249872555618324, -0.8075708591913493, -4.362017979756066], [-0.8216469972921118, -1.153199971049086, -0.519960693899033, -9.850397865347281, -7.496025807773496, -1.950988420659053, 1.356750432608702, 0.6846746495741337, 4.236763879399593, -5.136994513969919, 0.7131563305822317, -5.142795656272075, -4.2733618686968775, -3.7657705134894592], [5.973656067047245, -1.762889216492932, -6.61758870451726, -1.341545505640097, 1.7940901709192545, 0.6976119726596777, -2.9197637828322556, 5.124742585996461, -0.8893073253809054, 0.14199150870651933, -0.7188210403294721, -3.3737736128846616, -3.436608146630417, -5.5884000041635975], [2.814947265336733, 6.896424628511249, 0.7091045629340129, 1.8615032147637334, -1.8184845709121158, -3.4170585415901984, -2.488225524479889, 8.766743582850285, -5.6977482240653625, 0.46618749417486877, 0.014684546144125177, 0.4165579909374715, 2.7919314081013686, -2.2340256180357527], [1.0430286540776672, -2.5861268329770284, -0.632155960832109, -2.9871869705904617, 4.37139525320562, 1.0111636246897184, 2.7246925686827925, -9.108282100709765, 3.4257020645862015, -0.13973689307751347, 1.9118142850338447, 3.2357081237115803, -4.033755001610627, -4.074940101858486], [2.3955888253145816, -2.7962309365678006, -1.2897664897730345, -0.4341176171867991, 3.3758560019676276, -0.3901107259699037, -0.2571746690491732, 3.5553306823912836, -6.895231831810493, -2.434305802574062, -1.4229036736762029, -2.687182581880127, -2.17618356743623, 1.2401492033765615], [-15.391930941005466, 2.6953757779033194, -2.9338946340594707, 3.7555399393848066, 2.0732540520904967, 7.214357166497689, 6.665991668851508, -5.017835015965811, -5.93593100384087, 4.025872874533905, 0.022170276965470248, -0.14817528693500415, -1.9058123660221833, -4.367827145294822], [2.0794510062787297, -1.373774503257254, 1.7144480341820807, -1.1558509058563866, 0.49635566272885456, 0.502268523072163, 3.048803638854952, 3.018731676439392, 1.5549033370322158, -12.650416250623127, 1.708988251292183, -3.7026965880237186, -0.4656746263743531, 4.595141814858847]], "bias": [[-2.860241207440711], [1.6157656703707735], [-1.6284438351052435], [1.765217817953401], [-1.7639906261491556], [-2.643773143285987], [-0.560292047214959], [-5.548123232729912], [-6.342515236228668], [-2.375937373499829], [0.41624290810119213], [-3.838078845616117], [-2.044492510841778], [-1.6331632818078794], [-1.2550092403545474], [-7.525191590747408], [0.23430369840490994], [4.875829463865752]]}, {"layer": "activation", "activation": "relu", "activation_prime": "relu"}, {"layer": "dense", "input_size": 18, "output_size": 4, "weights": [[1.0983455710132817, -1.2368431141821787, -9.490038816706742, -7.502389203253902, 1.0467947074987454, -0.38419377236480345, -0.6514059158399714, -1.60273302536712, -4.531448139953392, -2.0658479742391287, -5.180806210989848, 3.9490622323803826, -1.360136780843409, -0.5013894068988902, -4.899363094058061, -0.4923612425472057, 9.217400565484416, -0.9487695178046369], [-3.5320854456088737, 6.188500555392427, 1.1816891310638382, -3.224357348323225, -1.3824643193184853, -0.087239759086335, 5.8368479323658295, -7.229285696300566, -3.7767924793376393, 1.6578022537864956, -0.5612114000973176, -2.0189534888911043, 0.8007538770081328, 0.495976606148835, 0.6842108451619192, 3.2751697311038344, -2.247610038657437, -6.663905523817635], [0.7202426919621383, -4.705073506538593, 0.6345004709731215, 6.087271250415291, -0.7297326992248706, 1.6272852828165232, -5.371624439564751, 7.0928084129483775, -2.1887035191498976, -0.10986720827694357, 3.2102847178951848, 3.112990059861043, -0.7772295100108062, 1.5297747914290039, -4.447475371993227, 1.7261788915145924, 1.2672695320228708, -4.696439571199365], [2.2252991017672854, 0.49923366545870795, 0.20856656859551825, -1.4127853102787238, -0.5320475501953458, 3.9787814142694, -1.979896857038955, -0.630517356652584, 0.42349135955899875, 1.8473619141564543, -1.1973656748155164, -1.5345403627705367, -0.8729278637642979, -2.5403833711386135, -1.827647440482022, -2.642310489843773, -7.742893303235441, 6.127854357057825]], "bias": [[0.10522675127205261], [-2.9901885340011454], [-2.4827603620653527], [3.698814197669517]]}, {"layer": "activation", "activation": "sigmoid", "activation_prime": "sigmoid"}]}