{"generation": 352, "board_size": 10, "snake_size": 3, "input_direction_count": 4, "apple_return_type": "boolean", "segment_return_type": "distance", "network": [{"layer": "dense", "input_size": 14, "output_size": 18, "weights": [[6.110426215508113, -0.177041218990352, -4.575967222847406, -1.0986071179174957, 1.7430585050381824, 0.14032799800985246, 0.16300567743655248, -2.9481358002756624, -0.8400612965314119, -6.52047275538159, -8.819805064553263, 4.646869293345845, -0.21561313056952747, 5.002558194295993], [1.2006888586930082, 4.653725909125061, -0.6085539496996979, -2.312200706489981, 1.1213871976389542, -10.352682274584339, 1.035839442108069, -2.7088309372928805, 5.905810807704692, 10.58747736943414, -3.5435267698311503, 4.022293337165982, 0.7101425140228272, -0.2065928863805785], [5.835087653509773, -2.2386597457467374, -0.5522087549301018, 3.070423423856473, 2.0155573217523366, -1.5071885379988366, -4.111275173328101, 2.393310187702258, -1.9802404545942474, 3.83051556492193, 1.7816465627101976, -4.179954964598, 0.012822381031577387, 0.8655861537696181], [1.614584162007202, 0.05368718627122182, 1.502979094066833, 4.170774197078197, -1.3486519214928152, 4.139580001414226, -13.546668279411637, 9.979213882465475, -2.508560269657237, 2.1908326040574364, 1.807094251726589, 0.727543810770019, 2.9580388918613583, -5.064685289897935], [0.26356446830466695, 5.253818476751025, -0.0040184020491085826, 1.6327151876178898, 1.141766818613549, 0.6521056053937537, 5.096065754735495, 2.8803203748114012, -1.728558462889129, -0.48052140298572144, -6.239630162860702, -2.597619456777026, 0.5747764801891404, 0.8813722895020022], [-4.329274380348958, -1.2722071731005422, 2.255916653434487, -2.382197159590415, 1.38799343470144, 5.5896963063459, 1.4219204024596084, -2.632153550497617, -2.8558456620466615, -3.6249258896041203, 4.56355849285597, -2.6035248059915808, 2.1317549788796364, 0.033775855861841286], [0.9557202299072085, 0.250464215469427, -4.890589909400524, 2.1892652228096963, -1.4314373554095425, -7.988927523503179, -3.905112025180134, -3.4403196385895884, 2.155672957729914, 0.25316760691357554, -8.456080424575008, -0.3823187304590394, 2.362209360089133, -3.091738544868961], [-0.877472266030086, 0.5183495918977968, -0.46312820902067464, 8.504168358018056, 0.32715101768695876, 0.06682079853165152, -0.8456572026228341, 1.3360094578052528, -3.094059261136098, -0.591918522419351, -1.6570798574276333, 0.7579314109062848, -3.417982947577378, 0.0416579018059505], [-0.15934961332305786, 3.2630447401625613, -2.0482727166272596, -6.119130816614961, -0.19040407589408015, 2.1884699964312375, -1.1265923599657137, 1.1531969245500129, -2.1912039377220367, 2.564588113022952, 0.6468366060548965, 0.4237740488682931, -4.178350907314838, -0.1408836626615504], [1.6642765507535544, 5.268477176041876, -3.982464206308887, -4.562993934794164, 2.1537688134059376, -3.214203975336475, -6.002785302833907, -2.4027136871005297, 2.3554155124257936, -0.2464051806265981, -8.208597053614268, 0.03755882028830601, -1.7625315789168357, -3.399562621706484], [-0.30409214920884664, 2.2238258123467265, 0.6787716064418132, 5.549239414087745, -1.3998716885336449, -1.0886223207461188, -7.328013368417704, 1.0529677327522855, -1.4090112454445238, -0.3055411733930582, -1.4929651308473193, 0.7603314693867533, 0.10062127939995835, -4.788438622772378], [-0.07300253739233631, -1.6472062550652011, -0.4408292541442078, -2.42133101646258, -6.969683913845614, -0.8160317170655331, -1.0991612285743746, -2.6230115964848375, 4.146904212084632, -3.0836852711360203, -3.637913668966287, -6.601955002355438, -3.254880644261359, -4.921966578092967], [1.6113636791529153, 0.9903803016402127, -1.5340153977134072, -5.883014232855584, 0.49907383101328984, 0.1519686850929926, -3.597079000831502, -4.805679525928921, 4.397741930656519, -3.494771882950796, 1.809395160467925, -5.661293076772051, -0.5839061045205156, 2.1593974787200576], [1.0391471493859346, 2.317673830369072, -0.034061607524885296, 1.0915691983805214, 0.7322421533569016, 1.5410375953459294, -1.1007711221392118, 4.704903780622314, -2.6970842441631713, -1.54447875336728, 0.503094769425074, 1.9666075164493488, 1.0575800667371786, -0.3463478494288099], [0.9481904312139775, -3.278011896754894, 2.399322859978143, -1.596682126233722, 1.818690592585418, -0.9675717406365896, -1.5362676288047008, -6.1797562871231335, 3.4474482890448233, 2.6650313391759646, -1.468146180389705, 3.3353190797942585, -1.3394678016445862, 0.11508432143612524], [0.39095871571500923, -2.460986909640213, -1.2897664897730345, -0.16898486612716646, 4.586993675508695, -4.942531725343955, -0.7029553025061622, 2.0562602917417463, -8.857045231986325, -2.1217741287707113, -1.9913629582974606, -2.0144124837883175, -1.3246220131445403, -1.9908130846343957], [-15.512584015989201, 1.4831211436607272, -1.3634874130971983, 3.248900349876147, 2.0732540520904967, 5.242598670892493, 8.710037203972949, -6.118348367864155, -5.681235632812635, 2.7322481825082185, 0.022170276965470248, -3.3459160216639017, -1.9058123660221833, -4.349341419507642], [1.8813486729292523, -1.373774503257254, 2.0882307436141656, -2.8575648820666713, 0.2712173730078251, -0.1529701915190389, 1.850287015252091, 2.4039001954140278, 2.155828093351007, -12.24440080736791, -0.2218337657136913, -0.323973889198339, 0.7457151542613282, 5.140470038796189]], "bias": [[-0.4563481274820236], [-0.24062583353874617], [-8.405201805588217], [1.870988668677391], [-3.3670084769392594], [-1.9787020611680337], [-1.910772970638757], [-3.7403364626508653], [-1.8060858430234963], [-3.0799990589205843], [1.5889592863573303], [-8.04984235037335], [-2.348332286058481], [-6.812566463156452], [-0.16081998052086943], [-7.428395420247144], [-0.2946936654430121], [5.155520229257315]]}, {"layer": "activation", "activation": "relu", "activation_prime": "relu"}, {"layer": "dense", "input_size": 18, "output_size": 4, "weights": [[1.8409784978255619, -2.6381883239759194, -6.063742862301314, -7.136959709797356, 1.141391353426929, 1.0971065513490186, 1.3169873407694195, 2.7184462211734512, 0.35015684082292575, -1.6084376352862757, -5.182817920984483, 3.4634167514507164, 0.8437832815580275, 1.7234411506294833, -1.028025698829813, 4.3223403437563, 7.833678320077525, -1.7524640698089695], [-5.525578987356402, 6.802044280891959, -0.09350668964576991, -5.804967988287471, -3.615020498517162, -3.0645894552333965, 0.16493774296054697, -6.877762917401439, -3.6622763624050325, 3.391213005750415, 2.6401045421186935, 5.057753258342216, 1.0836892350375291, -0.27836098394441855, 1.1693737958035364, 2.6880532467804166, -1.018720814071306, -6.703133238376563], [1.249107615156924, -5.506541531290011, -0.16785712158421673, 6.217717167856404, -0.4113179821794204, 1.8108979483736816, 1.2353048146558447, 7.734446607953833, -4.138580275855953, 1.7718456755593275, 3.4538612539260076, 1.978201256687673, -6.4587915275645775, 1.037305639680345, -2.357389392161258, 0.8474725104007799, 1.8142824821220944, -6.008770605077524], [2.980121852387019, 0.5703932153357625, -0.5115168239610263, -5.1710674436281305, 3.418518641407724, 6.1846192814219165, -1.315785893945734, -3.667067682095004, -0.2719012901412838, -1.3792636274867303, -1.7726532500797274, -3.7218069173750266, 1.7265363187164666, 2.4744541461651037, -1.5967317560141425, -1.5027331818813208, -7.412598553527374, 4.71183540884646]], "bias": [[-2.749878811337587], [-2.9901885340011454], [2.336332262105217], [3.739588419740718]]}, {"layer": "activation", "activation": "sigmoid", "activation_prime": "sigmoid"}]}