{"generation": 438, "board_size": 10, "snake_size": 3, "input_direction_count": 4, "apple_return_type": "distance", "segment_return_type": "distance", "network": [{"layer": "dense", "input_size": 14, "output_size": 18, "weights": [[-2.6626959777027692, 7.647422649124323, -0.5221571836255796, 2.2481538112595287, 0.05520475107618031, -1.7049025228607626, 1.4192771574544818, -8.998694463309427, 5.458112207531108, 1.7559646275522274, -8.043616369803583, 1.1031663790845425, -2.545294882468102, -2.345951356714517], [1.0893986041615202, 6.511314747352504, 4.704043133679747, -2.5405053642444364, 4.364844517477321, -2.305485060051303, 3.963223239303439, -0.459124437106451, 0.31961459593540165, -8.20001568657948, 2.941703123375877, 2.5289523641627705, -2.071653637323671, 7.18595471538848], [-3.5914979294693907, -6.803482240122636, -2.3391202104570255, -0.23168531655908975, -0.37613357450790197, 0.5439633547473435, 2.767505093635153, -0.3849463642669391, -1.2526521029787625, 0.7245707737836136, 4.997993645504721, 1.8536465498595769, 1.1232110478203463, 6.620494333215988], [-0.8933698662817439, 0.881108826696118, 4.574051894068253, 3.7559114845214148, -3.549777413937248, -0.11723267475332322, -8.030420377188566, -1.1302758340741206, -3.923755122857842, 6.950574941279124, -2.368415704101509, 3.8223840531688626, -1.423253444060871, -0.5225187861333208], [1.7817869086876517, -1.248194959255415, 4.567360543857316, -11.274273779803703, 1.9328911685057597, -3.4924167453108, 0.3932624147885369, -0.19008714332730797, 3.6437142553228647, 8.100309186803745, -2.378895342428994, -4.335278992482195, 0.021574045162054356, 4.245612577200466], [-2.8133178331457693, 2.773311332097709, -3.660695366895952, 2.8428403587739006, -1.5182958269182327, -0.8520309946750286, 7.39910378767143, -1.621497187047072, 9.099274591637961, -4.757649409843629, 9.759726238718374, -0.36303370339998975, 2.092697331998514, 3.243399662899514], [-0.7803406302248014, 3.0502770015383294, -6.2177301983013304, -3.4266480379975235, -3.9571431654777722, 1.7313146608458687, -0.6934239348301587, -1.4278735150208755, -4.8347813429047255, 1.3885157242429278, 6.314271139242266, -1.74884253455628, -1.5878525077919998, -3.529822501957691], [3.765290733349582, -5.081032545123003, 1.5774148335160079, -2.177146904621851, -1.078344724676387, 4.087069774955717, -6.022034824514304, 2.207449628042499, -2.4641861614873988, 1.1516066964817355, -4.772519113982251, -0.7268870117295446, 3.398124287047569, -4.969178423918797], [2.3167272400553656, -5.208237797545721, -0.6204257098003776, -0.9812211653277728, -4.1403855673698065, -6.215767057607784, -2.6950621002384416, 4.564245373925404, -0.4197519002771238, -3.1657591491223296, -4.193114088191715, 2.6224423713741527, -3.120431086741894, 1.4017210381827059], [1.9449423072908192, 8.750372220480418, -6.248142240517696, -4.0214541981024405, 0.14717687277007763, -0.3812716882525571, -0.760120199043967, -9.38913754410169, -0.9600754944105757, 3.5958580086576184, -1.5001437847942825, 1.1996526998403827, 8.2679028381183, 4.013877053492022], [5.379313578581874, -2.4446108049096607, 4.0953696673326405, -1.3642795124511624, 1.9410465478689773, 1.8917623726786452, 2.1559513758548197, 1.2246700492841758, -1.935044034271772, -6.357916351822204, 8.82977451896429, -5.700649746315633, 0.9650704037187676, 4.119980163948909], [-3.8863271383024776, -3.3298381772466907, 5.298881807178673, -1.215941004879741, 2.088854405669911, -0.14450721601661232, 2.3058051505162824, 0.48863741300399344, 1.8363720469002345, -3.0885987944313804, 1.2870374947536967, -0.6232248871613011, 4.783316118064098, 9.868013452025167], [3.2160784600145815, 5.995398836533186, -2.7219165315903586, 0.953186501633398, 1.6626525075644878, -5.345585117575567, -3.402520984619937, -0.20155144714208273, 1.7325643063069511, 5.983034532801324, 0.047489127041790535, -2.0058297471344635, -2.0749657692151975, -1.6944283127441055], [2.147573981245152, -5.673718458854209, 2.391812397996505, 4.6065684677937835, -0.8527432000309063, 2.0608681190955274, -1.8632240576776562, -3.9499758669482454, -1.515967316007926, -9.175804029549486, 0.7681073678289835, -3.707408615885654, -4.733951769995491, 2.2840501931379205], [-0.7691853735660611, 3.579757881727848, -6.6792024553695155, -1.7627086144239377, -3.3721666288197922, -1.8236028078365996, -1.3287837574532047, -0.32381314807115325, -1.6321756216005008, -1.4189629179600143, -1.3876963008164123, -4.990985395513907, -0.5629984195857303, -3.7772131151173958], [0.6002793793805496, 0.0867910384742972, -1.5186821721201649, -0.47114052474317025, 2.6831625106922488, -0.4550716092741871, 8.601351145240384, -3.4287795035693196, -1.5553147803593697, -1.288117667331914, -2.2666965250281055, 5.217666064364829, 0.20950403550456442, 4.545727349876811], [-5.270697264188466, 8.818524011521735, -0.8404756428722762, -3.281063080889231, -1.1022285369621114, -1.824536005920944, -2.1770615515450014, 8.892531341022192, -4.850510425733599, -0.9268358827970348, 3.4266088280583964, 2.0713518134112565, -2.095812932599571, 2.603377634203478], [-8.202876641506009, 6.416923562622402, -9.863794506865888, -2.240077701034283, 0.8754311165976981, 1.5350304088276654, -3.060015496065861, 5.571448623552962, 1.9910977367313092, 13.425948719708918, -5.637174437854907, 3.4275822441652224, 1.3500993302414757, -2.5580563087681165]], "bias": [[1.1865608284385005], [1.9955770742016083], [-6.42912139057262], [1.5806877544097642], [0.22024672800818523], [0.3035884165489767], [-2.9326906818790324], [-2.2139060913167254], [-6.787255446919525], [1.6728916596657406], [1.5853792296295919], [-0.18232556521767773], [-2.840749385668504], [4.934604599451237], [-0.05562217033698058], [-3.182180367221612], [-3.953235684626657], [2.472950779413449]]}, {"layer": "activation", "activation": "relu", "activation_prime": "relu"}, {"layer": "dense", "input_size": 18, "output_size": 4, "weights": [[6.356893076585533, -2.614992161370087, 0.5638879192640963, -8.432910359215262, -2.3856238840099175, 1.954123629865533, 0.3673586398157842, 0.14374322189165678, 6.5411052249570405, 1.8991289149141304, -0.9382264343235776, -1.6789673540628702, -4.669501320587751, -3.714906343837494, 3.844089516104038, 3.7221801215495924, 1.8253269077391117, -2.6262357113001698], [-2.4027338386898394, -4.213531778409605, 2.4730514677827, -1.5399583738567066, 4.187451070629296, -4.705288043565161, 1.6057099402241857, 1.8858134746524335, 8.270619914435175, 1.5873313708166676, -3.701782290792665, -3.481100643659719, 1.1506114063493966, -7.15679513428023, -5.105348932178887, 0.3562185621935683, -1.0573534692963762, -1.0349621060425813], [3.5737117854566254, -0.6508993995699229, 0.6877464944911905, 3.5957636484284143, -10.792603529612688, -5.705343831313323, -0.6436173440423507, -0.5202303101356218, -4.141732814044224, 1.2053928905512303, -2.025854921462421, -6.551425730046012, 0.16091208613838037, -0.9452700490456957, 0.7022869825933153, -5.662622847647796, 2.349001943184212, 1.7324291054550849], [-7.062600269662588, 6.776731519316807, 3.4019459051594803, -6.190033869382643, -1.374908292343482, 0.8702081584811605, -0.02964210453992766, 1.119193939706935, 1.7558571891881878, -2.939467303628703, 3.907699180473087, 0.7494316086217805, -4.089943669273199, 5.405525962048584, 3.098748839772627, 3.765489079980395, -0.5682531529926571, -11.910629456804934]], "bias": [[0.824995435830033], [-7.866708059592083], [2.2513435398808737], [-0.5154972058659547]]}, {"layer": "activation", "activation": "sigmoid", "activation_prime": "sigmoid"}]}