{"generation": 433, "board_size": 10, "snake_size": 3, "input_direction_count": 4, "apple_return_type": "distance", "segment_return_type": "distance", "network": [{"layer": "dense", "input_size": 14, "output_size": 18, "weights": [[-3.3146754000761085, 11.593453186438614, 0.31787897983310787, 2.4029969362456742, 1.1551982795892417, -0.42480907651632904, 1.9887336899829848, -6.468381688165244, 5.958017822035867, 3.7052401168667712, -10.481809958745218, 0.591094108726691, -4.159591024089575, -0.9574234987818725], [1.0893986041615202, 8.576712763838346, 0.7074185377765024, -2.4356015934676014, 2.3022368578753705, -0.23974516412748959, 1.0548639530818702, -1.079888807642933, -3.0317423980223825, -9.13491934181807, -0.6029747535772677, -0.04923557408385271, -2.071653637323671, 7.547334283950866], [-4.383855694709637, -6.803482240122636, 0.3942384291080243, 1.2858632431665837, 0.3274811609566085, 0.5762656649101724, 3.219043036933721, 0.7968457788939474, -1.3530460728467493, -3.443854857097772, 6.023616325760007, 0.5753541151352634, 0.7011520977610349, 6.36949711325492], [-0.8933698662817439, 3.1851040855648116, 5.004474986852291, 3.7559114845214148, -2.345380326866985, 0.5794807045098999, -8.030420377188566, -0.2781180717345644, -4.547450649509141, 6.950574941279124, -4.208836525937322, 3.5006449088968896, -1.423253444060871, -0.5225187861333208], [1.1903272252705113, -1.248194959255415, 4.314686447348493, -11.274273779803703, -0.41396157569208214, -1.6784942073471267, 0.3932624147885369, -0.17888763334464008, 3.418820774148336, 9.344971934243281, -2.8033630134109826, -3.5350425719856835, 0.28005767277891924, 5.601303248878005], [-2.2173698573928204, 3.8673830495130965, -2.3007381067456163, 1.2444895350963636, -6.7665281544893325, -1.231460737644996, 10.286301039457342, -3.8165320479064504, 8.11907688567028, -7.64672529132447, 8.389814683491728, 1.5686912898877576, 0.908375009267451, 2.3632898776143207], [-0.019441148719465673, -0.6179474717721565, -2.2262686903916507, -5.8553829688946974, -4.5812694648958505, 1.8932320072441509, 1.8478248759327112, 3.5931791231156662, -3.440504217965898, -3.2817946840734793, 2.339979962694728, 0.1536079149904167, -3.2114641148103087, -0.5339643691753245], [-0.2676299497791572, -7.640411188647412, 1.4837541187745644, -5.448978985295943, -3.1512953852650716, 8.520691887713081, -2.9090658413659303, -2.6232061122276327, -3.465327198134816, -2.6771008369138345, -8.246685804370664, -4.364661007054486, -0.3026728481728468, -4.790068438426061], [-3.659784987360113, -7.140606238172771, 0.22196318958791572, 0.3826629753714357, -0.8749155306020775, -9.141947239179233, -3.1387456436718137, 6.144589610635137, -2.7168648951193695, -3.1657591491223296, -4.228323784165573, 2.4847459590324523, -5.417504683308627, 1.4017210381827059], [1.9449423072908192, 5.310730997755042, -6.248142240517696, -2.951187633003884, -0.6441696958795112, -0.9273661772247573, -0.760120199043967, -8.031922742923594, -0.8467031724522716, 3.5958580086576184, -1.6798468624272511, 1.1996526998403827, 6.984277390032997, 2.377422076186579], [5.214216237016468, -1.5481336339587235, 3.133968399033673, -1.8834513957230188, -2.5913253924963473, -0.4445311442918749, 4.647502396872777, -5.685649761286039, -2.886739588601454, -4.346679102026959, 4.29954418517146, -2.831553118894216, 0.35348113774206746, 3.1577600844861045], [-1.7688394424194662, 1.260155467079632, 6.779384227323105, -0.9908605542330882, 2.3676253844308315, -1.2508012822397707, 0.28360397835816165, -0.7499746315252321, 3.171175251837713, -2.452066989438526, 0.2909668111925856, -0.06565893145921181, -0.35429038240846533, 7.598257504424341], [3.9484005009239156, 3.530225232092311, -5.125549956821737, 1.1179499556828971, 1.5801615746202802, -5.114396841185398, -2.5571210809691514, 0.3037603272938765, 2.2109205164918464, 8.000865126934196, -1.7834768286263953, 0.15230475169555613, -0.8771511599636898, -5.520366968828171], [1.3537328762921517, -5.016217879733544, 7.101810616877798, 3.229749256891364, 0.5766702026861186, 2.654496906918467, 0.44389702582663715, -2.6110649654452738, -1.4759220135695763, -7.211769910279877, 3.858811789327688, -6.355956522908638, -3.6074795537803435, 4.616337507047033], [2.2656846556701207, 2.4927910324070375, -7.0106674069565935, 0.24704022124676106, -4.767532135492899, 2.9827121674483763, -0.9600108653222902, -5.224174689289309, -2.3377768906024423, -1.3691635335530579, -5.090534789817993, -7.304203241509498, 0.1798854705030062, -1.885009363504593], [1.419631976334657, 1.4893658839254706, -1.7760277833251255, 2.129395179363276, 0.8997738468337143, 0.6428865138946152, 8.009921474124312, -1.9255196846069764, -1.8147870731687898, -4.374453481238378, -1.325053213672753, 4.763806281958582, 0.6709789765239649, 3.469635862059844], [-6.622833979192869, 4.305424937309359, -4.4565278803606505, -4.383558714165562, -1.7678195434579806, -2.713110019773385, -0.6640416051377567, 5.912476800544543, -1.442166465068932, -2.759619490925055, 4.461964872741964, 5.123131832658679, -2.9689927721199916, 2.985151579133832], [-5.070344041063304, 3.3463067783839646, -4.002719721410019, 0.17690828876862974, -1.3227213423964845, 1.4967662372028303, -2.126256801741016, 4.342423421882254, 2.418487605922481, 9.21103348747543, -5.61417631823476, 4.572849459310099, 0.5926237732308087, -3.465638399508058]], "bias": [[1.1865608284385005], [3.951367290843154], [-6.833498351816864], [2.912337523529295], [0.821713669989474], [-0.8838116004715306], [-5.482436609514746], [-1.1131141317380817], [-5.258039578139709], [-1.6819014729188924], [2.026852938520755], [0.5861382921331568], [-4.558159775302663], [4.934604599451237], [-2.0746936582096094], [-2.9038351153115154], [-0.8502734829507862], [2.446284702471367]]}, {"layer": "activation", "activation": "relu", "activation_prime": "relu"}, {"layer": "dense", "input_size": 18, "output_size": 4, "weights": [[8.437833753890136, -3.8925019425365157, -3.5698065593872355, -11.620951417641315, -1.2899852446869837, 0.23624267650528452, 2.9550784496279534, -1.2448310466364991, 4.746086618141616, 3.113555844591595, -0.40138777826479594, -1.62978961562303, -7.863632360430118, -4.5910393995328995, 2.2222354568285714, 2.944564205536259, -2.198902209059005, -1.3948537222443833], [-3.463981764212348, -4.6067701819464855, 1.3654134327209884, 0.7760682485243191, 2.492784523276561, -2.4664381094751824, -1.5363212420140093, -0.8974767115986705, 7.2448464344462735, 2.7484643928938954, -1.769740587139179, -3.8298449159659618, 2.2357103705447083, -6.725742691400347, -4.953303817079079, -0.998309058249085, 0.22123091636638756, -0.7033059163391635], [3.5737117854566254, -1.3130762452441853, 0.988864161013189, 3.5310618573488557, -11.401287722174386, -6.633165219734936, -2.3403337898646477, -3.5765860953267774, -2.467245612353799, -0.6333012818956016, -1.4516467711944556, -5.964666328931719, 0.16091208613838037, -0.7109406789768214, 0.35789028333076595, -4.2042854942594, 2.358483455914338, 1.2289678793302123], [-6.737550963771607, 3.3524095441954325, 1.0493915347541816, -0.9156116305092037, -1.80947834731283, 4.772707746016892, 0.4014435741163902, 0.49846770729245465, 2.596798850997211, -2.6249400228834614, 4.221724962366605, -0.7461175076368047, -3.846912827463145, 6.621927848304561, 5.766604942369368, 6.012457546262894, 0.7982294916435775, -14.812641641906438]], "bias": [[0.6238834397891568], [-1.7202687772576883], [5.566929822514963], [1.6896346555824837]]}, {"layer": "activation", "activation": "sigmoid", "activation_prime": "sigmoid"}]}