{"generation": 431, "board_size": 10, "snake_size": 3, "input_direction_count": 4, "apple_return_type": "distance", "segment_return_type": "distance", "network": [{"layer": "dense", "input_size": 14, "output_size": 18, "weights": [[-2.6626959777027692, 8.434080890091654, -0.5221571836255796, 2.209675569800947, -0.08644115355180151, -0.6385041833070184, 1.4192771574544818, -8.075972472283793, 5.695420222887758, 1.4827911578710677, -9.504330167120955, 0.9731727348649282, -2.2372162794169235, -1.33317940120082], [-0.4936391281129002, 5.064711830744927, 0.41405492192442517, -5.020715727692023, 4.364844517477321, -1.9927012048408383, 2.9905856070411656, -2.050311029089472, -1.052862249528276, -8.081421552362322, 1.2615028001325075, 1.8428760743854975, -2.7376293386816206, 7.547334283950866], [-4.383855694709637, -5.966119103610707, -1.984773140155581, 0.24416312629802062, -1.621113071818566, 0.08785210882724909, 3.4199542340925095, -0.0617752221085206, -1.1146226743813124, -3.040492780204696, 6.023616325760007, 1.5199494293071096, 1.6412202579287745, 5.698886813070829], [-0.10427975202283336, 3.1332696786743086, 5.826810003485131, 2.850000824931283, -3.4756641669164234, -0.11723267475332322, -8.030420377188566, -0.2781180717345644, -3.923755122857842, 7.569213261354963, -0.3190386152837734, 3.8223840531688626, -1.1404610863316225, -2.3700503534437973], [0.6756099746841451, -0.7833917160075676, 3.841213281473376, -9.749447189621367, -1.574451761339116, -1.6784942073471267, -0.1790734057743335, -0.7276145115975831, 2.6289585597280207, 6.798605957091065, -0.7527170874516875, -5.343884127345004, 0.4640343595857195, 6.13989038306166], [-2.544987720113837, 3.8673830495130965, -2.3007381067456163, -0.1699022658263427, -5.664725266361892, -1.231460737644996, 10.286301039457342, -2.0448664058460446, 7.418168194422994, -7.64672529132447, 8.389814683491728, 1.5686912898877576, 1.226189210699586, 3.0336972482067663], [-0.019441148719465673, -2.902480913768498, -6.591968182567869, -7.997218387022892, -7.470610482178345, 2.475452651068979, 0.9655368852377768, 3.91486234037469, -3.6360993907461996, -1.4217700945516747, 3.9327496646551316, 1.1522446289173092, -1.0647993811302756, -1.6141161528103196], [6.821457322828572, -5.081032545123003, -0.37089849310038103, -1.548092606394273, -2.9752099198570843, 0.9478690025908388, -4.13975283023661, 0.7564429867936319, -3.502813246226414, 1.314985898682714, -6.037521972547495, -2.228749180546007, 2.493809433535975, -3.9354466095990306], [0.8332099632486971, -4.864758412299086, 0.22196318958791572, 1.1704536215645738, -0.4791703202517019, -9.230423932545076, -3.1387456436718137, 5.770479622417131, -0.4644951453588372, -3.1657591491223296, -4.76103483322675, 2.4847459590324523, -2.9071562258321695, 1.4017210381827059], [1.9449423072908192, 8.750372220480418, -3.0529233722461084, -2.753902509012882, 2.192924972313814, -3.9509445365983225, 1.023922526604826, -8.085189588505772, -0.5029466321628152, 6.693994017247732, -3.4813849812682713, 1.1512289507043971, 7.511303308285488, 2.545261060250686], [9.390188254095126, -0.20723651114211816, 4.599189738632501, -2.2175559677909797, 3.9307226224206073, 0.5411148824034723, 2.323324183779053, -3.4872397385906284, -3.930436713361874, -8.099785149206749, 6.689579886840269, -3.8168901053609066, 0.5498421981903159, 1.5247393783691923], [-3.244861288614092, -0.8908671569390665, 4.45942203473179, -0.33958440347047825, 1.949569583609951, 0.6276947173719247, 4.206314361507894, -2.8538399977495437, -0.5162626084378337, -3.648914180943872, 3.121287344463706, 4.145813394505295, 5.161242564430494, 9.575433770336316], [3.8328244205368405, 5.028751966944177, -1.0998203518993321, 0.487952317558054, 1.669835835476376, -1.9270605051921281, -2.8005519513638535, 0.25793164132892954, 1.8465278214804948, 7.284368715670102, -2.4322605619072615, -0.0600920417017779, -2.7549021555468745, -4.6971576768348156], [2.6579856872983836, -6.0171342227347315, 2.4803619793299583, 4.603158491711196, -0.9755791939377443, 2.1448449238689475, -0.583511482533329, -1.2428497888640468, -1.8048882548259564, -9.265233643583352, 3.135666602401108, -6.264565597418524, -3.4779090455187407, 4.198451380740794], [1.1363338907403537, 1.8946608270132133, -0.6978544482855403, -3.730942379868796, -0.45348816557235677, 0.9276183586327855, -3.2258437535311075, -4.373883996832495, -2.3377768906024423, 0.026665736956693165, -3.201241530234756, -6.434971821976299, -1.4813763407500429, 1.1354380702426317], [0.57241614483784, 1.466618413467786, -2.623816154203777, 1.77046242608917, 0.8358951517947512, 0.3568289024192937, 6.536004335857064, -1.1645670345957502, -3.8703963973680917, 2.068297241555269, -1.0348435084437766, 6.5458403246744, 2.5979934555631483, 5.378124606885644], [-4.850774576094276, 7.589680743280718, -5.624323860319009, -5.702390672162963, 0.4477377926083371, -0.48001329972560103, -2.1770615515450014, 4.8121050658732605, -5.513695962339329, -1.7286722995451602, 2.9612103319468828, 2.333614421959603, -2.095812932599571, 1.1641932733540772], [-8.202876641506009, 5.725267503694651, -7.80153448459693, -2.240077701034283, 0.8754311165976981, 1.5350304088276654, -3.060015496065861, 5.571448623552962, 2.215957525578522, 13.425948719708918, -7.208834019091049, 3.337387636891873, 0.9238954217680917, -3.635565424235091]], "bias": [[1.1995616345734919], [1.9955770742016083], [-6.077841269399906], [1.000749407112406], [0.49558267252780497], [0.2872518802204156], [-2.626709315165064], [-1.1131141317380817], [-7.357754080971685], [-0.7450092331599716], [2.605013596815949], [-1.2497522386660131], [-5.461755028575199], [5.4800688688265335], [-3.6604490629760345], [-3.844787002482602], [-6.191789136709007], [3.4799996131876654]]}, {"layer": "activation", "activation": "relu", "activation_prime": "relu"}, {"layer": "dense", "input_size": 18, "output_size": 4, "weights": [[6.752304630923835, -0.1870570732531993, 0.1564967495220606, -9.902367374977345, -2.7113777717979897, 1.478267091067596, 0.9030750128727355, 1.245204514329839, -5.062013843662743, -0.653264143993162, -2.5680810219926187, -3.6495082990253103, -9.61045911692389, -3.714906343837494, 3.6821607758614574, 3.386916124014485, -1.8985199855565194, -2.1769252126135927], [-2.8054367124472477, -6.344532086941304, 0.15638531959585045, -0.9612615535799338, 2.3365646407125076, 1.4796197714530226, -1.2989516769681384, -0.07185896631808975, 7.9552927697817335, 1.2135795475084772, -1.769740587139179, -3.6929968865777587, 0.5786510581444885, -7.351926190897339, -4.392338608293198, -0.8866942391364401, 0.22123091636638756, -0.7033059163391635], [3.5737117854566254, -2.851813243714365, 0.7724628858850643, 3.5310618573488557, -11.401287722174386, -6.694751095467026, 1.0718165768788506, -1.3952962372386053, -3.4167178497960764, 0.8122505610991249, -1.8551047068570252, -7.100381306114589, -0.7485915280414999, 0.2639821759295886, -0.9820169638889764, -6.666309313701754, 1.0763236386580477, 1.3043159675601386], [-6.042027446753707, 2.420466673230518, 4.188677586078544, -5.45212361910657, -3.3242736514327778, 2.2091713367843684, -3.1321213242972936, 3.1657029178084177, -1.0428092025747242, -1.5944442672532668, 5.427872869022731, 1.016312954225857, -0.17574657882208142, 5.5599276002092415, 0.775404208160742, 4.383611775653003, 1.1950920460235117, -15.060247986558569]], "bias": [[2.637625494479395], [-7.266578155126959], [3.0583622326072804], [0.022977160474292324]]}, {"layer": "activation", "activation": "sigmoid", "activation_prime": "sigmoid"}]}