{"generation": 435, "board_size": 10, "snake_size": 3, "input_direction_count": 4, "apple_return_type": "distance", "segment_return_type": "distance", "network": [{"layer": "dense", "input_size": 14, "output_size": 18, "weights": [[-2.781868061376414, 10.397849216310629, -0.48695003282212046, 2.6518948742690753, -1.1283798620022634, -0.42480907651632904, 1.6235204565822872, -7.301468375122681, 6.709419517577746, 1.35845875651625, -9.789656869599733, 0.37664697993027274, -1.81063492278071, -2.2576729854198105], [3.207343148745821, 4.5610621342193856, -1.3449746022918754, 5.834420354033262, 0.6858134444829997, -0.42946786376332874, 0.7762940663709388, 2.870194229278669, -5.828436931026254, -6.0781792144851545, 4.505336750585636, -0.05969161465009026, 0.4376670374352415, 9.327304189452834], [-3.895879729007073, -5.57301816162774, 2.506604555808442, -2.3004351340665123, -0.15327630796519698, 0.6696208085499296, 2.11327471294806, -3.324115424427163, -5.6708174149613155, -2.5393096525012244, 8.38172011022469, 1.6620650973520743, 1.636948104804198, 5.519828167676546], [-0.8933698662817439, 3.1851040855648116, 4.807095115810632, 3.0094438248153725, -3.9627490715895957, -0.11723267475332322, -8.030420377188566, -0.7770267236007553, -3.492017460265862, 6.950574941279124, -2.9754159820957686, 5.555450630515635, -0.7299263496145155, -0.5225187861333208], [2.6591158346509394, -1.248194959255415, 4.567360543857316, -11.585261425419722, -1.0533660747237594, -1.6784942073471267, 2.5955806076488317, 0.38541398193454285, 3.296625919561817, 5.605921740180309, -3.1021806388635182, -3.1729825396371725, 1.7952401934044568, 7.947583087077553], [-5.149665215536091, 0.9351591066812459, -2.345793793598258, 0.0922160119792581, -7.619570022944279, -0.35304605140336287, 9.677260253783622, -1.253851214004833, 6.697384951574758, -4.757649409843629, 10.21797962496159, 1.4504990558879969, 2.7011559432169423, 2.0351635284533955], [0.25891424405434205, 3.4554015800273303, -3.1058219122076145, -3.3906184893339155, -6.186176313923406, 3.220473034717229, -0.5233739155190943, 2.1350102536140274, -1.9607710412150168, 1.7688183470780783, 0.2707461279818988, -1.4913726116568509, 0.2413023220152944, -2.333734323974783], [3.4521612071013266, -6.872183553296049, 1.5851580103129947, -1.548092606394273, -1.5667575909532427, 5.114282264304323, -1.0537744829462277, -1.776994352025815, -4.861343700003731, -0.849414454681536, -5.127724952647032, -1.5854927039575664, 2.493809433535975, -3.780409718215244], [0.8332099632486971, -4.8095694564839135, 0.5489494407364572, -1.163248130919665, -2.329337533146502, -6.106885792628466, -2.471360421406958, 5.401428162340965, 0.02166341351238721, -5.995158378392697, -4.76103483322675, 2.4847459590324523, -4.686911653253791, 0.9001001932019725], [-2.007788698861825, 7.866453957581027, -6.435509976856668, -6.504021302716776, 0.8958017691702411, -2.738885628998403, 1.2110872681251232, -8.086182622697917, -0.022126004357294476, 9.029670401372186, -0.28401556030826003, 1.2233603967725846, 4.416448167265911, 0.6894320938262497], [5.66190960530885, -2.4013892396488004, 6.173040348589867, 0.536720691236266, -2.212305787152932, 1.9236401972221024, 2.9778640143270767, -3.624026190971616, -1.4329561249996083, -9.271036874063764, 3.910713510924675, -5.139543035492059, 0.604541380939428, 4.715337544641318], [-3.1952464666132587, 0.07506636110605595, 6.416811846641146, -2.0836064129950174, 2.588627564680704, 0.5911762011290072, 3.0164044660235225, -4.776888553839672, 0.36702299415573536, -1.3134495933295673, -0.7463313328936974, 0.24316705885131296, 4.107131176166488, 7.447889451671734], [3.329619351157377, 5.995398836533186, -3.0394176370342794, 1.7480444674306814, 1.8108732238253433, -4.521108228465219, -2.6673719600568053, -4.238525117234689, 0.9947881687031115, 7.148203980375299, -0.6576770826149239, -0.9316928897633888, 0.01282634304579533, -3.8573828453889147], [2.035383300276663, -7.057187188446758, 3.6624138603012852, 4.6065684677937835, -2.2257665335129504, 2.0608681190955274, -1.8632240576776562, -3.9499758669482454, -0.24021856018281817, -9.175804029549486, 1.5216044256231214, -3.9502761375513016, -5.254934673412358, 2.2840501931379205], [-0.7691853735660611, 3.579757881727848, -5.842243679660567, -2.2958976340958928, -3.3721666288197922, -0.36117496895206236, -2.3146699797767543, -0.32381314807115325, -1.546512678975815, -2.3130495342405037, -1.3876963008164123, -4.902355377427526, -0.5629984195857303, -2.8139113755824203], [0.01818916303155943, 0.23925502287741826, -1.5186821721201649, 1.607409743183243, 1.7824802660763766, -0.2786184290517113, 8.446983279431684, -0.8958803785773278, -1.8147870731687898, -4.485657223213318, -0.11006894842027437, 4.641601423284825, 0.657750709541028, 6.043520651124561], [-6.408167108768368, 5.18666486797237, -4.4565278803606505, -5.190023925396243, -1.7678195434579806, -2.713110019773385, -1.1617484632318666, 5.519106701795059, -4.494557119954871, -4.944473918482973, 4.461964872741964, 3.639925498811646, -2.203831629808452, 3.345368920721064], [-5.070344041063304, 3.3463067783839646, -4.002719721410019, -1.2556423919971527, 1.2343156217984577, 1.4967662372028303, -2.9767884963594393, 5.572806945902683, 3.811680530222432, 11.634723586706167, -5.61417631823476, 4.572849459310099, 1.1895471480952953, -3.101674787939027]], "bias": [[0.6511975489072099], [5.847843687539813], [-1.4030443755685962], [1.0795953044744337], [0.3337945361992953], [-0.9623799641279301], [-5.482436609514746], [-3.8035197399227005], [-6.054936441272138], [1.087608558108955], [-0.2806107496019026], [0.47080928640037856], [-1.7682804332113569], [5.4800688688265335], [-3.8991455165181903], [-3.51580991940365], [-3.938780100158422], [2.786379787297774]]}, {"layer": "activation", "activation": "relu", "activation_prime": "relu"}, {"layer": "dense", "input_size": 18, "output_size": 4, "weights": [[7.40123558550878, -3.5565709395682, -1.369064883475595, -8.432910359215262, -1.39327916005765, 1.954123629865533, 0.3673586398157842, 0.49506073360468794, 1.4224840359687296, 0.17739379927176557, 0.811092036303133, -0.5562187900577645, -3.1439271024751343, -5.24533249426884, 4.259170529208181, 4.079334103352518, 2.141123508904467, -2.0753101853136826], [-2.7538338612811466, -3.6201408608413073, 0.20006680353238487, -0.3375938269785407, 3.5461308420125843, -5.542593486107492, 0.7416892597910647, 0.7126308676897838, 1.1656878375733535, 4.735242519841943, -2.43422190000118, -2.452190448717028, 0.7424588295876346, -6.917349987499043, -5.258437196489882, -1.0111704107860227, -2.153919583440346, -1.1407433073059094], [1.6830373478426537, -1.4499524196637952, 1.5272509408021135, 5.286719027375823, -11.318358744994951, -4.365134497330459, 0.9865379371132226, -2.874599703504161, -2.2642143200533793, -2.3076730250699464, -3.018331509181943, -6.551425730046012, -0.31016343618504283, -0.9452700490456957, 0.7022869825933153, -4.752506456225594, 3.0725729387412946, 0.7757740440025885], [-5.42488069744349, 3.3837638920642945, 5.181422521424006, -0.9156116305092037, -3.356745410800333, 4.197399736658911, -1.834506004625038, 1.3149599566123977, 2.1525287265675828, -1.2534828658035508, 4.221724962366605, 0.5276564508239677, -1.020086907329545, 7.939000199724307, 5.766604942369368, 6.012457546262894, 0.4767046962529198, -14.812641641906438]], "bias": [[1.1052589691293595], [-5.4412598125935805], [2.366984372900626], [1.6896346555824837]]}, {"layer": "activation", "activation": "sigmoid", "activation_prime": "sigmoid"}]}