{"generation": 432, "board_size": 10, "snake_size": 3, "input_direction_count": 4, "apple_return_type": "distance", "segment_return_type": "distance", "network": [{"layer": "dense", "input_size": 14, "output_size": 18, "weights": [[-2.781868061376414, 10.397849216310629, -0.48695003282212046, 3.214729894061766, -1.1283798620022634, -0.42480907651632904, 1.614018216048985, -7.301468375122681, 6.709419517577746, -0.6458406769726441, -9.152076514995965, 0.37664697993027274, -1.81063492278071, -2.2576729854198105], [3.207343148745821, 4.5610621342193856, -1.3449746022918754, 5.834420354033262, -0.04576385261173427, 0.4413076593017234, 0.7762940663709388, 2.870194229278669, -4.923677254560759, -7.030166587387585, 4.505336750585636, -0.05969161465009026, 0.4376670374352415, 9.327304189452834], [-3.895879729007073, -5.57301816162774, 2.506604555808442, -3.1011234610426817, -0.15327630796519698, 0.6696208085499296, 2.11327471294806, -2.6132022993923774, -5.6708174149613155, -2.5393096525012244, 8.38172011022469, 1.6620650973520743, 1.636948104804198, 5.519828167676546], [-1.6402340765943157, 3.1851040855648116, 4.807095115810632, 3.0094438248153725, -3.5519266142065513, -0.11723267475332322, -8.030420377188566, -0.7770267236007553, -3.588396623380928, 7.206774707386071, -2.9754159820957686, 3.8223840531688626, -1.1778003705296052, -0.5225187861333208], [1.7715174959329612, -1.452850995540503, 4.908185543695206, -11.274273779803703, -1.4421508655544142, -1.6784942073471267, 2.021721099879104, -0.27867469818938156, 3.21548919536226, 5.605921740180309, -3.1021806388635182, -3.1926153471609457, 3.2618403672293597, 7.947583087077553], [-3.984255848015339, 0.6590264112368699, -2.345793793598258, -1.0208999785879858, -7.312222816921952, 0.4549387751713839, 9.677260253783622, -2.0022644673284336, 7.119226290221345, -4.738894976993386, 10.206375113157344, 0.5838108554954048, 2.7011559432169423, 3.109693171504116], [0.25891424405434205, 2.7992714176791518, -3.1058219122076145, -3.7944127493761917, -6.186176313923406, 4.002614705416557, 0.14701967227420476, -0.838214354310884, -1.9607710412150168, 1.799566907644059, 0.2707461279818988, -1.4913726116568509, 0.21499946010996884, -2.655807876936848], [2.996695080269852, -5.649148177564635, 1.5851580103129947, -1.6248144553684443, -1.5667575909532427, 4.04385143846448, 1.7631282655602611, 1.8298150768086852, -3.626690243574227, -0.1780815063604424, -5.353117270870459, -6.471293909487187, 4.453616617568308, -5.907921948423622], [-4.148079492354581, -7.140606238172771, 3.260273403233147, 0.049874204152912105, -0.2636883530273135, -3.4745107985186707, -3.744296506313009, 6.0999720379238624, 0.5147246551314942, -5.636316925731484, -6.6411443224124564, -0.21358127896131096, -1.579610300594161, 0.5533678152530503], [1.9449423072908192, 7.860502087816702, -9.759352889582821, -4.183330084298639, 4.275036620551299, -2.7054311772975113, 2.260823479390036, -9.365060844902597, -0.8408507730960972, 4.185683079021276, 0.46260181473458717, 1.089334207261321, 5.535159104384668, 4.013877053492022], [5.214216237016468, -1.7287897091972462, 3.133968399033673, -1.8834513957230188, -2.5913253924963473, -0.4445311442918749, 4.647502396872777, -5.971109612830916, -2.886739588601454, -4.346679102026959, 4.29954418517146, -2.831553118894216, 0.35348113774206746, 2.863185119254921], [-1.7688394424194662, 1.5216168840259399, 5.293872667643577, -0.5338022274867378, 4.43514178238955, -0.02236629048727412, 2.388676758308294, -1.9794299758913076, 1.6058812304478443, -4.116602988457105, 1.594980464621031, 2.7051498884281955, 5.315115640075316, 6.538126510687595], [3.754022018945175, 6.560979674023872, -3.2746205577300778, -0.0426851760577137, 2.018840394100201, -4.527755447516054, -5.416613462066038, 1.0870805413220748, 2.037254097345534, 4.837945949932168, -0.08377054965691244, -1.3834152533972046, 0.036719224561063635, -2.1580728739892967], [4.093726996322152, -4.464964916440197, 6.1610572126984415, 1.3474219470175328, 0.46077234027297087, 1.3329781980627917, 2.6663200751556944, -0.9856322299540803, -1.914793925323928, -11.971408006984856, 3.6455444506854597, -7.798213251964713, -1.3296133101865815, 4.458464676274621], [2.2239654596951115, 2.3263414896259063, -6.517012871900597, -3.576511948057006, -0.26941751293049065, -2.378701079815909, -2.5711906322254063, 0.03843284386137347, -2.6553544347572644, -0.5590193880128307, -2.75255136642121, -2.0183861880491163, -1.4813763407500429, 1.2267298103801456], [0.57241614483784, -0.5897886543607308, -2.428601088401705, 1.77046242608917, 0.23756778000982692, 1.276502020989902, 6.536004335857064, -2.6132328262022457, -4.392939847005228, 2.339758739826197, -2.4886393429601696, 5.6295366735722325, 1.4509186313414726, 5.929661713355827], [-5.242012090558957, 8.679017939041492, -6.3684711326667065, -5.702390672162963, 1.0089451273047854, -1.4165214684756924, -2.1770615515450014, 7.03621579350862, -5.513695962339329, -2.3025932123046347, 5.061947991971164, 1.483983983604912, -2.9689927721199916, 3.345368920721064], [-5.070344041063304, 3.3463067783839646, -4.493965330682538, -0.7133752535333642, 1.2343156217984577, 1.4967662372028303, -3.003592214503739, 5.572806945902683, 2.418487605922481, 9.04079723512212, -5.61417631823476, 4.572849459310099, 1.1895471480952953, -2.0198702255508034]], "bias": [[1.1865608284385005], [3.0293355148639325], [-2.597633716679031], [0.5642580323697333], [-0.4413525274690211], [0.916727169300069], [-4.846329332187042], [-2.2139060913167254], [-8.498144024693026], [0.8667066820117759], [-0.6040005506597035], [0.47080928640037856], [-1.7854587314397148], [5.4800688688265335], [-4.3950185650658025], [-5.366706286953328], [-3.938780100158422], [2.216663222597018]]}, {"layer": "activation", "activation": "relu", "activation_prime": "relu"}, {"layer": "dense", "input_size": 18, "output_size": 4, "weights": [[7.40123558550878, -2.1987177036395154, -1.6969481381714386, -9.277009661907616, -2.4631838390490453, 0.8049463539574602, 3.442869488543092, 0.5307504993891103, 1.818555334846327, 1.770998636747597, 1.4262779293113301, -1.6789673540628702, -6.963595497270527, -3.461511195774714, 3.6821607758614574, 3.386916124014485, -1.8985199855565194, -2.505982695759848], [-3.445403452631834, -6.344532086941304, 0.15638531959585045, -1.5843234895638973, 2.3365646407125076, 0.2913575857673649, -1.2989516769681384, -0.07185896631808975, 7.9552927697817335, 2.7484643928938954, -1.769740587139179, -3.6929968865777587, 0.5786510581444885, -7.351926190897339, -4.392338608293198, -0.8866942391364401, 0.22123091636638756, -0.7033059163391635], [5.148395405854625, -3.4647563239356582, 0.7724628858850643, 3.5310618573488557, -11.401287722174386, -6.694751095467026, 1.0718165768788506, -0.1752834938451805, -3.4167178497960764, -0.5762130592767984, -0.15138983606494802, -6.569035504691389, -0.7485915280414999, 0.708158802064187, -2.197002166224997, -6.057416865025441, 4.295013205843317, 1.9502414216057997], [-8.226231371875032, 3.20238692988517, 1.0178789848525263, -0.9156116305092037, -1.80947834731283, 5.061705227124623, -2.2965517700143963, 0.9610361491195141, 2.596798850997211, -2.6249400228834614, 4.221724962366605, 0.17677021033004564, -0.5696372679477273, 8.416188635721497, 5.766604942369368, 4.474779896019489, 0.7982294916435775, -16.064475842588358]], "bias": [[0.8386327909374736], [-5.910647059461184], [3.3077667713410324], [0.4576656410250659]]}, {"layer": "activation", "activation": "sigmoid", "activation_prime": "sigmoid"}]}