{"generation": 437, "board_size": 10, "snake_size": 3, "input_direction_count": 4, "apple_return_type": "distance", "segment_return_type": "distance", "network": [{"layer": "dense", "input_size": 14, "output_size": 18, "weights": [[-3.960233002696593, 11.993287866126542, -0.2575224039287476, 2.3462517536615177, 1.1551982795892417, -0.42480907651632904, 1.9887336899829848, -5.584604498480685, 6.3963728003815765, 3.7052401168667712, -9.598357821406406, 0.40210618700364303, -4.159591024089575, -0.9574234987818725], [1.0893986041615202, 5.637251108473796, 2.3555202029223263, -2.571426619064677, 1.3650382999113455, -1.6179835516307213, 3.271769958439038, -2.728886199758852, -0.5035292983840558, -8.99943185703662, 2.1039053541168378, 2.8169638267713357, -2.071653637323671, 7.547334283950866], [-4.383855694709637, -6.803482240122636, 0.607221970977958, -2.042850581856827, 0.47240276626934297, 0.5439633547473435, 2.767505093635153, -0.0617752221085206, -1.2526521029787625, -3.1541247832076085, 6.881004271061447, 0.5529429130512238, 3.830778859743112, 6.36949711325492], [-0.4950290713935838, 3.592120459860069, 3.47376273968162, 3.7559114845214148, -2.886298396525296, -0.2922456108319835, -5.0824537505841745, -4.048672913191634, -3.979165447328343, 7.148672367404856, -4.583230331432786, 1.6943426294683959, 2.048409195704119, -0.07363457216942587], [1.9278709348805863, -1.5829364244738156, 3.005063341617573, -11.21397182870167, 0.14756554505606673, -3.4230723878434546, 0.9662686721575764, 1.7834779345196754, 3.418820774148336, 8.35334396341262, -2.0490578078933144, -6.332757984868879, -0.2679749105530175, 4.829111427824936], [-5.308639809599491, 1.8802409911816504, -1.2127397722640574, 2.2245170159331935, -4.395499045849791, -0.9718902817227673, 8.24273200365967, -1.8278347840837827, 9.59678992665587, -5.282588086756737, 8.845454729142663, 0.657290694777796, 0.8427220149801646, 2.363926689656592], [0.6759399382647218, -3.7914294787849885, -0.2795175686895912, -3.4050393889372694, -9.51531053198604, 0.12980928465405395, -2.076922197054685, -0.13161953520969538, -4.033771768846487, 3.613681006796268, -0.8080412853279026, -1.0290684294441466, 1.5377311362370572, -9.048759188158318], [3.1850698693653476, -7.41339754542024, 0.8892051793723361, -2.9841105182187175, -1.986461621412964, 5.193180476484819, -0.6012480362845252, 1.1631573958009993, -3.688350275166437, -1.134888562975601, -5.353117270870459, -6.593792353657123, 5.995869977059941, -5.907921948423622], [-3.11982088786985, -7.808866359655229, 5.710564054821281, 1.0439388004577865, -1.4461957595230892, -5.354721967770807, -1.0125662116654086, 2.513519922684258, 1.435060761106119, -4.678921598889708, -0.785321649394821, 3.8744059219852915, -1.5791274588248336, 0.7110342267482745], [-1.8349829117994105, 7.916626947389371, -1.9154822181485947, -3.4841032103269343, 0.8958017691702411, -3.9509445365983225, 1.729016741059295, -8.085189588505772, -1.4454638529323587, 5.731182542344382, -3.233131740215602, 1.1333861810090264, 3.6408730504653826, 0.8439625527765572], [5.378545277584078, -3.910176863387118, 5.338196001278876, -0.29493619749279953, 3.211209482872888, 2.0177330851011193, 4.311181796613967, 3.8374857305604007, -1.4307983598496077, -9.562575349643012, 3.2793708442812637, -5.913196870266283, -1.3149477650658385, 3.3289084251988115], [-3.145151051065743, -0.6301792911956475, 6.505224330802324, -3.0589082995189285, 3.5427906292642017, -0.9226751191564002, 2.2662608491020615, -1.807291765347985, 2.3670503686436657, -2.3667707492321846, 4.5423571329958765, -0.9094934877219341, 4.783316118064098, 9.995779321313236], [3.792500241046273, 5.209179031937875, -4.247285746735074, 3.234262197653949, 3.795057967730032, -2.0599682100089103, -5.022274204326287, 2.604046790457155, 1.383813241170417, 9.545863569133067, -0.31003734850731857, 0.59274313272845, -2.070529058467904, -2.143096724575196], [1.779382889052061, -5.438256443511332, 3.01880038190683, 5.471672449336891, -0.5703270837375067, 2.6159454613079713, -2.205858819718975, -1.4186482885235148, -2.4598078378883343, -9.265233643583352, 3.135666602401108, -6.264565597418524, -3.4779090455187407, 4.198451380740794], [1.1363338907403537, 1.8946608270132133, -0.6978544482855403, -3.0780773181154917, -0.14395742868384176, 0.9276183586327855, -3.2258437535311075, -4.373883996832495, -1.130512606656634, -0.6344578149738689, -3.7017909371169404, -6.434971821976299, -1.7623597368480284, 1.1354380702426317], [0.57241614483784, 1.466618413467786, -2.1753154121309506, 1.4861221850193937, 1.4234498016810182, 0.3568289024192937, 6.536004335857064, -0.6138408280989232, -3.533240074609117, 2.068297241555269, -2.868683690882217, 7.2806018781103745, 2.8498755555082407, 5.378124606885644], [-5.242012090558957, 7.589680743280718, -5.624323860319009, -4.675982332202391, 0.12229561860145194, -1.161810693751272, -2.1770615515450014, 4.8121050658732605, -5.513695962339329, -1.7286722995451602, 1.8541688132907108, 2.333614421959603, -1.4656046699564107, 1.1641932733540772], [-8.202876641506009, 5.725267503694651, -7.80153448459693, -2.240077701034283, 0.8754311165976981, 1.5350304088276654, -3.060015496065861, 5.571448623552962, 2.215957525578522, 13.425948719708918, -7.208834019091049, 3.337387636891873, 0.9238954217680917, -3.635565424235091]], "bias": [[1.1865608284385005], [4.460921497613594], [-6.132075758240849], [0.90903894537008], [-0.3424781967893457], [-0.37400937233259957], [-2.092599321507099], [-2.9883940949412953], [-6.08040563510381], [-1.523587633981929], [1.9730972199918995], [-2.5499783768265845], [-7.728240251284859], [5.491026352617456], [-3.1889654618290697], [-3.356466612574415], [-6.191789136709007], [3.206344519173515]]}, {"layer": "activation", "activation": "relu", "activation_prime": "relu"}, {"layer": "dense", "input_size": 18, "output_size": 4, "weights": [[5.345341622649806, -4.166417060330055, -3.5698065593872355, -11.205455189789717, -1.1462790547607553, 0.23624267650528452, 0.9030750128727355, 0.6954619868468466, -0.6102305986322678, 0.03914895725242534, -1.4615151760453076, -5.593188016952219, -4.773343474431287, -3.714906343837494, 3.844089516104038, 3.7221801215495924, 1.301722270891213, -3.373206891271015], [-1.8408965455520199, -3.207428213217257, -1.84453426172973, 0.4414664157750498, 2.3463200648655125, -2.2646377024561755, -2.5511552778386646, -2.1288146091901106, 0.2611595777139876, 4.5567208051837325, -2.0411726448761778, -3.436814648158946, -0.711610389815376, -5.813578963881554, -2.594701948686027, -3.331620550119524, -2.6480426864014093, -0.3360127956289158], [1.1698919790758926, -0.06738766720657674, 2.46132732061305, 4.278872068095961, -10.505644229345, -6.110853560582584, 1.353235570226748, 0.8459479654295017, -4.767104975699553, -1.7176691175223893, -3.0465074887311845, -9.10373372046041, -3.3420957691613142, -1.383856919571931, -0.9820169638889764, -6.666309313701754, 1.0763236386580477, 1.3043159675601386], [-6.042027446753707, 2.420466673230518, 4.188677586078544, -5.45212361910657, -3.3242736514327778, 2.107810659504122, -3.2504533721282636, 2.415805818214459, -1.0428092025747242, -1.5944442672532668, 5.57377903997374, 1.016312954225857, -0.17574657882208142, 5.5599276002092415, 0.2274330409579316, 2.056795603775252, 2.3469770355682726, -14.537650443246086]], "bias": [[2.1923071717194302], [-3.076069642797773], [1.8438508514613794], [0.022977160474292324]]}, {"layer": "activation", "activation": "sigmoid", "activation_prime": "sigmoid"}]}