{"generation": 435, "board_size": 10, "snake_size": 3, "input_direction_count": 4, "apple_return_type": "distance", "segment_return_type": "distance", "network": [{"layer": "dense", "input_size": 14, "output_size": 18, "weights": [[-2.781868061376414, 10.397849216310629, -0.48695003282212046, 3.214729894061766, -2.4925517436106066, -0.42480907651632904, 1.614018216048985, -7.301468375122681, 6.709419517577746, -0.6458406769726441, -9.152076514995965, 0.37664697993027274, -1.81063492278071, -2.2576729854198105], [3.207343148745821, 4.5610621342193856, -1.3449746022918754, 5.834420354033262, -0.04576385261173427, 0.4413076593017234, 0.7762940663709388, 2.870194229278669, -4.923677254560759, -7.030166587387585, 4.505336750585636, -0.05969161465009026, 0.4376670374352415, 9.327304189452834], [-3.895879729007073, -5.57301816162774, 2.506604555808442, -2.3004351340665123, 0.5151595886430969, 0.5439633547473435, 1.9613457858605137, -3.4799092009017687, -0.42660073155294187, -0.4917634763972929, 5.410669977604992, 3.4650957809647025, 0.34656073271529875, 6.798314275329396], [-3.532601049594119, 4.026587272351245, 6.513282607038075, 3.4775718486493687, -0.8337813172291187, -0.11017836006626724, -7.2964634007476095, 0.18965694945110134, -5.274133437546458, 6.392161786170824, -5.911173387713197, 3.8223840531688626, -1.626774084444687, -0.9121170060140218], [4.025931588787999, -1.248194959255415, 4.165343627424966, -9.612444413674936, 1.36282449188912, -1.2881807980558289, 0.7890052619364294, 0.026938466326493382, 3.792084180797107, 5.605921740180309, -3.4836700652355628, -5.592819073829563, 1.4843674549766468, 6.13989038306166], [-2.594032131279705, 3.8673830495130965, -2.3007381067456163, 1.9893129845604562, -5.21371309870007, -1.231460737644996, 7.20065460218412, -3.8719871463628674, 5.0945561900233995, -4.757649409843629, 8.845454729142663, 1.830453380856945, 2.2264765087950247, 2.4191059614697377], [-0.6105182159401635, 3.110268976249129, -6.190378124591964, -3.4266480379975235, -4.744043526852624, 2.44973765911693, -0.8231150508137778, -1.229289716170752, -1.552773527570753, 4.66772388523316, 1.2675155054312195, -2.8794235929616674, 0.2008050423233705, -3.2758126284691835], [1.6135859994138, -5.56492426208607, 0.9393000149415783, -0.9800320687805584, -1.5667575909532427, 6.1646024565589315, -3.50898533870801, -1.0192530469702157, -2.304782955050282, 0.02272279131039113, -7.024408059896648, -5.035057373709992, 1.2321719737298062, -2.473575431317734], [-1.3536812194045253, -6.105599217143676, 2.302171336978875, -1.403374661326356, 1.665176417401414, -5.7516314962517825, -2.044323007209524, 3.9847123878482478, 1.7200454043953952, -1.0067975489578331, -3.7094189100464585, 2.010689474836111, -3.3969696898043242, -2.201169943995499], [0.5449406272868751, 11.708326240870006, -6.3415806356218924, -3.707141555233448, 4.497064405074889, -3.7698189421793242, 0.4852927071510355, -2.070676344181897, -1.7074131294172257, 2.754160163627123, 1.3044846937015384, 1.464490940237896, 2.457258846715492, 0.2531509305645946], [3.3502167451573093, -3.6727033637800464, 5.923488935476071, -3.624341297047935, -1.4205374758790938, -1.1371482200866325, 2.690352332684403, -3.037397081743735, -0.13647472078033324, -3.2475748576886243, 0.8400126923305578, -5.164256979918962, 1.680197955319137, 0.9975409604799702], [-1.1626594123108167, 1.9899342607965034, 7.141814284365194, -3.101573650551357, -0.716245500942162, 1.7108914633088674, 5.903540809537633, -0.26251153992817455, 0.9037821091613704, -4.926101182896049, 3.49947600417322, 2.0012834194639186, 4.733156523577346, 8.373552289058791], [4.790993387063096, 6.015115709538432, -4.882661767118652, 3.1408818136617933, -0.3409778479789761, -4.906882279891883, -4.295589648075587, 1.29218048507924, 1.6366861719195973, 9.9993431829199, -1.110091293538976, 0.30446106603147727, -2.399882255386219, -3.675235697831506], [6.600898198694302, -2.0798290593399678, 3.2682293564679754, 1.9741501520930673, -1.2533393081699218, 2.7613163946929826, -0.6584701494915132, -2.8120587304366618, -2.301007598825392, -9.79404963294557, 3.853358064545837, -7.296779751891447, -4.057684779416785, 4.079629195713478], [3.7312675983912156, -0.8734759096276362, -0.014227673144719177, -2.8220224738967286, -4.527378861625026, 2.064368296704282, -3.4333910880369123, -0.9102178633369582, -0.14114791384804293, -1.1777214226485941, -4.168241875829291, -5.1612967174082325, 0.3493739734175848, -5.253714794390882], [-0.9298698536137947, 6.62143389381642e-05, 0.07520626393365493, 5.910582070339657, 0.3061424525646754, 1.7230728989830715, 5.989266369382065, -2.51299091649769, 2.641077570915893, -5.780086304748305, -1.3837553545536316, 4.86980766820112, -0.51814041074814, 2.9757013630295894], [-5.5763666158511835, 8.72189860294128, -5.170445181533335, -3.697522367414135, 0.4477377926083371, -2.7151836508547365, -2.574822666676874, 6.354662801904747, -5.513695962339329, -2.1748345955033606, 3.950885630283677, 2.0713518134112565, -2.095812932599571, 2.612048333011095], [-7.214771652568016, 5.7430205251599515, -7.97888568474268, -2.240077701034283, -0.5788229758155788, 1.2471920856726229, -3.060015496065861, 6.132692272471248, 2.574159180288536, 13.425948719708918, -7.208834019091049, 4.382106436173672, 1.8752694953223459, -1.6460636770699217]], "bias": [[1.1865608284385005], [3.0293355148639325], [-2.597633716679031], [1.8783987049067867], [0.22024672800818523], [-0.7327009598279131], [-1.386655723938294], [-4.78811164766406], [-5.258039578139709], [-1.6819014729188924], [1.5205309976906114], [-0.9905574432352966], [-1.7682804332113569], [5.317630921142296], [-3.8991455165181903], [-3.844787002482602], [-3.953235684626657], [3.423918539697188]]}, {"layer": "activation", "activation": "relu", "activation_prime": "relu"}, {"layer": "dense", "input_size": 18, "output_size": 4, "weights": [[7.40123558550878, -2.1987177036395154, -1.6969481381714386, -9.277009661907616, -2.4631838390490453, 0.8049463539574602, 3.442869488543092, -0.41870006853696884, 1.818555334846327, 1.770998636747597, 1.4262779293113301, -1.6789673540628702, -6.963595497270527, -4.344307438189633, 3.6821607758614574, 3.386916124014485, -1.8985199855565194, -2.505982695759848], [-3.445403452631834, -6.344532086941304, 0.15638531959585045, -1.5399583738567066, 3.8266324957065594, -5.542593486107492, 1.7766773310152058, 2.928564565605811, -2.787966317080798, 3.744503539632256, -0.6300395043655838, -3.6929968865777587, 0.9846369153084457, -7.161713560470688, -4.888294303548784, -4.485022675606766, -1.0361785966324373, 1.6971453522613948], [3.476150364413943, -2.014409364026007, -0.7976604377656196, 3.5957636484284143, -10.792603529612688, -5.682784663017956, 1.1706636901044385, -3.5765860953267774, -2.7856596829129967, 0.06359352222025555, -2.025854921462421, -4.940126768574863, -1.0996296981628761, -0.5838290825352922, -1.1557817674416235, -4.817622382806745, 4.524847476480891, 1.9880869556284073], [-5.826635339388536, 1.3307361086710225, 1.8519516598993087, -6.681874211570954, -3.143229267225371, 4.505213508104529, -2.68686774973067, 0.5898276622401128, 1.6370020222946624, -4.620608078460915, 4.508490698971434, 1.6569822253737931, -1.2070572462401759, 5.1190516764781915, 2.6744948916905438, 8.203247810749538, -7.453113575211557, -14.479128272874458]], "bias": [[2.3303978412899444], [-6.961371291658133], [1.567762231908395], [2.874564312487209]]}, {"layer": "activation", "activation": "sigmoid", "activation_prime": "sigmoid"}]}