{"generation": 438, "board_size": 10, "snake_size": 3, "input_direction_count": 4, "apple_return_type": "distance", "segment_return_type": "distance", "network": [{"layer": "dense", "input_size": 14, "output_size": 18, "weights": [[-2.6626959777027692, 11.965168443391626, -0.5221571836255796, 2.2481538112595287, 0.15336225681867077, -0.607543109645371, 4.301455855225064, -7.301468375122681, 4.185457838319546, 4.3322986590289245, -8.130818642936731, 1.8050084222191047, -1.1444896036449246, -2.3470447492680973], [-0.6932353728107183, 8.209123274586196, 0.3285781345610447, -2.7485601883132795, 2.4206124566726106, -0.01409368961070706, 2.713171814404332, 0.11113238777435017, -1.6487496715882408, -9.014120716215489, -2.670906914793348, -2.072821209922774, -2.9792409526340426, 7.694655014404161], [-3.958817829149585, -5.538092857155926, -2.3391202104570255, -0.21806604023919318, 0.845572531697252, 0.31294407193981544, 1.6308090295752968, -0.0617752221085206, -1.8564300665098636, -3.040492780204696, 6.023616325760007, 1.3297563277733313, 3.6182731476985754, 6.620494333215988], [-0.5989092742049336, 3.5680479125349978, 3.40009211113973, 4.06723582177771, -3.0366700189525364, 0.41027493559778694, -9.162183274687692, -0.29894805474898106, -5.155043651436451, 6.950574941279124, -3.570437844930753, 5.664647416224106, -0.7299263496145155, -0.5225187861333208], [1.7715174959329612, -2.0849431171676036, 4.567360543857316, -10.653678556856434, -1.4421508655544142, -1.8936482768151768, 2.021721099879104, -0.27867469818938156, 3.296625919561817, 5.605921740180309, -3.1021806388635182, -3.1729825396371725, 2.0933814479374435, 6.608443843813206], [-5.160953633628456, 0.9351591066812459, -2.3250858068429587, 0.3428772608055717, -4.367824677301087, 0.44077855100574764, 8.390287325428488, -1.879375086064189, 7.487956118013195, -5.59175326001319, 5.499155536466427, 1.5182520914386297, 0.5089302090813543, 3.243399662899514], [-0.17413014434704766, 2.098428381777034, -2.1487803332498903, -4.300717873567604, -6.128131796085176, 1.13585288796878, 0.702642326570177, -0.4017138205913636, -3.5140889184411552, 2.153740742860187, 0.8977693512806946, 0.051225313022878693, 4.289812679784722, -5.53675131282159], [3.521447743741476, -9.24285444922918, 0.4582400817469574, -2.498558963019184, -2.3691899280976023, 5.121252065022873, -0.9422602432879685, -1.2280074604619189, -2.7047096538864124, -0.48845739819553496, -6.910331526136025, -6.979184850034878, 1.2681251609788586, -4.790068438426061], [-0.748212577095396, -7.171394238939166, 2.209994965456318, -1.875926156870491, 3.6799115333656776, -4.394010793422853, -3.3438820369984605, 4.826690724914801, 1.3613045736711682, -4.803642345253825, -2.698449088274055, 4.987649475032185, -0.44874242865101466, 0.7710411874066664], [-2.1102902233347565, 7.565943912983793, -4.863294101865909, -3.7535636883527768, 4.007122688485531, -5.159439689941282, 0.9334760082627712, -7.703593278481504, -1.1933347010634814, 5.450530927200713, 0.46260181473458717, 0.4610741626386975, 2.742538893686284, 3.513947556200929], [6.242542838697201, -1.7126145438554443, 3.574119680320448, -1.0741158117514003, 2.234181834529705, 1.4507658264673444, 3.9592435378868474, 3.629813144053989, -3.1383837332567928, -8.141760500427937, 6.941661213128702, -2.6182928088554807, 3.146301820775408, 5.140808411913243], [-1.4435500113390871, -0.2790618468559821, 5.643813545120998, -1.5085572612308953, 3.689444180178116, -0.7187031798307791, 3.267103842032791, -0.8881973106808712, 1.6058812304478443, -2.4958796299223205, 0.23343252664657732, 4.1858600758392415, 5.916803821909528, 7.015821187301651], [2.61135609266343, 3.4565029749568987, -3.522334991926586, 1.2885530695579757, 1.8155072817982134, -2.860460049330317, -0.786307475749991, -1.0758043146593983, 1.383813241170417, 10.200454280674006, -0.9148767820032553, -0.9316928897633888, 1.9348480407756632, -3.800948141999054], [2.5802402125719626, -6.309773098731264, 2.4284101477895166, 2.078424028316745, 0.5766702026861186, 2.38799424237203, 1.9236196641948788, -0.6303368627222757, -1.0370759269929457, -11.53459295944945, -1.865371866437075, -4.923668712923892, -3.8371319634797896, 4.4233182640118756], [0.9455253016280613, 1.8946608270132133, -0.6978544482855403, -2.167199348074039, -0.7597820163371127, -0.9615142688015743, -2.4550480365863834, -3.45737914716048, -2.71041359827203, 2.838875634232175, -3.8483452860846645, -6.561985230431211, -1.4813763407500429, 1.2140405059279171], [0.57241614483784, 1.2233082292628528, -2.6169876679814834, -0.0552045513089916, 1.499969650631685, 1.7130292820199446, 5.597279479924938, -0.7460763104635852, -1.706595368146623, 2.339758739826197, -3.2367273748367476, 6.20783611845947, -0.31361327052358545, 3.534203531366192], [-2.8221718156379216, 9.760813346913974, -6.033949806855654, -2.9412526941186563, -1.7678195434579806, -4.413309720900074, -0.3042820968609895, 5.912476800544543, -2.7054313196868445, -2.969663097000089, 4.687340534938014, 0.7964561612874467, -2.3805373861550247, 1.9308432702999914], [-6.82802236893303, 1.4575074920597462, -7.263111469681218, -1.1024264193250972, -2.2382062582310875, 1.944771642976466, -1.816642367124354, 6.658401689725107, 2.659788844584191, 11.203045330183336, -4.283966646308224, 4.382106436173672, 1.8946703006979502, -1.7183256422310116]], "bias": [[1.1865608284385005], [4.0365014445371115], [-1.6993824769949604], [1.5806877544097642], [0.7608837336311783], [0.5493368361728633], [-0.07465407918695843], [-1.1131141317380817], [-8.02099272061017], [0.08090957271021526], [0.6312595187365391], [-3.1002221986068874], [-4.663347770141975], [4.509315419387503], [-0.906056531173803], [-3.035273154191785], [-5.387550837387051], [3.423918539697188]]}, {"layer": "activation", "activation": "relu", "activation_prime": "relu"}, {"layer": "dense", "input_size": 18, "output_size": 4, "weights": [[6.816702556143193, -2.614992161370087, 0.5638879192640963, -8.246980879612813, -3.3602074429834192, 1.954123629865533, 0.3673586398157842, -0.6215080693834221, 0.9701112465989098, -0.2764423609712778, -1.042429621178486, -1.3164972835325512, -6.963595497270527, -4.973070998222145, 4.259170529208181, 4.079334103352518, 2.141123508904467, -1.9028486759006638], [-0.7255348162915362, -3.6201408608413073, 0.20006680353238487, -0.3375938269785407, 2.156208154831096, -6.260705697242633, 0.14980031683271533, -0.9989852282611857, 6.626459238030628, 2.5346926055506396, 1.948254027389916, -5.402861016228356, 1.6946487055449642, -6.614548348013222, -6.950797429158983, -1.7953044279823729, -0.6350199723699564, 0.7252631035077106], [3.476150364413943, -1.4499524196637952, 0.6877464944911905, 3.5957636484284143, -9.308677228554798, -5.682784663017956, 1.0989610991638394, -1.703412473813948, -3.428346921934634, -2.0249380394005234, -3.1474745040990713, -6.057655584132686, 2.520898743944434, -1.776447783483751, -1.823115558489161, -5.694979429600822, 5.4924229323675, 1.9386058911192785], [-4.125000710952634, 2.523077266072531, 1.6410519425556411, -6.370435278297537, -2.2521760568202063, 2.8404376245540206, -0.006112565294223299, -0.7135320746356293, 1.4922219641988712, -2.940951749522836, 3.772867140858346, 0.7823699779007856, -5.040136852185255, 6.621927848304561, 1.9750698220056253, 2.4027100465328224, -4.98161868431901, -14.479128272874458]], "bias": [[0.43805112370479327], [-1.7202687772576883], [1.159780977190497], [2.874564312487209]]}, {"layer": "activation", "activation": "sigmoid", "activation_prime": "sigmoid"}]}