{"generation": 431, "board_size": 10, "snake_size": 3, "input_direction_count": 4, "apple_return_type": "distance", "segment_return_type": "distance", "network": [{"layer": "dense", "input_size": 14, "output_size": 18, "weights": [[-4.236478520670807, 12.020336738835974, -0.5221571836255796, 3.5773791649085123, -0.8322960288588224, 0.052815447424556516, 2.0687336586157814, -7.159915257720883, 5.459208721675221, 1.31949268186372, -7.682635868060006, 1.1031663790845425, -1.8159547729272965, -0.8392520491972894], [1.0893986041615202, 6.124731066073954, 2.6089272634664846, -2.5405053642444364, 3.9842245556817937, -2.734706605780647, 3.7381558027822, -0.459124437106451, -0.7578564553924564, -8.20001568657948, 2.1039053541168378, 2.8169638267713357, -2.071653637323671, 7.547334283950866], [-4.383855694709637, -8.557563836794477, 0.607221970977958, 1.6681037827992888, 0.3585295446918361, 0.5762656649101724, 3.219043036933721, 0.7968457788939474, -1.3530460728467493, -3.040492780204696, 6.023616325760007, 0.5753541151352634, 0.7011520977610349, 6.36949711325492], [-0.6685827468384211, 3.1851040855648116, 4.9192839150696575, 3.7559114845214148, -2.345380326866985, 0.9420669166825206, -8.030420377188566, -0.2781180717345644, -3.385151984353564, 6.950574941279124, -4.208836525937322, 3.5006449088968896, -1.423253444060871, -0.5225187861333208], [1.353986349084008, -1.248194959255415, 4.567360543857316, -11.274273779803703, 0.3330781161300461, -1.6784942073471267, 0.3154700953020988, -0.8523555736214604, 1.4273031176689839, 6.798605957091065, -2.5601366834373964, -6.391821144927089, 0.7836331927267801, 4.829111427824936], [-4.5158343535897245, 1.905824890030483, 0.5020305233337398, 0.3386134017592871, -4.870991051253682, -2.0654357472668616, 8.390287325428488, -2.331969141816239, 9.933758926179937, -5.681617654382243, 7.663798105096001, 3.8452243060367928, 1.2241098468586555, 3.0336972482067663], [7.000703440112603, -3.5570310050348537, -5.001136427799085, -7.712195474213922, -6.734372081098455, 1.3275759023968705, -0.413279670299572, 0.13483507649083157, -6.466890877264416, 2.9385225057985616, 6.314271139242266, 1.8981365356752682, -0.006064079118275223, -3.529822501957691], [3.56303946964067, -5.081032545123003, -1.5472680300692754, -2.177146904621851, 1.3224979001116586, 2.1232829297688482, -4.245578937022105, 2.207449628042499, -2.4641861614873988, 1.1516066964817355, -5.383342727047569, -2.1226665550977253, 2.493809433535975, -5.100603777764503], [2.0252537900492027, -3.2789751133154215, 0.2868536667920678, -0.683684211478527, -2.002231737226753, -7.266694658591467, -2.471360421406958, 4.730357166061365, 0.3123333320746495, -3.733363637488381, -1.4275429594565001, 2.1293838944375603, 0.8098122072497704, 0.5204676465801178], [-4.399703928828958, 7.375560003230059, -1.370006178854301, -3.3969221724783507, 0.3606142686769971, -2.5691336302374252, -1.8218684241301482, -10.732477549084438, -3.3063207468457967, 7.268388795292186, -3.17519117842596, 2.472331483064897, 1.5879027232411767, 1.6354817914203479], [6.643914066614919, -3.468625067955564, 3.574119680320448, -1.3642795124511624, 2.954607663936348, 2.0829154873494184, 2.1559513758548197, 2.3334106721277044, -2.5061487600732737, -6.357916351822204, 3.3821127587288276, -4.218589003212791, -0.6925178663850817, 3.4620808729315447], [-2.737784659159663, -1.4261179694941664, 6.001022647840884, -3.8669788687012874, 3.866841704397454, -0.2742129468558282, 2.388676758308294, -2.6043194648230603, 1.400624238197112, -2.968129221567711, 0.8521017152498291, 2.785118589344963, 5.315115640075316, 7.912973028905574], [3.363197703093946, 3.4565029749568987, -4.9330548166691175, 0.938657403689937, 1.5801615746202802, -6.188926690609954, -2.2528568138920373, 0.3037603272938765, 1.1982445733971472, 8.000865126934196, -1.9923825555177546, -0.2997927564535715, -0.6145401275171374, -5.5609096528505315], [2.4112396873996227, -8.13565959138861, 2.4284101477895166, 5.2273198040447095, 1.6266560682948912, 2.2447936942297697, 1.1416667810724452, -3.6389552752593275, -1.6794625964666223, -10.007424794434456, -0.016979104599950112, -4.923668712923892, -3.8371319634797896, 4.4233182640118756], [0.9455253016280613, 1.0602701276323037, -5.883746006701324, -4.6078601163941375, 0.46124061666805716, -1.4005719017413036, -1.9227232724538401, -1.6536588370906602, -3.25689372367537, -1.613739541797929, -2.75255136642121, -3.6857723169261805, 1.5824705075243852, -2.298877837298614], [0.57241614483784, 0.25470986125719525, -2.535684421516286, 2.0187494917268243, 2.059318906670744, -0.3178427939806633, 7.29539160297469, -1.3981162067457813, 0.26806362404447326, -5.934141015021607, -0.5632845358019125, 5.635611502349611, 1.2432043776999815, 6.219777418233315], [-2.6372747687424303, 5.153059952953198, -3.3632724569548498, -5.167329793031718, -0.3549222345702109, -0.02214288649657903, 0.1355316309888128, 3.11176363065068, -2.9049285631741273, -4.583086309078604, 4.558045623824996, 1.3645584501351986, -4.380620567484096, 4.6574256735029556], [-4.986092830525905, 0.8029315150454063, -8.451383770995678, -1.2234957263178274, -3.071866655960381, 1.9023829792824807, -1.9011735717331872, 7.264856693925363, 1.2965614389945894, 10.582261635345365, -6.276615719087805, 4.682269456853383, 1.1200422186010432, -2.8826052930669253]], "bias": [[2.2671549302911416], [4.509393221383512], [-2.0390815675939584], [1.5329498877399848], [1.8703027564557413], [0.178876978093724], [-5.482436609514746], [-2.303125015111636], [-9.45369979691428], [-1.135112666498191], [2.76130984302844], [-1.5428658624008673], [-2.7235950147970502], [5.071391740234165], [-3.2985338497575154], [-3.1419520335165174], [-5.335590603911301], [2.145409538444203]]}, {"layer": "activation", "activation": "relu", "activation_prime": "relu"}, {"layer": "dense", "input_size": 18, "output_size": 4, "weights": [[8.079778177536326, -1.0330680270532098, -4.124338472766921, -9.281307914955049, -3.6854286811052073, 1.4037808016498918, 1.633800601151468, 0.7479600059979549, -2.0091423318752653, 1.4251715894474901, -0.3902730868438963, -1.6789673540628702, -6.963595497270527, -3.461511195774714, 5.685693883841127, 2.9557424324969075, -2.2675040643972504, -2.1014790422227567], [-3.2212370956726337, -5.106231358076791, 0.20006680353238487, -1.4892550109156657, 6.345165430281192, -5.542593486107492, 0.7693537934086531, -2.162500383167023, 1.1656878375733535, 3.818484576141292, -1.0225268145696376, -2.247492092999193, 0.7424588295876346, -6.051812639708997, -6.178794348214073, -2.555278375994022, 0.2626208633108183, 0.5974360910871462], [3.476150364413943, -2.014409364026007, 4.479086940900248, 2.1439246007952395, -10.117115965349292, -6.025159760868474, 1.6177219979928075, -1.5217688173663846, -2.58455392520444, 1.9159463878598733, -2.243361241214322, -5.72310125005534, 1.9383069281368641, -1.6147457432893246, -3.1268426943029954, -11.684303202100319, 4.754160137740428, 2.7838243346599847], [-5.354936714162237, 2.8295978553931698, 1.0178789848525263, -5.45212361910657, -3.933775951939242, 2.2091713367843684, -3.2504533721282636, 3.1657029178084177, -1.0428092025747242, -2.7253551139274714, 5.427872869022731, 1.016312954225857, -0.17574657882208142, 5.5599276002092415, 0.775404208160742, 2.417518488458002, -0.690819095656696, -13.01171787175404]], "bias": [[1.1661576261595155], [-7.571810435627707], [2.4115327448988424], [4.53929514068517]]}, {"layer": "activation", "activation": "sigmoid", "activation_prime": "sigmoid"}]}