{"generation": 425, "board_size": 10, "snake_size": 3, "input_direction_count": 4, "apple_return_type": "boolean", "segment_return_type": "boolean", "network": [{"layer": "dense", "input_size": 14, "output_size": 18, "weights": [[-2.71437750223458, -2.403027847538065, -4.818156130806787, -1.0316005517802735, -4.03947497600007, 1.9571094804259594, 0.35547056121833087, -5.233108664513933, -0.9320260587171615, -1.586827015106505, -0.4378011765987361, 1.4762565523533642, 5.482802547570716, -2.5740338455083864], [-0.17057096158146634, -4.625459121064052, -2.914198684354659, -1.898389872841317, 6.916876063471182, -3.693883404736158, 4.614809430267196, 2.804073899048294, -2.522418365042223, 5.470715082273433, -5.586001507393904, -1.4193198439206687, 3.8556112579706814, 4.419006847936312], [1.0153303367957447, -1.7128030011815571, -1.259069450988483, -1.0596938567727898, -5.509080788705772, -6.779239905566625, -3.05669528608023, -4.581408792582378, 0.23864873812071885, -6.6575871979281604, -5.359981986834255, 7.080910903791405, 3.612393871736101, -0.14672007714791102], [-1.2116563938687093, -3.0806033784331563, 0.5239895005251087, 12.79481991278671, -4.280042625627216, 0.3968512029648747, 2.903131760233864, -2.0694136202626727, 0.72277221087541, -3.625958489049667, -2.257089838743958, 1.2924075347506572, -0.1472343785657233, -0.18369185828960666], [-0.18633324809051466, 0.9516502374576354, -1.0160352255168743, -3.856950434283661, -5.153813164191466, -1.0633245347033136, 2.7991992852688403, 1.8213905160770545, 4.011973011469019, 0.1850341587906929, -2.5915825697037542, 0.1366646317006305, 3.507653990518246, -0.6893779187728706], [4.551528670090398, 3.5060226257945257, -3.145176294836955, 8.259795019484285, 0.29127577928552384, 3.318638226545193, -0.9969439597768468, 2.224523985033965, 2.8750740623883737, 0.18414012908227495, 1.4891774015245467, -2.8045360909233237, 2.112207641920402, -5.701825913714716], [3.023274756660668, -3.312940720541663, 1.3162792767726381, -1.3393948060772802, 4.997038818824444, -1.1798637805245074, 0.3551074567408936, -5.498424598859636, -0.39107109551778063, 3.6634906963470915, -5.554746326691243, 0.6365176717897987, -0.046970301614171484, -3.264874044534343], [3.1134207137199272, -4.016350681620778, 1.2634798516784018, -5.371722194131652, 1.2476966844836852, 0.8607404193225194, 6.5422960181764065, 2.247977941429526, 4.52953355124029, 0.48938682283962753, 7.187959387464116, 1.3685712595818469, -0.5295094453087843, 7.233974817726376], [-0.09331089474095355, 1.7626674472790183, -2.271397971833207, -1.0996415811269282, -4.524452266955584, 4.6806961155606235, -3.7298626762140867, 1.0702632791805797, -0.8230677606620818, -1.5982482535145444, -2.3542413565432563, 1.6993024039775624, -2.512239999091376, -1.574798847858669], [-7.00888130247437, 3.534372533673303, -2.1462399225899307, 0.9214679412989463, -5.15192555164364, -0.9495079242386377, 1.4776331884472695, -5.292357601031162, 1.9107346902063473, -1.9619071022936427, 1.4908298646186946, 2.3629985262111237, -4.408858638119515, 1.6990633479959014], [7.284650448215469, -0.8682902407776023, 1.3805484561839854, -0.0012781297321365903, -4.56832880245514, -5.296608642556693, -0.3559886091501685, -2.8656980643278986, -2.5816614357542575, -2.810420204139791, 1.6078876141194702, -4.520602236361637, -0.10284517211067945, 0.019586126593867048], [0.8119291661225185, -2.5155515432984727, 4.187807948761792, -4.545074965723998, 3.8344322583177872, 2.9984847445372873, -1.538379501784969, -2.8716285889742674, 0.7621938184882161, -2.579931664487252, -3.8848978533608722, -0.36523828817068815, 6.3528034012976855, 0.9017604658633248], [3.418798738612893, 2.7284527933637106, -7.412378452746852, -3.9168369471962876, 0.004471832757466876, -0.572234402863355, 0.827388467928585, 0.5954978166294843, 1.8487052207517058, -1.987264632460061, 3.528686063597927, 0.9883650872053568, -1.9032159886202062, -2.9428554293574387], [-5.067871161971291, -1.9737015420886936, -0.38420592591786284, -2.0343281599476444, 1.9523872522927876, 2.1111769412218817, 2.0560197472406947, -2.6978416635072127, 2.2783582475465285, 1.3313186219857076, -1.7037681058204215, -0.902434101732098, 1.293213912794474, 3.951666478548117], [-2.5125262057187885, 4.1900828996977975, 2.700457183250445, -3.104205664782719, 1.1424359814521876, 0.029837330741387058, -2.7151425556901434, -5.511934989976809, 0.33735481005083967, 1.5881797423745938, 4.309352062096664, -2.6097218059421543, -0.009289244894034598, -2.305692557749464], [-4.111266084667708, -2.617738444018187, -1.37385182233716, 4.570217005305013, 0.09516961575638894, 0.6667013388833165, 2.3660058433700972, -1.0466081298394876, -1.918444465505305, -1.6572059015807334, -0.20977562212293432, -3.0291506262434162, -4.413563706943569, 0.21461781691350557], [-3.286032089023779, 1.7411638574645216, -1.9669588310795236, 2.7337287872870344, 2.104570594799771, -3.3320166546685743, -10.167281872705333, 2.857501559166763, 1.7077986189519518, 8.206146737470982, -3.5758656402450875, 1.257156386652937, -0.0194644038331091, -3.700253834392097], [5.077651758391037, 0.3211714862736008, -2.9990308238946755, -2.5210494653887703, -0.9555221620099237, 2.753252593656817, -1.3260731246349002, -1.9731657526755426, -6.989942154450482, -1.6671702631110528, -3.316109109027939, 0.32556927641661004, 9.333407203624693, -3.2267244362850613]], "bias": [[-0.9410732798649656], [-2.692915322526235], [-0.289447534387691], [-3.326861523801138], [3.379209528174571], [-2.4713603788043765], [-3.1581221882922703], [1.4264825183604073], [-1.8363417593611635], [1.7904641677784148], [-5.724404751859781], [-1.5140451563982502], [-2.8355912262446017], [3.020117765300045], [-4.715439400265961], [4.089140380045857], [0.10779189943790124], [-1.7311008017434117]]}, {"layer": "activation", "activation": "relu", "activation_prime": "relu"}, {"layer": "dense", "input_size": 18, "output_size": 4, "weights": [[0.748000050437775, -0.8843132673373196, -2.018742820010422, 1.4118934547278343, 0.1257201479235363, 0.007117358168275495, 0.06934203464462518, 0.4535333672955909, 0.7377194305470387, 3.8347908511655664, 4.763975369449586, -1.3643850190208833, -0.8749982203493052, 1.7893877029751355, 0.41109556656571866, 2.9078638929390275, -3.1708986069394642, 1.2228163550470526], [1.3300555702507995, 2.3893581369271226, -0.39945657906545884, -5.813795701938275, 2.1090806642706434, -1.0745996738929882, 1.027325463799024, 1.5177012051855001, -1.7504208595295583, -4.050739511476076, -4.036557898731997, 2.0472234661796693, -0.3324591967664676, 1.8531290323095828, 0.6557878171590749, -3.5212768394151577, 0.5777471186968539, 3.888928858572143], [-5.509859454692134, 2.15954996425538, -1.889846445107335, 7.001134833690941, -7.871099059556652, 2.8153183595156492, -0.5348108102043166, -3.845488140993563, 0.7751591497081869, -2.6809449181003364, -1.1792455196021117, -5.8905880287124095, -1.7156728451839152, 4.720438300926636, -4.026110897756759, 0.019380986967976188, 4.599373618415404, -0.8192468064793881], [-1.4417319324269195, 1.6802508172266328, -0.039835141542203134, -2.312914897686809, 0.6385148794972867, 0.9021615344145845, -1.0000626790658045, 4.32313819530129, -0.6140298349288612, -6.424158881828953, -0.5950652722211796, 6.07897844678691, 1.8836074034267078, -3.021718570824856, 4.566364321056289, 2.848078672219066, -2.5332678768163124, 2.851808582188409]], "bias": [[-2.0471414113160606], [1.9170762037779066], [4.300595156315085], [3.175464532001951]]}, {"layer": "activation", "activation": "sigmoid", "activation_prime": "sigmoid"}]}