{"generation": 293, "board_size": 10, "snake_size": 3, "input_direction_count": 4, "apple_return_type": "boolean", "segment_return_type": "distance", "network": [{"layer": "dense", "input_size": 14, "output_size": 18, "weights": [[1.7594834168231055, -2.1641828121261195, 1.6124890486554042, 1.591441129847249, 0.3762470480001554, 2.059025089818156, 3.06962376143744, 0.6402493916025447, 0.3385480189931155, -2.188740932647903, 0.3321733487678082, -2.975455209334972, -0.03212883768668015, -2.6154702952438775], [-4.610910464211163, 1.4515561195556446, -1.7072030616179938, -0.5118183620216612, -0.01747794789526283, 1.0760711179272144, -3.2798344025527775, -0.20954778771267357, -0.33697760255799447, 3.0038614491267634, -1.5129310633530975, 4.349533369653168, -0.33615914887829035, 1.8482116049281743], [-0.6685499054101538, 0.5916553503575981, 0.12547998615680034, -2.657008002246177, 0.778753896769538, -0.5274552606271715, 3.3827760275698835, -0.8854702062275341, 6.128084088463805, -0.6816085790541953, -3.9849567418050214, 1.668175946074307, -1.081348115041661, -0.2358096240908385], [-0.32343902873707586, -0.09430994235545126, 3.2301260211168037, 3.8196196680729133, -0.4893292413891962, 2.9648693442461056, 3.8347567953565904, 4.80118569395097, 4.2637548287225435, 1.1280182194310195, 0.44865188366667996, 1.7559837353293049, -0.8634220182116399, 0.5059929873138221], [-0.5976671224390895, -0.11761236889723015, -0.7236664623017504, -4.62670324421455, -0.8067078871912533, -4.270924699063195, -3.2514235739468607, 1.10490489082929, 0.5078720715757217, -3.6086829974835304, -1.217582067610625, 2.711274788998303, 3.110822635659867, -4.6450817128652355], [-0.42423213747906485, 1.5772737364165301, -3.6287030135753637, 2.315343977931539, 0.617947349930941, -0.36000346440446673, -2.3758098256399633, -2.1973686140696778, -1.84602447176945, 1.9271871143171027, -0.08894635740498269, -0.5009698030503325, -0.9239548299178093, -1.255870790846914], [0.5385112250397013, -2.090553873290704, -0.1673525558114778, -4.425505710739715, -0.09587320980316275, 3.2128484311687586, -2.3381589630847013, 2.5152242258562922, -1.1655598017026327, 5.094080896151967, 1.2597202171239108, -0.21391784340297415, -0.5214355861219546, -0.43338802231863094], [-1.2331337759313752, 2.2407285284047793, -2.650880825680519, -0.8704578991880134, -6.539346588254258, -1.6120835253166856, 1.6342182417427136, -2.8810139296967208, -1.3682043927805867, -0.5565260448942879, -1.5511849899196122, -0.9071664550239011, 0.40788960588453116, 2.084138085393554], [-5.431584609720534, 3.498835795038764, -1.4278529848461905, 0.06977254546687639, 1.0496699381621797, 4.577793447716209, 4.026398250324037, 2.186277855788143, 0.009533570546968795, 0.7215209093859523, 2.1024208464533123, 2.56814875510754, 1.7791634567588819, 1.793789682704893], [-0.4608181472404381, -0.6985340981563852, 5.410810089913899, -6.931405909994323, 0.3364975065075918, -2.2044810495575966, -0.18326110351605365, 2.7222316311378494, 0.6744390214201812, -1.8337108644242193, 1.6543677374119672, -0.24167517178685027, 1.0925204764692609, 4.737875412253093], [-1.4879246342393606, 4.137561748705466, 0.07866711856177588, -1.8932622646699317, 0.04171065773596139, -0.7185157235051483, -0.02399911766611529, 1.8429268688012719, 0.7203294957443225, 1.1383470074110762, -2.031905576194131, -1.3501985126520215, -1.226403790186238, -0.3261132329305251], [-2.415994254065459, -0.7746090362113054, -4.503222984005064, 4.247120652116305, -2.767310119315893, -0.24141258917462333, -0.24435610761807913, -2.570137472506123, 1.394668608425809, 0.7540379245682163, 0.20519461099661956, 0.03798700181870618, 0.7719943025109562, 1.468021316343944], [0.7849055483437124, -4.455626101886859, 3.227837126910144, 2.406605259823506, -1.9215466491892408, 1.7397519791356504, -4.212156381390141, -1.5156317235042536, 0.05913500066438632, 2.1290498293909006, 7.356976978234649, -1.3002591082796289, 2.1522061592335584, -0.673988415912558], [-0.6254541120331419, -1.7008048879387059, -0.8450605122269341, -3.9104931791729403, -2.9714195122612255, -2.231660895571907, 0.012843256695138194, -0.4884423286586709, -2.5160179545722654, 4.476097186419146, 0.6229594643044299, -0.6021737885661825, 0.26377809282669135, 0.4298043176448585], [-2.527178575297829, -3.57545440196898, -1.634699797011307, -4.282761531998794, -1.3682595749886082, -0.30768730109028203, -0.17372332520035494, 2.3336606995019187, -1.6909362722567665, 2.8444425656509447, 1.7820169901072944, 0.33811245074709123, -0.3542479836299149, 0.05789969928680061], [1.7481824461085445, -3.933559372080042, -1.6051490504686479, 1.249932585301123, -4.727810648163315, -3.5965537453890266, -0.3586942105418973, 2.18967718173973, 2.808706280489818, 2.518180435858461, -2.3960530911332194, -1.3984593490529802, -1.8283332008727695, -2.0665029714475156], [3.721246487046959, -0.4295360779159279, 1.3075476556369416, -0.07994481273033616, 0.12533981660911508, 0.02704064434449982, -2.4896554701212774, 0.6444499415095262, 0.8347217820027204, -0.35744005144467716, 0.5505959920689656, -3.2265862848962046, -0.5086120508719465, -1.738547594722668], [1.2660455834934896, 1.2578273419073736, 1.2235535057310571, 1.1774825119015022, 0.7195492879942036, 0.7872997982887859, -2.687904334703915, -4.35705529006748, 0.3590340422744196, 0.7882587085303365, 2.868567508937233, -1.746884126761818, 2.0437839712224255, 0.309573636336026]], "bias": [[2.6748658558098697], [0.0033599895042895067], [-0.9900299618085087], [-1.1516281779309518], [3.9054103374320097], [1.8392458373776108], [0.6428875629421107], [-3.018380924193493], [0.7744548261020281], [-0.10773270773043592], [0.2668857090228166], [-0.8402368404906793], [-0.16152044203397445], [-3.7885586857435367], [-0.49625320794182015], [-2.5809570359293783], [-1.368054146780875], [-3.0693463567092496]]}, {"layer": "activation", "activation": "relu", "activation_prime": "relu"}, {"layer": "dense", "input_size": 18, "output_size": 4, "weights": [[-0.8427424812538946, 2.2932673559181214, 1.5613580967091174, -0.6406769490032872, -1.4660134310685993, 0.1219683272014897, 0.657769721886469, 1.6403838740242909, 1.2535183712460114, -1.906923255011734, 4.15172063482408, -0.5463068173182124, -0.18570032489545202, 0.788263405629273, -1.5470389794302204, -1.9033588994808073, 0.4722467051617265, -3.5488273159594064], [0.13422687297199387, -1.9990255761640863, 1.7512817362027417, -1.396136260703801, 0.5715453376358653, 1.928605468857592, -2.3478770760326224, -2.4012237442951805, -0.09035519181216184, 3.074012094759955, -3.4345505325543355, -1.1449926104976313, -0.28372170679911113, -0.20610154977337358, -3.770197526006415, -2.199965943866046, 0.977595990331878, 0.8665741516185717], [-0.12472004208501042, -0.6420300475946832, -1.487629409592369, -1.101283417090274, 1.7830800735978891, -0.17267893292229508, 1.7868743657344983, -0.8620530040579865, -2.386039065138715, -1.2253790290481408, -1.1890657151867965, 1.2378147449011465, -1.5125322017323826, -1.8083357296480682, -1.9998077800391352, 1.037361229286315, 2.543411848799815, -1.4340512825687148], [0.39831891810276865, -4.783772846499698, 0.28618284109471837, -0.3651928115383922, -1.6718671643945262, 1.6996469504411449, -0.20069391656667074, -2.0666822681706334, -0.17604045554029568, -0.5296712506315124, 2.360497299343275, 0.3807356274229325, -0.14870854935030176, 2.5515911776248834, -1.638095749622415, -1.955827753132514, 1.8542408508522055, 0.09972529952246101]], "bias": [[-1.80949997048823], [0.22165377093458788], [1.2112858725373774], [-0.27868062219767875]]}, {"layer": "activation", "activation": "sigmoid", "activation_prime": "sigmoid"}]}