{"generation": 518, "board_size": 10, "snake_size": 3, "input_direction_count": 8, "apple_return_type": "boolean", "segment_return_type": "boolean", "network": [{"layer": "dense", "input_size": 26, "output_size": 30, "weights": [[6.755301597244457, 0.9593619995203367, -1.7314929361276437, 1.5743132730355425, 4.60881662933624, 2.634072036496452, 2.5578531478559157, 2.291762453625699, 5.107945674993523, -3.913514786410039, 5.6517473506850475, 0.43293671458229577, -1.0682617075573873, 0.8736762317259008, 2.3137656737409196, -5.344848399710374, 1.748560176286905, -2.2148842337379655, 3.109462358300652, -4.50688429004326, 0.3043959141701156, -1.9254640672910939, -5.585714004721003, 1.213770660639029, -6.45363443716163, 7.651244458921327], [0.9721656357581426, 2.413485131740611, 0.7056451543497533, 1.4666440819738513, -4.858560798683596, 1.3275604346812868, 1.6188724350462371, -5.7963756249695555, -1.6638544709370593, 7.471122690392686, -3.2792559432818917, -2.267233307892103, 3.02599438344933, -1.0079076588976439, -3.38074708441522, -2.0701028151827408, -0.053928185734964273, 1.5190090653218538, 5.256005687743199, -2.774729057156018, -0.5993809293282539, 0.7478127510058937, -7.767044830514821, 4.876832574758675, 4.758393467322159, 8.098133043745477], [3.9417802196538148, 1.0559620404248977, 4.743559280892042, -2.039112876188695, 4.167978078074222, -4.456736612342383, -0.2884925016074762, -2.9243962594907345, 4.0540502794408475, -5.54390909583373, -5.576266065317058, -7.17165821340173, 0.24402320384341128, -6.600317796027902, -0.687863060132158, 0.5360618953502753, -0.44661151261547705, 1.0046680465320665, 1.9505360019235694, 0.2835904693095741, -2.6859442438339522, -4.659549196689527, -2.2554168530224037, -0.43799875358745133, -3.9344100665986215, -0.4722455818453395], [-2.390376833019292, 0.4354928682336002, 6.7594261794935955, -7.283192249888557, 1.2707474980076183, -1.7120753739047938, -2.379344442018668, 3.131511684618471, 0.7970156207428082, 1.111403317028758, 1.0163298744612972, -0.9900423078673108, 0.6191035236715468, -1.7223108080367668, -1.257212338274418, -2.902390546030267, 2.426603851482132, 3.798948028995024, -5.029476076862097, -1.0542765669225131, 3.0226776033486606, -1.1784777895333596, -1.948160394472875, 2.8517438040408822, -3.14619785666296, -6.206041961984178], [6.622357881398463, -2.9717892072899845, -0.6721954016985208, 0.6755681423124245, -5.004843386938709, -1.7610431493369414, 5.661322097393487, -1.1828885436531695, -3.625436935986414, -2.15835128461328, 1.4383548426463044, 3.183579813970595, -0.32327455585400455, 0.7110558489369622, -2.6548661775566336, 3.4679587546855197, 4.067408001431295, -0.03473310510504787, 5.552883481902753, 4.36672539515459, -2.3200240194600448, -3.4173169079899712, -0.7877343595700995, 1.1315158213718544, -2.6381651118785676, 2.619025178844091], [1.225296615354767, 0.009450291421329249, 0.06187340002823538, -5.991195730344266, -0.07088160250949027, 0.017955901117223005, -6.47108173213935, -1.3023154993429196, -0.47224302524361417, 2.9029965518662646, -3.680474045240633, -2.0038587788161197, -1.45830797710546, -1.0197330854449844, -0.1914255679783033, -4.661083786153316, -3.5330720192861484, -10.02182288900542, 2.6890284846460517, -0.9123539120163209, -0.25344881502323124, -2.530240337379739, -5.6919200610261935, 0.032261653132054535, -0.8190576258335365, 2.1202729204299375], [-2.9082714773124905, -2.287868929583306, -1.999970100112874, -6.398215288262813, 2.8550242416369627, -2.6349355214107097, 1.610848236219113, -6.121725158079173, -1.3647414123510044, 0.7566355020178042, -0.36306488527527947, 0.09366600703175343, 2.9663478008751936, 1.7270024171225253, -0.6236083192397474, -5.228589307091759, -3.900613034772503, -0.6901880459964673, 1.4139965169223085, 2.218099901807845, -2.8427560666092444, -4.425219558658637, 3.9080757624654203, 6.510075894177296, 1.7769388132923776, 0.5811294240810676], [0.1563838940681812, 3.7543329065830138, -2.497533335048693, 4.032973724696505, 5.114437644659332, 3.908315554490219, 2.2550630926479616, -8.516775260826046, -5.03504718860623, -4.968924110281313, -4.40892527389698, -4.290972319569461, 0.5641730960389462, -1.694782447828918, 1.2409921127668722, -1.9577333619475668, -2.0050018284216, -9.559459906917562, 2.648543585790299, 1.2681178709201468, -3.847070411418564, 0.43218316867289175, -0.20685079196356826, -1.4229674642749446, 3.7178078193225987, -6.173948591666332], [-0.4705472905735847, 1.4314610859478876, -2.329775909000519, 4.317152689503633, 2.500630402498832, 1.4697047592294246, 3.5682781486093464, -0.4083981373842458, 4.657700981384261, -2.2784331979426127, -5.466595494983329, 1.5624773248008232, 5.830852235481977, 3.314764150053413, -1.3907062493916185, 0.3201672629140969, -4.102374424988863, 2.710271730897274, 5.240321269948575, -0.16326560967693404, -0.9157828274615798, 3.1675290335605957, -0.845354562452207, 2.219567079170681, -2.0883286040317146, -5.043322493305785], [-4.305554752518725, -3.152060969646851, 3.77404815255716, 1.0496652769022465, 1.6624992063053088, -1.5793083753486683, -3.0487557021876888, 0.1480870412625373, -1.628537077791896, -1.5931901555650598, 0.9419094796902582, -0.4267221677898081, 0.7348221491987518, -0.37840558301052485, -4.697255103366324, 0.12726418571998077, 4.611098521981963, 5.626494424573518, 0.31681600660703146, 3.4425007317522214, -1.8843132601334043, 2.3011519137551417, -3.7739129124064155, -4.39595225239446, -3.3057276920171614, -1.5845448559453248], [7.015067095258126, -6.544364571651506, -3.164967574477703, -5.718466027948016, -1.7541598237321232, 2.429873935165051, -3.267398464916262, 4.500527256311204, -3.931918291902064, 0.6337714139779894, 2.373444598633366, 2.903390120317724, 4.6093567717082005, 0.6855472528466668, 0.5523186754666634, 3.0972704507531628, 1.100925289691078, 1.7443620167381864, -0.5394293948816398, 4.353083190512795, 2.183065846701077, 3.346440583435736, -1.1021567423412, -4.08764294218668, 1.1887438650116036, -2.262651880712225], [-1.8068483575891734, 2.739611571467376, -0.8232198883159247, 3.7909612686993874, 0.43014288334293727, -4.328514165201641, -3.4587824478490714, 1.7788371066351742, -6.319398170070601, -2.973005800957749, -1.7664430287201567, 0.836779904222628, -9.479797787713437, 3.518578719075926, -3.44019739525278, -0.5251754126332046, 8.313002922625289, -1.6946012796658834, -1.1912366635782758, 2.768332797394853, 5.635689932421762, 3.9662957768460947, 3.222308604802152, -1.3944378982426595, 0.7450575756672391, -1.2416807244024746], [0.8716400801763378, 2.462256410618381, -1.9500703652773002, -0.161442715013226, 0.20197180314096053, -0.2298445264125928, 3.1926659650041107, 5.9075761234777175, 2.8926399862281533, -8.695600424288074, 3.300056855409183, 2.209316406845985, -2.7712446409398175, 3.1742412963567426, -2.312441984419334, 1.5171044695209366, -1.866599561232585, 3.705248589180094, -1.0390399709298803, -1.5556287498106105, 4.937120031537549, 0.7725362291241725, -6.740282614001771, 4.615687532573417, -4.208951696824803, 1.338408689711766], [-3.290969901804272, 1.820384083697074, 4.653660763567068, -4.664922350666182, -8.269388898332874, 2.1553843138414734, 11.010492033097218, 3.4708685919483715, 1.8877556859893665, 2.286420375894586, 3.4906667715852633, -3.1264694181655512, 1.2172441286786888, -0.3871938946026625, -1.7114218386310298, 0.8599441858575504, -4.7048749822253155, 3.566315023256985, 1.9011043996676382, 5.025759000787611, 4.239804270079869, 2.630361528831061, -1.3817928829480357, -0.6328595129641663, -3.946569631717632, -6.321684621537159], [2.1701587056394276, -2.182173253290193, -0.25325602017957327, -3.3921173413696923, 3.857687065384421, 0.7842042037039264, 0.5243522927137646, 3.0740045645686536, 0.3254518830560188, 2.3108301734199768, 1.6001065636194665, -4.3972667057999, -5.788177859000474, -0.8176177742952893, 0.7220274049102946, 6.1070747493253155, 2.501923300152472, -3.206251557561316, -1.3803534722988529, 2.767937245229414, 0.023702962257675153, 