{"generation": 515, "board_size": 10, "snake_size": 3, "input_direction_count": 8, "apple_return_type": "boolean", "segment_return_type": "boolean", "network": [{"layer": "dense", "input_size": 26, "output_size": 30, "weights": [[6.320532387641195, -0.4810234046874756, -1.7993063885387643, 1.5743132730355425, 4.60881662933624, 1.5001799520161072, 1.490113137709914, 4.097264482453759, 5.833492308279527, -3.913514786410039, 5.6517473506850475, 0.43293671458229577, -1.0682617075573873, 0.8736762317259008, 2.3137656737409196, -5.344848399710374, 1.235799192908421, -1.9819111303499475, 3.109462358300652, -4.50688429004326, 1.7534940806286088, -1.9254640672910939, -5.585714004721003, 2.070801349273939, -6.45363443716163, 7.651244458921327], [0.9721656357581426, 2.413485131740611, 0.7056451543497533, 1.460987639097411, -4.858560798683596, 1.3275604346812868, 1.1393831805345782, -5.7963756249695555, -1.6638544709370593, 6.166542552376871, -3.2792559432818917, -2.8809983868263247, 3.544869044911844, -0.7360891367648816, -2.138453269230552, -0.6432318336226768, -1.4306063939645441, 1.5190090653218538, 5.256005687743199, -2.774729057156018, 0.676896455665313, 0.8667879083622646, -7.767044830514821, 4.876832574758675, 4.76122466002138, 8.098133043745477], [3.9417802196538148, 1.1053733750340569, 4.743559280892042, -1.6090601951607306, 3.7668975468202666, -4.456736612342383, -0.4328632759701475, -0.2501476696904406, 5.499263409199901, -5.54390909583373, -5.576266065317058, -7.17165821340173, 1.1131832629352334, -7.604238112217014, -2.9040652146958514, 1.470592520215628, -1.124771936867067, 1.0046680465320665, 0.286703991942554, 0.2835904693095741, -2.380012123441826, -4.659549196689527, -2.5356613570991855, -1.300995391774061, -3.9887068232278686, -2.6116124648272177], [-2.390376833019292, -0.7108710811951444, 8.5634733552743, -7.283192249888557, 1.2707474980076183, -1.7120753739047938, -2.379344442018668, 3.0698939257567006, 0.7970156207428082, 1.800419328352644, 1.4151900163542075, -0.9900423078673108, 0.6191035236715468, -2.71891076518972, -2.6319964710492565, -2.902390546030267, 2.426603851482132, 3.730632997730278, -5.047697952441565, -2.2830389549904044, 2.1299685105714854, -0.9455886632493606, -1.7308647190654198, 5.691327292390763, -4.29064049596823, -6.590026793080473], [6.622357881398463, -4.2433133103560925, 0.5872351025257578, -0.3683252247449238, -5.004843386938709, -1.7610431493369414, 6.610423549445595, -2.0967860640418916, -3.728527617755985, -1.9601092046568638, 1.4383548426463044, 3.183579813970595, -0.15035087016016174, 1.2986120328241464, -2.977200494299166, 3.7021031790831818, 3.6071829539162072, 0.5885896558381176, 4.8977676178773315, 3.376109736722694, -1.4784183093463223, -1.4120186725574706, -1.8605796251107716, 0.93189446744266, -2.1022647528984186, 2.619025178844091], [1.225296615354767, 0.009450291421329249, 1.3885963694699028, -6.534490165203191, -0.07088160250949027, 0.017955901117223005, -6.47108173213935, -2.0623170218762885, -0.47224302524361417, 3.963183054739644, -4.288100498370501, -2.0038587788161197, -2.0833229259594237, -1.0197330854449844, -0.7610889599036619, -5.032035665286671, -3.5330720192861484, -10.02182288900542, 1.1387919310377406, -1.9579735406646694, 0.514751866520619, -1.9136691168275397, -4.03659151662334, 0.532833211365418, -1.2412980627654544, 2.1202729204299375], [-3.92813168533029, -2.287868929583306, -1.9077386552690454, -2.240940074881049, 1.4106780144028388, -2.6349355214107097, 1.7824018024252617, -3.7380386224223834, -1.3647414123510044, 1.113963670270676, -0.9931443601031752, 2.6330482832905444, 3.271164587102635, 1.7270024171225253, -0.6236083192397474, -4.282921801561625, -3.6501851386713433, 0.2533611225976099, 0.580330163748024, 2.218099901807845, -2.518185060330592, -3.857422400518507, 3.9080757624654203, 7.8069010085322095, 1.7769388132923776, 0.5811294240810676], [0.1563838940681812, 3.7543329065830138, -2.497533335048693, 4.081150108841663, 5.114437644659332, 3.862254003542961, 3.211522992055392, -6.672000720034516, -5.706608524678902, -4.968924110281313, -4.40892527389698, -2.620683243872047, -1.2506711768221161, -0.9325825410747298, 1.2409921127668722, -3.3750025861534394, -2.4358892718542986, -12.652869617788626, 2.7855514782292454, 1.2681178709201468, -2.1793750878386726, 1.0708103606011266, 0.47053822417123015, -1.4229674642749446, 3.7178078193225987, -5.151873906247645], [-2.5024480254711303, 0.5254052266241638, -2.329775909000519, 4.317152689503633, 3.08580108343674, 2.1782226649074556, 2.2433379433973597, -0.4083981373842458, 4.498663317764487, -3.1092559501166015, -5.466595494983329, 1.0440020945955524, 8.118257606692168, 3.314764150053413, -1.3643107067808513, 0.7332967161339248, -4.809564083021313, 2.710271730897274, 4.192283901354471, -1.6444088205860736, -0.9157828274615798, 3.1675290335605957, -0.845354562452207, 2.656015684824269, -1.9234714286552796, -4.268420850139284], [-3.5863629418860135, -2.55842549748706, 4.045716459826243, 0.43318087836499564, 1.957510102772333, -1.0332067067379276, -2.0828941616193477, 0.1480870412625373, -1.628537077791896, -0.6837058856363972, 0.9664092138070699, 0.5761413508008018, 1.4109214147182925, -1.8351060533579824, -3.6205851514912526, 0.9172895662461551, 4.407135296573532, 5.273502019528581, 0.9367840381513295, 3.4425007317522214, -1.8843132601334043, 2.3011519137551417, -3.531065650858147, -4.39595225239446, -1.1760152587824209, -1.5845448559453248], [6.629940559962647, -6.544364571651506, -3.164967574477703, -5.063324639997922, -1.7541598237321232, 1.1664707684487232, -3.267398464916262, 3.76337389141295, -0.8891818174745718, 0.6337714139779894, 2.7754807553850394, 3.797867665646758, 4.297478074557775, 0.6855472528466668, -0.8175531403538792, 3.0972704507531628, -0.8764808492864371, 2.8561259356559607, -0.5394293948816398, 4.353083190512795, 1.5978734763478433, 3.3621541560360493, -1.1021567423412, -5.160276313047675, 1.1887438650116036, -3.5397036314857364], [-1.8068483575891734, 2.8774828448112384, -1.034298467933698, 4.128659018482366, 1.9902503542728025, -2.79495296343193, -3.4587824478490714, 1.3388820643354227, -4.938028953405548, -3.4924469342524365, -0.9003464136380072, 1.4304173739883768, -10.666490274507732, 2.777228985625939, -4.185119161138774, -0.5251754126332046, 8.346844742098384, -1.7707668277309916, -1.1912366635782758, 2.768332797394853, 6.101972629027459, 3.9662957768460947, 3.222308604802152, -2.6428518518725674, -0.25870445100269457, -0.3373526729742671], [2.233152241346364, 2.5595156116090085, 1.00729982077961, -0.161442715013226, 0.20197180314096053, -0.3894374627354974, 3.1926659650041107, 5.9075761234777175, 2.8926399862281533, -8.695600424288074, 2.6149195973813693, 1.3486440279487437, -2.7712446409398175, 3.035871742249366, -0.2887218724571251, -0.839143749408524, -1.7008979400602005, 1.1137358623501785, -0.8903538758347526, -1.5556287498106105, 4.937120031537549, 0.3878227985419638, -4.815101709983414, 3.2482374998336683, -6.483545271682498, 1.338408689711766], [-2.7453932073329614, 1.820384083697074, 3.310044258332525, -5.981644976412965, -9.748820172421947, 1.3661130301193245, 10.985112956280268, 3.982692153072264, 3.260578980296895, 1.849708232137287, 3.4906667715852633, -4.526467668118154, 1.2172441286786888, -0.3871938946026625, -0.4565704171417886, 0.18610218594954692, -7.253147144133411, 3.566315023256985, 2.6105896564110305, 5.185054254052113, 4.239804270079869, 3.513408474451118, -1.3817928829480357, -0.6328595129641663, -3.03556094237632, -4.5950624491136445], [2.1701587056394276, -2.182173253290193, 1.496853443822292, -0.12881811229843687, 3.109894948734028, 1.2871332522576575, 0.5243522927137646, 3.0740045645686536, 0.30704771422952953, 2.3108301734199768, 1.2147040559058127, -4.3972667057999, -5.788177859000474, -1.8599465904204378, 0.4340793026396249, 4.373189588502825, 0.9420477028981764, -3.0354519489405827, 1.663010011581656, -0.771231950195858, -0.14653509563923467, -1.0493770179631698, 