{"generation": 520, "board_size": 10, "snake_size": 3, "input_direction_count": 8, "apple_return_type": "boolean", "segment_return_type": "boolean", "network": [{"layer": "dense", "input_size": 26, "output_size": 30, "weights": [[6.140041374585216, 0.9593619995203367, -1.7993063885387643, 1.5743132730355425, 4.60881662933624, 2.205406588220765, 1.3059589509722, 3.2118329790213376, 5.107945674993523, -3.913514786410039, 4.964630656133836, 0.43293671458229577, -1.0682617075573873, 0.8736762317259008, 1.6542984647236283, -5.344848399710374, 1.748560176286905, -2.2148842337379655, 3.109462358300652, -4.50688429004326, 1.7534940806286088, -1.9254640672910939, -5.585714004721003, 1.213770660639029, -7.725573380797641, 7.651244458921327], [0.9721656357581426, 2.413485131740611, 0.7056451543497533, 2.4863180475434983, -6.435970105770286, 2.403513920183773, 3.946224398564568, -5.7963756249695555, -1.6638544709370593, 7.471122690392686, -3.2792559432818917, -1.4357131172273196, 3.544869044911844, -1.0079076588976439, -2.138453269230552, -0.6432318336226768, -1.4306063939645441, 1.5190090653218538, 5.256005687743199, -2.774729057156018, 0.14782481992763108, 0.8667879083622646, -8.196253646957064, 4.876832574758675, 3.752510630945407, 8.098133043745477], [3.753013755992934, 1.1053733750340569, 4.743559280892042, -2.039112876188695, 3.7668975468202666, -4.456736612342383, -0.4328632759701475, -0.2501476696904406, 5.499263409199901, -5.54390909583373, -5.576266065317058, -7.17165821340173, 1.1131832629352334, -7.604238112217014, -0.8457662355356275, 2.9910309448795815, -1.124771936867067, 1.0046680465320665, 1.9505360019235694, 0.2835904693095741, -2.6859442438339522, -4.659549196689527, -2.5356613570991855, -0.1422412568606135, -6.464553782846824, -3.609460351646011], [-2.390376833019292, -1.5138656714437455, 4.703172597513368, -7.283192249888557, 1.2707474980076183, -1.7120753739047938, -2.379344442018668, 3.0698939257567006, 0.7368851844544512, 2.038444026477578, 1.4151900163542075, -0.9900423078673108, -0.19957982606638613, -2.3854636824980293, -1.0619995724021294, -2.902390546030267, 2.426603851482132, 2.8101163183511915, -5.047697952441565, -1.4694633908712311, 2.1299685105714854, -1.518088927411307, -1.7308647190654198, 2.98990760011627, -4.29064049596823, -6.25222799115847], [6.622357881398463, -4.152109845230828, 0.5872351025257578, -1.1487240409657025, -5.004843386938709, -1.7610431493369414, 6.3063717125380085, -2.0967860640418916, -4.645922333876816, -3.8185976391261396, -0.26410970293448566, 3.183579813970595, -0.9893452916884613, 1.2986120328241464, -3.0596106168800197, 4.219671095775966, 4.067408001431295, -0.03473310510504787, 6.050151188851885, 4.36672539515459, -2.0396494706376265, -3.0056682534799855, -1.8605796251107716, 1.1315158213718544, -1.1138044227930974, 3.3651492005856265], [1.4951026911684822, 0.009450291421329249, 2.153568373535942, -5.685252337729228, -1.7362742267614313, 0.017955901117223005, -6.47108173213935, -1.3023154993429196, -0.47224302524361417, 3.963183054739644, -3.7152603235759947, -1.0693105390876645, -2.1221339566638706, -0.08988738514551331, 0.26747523102078596, -3.336670126218329, -3.5330720192861484, -10.02182288900542, 1.7709796506290605, -1.9579735406646694, -0.25344881502323124, -1.9136691168275397, -4.03659151662334, 0.532833211365418, -2.6657306449680647, 2.1202729204299375], [-3.5242802162099482, -2.8519234884949647, -3.751157194075266, -2.240940074881049, 2.277180473821633, -2.6349355214107097, 3.0009873512985954, -3.7380386224223834, -1.3647414123510044, 0.7566355020178042, -0.9931443601031752, 2.6330482832905444, 4.376099977222676, 1.7270024171225253, -0.6236083192397474, -5.228589307091759, -3.900613034772503, 1.6049316434153251, 0.580330163748024, 2.218099901807845, -2.518185060330592, -4.425219558658637, 3.9113698992906083, 5.373725022024515, 1.7769388132923776, -1.721162129978808], [0.1563838940681812, 4.86615093048162, -2.497533335048693, 3.788264744616587, 4.644247516844319, 3.908315554490219, 3.211522992055392, -6.672000720034516, -6.487171769124868, -4.968924110281313, -4.40892527389698, -2.397097653415067, -1.2506711768221161, -0.9325825410747298, 1.2409921127668722, -1.9577333619475668, -0.8507292887779463, -10.677530126480372, 4.813732981683507, 1.2681178709201468, -3.026479591617744, 0.581721381202148, 0.47053822417123015, -1.4229674642749446, 3.7178078193225987, -4.9884039600366545], [0.35880136520729045, 0.5254052266241638, -2.329775909000519, 4.317152689503633, 3.08580108343674, 1.4697047592294246, 1.3293886337873717, -0.4083981373842458, 4.369496407307098, -3.725434404518782, -5.466595494983329, 2.724364056486316, 5.830852235481977, 3.272977318136553, -4.108996887049437, 0.07238696998297045, -4.809564083021313, 2.710271730897274, 5.425732322751291, -1.3337438339103418, -0.9157828274615798, 5.314738622584731, -0.845354562452207, 2.219567079170681, -1.9234714286552796, -4.268420850139284], [-3.742736248715218, -1.0850985256193795, 3.77404815255716, 1.0496652769022465, 2.791966397571501, -0.6315645422751976, 0.37947705753089056, 0.26324885779632373, -1.628537077791896, -0.6120765969208647, 0.9664092138070699, -0.4267221677898081, 1.867218205377056, -1.8351060533579824, -3.268614435894387, 0.9172895662461551, 4.407135296573532, 5.273502019528581, 0.9641022516192166, 4.019141735982515, -1.8843132601334043, 0.7368910395856237, -3.531065650858147, -4.39595225239446, 0.08587333767760419, -2.780183694927806], [6.629940559962647, -6.033134037836925, -3.164967574477703, -5.033547820207949, -1.73143752793798, 1.1664707684487232, -3.267398464916262, 3.76337389141295, -0.8891818174745718, 1.306683251046859, 2.7754807553850394, 3.5748680679958493, 4.297478074557775, 0.6855472528466668, -0.8175531403538792, 3.0972704507531628, -0.8764808492864371, 2.924441542858962, -1.319971961943742, 4.353083190512795, 1.5978734763478433, 3.3621541560360493, -1.1021567423412, -4.9618792687902165, 0.29449086336794184, -3.5397036314857364], [-1.8068483575891734, 2.8774828448112384, -1.034298467933698, 4.488730469740714, 1.9902503542728025, -2.79495296343193, -3.4587824478490714, 1.3388820643354227, -4.938028953405548, -3.4924469342524365, -0.9003464136380072, 1.4304173739883768, -10.666490274507732, 2.777228985625939, -4.185119161138774, -0.5251754126332046, 8.346844742098384, -3.41950153833037, -1.1912366635782758, 2.768332797394853, 6.101972629027459, 3.9662957768460947, 3.222308604802152, -1.3944378982426595, -0.25870445100269457, -0.07291598985439224], [2.259351756161531, 2.5595156116090085, 1.00729982077961, -0.161442715013226, 0.20197180314096053, -0.46510862366065964, 3.1926659650041107, 6.786250297803393, 2.8926399862281533, -8.695600424288074, 2.6149195973813693, 1.3486440279487437, -2.7712446409398175, 3.035871742249366, -0.9323665658314442, -0.839143749408524, -1.7008979400602005, 1.1137358623501785, -0.8903538758347526, -1.0449769911938378, 4.937120031537549, 0.5294843937575453, -4.815101709983414, 3.2482374998336683, -6.483545271682498, 1.338408689711766], [-2.7453932073329614, 3.1703474479156055, 3.310044258332525, -6.091254046968978, -9.748820172421947, 1.3661130301193245, 10.985112956280268, 3.982692153072264, 3.260578980296895, 1.849708232137287, 3.4906667715852633, -4.526467668118154, 1.2172441286786888, -0.3871938946026625, -2.2173872045038516, 0.8599441858575504, -4.7048749822253155, 3.566315023256985, 2.6105896564110305, 5.304964369686074, 4.239804270079869, 3.513408474451118, -1.3817928829480357, -0.6328595129641663, -3.03556094237632, -2.6619117423029923], [2.1701587056394276, -2.182173253290193, 1.496853443822292, -0.12881811229843687, 3.0002331419554342, 1.2871332522576575, 0.5243522927137646, 3.0740045645686536, 0.30704771422952953, 2.3108301734199768, 1.2147040559058127, -4.3972667057999, -5.788177859000474, -1.8599465904204378, 0.4340793026396249, 5.810103639680834, 0.9420477028981764, -3.0354519489405827, 1.663010011581656, -0.771231950195858, -0.7630219743781623, -1.0493770179631698, 