{"generation": 110, "fitness": 34360551956.243935, "network": [{"layer": "dense", "input_size": 16, "output_size": 24, "weights": [[1.6339845715151329, 0.5371763023976528, -1.5833258424087326, 3.0280391426171755, 2.188014910133498, -2.2116102357818623, -0.4685479397314398, -1.8337158879485878, -2.3970579732644905, 3.134394573611281, 0.27561776794463033, 0.8933814556952572, 1.167056149550614, 4.746162034858128, -1.3346785998900867, 4.40795346454547], [0.15293480313060281, -2.8542709892001703, 0.8234436155006306, -0.09148995223983822, 1.4442335060432734, 2.292267576342905, -1.278654031799877, -3.8002913957887667, -6.5760649064021335, 1.1674114172567938, -2.7231062256722347, 1.222239922489904, -0.7869814976674228, 0.4411738312748632, -2.961229517860419, 3.7844611370678063], [-0.1276690075798219, 0.053359160474347134, 1.480088148828576, -2.157379371251766, -1.427067403449587, 3.345360896399207, 0.9722580877734914, -0.04162244761721312, 6.5229275275057015, -2.1546745932166758, 4.297438383339682, 1.05377129470715, -1.372732227030924, 2.9446167175799127, 3.653784610650084, -3.035253341812548], [1.3542788492780624, -0.5703090746039863, 3.2947840843525613, -1.7610978627667018, 1.2394221830548755, -5.224372413712642, -0.08641513539967138, 1.6733808064944784, 3.2143863447806855, -3.3505341521669645, 2.16139387335947, -1.6555375678214796, -3.6851039923120075, -0.2262590763281631, -3.811686987002044, 0.1044125707639797], [-1.903184252807348, 2.599311850287603, 2.14651466348722, 2.95873764929163, 0.05344497237648094, -0.20265208721724737, 1.6784226626816765, 0.40578977064494415, -1.2143004549031575, -1.9737425428733881, 1.1234470720920937, 0.7067212359246836, -2.5532607177113107, -0.04411276017591692, -0.03236454721418297, -1.5926732820773561], [-1.9395995207601935, 2.4108252809889885, 0.2729367196047142, 0.6220448149451314, 0.2519708944135499, -2.880361518146557, 0.4664096734908221, -4.982132472982463, -1.1931560011805467, 3.95744768113334, -1.4820456071169732, -1.2233943932018558, -1.2286884289398394, 1.5531296855765486, -2.048468092610287, 3.465958838188997], [1.255823073957748, -0.21370957613530295, 0.63792717110878, 1.5922039618905601, 1.3105159822013452, -1.0130110785528452, -0.09042965069829245, -1.916911205501723, -0.23655327396936665, -4.117964775843307, 4.1659142268845075, 2.1935607056071507, -1.5336261776355524, -4.774104178593073, 2.2806068722276587, -7.548237778468065], [2.744167427973137, -1.873946317511308, 3.0834902084121123, -2.7732329469441077, 1.191433792380653, 1.1415170753702728, 2.3699932726429442, -2.8885240311878455, -5.354900072889885, 3.4022212053056204, 0.164251621793501, 2.700674119878959, -0.695719981478601, -0.13210667911625468, -2.124470563112451, -1.1589963242716061], [-2.932520976704315, 0.09691527839938663, -1.2806521071380532, 0.22765162789389537, -2.172275436461584, -0.0030901109060695875, -2.7312910211171917, -0.1982145621852317, 1.5707661326105906, -3.004776119587046, 0.3231381044512629, -3.9755890779106706, -2.3306691969817304, 0.6148945571168162, 2.759668372548715, -0.12355302035568028], [0.10540626138335663, 2.585632550474996, -0.17212002892503542, 2.6587064270638443, -3.682263072836281, -0.6889249812141488, -2.0147454033389334, 2.13155667307484, -1.2104725271278287, -2.3153150865543894, -7.116822633176181, -1.1462285722573318, -0.5447491980178696, -2.2902001643985863, -0.903635686874539, -0.31641025412594836], [-2.0742214773127188, 1.0427003552941865, 0.6623845320616664, -3.1627905295809864, -0.3224983810628229, 0.4771617577416661, 1.8403126116923771, -0.6562317600389933, -0.14986375627164944, 0.8021602428042988, -4.979422134932212, 0.9684452268535476, -6.415392678780483, -0.4782908045914959, -0.7971918694761808, -5.572863228707536], [-1.1707801925958248, 3.920537995540953, 0.9402039231366823, -0.5426338431538891, 0.6153468550428031, -0.8480191649523979, 1.8309255086183172, 1.0684689893264412, 1.4796454653724682, -2.3589412541813015, 3.179344012411558, 1.753795623645265, 1.8034445371029668, -3.00160306655963, 2.23573429559718, 2.4801197483401536], [-1.1434585020028938, -0.7299568722167113, 6.651843093163082, -0.9916293101125819, 0.7377978133208839, -0.7223519866290552, 0.7650671851906315, 0.4116178178353649, -1.637861158935805, 3.2629212156357683, 2.730779527430345, 2.5405288084403224, 0.8274775264906441, 1.9507626482351341, 0.627664826592206, -2.417009643232223], [-1.439535096153942, 0.6706562771296845, 0.7237006878789447, -3.3482217763224544, 3.08918729133042, -0.233668825165111, 0.7192405199463414, -0.5891961507020154, -0.06912333356700229, 2.2716544490794623, -5.919262343822885, 0.7779865020162761, -0.06982521524874286, -1.4780649123798781, -3.6693354677472922, 3.020983958620764], [-0.3211694112009039, -0.740752945706078, -1.0540727023811376, -0.6483444612684964, -1.2293933077922568, -4.9244819051888316, 1.4095747916528814, 1.8447187072426618, -0.49405244353570155, 2.0240219072879855, 4.618296511131799, -1.0071882031212045, -1.0850049536431003, 0.30261342575384, -2.3968331978662714, -0.4587560733300827], [4.931290642414298, -0.5168187456644593, -1.0178189017124781, -0.09385063802446747, -1.3338777554721304, -3.0222542225748548, -1.2028607939333988, 0.42638857854687817, -0.34112198797594245, -2.7299417632269103, -2.1382335385836466, -4.326768357705335, -5.560900902016094, 1.291329353158924, -0.10252772236555452, 4.146131558330972], [2.3063298918615276, 2.709844462878813, 1.310261271905302, -1.5661312809977015, -0.005741349875700705, -0.834597478631512, -2.869183875397557, -2.533359405299344, 1.4385060004837569, -3.5453320502385828, 3.8582591635953425, 0.7866218453654977, 1.5546616016694983, -1.6720960640986413, 2.992715458801231, -0.7057626911019819], [4.3101388515723835, 3.682328629636255, 1.2913960631955583, 2.000640830693706, 2.8627391376858564, -0.9963727496955315, 0.7675145199633184, -2.099087468183085, -2.036448895209613, 0.44958348012539373, 1.4692514244245278, 2.715757327516641, -1.576635141508047, 0.704001208973944, -1.2192427836345137, 0.2605742070927168], [-3.271579481725952, -3.6700744650276267, 3.000029005443552, -0.25109598437566705, 0.9793366212053507, -2.092531927011163, -1.2858326984823112, 6.247781275882957, -0.8135568516433498, -0.7812346653363139, 1.7573890481058951, 5.5392834103155835, -0.9243608070301104, 0.1492666821473436, 0.8107909967580857, 1.9346667807423312], [6.38907258880663, 2.733918455508996, -0.7645838120607158, 0.2767012320987696, 3.113109591285906, 1.658159999459872, 0.9589091821617386, 0.06262643369843812, -5.205364187429302, -4.14581603537943, 0.4671028372991346, -1.0898989299776412, 6.6189613637413185, 0.43820327023395994, -2.919985908893559, 2.574441229490559], [-1.0008492183157898, 2.095644952830245, 0.8199511768983605, 1.6119146059093916, 2.3217495167848394, 7.079437433646361, -1.0051852637667396, 0.300496582237638, 2.0183679240412356, 1.1678087882449906, 1.536799218402702, 2.252985720880775, -0.254967137160083, -1.7628301513889169, -0.7417751414982684, -0.18249474245584096], [1.4158982076508237, -4.094591850866783, 2.3764807568739923, 1.0820220629184345, -0.3039048614684916, 2.0973240528987556, 1.9297727182618818, 1.0095750558199215, -0.001033595889789074, 0.5726514857594802, 0.7124851412867885, 0.49750368086918373, -1.5892878920752647, -0.7437024310419805, -0.5419930911020338, 3.3459694999856837], [1.8190891615174032, -0.5327090914376198, -0.36885591116976374, 4.124169939438083, -4.231341374028034, 1.846092707138666, 1.5549362023546855, -0.9258752373776693, 3.1929642586333387, 1.6025081871095266, 0.8373856823021697, -2.89083931435573, -0.929697143748623, -1.54535737978222, -0.615523933154291, -1.1611652353730593], [2.14394294160141, 1.6620244706566059, -0.6299488061795193, 1.1648861069146625, 1.8241992894227144, 0.24783560221227663, 0.026648508556201378, -3.2537293536239975, 0.1516467240027961, -0.7394770759474635, -0.4356300709537445, 0.9922776978695587, 0.39513881341062684, 0.0867077960303092, 1.2534138811816704, -0.5782098927323049]],