{"generation": 114, "fitness": 34360557565.48845, "network": [{"layer": "dense", "input_size": 16, "output_size": 24, "weights": [[2.1253876023964167, 1.4450760244704781, -1.603109919050669, 0.25170032759211025, 1.5257742794108484, -0.7276189354877515, -0.8970961656387941, 1.6458917657970238, -0.21452456605607517, 5.821419209443939, -6.855288802215337, -0.20457258739697726, -4.01257901456267, -3.363193008029916, 3.86399940894296, -0.28754289057344806], [4.217417160712297, -0.5837512609979616, 0.6813833543987493, 2.2210688802791054, -3.071635015768869, 2.3936939542650046, -0.19938958624231118, 8.302597879497947, 2.70700059366329, -0.8138670919081078, -1.309971493257376, -4.141044823457512, -0.7808199556738472, 1.0476098474166355, 1.1861968447551483, -2.126833739230528], [-1.2060333575049134, -2.2069335280690687, -3.13380433481797, 0.80056525776551, -3.346797665121509, 0.3003342906243446, -0.5376976445805084, 3.318856917399062, -0.42115460430265494, 2.2548937617014166, -2.381194251597027, 0.5055299771719434, 2.416217034452747, 3.1362190987595975, -3.4718031261394433, -0.867201676857752], [-0.7321889927345004, 2.5866787354267937, -2.12848418969111, -0.9575760756430128, 3.6005108753159627, 2.4627971543720975, -0.22431339076557166, 1.9333485329851392, 0.2087095677608184, 0.07028722917908137, 4.955945425679871, -3.4652281367398223, -6.291744476706769, 1.3566934287539816, -0.061230550530896904, -3.4939901016034205], [1.8158194005572583, 3.449758214415259, 4.76929887802246, 1.8343600712443202, 1.681030680807398, 2.8516516537090646, -0.08200466978216471, 1.5260384915035736, -1.4654802363737085, -0.8611261706923553, 1.4880149255304718, 0.9129313092094571, -0.5548148248264982, 0.6861284034448814, -5.324706778012712, -2.633377460700116], [0.7656716675546578, 3.4302381737236782, 1.7788249551164448, 2.285954290671323, -0.00246183137196776, 0.5827295857677539, -1.2025032318714277, -1.5155347491121007, -0.4599937667233032, -3.9411924195147083, 2.376318462934167, 2.107422123467672, 0.5160285389776016, -4.885343547841097, -0.735236393409771, 0.6606024818870507], [-2.6197439228580435, -0.2236158851792001, -0.1908894358337483, 0.637685093140845, 4.375834141701486, 6.593049418321542, -2.5674093945092458, 1.938912776258911, 3.5092960686421746, 0.7758530288231066, -5.342993059278307, 3.584245048160243, -2.428818330315874, -8.132113423561483, 6.5473494070731375, 0.7813740546544714], [-3.874236388010618, -0.6772858932478572, -0.48711166451699506, -0.8982529236164549, 0.17111529684091037, 2.2234010521365173, -0.38862149838603766, -5.242861455887283, 1.6227753428361649, -0.494660549376188, -0.5376631617410861, -0.37892700391799783, 0.5818684205382946, -3.182444712991444, 1.1870262502843476, 1.6726736002711968], [-1.9080895693702353, 1.8081965259874537, -2.970819187776035, -2.1369277831425766, -0.24915757765292898, -4.569722305438436, 1.1211311437236007, 3.0058868399771526, -0.09464866219632406, -0.3403008544537563, -0.9254678580004893, -1.143727485470049, -4.564265367274366, 2.664306120042252, -2.689950535148828, -0.5567409941547754], [1.0615595844570884, -1.493034429295895, 3.8297137554857192, -5.6790124048523225, -2.038392071107781, -0.33832500542998717, 1.2510882770971956, 2.691561295454518, -2.1826454650224476, -1.8350243510339326, -1.123465285130662, -1.4394455851985462, -0.8695189155045555, -0.9753827814599925, 3.5685980484740276, -1.6551889499836578], [2.2576630603924848, -1.9872192461610858, -0.8324356367661838, 0.6486914428011297, -2.077282032247849, 1.2983775568470186, 0.12314444448754885, -5.259543374907739, -0.5924623505338824, -0.6897745979601269, -2.394204782468756, -0.7264398358228381, 0.6448840933131854, -0.6985087366372581, -5.15783452189316, 2.248437833332261], [1.8865451603100845, 0.2879341450707542, -3.1594992694754636, -0.763752249026243, 1.764129538937118, -1.4775923708184198, -1.1916582406876393, 1.558403745860525, -6.4183659618368365, 1.6735324348476526, 2.2511796699483133, -0.5717476253658318, 1.5236147173747976, 1.4079905941731021, -1.9131367691539447, 5.998526028800962], [-1.4796737338748072, -1.6437900645506345, -3.568905802883734, 3.49427836115618, 0.1157980386077484, 3.06724401231622, 3.292601647377194, 2.1089849269805576, 1.2422537198164065, -3.438230013126562, 1.8193568309307335, 2.8103957940355495, -1.0789950899757073, 4.914763329289986, 1.2234564185926724, 0.2975291330139438], [-1.2079018053940358, -2.784747911849811, -1.276069342535149, -5.0910711991150475, 0.6733200812525527, -1.3491784174152124, 5.16016870117733, 2.668312423972138, 0.3934884699821677, -0.707798340515057, 1.641303468461672, 4.854714934176787, 0.7092434324688218, 1.4993540590530905, 2.4489415222948985, 4.077576375189998], [1.600602108034769, 4.917176400702633, -3.025176222481975, -0.4959177512056543, -0.5580541718666345, 1.6869627720223908, -0.9619319461622947, -0.6953547157916173, 1.6982855110626436, 6.089013673285307, -4.071291574453469, -1.4249198964347884, 3.6347050693115373, -0.3230759114705333, 1.9465487721958366, 0.06444809936799872], [2.068778114653693, 1.0701518884535337, 0.10773640399375461, -0.6967197709839996, 1.850792942148347, 1.3766280729589515, 2.006960432492934, -2.495802979439937, -0.8863850885918438, -0.5916968152873407, 0.265581616587815, -0.954157173827388, -0.4256867493348634, -0.8544144698472051, 0.5306124209113208, 3.1644059101848403], [2.7796114859388426, -2.129100128067832, 0.8303294923123052, -3.275831511309521, -0.33996921294293436, -2.0937907024925972, -0.7275861612481092, 2.6295622406786157, -1.6140208669623533, 1.823299750692559, -4.1478594946023755, 0.987517559365057, -2.5975855247899298, -0.14990485967467748, -1.9269896344734956, -6.089327353778515], [0.7102730504807434, 1.1235011847098149, -0.162874999952815, 3.284922551521261, 1.2091819216158501, -1.3164010941919955, 1.1751500476577355, -1.719074080078962, -0.07102520830207937, 0.2765266490248681, 6.6924498189843, -0.1727700215583085, 1.2559147985311916, -1.5534180296171751, 4.550353204810533, 0.6684320780398336], [-2.940620803292126, 2.37662553617921, -0.666995220011552, -0.9034359834018443, -2.0139151699213476, 4.375969371804683, 0.6111034577154644, -5.55068331905164, -1.2704230420047915, -0.10490982424293016, 0.44603322208708823, -0.4069278445760518, -0.09257200251249553, 0.8339832631612656, 1.460556122520322, 1.4845149091775676], [0.5351571571493139, 1.7977622561576077, 1.119721854929867, -3.4826561843088784, 0.5535562158340095, 0.49692701881288015, 0.12530738107501674, -2.0911551940671704, 0.8469467249692223, 1.5845659264594394, 0.32688701959915734, -3.1317562972685855, 1.4105005552586993, -1.6671551471079815, 1.5912375774167293, 2.6340795596103614], [5.700235843874194, 2.319290474569569, -1.2887662361202645, -4.343052273013653, -0.9782689719853446, 2.8867065308200823, -0.9570077541498319, 1.7547846037888843, 2.060013864828793, -0.005001711338161574, -2.2829899231837834, 0.7499626551384632, 3.2423742366758455, 3.762523841201741, 0.911570088070081, -2.8473258726684145], [0.15956125904356686, -0.11190473763013276, -3.9450986165847324, 1.1709669374626475, -0.05593920587542331, 1.2340254253905567, -0.8270801552024456, -0.875551778396318, -1.1593140232666048, 2.153082080483465, 2.3026223529768326, -2.751531165272908, 3.1610365335978443, -1.182284443630674, 2.4404691896291393, -0.6821958074518599], [0.6099876548080039, 0.8600522060365561, 0.5615979101355025, 2.421964617732607, 0.018123954086695315, 0.1307845244783551, 0.5414338975473838, 0.9168394415654681, -0.7158497347249468, 2.013336547593644, -1.071882801596216, 1.3752880314710159, 0.8462814004724152, 1.0630275270473408, -2.488101752683268, 6.138533759331192], [-0.5131205297707496, 0.7789480725516174, 2.0019052097253445, -3.2680876433450834, 0.5652515457866565, 1.742241564023064, -0.4760750649381448, -1.2273608122715376, 1.5491139492832444, -1.2661953209825412, 2.991768658827411, -1.6214898006842438, -1.8251096759779766, -0.6279973748724688, -0.440192262572222, 0.19311990064209805]],