{"generation": 128, "fitness": 549756831112.297, "network": [{"layer": "dense", "input_size": 16, "output_size": 24, "weights": [[3.1607539745082325, 1.9218889700849273, -2.936601300616884, 3.0280391426171755, 1.7951922735380772, -0.6054550847514059, -1.480529695292872, -0.6713509564302473, -3.4279481038636996, 3.134394573611281, 0.19858811355398143, 2.151558206077354, 0.9270794812719869, 3.450452541848112, -1.8616679071981546, 4.40795346454547], [-0.07234137587944436, -6.019156422404511, 2.420503214553316, 1.484857768801343, 1.4442335060432734, 1.9108300535614746, -1.6462624558929235, -4.399475644154377, -5.601889533605915, 0.8605701271785663, -7.507053518620678, 1.2310110366225326, -1.6646815645185908, 3.209898476849064, -1.5914728839940337, 4.292004285388909], [1.5039948506993284, 1.8143220659324661, -1.0618987596687917, -2.579185249674727, -0.755717928398825, 3.345360896399207, -0.2318055986017829, -0.04162244761721312, 4.543200231142249, -1.4389754601546134, 5.466625864205156, 1.281656310495123, -3.1826333160122307, 1.8626815688188345, 5.156292360350832, -2.937678752211809], [1.4204161896107794, 0.4812292959012405, 2.495102241726491, -1.7756549328256557, 0.46664465932889676, -4.525420451791247, 0.18332394291115628, -0.9404418655538913, 1.7482953308190763, -0.6264133560641891, -0.4077061011953721, 0.03192300836364326, -3.6851039923120075, -1.1295333267098244, -2.3831480625443944, -4.3242033244915765], [-1.2499963672007957, 2.599311850287603, 3.4982309987782907, 2.51113106110824, 1.9856314065092726, -1.844950083352849, 2.9225114739450904, -2.8692697830691296, -2.6870333280450533, -1.9969917883461863, 1.0668560132423988, -1.4963794515884692, -0.8806168293247854, -1.791582473676625, -0.9702602481469762, -2.794456338711033], [-3.715115603932308, 4.839156956370472, 4.8646358587324245, 2.472950312190095, 1.4994277483609193, -2.880361518146557, 1.1900212964650843, -5.15413684857821, -1.9574763522402199, 0.5879784680011718, -1.4115430689650303, -1.1576649140175348, -0.5015188899017726, 1.5531296855765486, -1.0508857915415224, -2.2021936988802513], [3.073304487243655, -1.5863254873461423, 4.597803585473997, 1.1879500457147936, 1.4759607832669701, -1.3842561303376435, -1.726896324408568, -1.8094039384016898, -1.0973773677796874, -3.836996105313246, 0.7975286021933035, 1.5440311100254165, -0.14264888248972052, -3.9308735097651586, 2.746561961364864, -3.3815591245592045], [2.300299276200828, -1.8657913646395983, 2.837543768140199, -2.2277634478841257, 0.3197016833947345, 1.2244547176771454, 1.43494215406226, -4.561799337040374, -4.40812538191172, 0.3739100674149446, 1.6745323106149148, 2.9301121591806734, -0.6629084422541989, -1.4328261510224007, 0.21796313697371988, -3.5059704561660325], [-4.372130458629571, 0.05650513413711664, 0.3539143950688882, 0.22765162789389537, -2.172275436461584, -0.0030901109060695875, -2.701261358146778, -0.1982145621852317, 1.395821179884489, -0.003271930187728006, 1.8889134375273913, -1.520414093490609, -3.0326642997050244, 2.5338991753456863, 2.195757802158321, 1.8136619217189396], [-0.8460827446896999, 1.9159075314008946, 0.5949956045847011, 3.0158164903461997, -3.682263072836281, -0.05391302672421472, -0.49216596711875527, 1.1408340147780125, -0.6255144267793422, -3.141240075570772, -2.5131823906646287, -0.8856139423426796, 1.5517371807121751, -2.3096000313203704, 0.8127892340673886, -1.7577589962356999], [-2.0742214773127188, 2.1139613924046925, -2.259890098109503, -3.1627905295809864, -0.5085752031464992, 0.3539454103393553, 3.3629911439279674, -2.3929487367054034, -0.33177028633552885, 1.233046232348792, -2.779395688337217, 0.9684452268535476, -7.012718094526074, -0.7151459011736409, -0.7971918694761808, -5.572863228707536], [-0.8866835210260806, 1.8685637838295985, 2.083238623656749, 1.6505545047108716, 1.988902212517152, -2.3353689878918105, 1.8309255086183172, 0.30900300521461915, 0.0028004939187308564, -0.9215158082517457, 3.0123056015685896, 1.2897544704569828, 2.0978522852741577, -3.0395250421594646, 6.663926277654941, 2.13450879889318], [-1.022341775613629, -1.8588123977825415, 7.504178157698219, -2.2103963083039115, -0.31347345192064646, -0.8658585034641169, 0.7650671851906315, -0.6042822201042332, -0.33436264999674625, 3.6680960015040194, 3.2751476648611453, 2.5405288084403224, 1.4423712828956852, 1.9507626482351341, 1.2955565817462373, -0.3550820276773868], [-1.2791803959171373, -0.1125540913294466, 2.8471786967879655, -3.076756713521776, 1.2366622124789122, -0.03844312317502599, 1.410692537782346, 0.5606341155489161, 1.3998176374726259, 1.8931413976075295, -9.827118527019234, 0.12151068782876162, -0.0581003224718168, 0.4393471556984567, -1.2805476149144153, 3.020983958620764], [-0.5663034676733265, 0.7415386554468015, 1.6600065615466737, 0.48910010269853144, -2.2324278931529826, -4.9244819051888316, 3.3939215816958552, -0.3717448816163389, 0.02848819444990852, 1.0889341570454925, 5.593292530069555, 0.18260079139166496, 2.393477084487424, 1.298921520976545, -2.4576602782190156, 1.2383413785404584], [6.650524574342395, -0.5758449716301812, -1.0178189017124781, -0.09385063802446747, -1.5761948735644136, -4.312400853902182, -2.7274794722826847, -1.2985013107713417, 0.8434807973062376, -4.494904019855756, -1.3097083568666186, -0.7624577772148717, -6.455241805527906, 2.478772422561245, 0.5822853018531922, 3.4886828613074483], [-0.5069951925037355, 3.2360765348916063, 0.22615474132007873, 0.8162174801250891, -1.4641875529397208, -1.9557790370874875, -4.146461040838849, -2.533359405299344, -0.44845664774525984, -4.583341919563158, 2.3205491350556153, 0.49558149823955083, 3.3059333537734945, -3.252115827134892, 2.870476822567043, -0.29348424899377623], [2.8334996381213204, 2.950612936311149, 1.2913960631955583, 2.332202504091235, 1.825738681238581, -0.032071005228389904, -1.096601218177665, -1.9651966522013606, -3.6538859737458567, -0.4576375868643213, 2.4537498760276066, 5.090717882328679, -2.9113910738600204, -0.5898469562691363, -1.0063366099695403, 0.6208082968927227], [-3.8666646567852405, -1.5055697210638908, 3.000029005443552, -0.8448688838395196, 2.2319179005009935, -1.9708747215842801, -2.051255196464779, 7.557612202926121, -0.7965029929936007, -0.5285225233083988, 1.7573890481058951, 5.68885786286491, -5.08621870150837, -0.38012440780283696, -0.17198369901933586, 2.314691219754427], [5.67468660226689, 1.3638934372963654, -0.7589815472379441, 0.2767012320987696, 3.113109591285906, 1.9212887988186491, 2.9811929763344684, 0.009737653261556956, -5.361062380519354, -5.444431046171423, -3.9250069962308984, 0.9440316110654399, 5.82746412301161, 2.1484372540802372, -3.199836092026757, -1.7523240200461454], [0.7576682161614813, 3.000773661778006, 0.8769214700234645, 1.3407545092728799, 0.2719406885289693, 3.124282973022793, -0.5865110381621292, -0.5331842593608387, 4.912290037554879, -0.616021826376735, 2.331098652718279, 4.442802503799972, 1.6043233634998368, 0.6403317516682245, -0.07982796068174214, -0.2239227318233038], [0.5318644115942578, -2.7103569492179687, 2.608261978536304, 0.9121352588618168, 0.49912664054188394, 3.69224585947315, 2.0602937641810493, 1.1673484790423905, 1.1774914803766223, 0.5607594193793828, 1.3955915760198894, -0.78368025589719, -1.678580699502833, -1.363309188560466, -0.6812076987013607, 3.3939681754959774], [1.8190891615174032, 2.0839017473778836, -2.105395058145536, 4.414168176308062, -4.34243825419707, 1.8569403247823835, -1.5088493500498756, 1.2841293574029207, 1.962349901005112, 1.743063848648316, 0.624183239707282, -2.89083931435573, -0.5779858903569433, -1.7037024855637684, -1.706381451888814, -2.513483265001846], [0.23428742073218023, 3.1622804990056506, -1.829366520438889, 1.3341062590825583, 1.8241992894227144, -2.9417154180488856, 2.8409127575592414, -4.640296116543553, -1.183897964833167, -3.2644068778322675, -0.8029697856734674, 0.9922776978695587, 5.910698138054739, 0.8560356819930777, -0.10743275078312226, -1.8738639033568925]],