{"generation": 13, "fitness": 21431.89503577217, "network": [{"layer": "dense", "input_size": 16, "output_size": 24, "weights": [[-0.7771083381751056, 0.41636690117599406, -0.34967500809305574, 0.19758825832197846, -0.8395693678765634, 1.6956312745454096, 0.20725344240288104, -0.6329060082813704, 0.4337804850120115, 0.008550789419146332, -0.28335915690395175, 0.7253847671206284, -0.431649316344816, -0.4049398999285355, -0.032314306851403574, -0.7864046494598266], [1.2934010941339813, -0.418151570243646, 0.04751278609956722, -0.3295997737801839, 0.12181812371014633, -0.36097227002045473, -2.1121194659098803, 1.8398675504862592, -0.012993204574549555, 0.5269213804378954, -0.32548592165599155, -0.885376603542519, -0.37045640196627483, 0.1335861989902971, 0.9360364670103594, 0.30281081357025363], [-0.7551435590816429, -0.8300949697645834, -0.3411584471720792, -2.585920640780149, -0.8105090132304171, 0.13091265431250254, 0.9039555424834711, -0.954119089147935, 3.4189602165550683, 0.4602787311833596, -0.9267482833764222, 0.1962898101551358, -3.0971713038576096, 0.48309709428772907, 0.12019731857751936, 0.763723424757797], [0.5243199333097983, 0.33016777653576124, 0.003820212892782754, -1.230975855534325, 2.8976706496347298, 0.9534223151649444, 0.6812181430813202, 0.6689514916277703, 0.7111219674163745, 0.2778739308490168, 0.7797854411749527, 0.337758102313349, -0.3256965865005965, -0.3740497822167137, 2.13949644503355, 0.27346706139742327], [-0.06109879494761583, 0.6077058352249158, 1.272365619741299, 0.25994504781429884, 0.4916676256617154, -0.12981440361307817, 0.29709977600837445, 0.5519476651894697, -1.355008785204906, 0.4246899620046094, 0.3014356114327581, 0.10961675403932869, -1.2282405115629444, -0.35563511536793097, -0.3081051147646741, -1.7560786041423155], [0.00882472424022751, -0.812559108360958, -1.773579522534903, -0.6403175632827773, -1.093237822918558, 0.6862224128430121, -0.9337449761568173, -1.8326157598106685, -0.9250641912742072, -0.4344383009297028, 1.9963850215876089, 0.8855215084874344, 0.14651116411962029, -0.3683082036094536, 0.24711564261092533, 0.559914656961473], [0.5188121079416022, -0.8144322272422013, -0.40175003845572876, 0.8894899589826638, 0.6317837238766777, -0.9946296136801756, -0.42070588442714296, 1.8360789611263573, 1.1697686613976872, -0.010807985002958098, -0.033539959595536795, 1.540026702345559, -0.5952348926726871, -1.2899737796347717, 2.3687546419658467, 0.31840037851420444], [-0.6896085236881394, 0.33883788160935535, -0.17852662912911652, 0.30424397759266375, 2.5738307703558974, 0.29519494601608276, -0.30155169878036125, 0.9253858815455326, 0.451270947816526, -0.8927248990006416, 1.1131277344488617, -0.5081192120117694, 0.2311872168444346, 0.6627844841532049, 0.4431350375649592, -0.5018088078646998], [4.516815585466451, -0.20995239816443445, 1.5493927642443102, 0.35769472808812175, 4.379566017574966, 0.01666494513852479, 0.7066384702372699, -0.27616210387113305, -0.04735828114628937, -0.5245187593926408, -0.8536649506653742, -0.2999024071862547, -1.7862087298060838, 0.5187780233582592, -0.46781003791944786, -1.3162260384787068], [-0.8653840658524115, -0.2621310685347171, -0.48785430780856287, -0.011477230836257735, -1.5939843119187833, -1.1159090545894434, 2.3125934334619505, -0.8006752829596158, -0.6575282324331764, -0.49816515200108447, 1.1535932599747745, -0.9039781742036341, 0.667775741953589, 0.6227737950552283, 0.3497846566721967, -1.5893295684695392], [-0.2172945873474117, 0.4715781333565259, -0.3888894775784719, 0.27358367166658226, -0.7406667395527952, 0.41826758655379026, 0.15911692850400816, -0.724462055013507, -0.24822569812307993, -0.6219276162089349, -0.5381883462917559, -0.7361315083630513, 0.9420661824926557, 2.188816140524904, -0.68553942331615, 0.19691969911712398], [0.7568314640023801, 1.9233697050936787, -2.1016593576537406, 0.1580505670837118, -0.08534975120832988, -0.23044809240600783, -0.9677438638430504, 0.6332549475958024, -0.6240511259552224, -0.3826399918309922, -1.2133326189004148, 0.9452104040414295, -0.5615972289100144, -0.48564621442740585, -0.7274715795277111, 2.3136532251237947], [-0.02211888804545481, 0.36952728065151774, -0.7532537617088185, -0.8447752081766753, -0.4633588352580891, 0.736360934986056, 1.8127982859286036, 1.1746468117738287, 0.5614860827831063, 1.2264346061836506, 1.1804557834361473, 0.2656764044526416, 1.5855407729732027, -0.3217438958312189, -0.9819499356619368, -0.005088484527552284], [-0.21836968507985755, -0.9014534606192296, 0.1642637522707463, 0.5655119326992182, -0.12830339544244973, -0.7963381384650534, -0.8408658617183603, 1.7759972786110483, -0.11950217239350946, -0.24524486992625688, -0.26904547554958547, 0.9660480786793686, 0.7227731012594488, 0.6767531310510071, 0.9684946890434325, -0.8646820268112608], [0.19772857069339755, 0.11717997724006968, -0.9445422427475418, -0.4959177512056543, 0.5396357564049687, 2.2435610076580996, 0.02002677640065076, 0.3439751373875056, -0.07598248295521315, 1.6477103667208215, -0.7069720825798629, 0.24454321555589775, -0.5507894612433322, -0.555560081580668, 0.08253124221880026, 0.5218168396477123], [0.194817235527444, 2.638063479992309, 0.8932442203899758, -0.4937376352496552, 0.8651494677005205, 0.8222543199497696, 0.9690213096508418, -1.3061199967426866, -0.8863850885918438, -0.5916968152873407, -1.0180774070673768, -0.24315476488601395, 2.347613521198679, 0.33373616403401574, 0.7775923441759018, 0.11459592554755882], [-0.5261629884045974, 0.32903331328902574, 0.91753811342108, 0.7348068647987227, -2.6582495822331205, -0.6096671098734763, -1.1649367679820457, -0.20379487304426003, -0.9958843743141133, -0.1788600082787113, 0.9961350879822155, 0.8055517193769077, -1.4325204617926406, 0.2602229435264731, 0.6584403463414654, -0.34619377278771135], [-0.9995864574432061, -0.6214807161488758, 0.45179967828891554, 0.4339196992500599, 0.11276157940997633, -0.03199327969447452, -0.15808326456732202, -1.7962467837703646, 0.8217311665888012, 0.6073530522269905, 0.9725401425541988, 1.5564360119595861, 1.7161044516881776, -2.135032787539198, -0.4200776668648598, -0.30834205670760634], [-0.38784866103449445, -0.6584996863785575, -2.5358207932718813, -0.48471390498469047, -0.9661896789191846, 1.803594560964589, -0.30748774318588373, -3.1887152734412703, -0.6145483355032828, 0.159725754901338, 1.9425868915973896, -0.36955485797799037, -0.7748120275196986, 1.0193816312500679, 0.9010243229868216, 0.6377145127494692], [0.42270269155905105, -0.2548236950838261, 0.29568940533931043, -2.2781588746880024, -0.2514200194477887, -0.11362255293753609, -0.28140897506636176, 0.5013658831401, -0.2805228088809031, 5.125677339053108, 1.896190203409148, 0.6419785761434265, 0.5237598556065131, 0.24102163349943528, 0.492997363160103, 3.2184043970236633], [2.68082205572293, 0.25959016690258796, 0.22548672256854307, -0.44292396997966876, 1.2927593545932206, -0.288885386038424, 0.5065632179260782, -0.152901120301298, 0.5948714722400276, -0.4398869121555884, -2.4411865622311266, -0.6218821370535723, 2.7530923318906946, 2.8129336913708443, -1.4824585368191698, -0.74795828322164], [-0.48896254770013803, 0.4071930301220883, -3.4690338987055616, 0.836403135059834, -0.5039490563207509, -0.7341639414760706, -0.6610669255754318, -0.48645739833960455, -0.3311829138235114, -1.1998129743156465, -0.5890814259575519, -0.4399566698450758, 0.14566297437662706, -0.02632600131368079, 0.3993089432077688, 1.175977106926214], [0.218076502909744, 1.0308782760457524, -0.13895464160097237, 0.5924042090335215, -1.8152768996915996, -0.930678010329079, 0.9230721982374095, 1.2841179989236027, 0.09362998654309918, -0.10517881731896872, -0.4731341941114737, 0.4514282935187366, -0.7341611485574673, 0.581745714457925, 3.1611084156246356, 0.858635139218712], [-0.0361822794814568, 1.2917440058843201, 0.039730303165558256, -0.7140998040690267, -0.8408646118603431, 1.0872439829445617, -0.709877168287969, -0.24114035019844904, 2.8677856160121786, -0.3327097672797952, 