{"generation": 141, "fitness": 137439864656.90366, "network": [{"layer": "dense", "input_size": 16, "output_size": 24, "weights": [[1.0290265355514618, 2.7644997014127295, -2.5065059118791755, 3.1037161109818543, 1.7951922735380772, -0.6054550847514059, -1.480529695292872, -0.5478360984612525, -1.9700371849384388, 3.740790460045395, 2.8040649965292177, 2.5535314919669694, 0.9270794812719869, 3.450452541848112, -1.8616679071981546, 4.095155217319846], [-0.07234137587944436, -5.25090772211971, 2.420503214553316, 1.2574998819384529, 1.4442335060432734, 2.5931111943047926, -2.04449838052476, -3.8002913957887667, -5.666575047022739, 1.2884994640665353, -6.439077763045788, -0.27726618003295833, -1.6646815645185908, 3.209898476849064, -0.15963138503102248, 4.292004285388909], [1.3402198561566332, 0.7672616184268799, -0.5415461042900885, -2.579185249674727, -2.2694707874276228, 3.7229615130662834, -0.17860272477042868, 1.260783350368938, 2.925608325986154, -1.4389754601546134, 5.466625864205156, 0.14257420300229695, -2.9210281413124, 1.2569747973934982, 5.602701526561697, -2.937678752211809], [2.7030263666268857, 0.4812292959012405, 2.495102241726491, -1.7756549328256557, 0.46664465932889676, -4.741940573982747, 1.5198418792581943, -0.9404418655538913, 1.3332629807455336, -0.6264133560641891, -0.4077061011953721, 0.03192300836364326, -3.301609582857602, -1.1295333267098244, -3.2888538858146945, -4.3242033244915765], [-1.391631666118304, 1.3521505019878506, 3.4982309987782907, 2.51113106110824, 1.9856314065092726, -1.844950083352849, 1.7696394989105304, -3.3348778352168167, -2.6870333280450533, -0.2869093536991192, 1.470244562629745, -1.4963794515884692, -2.007258373091317, -1.791582473676625, -0.9702602481469762, -2.794456338711033], [-3.715115603932308, 4.839156956370472, 3.894081007645339, 2.472950312190095, 1.4010528808015519, -4.189729472657236, 0.9381266716404821, -5.308403548001675, -3.7329405201461503, 2.353691184324093, -1.416868153078722, -1.64954427433225, -0.5015188899017726, 1.5531296855765486, -1.0508857915415224, -2.2021936988802513], [3.073304487243655, -1.5863254873461423, 4.597803585473997, 1.1879500457147936, 1.151574249732297, 0.45193095978048037, -1.7734635687274132, -1.8094039384016898, -1.0973773677796874, -4.457266287148696, -0.9550987253415539, 1.5440311100254165, -0.14264888248972052, -1.2682053582485486, 2.746561961364864, -2.0274779928439175], [2.961673076891781, -2.5534924352180868, 2.837543768140199, -1.3220198770855693, 0.01978174850021841, 1.2244547176771454, 0.4619396137374595, -5.8948258191829055, -4.40812538191172, 0.3739100674149446, 1.6745323106149148, 2.9301121591806734, -0.6629084422541989, -0.669135387196499, 0.21796313697371988, -3.5059704561660325], [-4.685157300404748, 0.21513641073001388, 1.7332762418197505, 0.22765162789389537, -2.172275436461584, 0.5577556384190541, -2.701261358146778, -1.6134137203484982, 0.5181026633459398, 0.5785396497311632, 1.8889134375273913, -1.520414093490609, -4.566064770064726, 2.5338991753456863, 1.503731828982385, 0.10861804311837497], [-0.43929160425137886, 1.9159075314008946, 1.72548188348304, 3.0158164903461997, -3.1766067345190976, 0.17679791057921834, -0.49216596711875527, -1.396084219968901, -0.6255144267793422, -2.9939230685578835, -2.5131823906646287, 0.23202564183965735, 1.4255175583829724, -3.2608587722194917, 0.3730622907026168, -1.7577589962356999], [-2.0742214773127188, 1.430052769638721, -1.3921649817602555, -3.1627905295809864, -0.5085752031464992, 0.3539454103393553, 3.3629911439279674, -2.3929487367054034, -0.2850328201890439, 1.233046232348792, -2.744595906163515, 0.9684452268535476, -8.459455975646463, -0.7151459011736409, -1.3355017902385025, -6.454613654350344], [-1.2944968304688333, 1.8685637838295985, 2.083238623656749, 1.1358716775643605, 1.988902212517152, -1.9329271339207668, 1.5552464963947477, 0.7216121680585592, 0.5694647090842431, -0.8636161535540461, 3.0123056015685896, 1.2897544704569828, 2.0978522852741577, -3.880365794146397, 6.663926277654941, 2.13450879889318], [-3.529767374298446, -2.0323244902831643, 7.504178157698219, -0.8647238862794822, -0.31347345192064646, -1.2075324409677228, 0.7650671851906315, -0.6042822201042332, 0.7433696174560274, 2.231251722831657, 3.2751476648611453, 2.5405288084403224, 0.31264887372820016, 2.7014343115231934, 1.2955565817462373, 0.3606667713452912], [-1.7038951106201043, -0.1125540913294466, 2.6030467377475883, -3.076756713521776, 1.2366622124789122, -3.1595701897740476, 1.5653352345802851, -0.08173989219694328, 0.5210270074483165, 1.8931413976075295, -9.827118527019234, 0.12151068782876162, -0.15641839679949243, 0.8770997152123287, -1.2805476149144153, 3.3832569483546626], [-0.5663034676733265, 0.7415386554468015, 1.6600065615466737, 0.48910010269853144, -2.2324278931529826, -4.9244819051888316, 3.3939215816958552, -0.3717448816163389, -1.4404970015620535, 0.20233755531051145, 5.760448090026989, 0.18260079139166496, 0.3785074735052857, 1.298921520976545, -2.4576602782190156, 1.293022204447136], [6.75625616832348, -0.5758449716301812, -1.0178189017124781, 0.824815265492113, -1.0320867617328602, -4.377672955408211, -2.7274794722826847, -1.2985013107713417, 0.8434807973062376, -5.458325663477314, -2.414448490499197, -0.7624577772148717, -6.359209422263504, 2.417767107797392, -0.22112298055803148, 3.4886828613074483], [-0.5069951925037355, 3.2360765348916063, 0.6355647902284354, 0.8162174801250891, 0.236509182130467, -1.9557790370874875, -2.8963085503657027, -3.3275509440255906, -0.44845664774525984, -4.583341919563158, 2.6181515813134144, 0.49558149823955083, 3.5024492055536873, -5.017213652668135, 2.870476822567043, -0.29348424899377623], [2.676402773291593, 0.6669693384270874, 1.228944798052169, 2.332202504091235, 1.5245852851864146, -0.37604415340290126, -1.096601218177665, -2.2152650749275264, -4.21781075476177, -0.4576375868643213, 0.6865325384781815, 4.586859922961959, -2.9113910738600204, -0.2147503180064388, -0.8635366119791377, 0.6208082968927227], [-3.8511050340929676, -1.5055697210638908, 3.000029005443552, -0.8448688838395196, 3.361864034898164, -1.0987982758560968, -2.051255196464779, 7.3875509782040805, -0.6353513823234191, -0.5285225233083988, 1.7573890481058951, 5.68885786286491, -5.08621870150837, -0.38012440780283696, -0.17198369901933586, 2.314691219754427], [5.67468660226689, -0.2827030188770083, -0.7589815472379441, 0.634261309949186, 3.113109591285906, 2.173612242923592, 0.646527573053316, 2.0877908096373297, -4.510644437213301, -5.444431046171423, -3.4503209075005667, 0.0476673612722871, 5.82746412301161, 2.1484372540802372, -3.199836092026757, -1.7523240200461454], [0.7576682161614813, 1.1505300466778254, 0.8769214700234645, 5.062950195437775, 0.2719406885289693, 5.086028042335286, -0.7821741807250228, -0.5331842593608387, 2.9476095078409728, 0.5356867195691066, 0.8184961528444887, 3.524456781889497, 1.6043233634998368, 1.056064137648675, -0.07982796068174214, -0.2239227318233038], [0.5318644115942578, -1.9115354129486983, 2.5570778905730176, 0.3803779876003378, 0.49912664054188394, 3.69224585947315, 2.2476918552633776, 1.1673484790423905, 1.1774914803766223, 0.8787415397879783, 2.2883265762849496, 0.7770018954225201, -2.179308802457973, -1.363309188560466, -0.6812076987013607, 1.3969119389421154], [0.7793972939940899, 2.0839017473778836, -1.2597017321092432, 4.414168176308062, -4.035432295895565, 2.293057537927712, -1.8318635920376183, 1.171276382959573, 1.351716230676145, 1.743063848648316, 0.624183239707282, -2.89083931435573, -0.5919885513336327, -1.7037024855637684, -3.7087550813325363, -0.5435185621041188], [0.23428742073218023, 3.1622804990056506, -1.829366520438889, 1.7612564410318852, -0.10623200049044867, -2.9417154180488856, 4.363002578697414, -4.640296116543553, -1.183897964833167, -3.2066412050896056, -2.2821389028262375, 0.9922776978695587, 5.910698138054739, 0.2173508240616373, -0.10743275078312226, -1.139180159275878]],