{"generation": 142, "fitness": 17180642741.71356, "network": [{"layer": "dense", "input_size": 16, "output_size": 24, "weights": [[2.3463828649769938, 1.4450760244704781, -1.603109919050669, 0.25170032759211025, 1.5257742794108484, -1.1578221700548141, -0.6163921667835341, 0.653273604111275, 0.3346434552785831, 5.460938501451889, -6.38594688692225, -0.8317052638640854, -3.386869721493297, -2.0398479579654882, 1.8625668151802564, -0.28754289057344806], [4.217417160712297, -0.103875011983802, 0.8251151948835918, 2.2210688802791054, -2.397102315012247, 2.7809883764394843, -0.19938958624231118, 8.168441013263278, 2.091400825127557, 1.0134797778974662, -1.3472758796553805, -4.141044823457512, -0.7808199556738472, -0.00984439572214213, 0.1328508770162644, -1.8944936491336666], [-0.5922648133239004, -1.5078224778380804, -2.853607098667422, 0.80056525776551, -3.708263952423989, -1.169497366033739, -3.119271082926044, -1.5087273760384103, -1.295190175650856, 1.3956665921442684, -2.712042522612487, 0.33310506673234475, 3.371927277678014, 4.246134172786676, -3.4718031261394433, -1.5348573583642682], [-1.0061087917203153, -0.47984120506131034, -2.956332002324155, -1.5500573273835347, 3.3194064554935934, 2.7029782765051618, 1.107626340626188, 3.508963979257528, -1.221501707698629, -4.801473394146911, 4.464948795805826, -2.8437818738059404, -6.291744476706769, 2.6360041664176843, -1.910560091177812, -1.5346082572716944], [2.507245316800484, 3.245045592089693, 10.504269589675822, 1.8343600712443202, 2.2010778326767664, 1.9492363683615856, 0.7108650929147612, -2.03158498430021, -3.4207132760698897, -0.8611261706923553, 0.4243184952585142, 2.112078357036445, -0.5548148248264982, 0.4331812635736687, -3.939655802307253, -3.8591628771493296], [1.5572762915686726, 3.0807573600248963, 2.524441725763483, 2.285954290671323, 1.0673750096793253, 0.5827295857677539, -3.662640085984376, -3.19151884366126, -1.1533766720821697, -3.874747000373433, 4.628343425473649, 0.834075892985506, 0.26446110609701146, -6.403795749540353, -0.735236393409771, 0.6606024818870507], [-2.224009277955567, -0.2236158851792001, -1.108564696416269, 0.8937545721747886, 3.067395348223012, 7.174235608939894, -2.5674093945092458, 2.144731877591212, 3.5092960686421746, -0.7368498376985265, -3.1817739640656977, 3.7536052475694937, -1.9025512847648682, -4.508357478028546, 5.355996292693588, 0.7813740546544714], [-3.874236388010618, 2.2923103258599666, -0.48711166451699506, 0.2744652332982438, -0.8011549204915256, 2.813679205144689, -0.38862149838603766, -7.042751942275018, 1.51576751369854, -1.8708826596141002, -0.2978431015013214, -0.8806347839515074, 1.0922086365569366, -3.8786349090514127, 1.8402749439193982, 1.921619450601078], [-2.7727783292923385, 1.7446129553898913, -0.9850014944439276, -2.541961843330896, -1.2735217630897482, -7.086497725786903, 1.7847810733242189, 2.6886519640156736, 3.3185810701667613, 0.25397766159327656, -0.9254678580004893, -0.7434986169332222, -3.38267902911268, 0.5128015544543509, -4.616422034645151, -0.04694190527625208], [0.005207003622628076, 0.11079335110472277, 2.9510958127543656, -5.706991433262272, -1.3922611646267327, -0.0006031133127020194, 1.9832938457241074, 2.4908650672059913, -3.241680589696246, -1.0606785502754272, 0.5464408512045633, -0.5168326732090175, -0.26430181269376213, -0.9753827814599925, 2.8471269054502537, -2.6996406024479644], [1.4515116813511295, -1.5618478757620715, -0.7993555558494811, 0.8994698302799347, -4.663096004168245, 1.2983775568470186, 0.30255233371143253, -5.608266978967977, -0.7641248843307594, -0.06521495856853421, -3.450362553147546, -2.330092489921728, 0.8165546062794526, -2.1363263969409005, -4.781333716530576, 3.3499318885079234], [2.9822118160725855, 0.6840316805474371, -2.5169112966216503, -0.763752249026243, 1.764129538937118, -0.8046235452735817, -1.1916582406876393, 1.2710929928918828, -4.308842569568844, 1.6735324348476526, 1.1578868144218868, 0.8658132043125053, 1.3325546141940534, 1.3160594176773248, -1.3181474642974114, 4.971520205694819], [-1.607220921744096, -3.217362273999383, -1.40435067507329, 4.65927399761835, 2.2512239373481964, 3.06724401231622, 3.4677241400479395, 0.6709258503529487, 2.706981621190781, -3.647472881200693, 1.8193568309307335, 6.932369289654618, -2.349000102806537, 4.914763329289986, -1.6624173237112887, 1.7907320633043988], [-1.0213944373641586, -2.8700815082919977, -1.276069342535149, -6.519089914198785, 1.2492874537712968, -1.215974913620547, 3.9763198362116454, 2.982015104794713, -1.1540443458308898, -2.3465765849861473, 2.3299282651755493, 4.9105455831589, 3.2304995926357747, 3.6991121364112223, 0.49458161602891615, 3.4797203441173883], [1.600602108034769, 3.921421062527707, -1.2822981125830608, -1.7788016992804017, -0.5580541718666345, 1.2268886921818565, 0.7039311740596902, -0.39359695433150754, 3.4595498968429275, 3.86680289862431, -6.507169780067802, -2.1389413185592923, 3.6347050693115373, -0.5053937282203907, 2.3444262242542533, 0.06444809936799872], [4.024997444561608, 1.8843150416484824, 0.10773640399375461, -1.9468631770392644, 0.1150792678254578, 2.3871280859202297, 3.248142443500583, -1.7404718400169539, -0.8863850885918438, -0.4613011698267254, 1.3330174195371312, 0.5316569404784297, -0.4256867493348634, -1.630803260081837, 1.4646561567757703, 1.787892183198925], [3.1529521268888065, -0.9485425379253756, 0.26699241062572465, -2.283257360820742, -0.33996921294293436, -2.0937907024925972, -0.480524976474216, 1.0526988298853752, -1.544015740713146, 4.011681358566917, -4.8829463316438995, 0.987517559365057, -1.2051924510423209, 0.9350563544017986, -3.0213083431682692, -5.476153928611641], [0.7102730504807434, 4.292339170880691, -0.25653559803583714, 3.284922551521261, 1.2091819216158501, -2.084697652805392, 2.034681955823407, -1.96973376564313, -1.0803431779054131, 0.2765266490248681, 4.321306431244233, -0.5927947417308469, 1.2431033558802613, -1.5534180296171751, 4.175258626707623, 0.6684320780398336], [-3.1162149822182528, 2.37662553617921, -0.666995220011552, 1.5080942919616458, -2.448802157208635, 4.375969371804683, 0.9162387710410059, -5.175847177381854, -2.4650037166951546, 0.5621388974919065, 2.646518690676621, -0.06765045685807713, -0.09257200251249553, 0.7016027750791975, 1.4693069051267516, 0.5117861096503037], [0.5351571571493139, 1.7977622561576077, 1.119721854929867, -2.6019105072080992, 0.5416342300523009, 0.9311395217988505, 0.9737696169412976, -1.8920433797115703, 0.3190864162077782, 1.8732721100022105, 0.32688701959915734, -2.358293155587508, -0.09007042347524918, -3.741013950773038, 1.8966768135544827, 2.6340795596103614], [5.491171598495355, 2.513220702474072, -2.338074495878379, -3.463087096240672, -1.1820988889406119, 2.8867065308200823, -0.9570077541498319, 0.6286727379367547, 1.478927181693999, -0.6273889206536907, -2.3020091297346887, 0.9301397208580111, 4.894674783628103, 3.66489312174097, 0.750355387552348, -2.7283761587157125], [-0.5711762644704013, -0.4953454958808067, -8.434728195819728, 1.1709669374626475, -1.4356964368915186, 4.908302808643103, -0.9840585379863667, 0.465856473679533, -1.1593140232666048, 1.7765958934476642, 2.615736953941156, -2.751531165272908, 2.289220874116145, -1.182284443630674, 4.695048971049786, 0.32064711659889644], [0.6099876548080039, 0.15262286906557287, 0.5615979101355025, 3.1511540841693906, 0.018123954086695315, 0.575357148963588, 1.3661729009950414, 3.4412756240819444, -1.633888649602156, 2.013336547593644, 0.17786060544589707, 1.8485409739588003, 0.6925058768755182, 1.0630275270473408, -1.1350157243321228, 6.138533759331192], [-1.5089550555993836, -0.2221183863611087, 0.7276314956493635, -3.2680876433450834, 1.0438743586035995, 1.742241564023064, -0.5731465540501246, -2.3113938632858186, 2.0920715541610546, -4.314582543682475, 2.5730009247305894, -1.0906507454714722, -1.1120210899753227, 0.8340776354586561, -0.440192262572222, -1.5526394032052968]],