{"generation": 147, "fitness": 137439864179.5534, "network": [{"layer": "dense", "input_size": 16, "output_size": 24, "weights": [[2.1253876023964167, 1.4450760244704781, -4.029907325163185, 0.25170032759211025, 1.5257742794108484, -0.7276189354877515, -0.8970961656387941, 0.653273604111275, -1.418963358354128, 7.268000814866146, -7.684409599711284, -0.4751845361831668, -4.01257901456267, -5.770638920058914, 1.8893996647364821, -0.28754289057344806], [4.217417160712297, -1.1349614247057072, 1.1764092500432761, 0.4324792917011697, -4.593465614982598, 2.9086185995393095, -0.8404644141058025, 8.052487183757574, 0.8384986762341067, 0.053080230152224184, -3.234215160163527, -4.141044823457512, -1.5791397659791113, 3.5491318289219453, 0.9446904168920974, -1.8944936491336666], [1.267177606575833, -0.8565128067109657, -3.13380433481797, 0.6287981836023129, -3.708263952423989, -3.135011218046106, 0.4034455516958406, 2.0797630183382445, -1.267060447372658, 0.976942041610971, -2.712042522612487, 0.33310506673234475, 3.3218940898211837, 4.246134172786676, -3.4718031261394433, -0.7967377795886318], [-1.0061087917203153, 1.77849875409024, -2.12848418969111, -1.5500573273835347, 3.6005108753159627, 2.4627971543720975, -1.6123318524623738, 2.840179836445665, -0.9074714097856369, -1.4823099784672975, 2.716107850033344, -2.8437818738059404, -6.291744476706769, 3.67335837670844, 0.3804392741598184, -3.144057757911985], [2.3575969088096453, 3.525666224379043, 8.543984443674276, 1.8343600712443202, 2.2010778326767664, 3.825333905011727, 1.655915764690568, -1.0307668983635307, -2.6523094907088316, -0.8611261706923553, 0.4243184952585142, 0.9129313092094571, -0.8104045248047809, 0.09060688644185028, -5.324706778012712, -3.9212132052320663], [0.7656716675546578, 1.2329731983353858, 2.524441725763483, 2.285954290671323, -0.00246183137196776, 0.5827295857677539, -1.6784613200596885, -4.053321198585908, -0.4599937667233032, -3.9411924195147083, 3.624516902772427, 2.4319990161574765, 0.5160285389776016, -6.99124807246017, -0.735236393409771, -0.6779611800745207], [-2.5041252858397054, -2.269637037655883, -0.3779000892819845, 0.8937545721747886, 3.220802785595239, 6.593049418321542, -2.831594809297071, 1.0598061482866346, 1.9337687246372735, -0.7368498376985265, -3.1817739640656977, 5.737687285530245, -3.2164111007131977, -6.010672693401081, 6.531768021481197, 0.7813740546544714], [-3.9642153457695266, 3.7568266596167765, -0.48711166451699506, -0.5592207475697508, -0.8011549204915256, 2.2234010521365173, 0.2133152467772078, -5.242861455887283, 1.3045441505538007, -0.8337032467893188, -1.484125066936206, -0.8806347839515074, 1.0922086365569366, -3.8786349090514127, 0.7638334612494786, 1.7933501965455054], [-1.9078183342621193, 2.0905270949199783, -1.172296317002879, -2.541961843330896, -0.900631786473043, -7.086497725786903, 1.7319242271137694, 1.18484382909316, 1.2441777213334646, 0.18149324105823586, -0.9254678580004893, 0.25618539164272647, -3.38267902911268, 0.5128015544543509, -3.716511130538424, -0.5567409941547754], [0.005207003622628076, 0.11079335110472277, 2.9510958127543656, -5.843988594397685, -2.038392071107781, 0.5182034920414553, 1.9832938457241074, 2.2420796553649267, -3.6333941884693313, -1.8350243510339326, -1.123465285130662, -1.4394455851985462, -1.6030661645764415, -1.3277025893515235, 5.294010662420502, -2.681423961972885], [1.4515116813511295, -1.80435284858843, -2.998509487138735, 0.6486914428011297, -4.663096004168245, 2.870679174222081, 0.30255233371143253, -4.984645848998321, -0.8888442210069339, -0.6969850740998634, -2.1462458929669648, -1.0615052354432855, 0.8579070835082475, -1.7052719041632765, -6.366037065943273, 2.9334870241608355], [2.9822118160725855, 0.6840316805474371, -3.1594992694754636, -1.5517661836476357, 0.5772175773154828, -0.882459030977978, -1.3693896952632298, 1.2710929928918828, -7.0270176912447955, 1.6735324348476526, 2.3926815202764877, 0.8658132043125053, 0.5617312994405248, 1.9533789611426693, -3.2782923634922545, 3.640958847422673], [-2.4369394480954893, -3.1526813224097086, -1.40435067507329, 3.9258509933890684, 0.5351571996246891, 3.06724401231622, 3.4677241400479395, 0.6709258503529487, 2.3301153986003578, -3.3369849252950776, 1.917340896279647, 6.72413679548198, -3.3302419100892844, 4.914763329289986, -1.9268225864715602, 0.2975291330139438], [-0.9284330893672662, -2.8700815082919977, 0.05440463796689099, -7.474265669344722, 1.2492874537712968, -1.4450319992692073, 5.153214950724517, 2.982015104794713, -0.9136923706291542, -1.553430072946115, 1.455736918733534, 4.9105455831589, 0.5198676071811195, 2.8929955178950615, 2.4489415222948985, 2.7229465907243244], [-0.9271258126069335, 3.0632028363811674, -1.2822981125830608, -1.4544750882900062, 1.9123906203925474, 1.873665450330833, 1.3503093329801015, -0.39359695433150754, 3.4774595270740623, 4.938262147641295, -4.4006358268821835, -1.86803765224709, 3.6347050693115373, -0.5053937282203907, 2.3444262242542533, 0.566503789543541], [4.024997444561608, 1.8843150416484824, 0.7314749604061781, -1.9468631770392644, -1.1787071749628268, 4.07970547383324, 3.545909604730321, -1.7404718400169539, -1.737959749684009, -0.5916968152873407, 1.3811198612593056, -0.4174615863380291, -0.4256867493348634, -1.630803260081837, 1.4646561567757703, 2.823587910272545], [1.70808967026304, -2.235779262106095, 0.26699241062572465, -3.275831511309521, -0.7522005174290897, -2.0937907024925972, -1.3112187574090286, 2.6295622406786157, -1.544015740713146, 5.476561523332718, -4.743000883683445, 0.01837870062465219, -1.2051924510423209, 0.40792221471635326, -3.0213083431682692, -5.350828382560224], [0.7102730504807434, 1.7860947797937192, -0.162874999952815, 3.284922551521261, 1.2091819216158501, -2.035779774108834, 2.034681955823407, -1.6708450219488, -0.8010196800064077, 0.7128543037483268, 4.6104583722750005, -0.7876962650883026, 1.7544612052294215, -1.455478601814061, 5.849582833788322, 1.8690394220102442], [-4.240323252321264, 3.1149200228381013, 0.15824301495796633, 3.826874620265606, -2.448802157208635, 4.375969371804683, 3.6160381572811082, -6.469451787215545, -0.7744424184448906, -1.4270121451966693, 0.2980987682402138, -1.1844187373745967, -0.09257200251249553, 2.690914873118656, 0.48341228742462594, 2.4426840818053757], [-0.7551336248918525, 2.854566722118279, 1.5544119345004206, -2.8755258795508714, 0.5416342300523009, -1.5754760812820758, 1.0823363155701646, -1.8920433797115703, 1.5362204838626503, 1.914933963404584, -0.3751440740881461, -1.845771994134584, 1.1899251759160092, -2.221654932057662, 1.4337298755494985, 2.888684723494982], [6.028114276813766, 2.513220702474072, -1.2887662361202645, -3.463087096240672, -0.7968043673143397, 2.835909704396071, -0.9570077541498319, 1.6146030733271095, 1.3913881416777296, -1.5030168754119093, -2.984413625783626, 0.9301397208580111, 4.894674783628103, 6.034919290726734, 1.1120015896222881, -4.6735457245054555], [-0.5711762644704013, -0.4953454958808067, -5.6163587404171125, 1.1709669374626475, -0.7625930254802181, 5.287630674142969, -2.046262234456142, -1.2204838180276976, -1.1593140232666048, 2.2159531082645016, 2.615736953941156, -2.751531165272908, 1.976650794870813, -1.182284443630674, 5.581386078039463, 0.32064711659889644], [0.6099876548080039, 1.7012440999110754, 0.5615979101355025, 1.2898251605751985, -1.0004702198822601, 0.9567321393558146, 1.7120526454066638, 3.5357945971671185, -1.8588544294981735, 2.183624681739212, -0.6761138101673413, 1.3752880314710159, 0.6925058768755182, 2.1655667037063617, -2.2327111216860276, 6.425465422889178], [0.6385632941753158, 1.4504781312781758, 2.880659087825607, -2.6261570413429824, 0.38650971435451087, 2.3525555201534813, -2.4263969242920367, -2.4869622933340825, 1.5491139492832444, -4.314582543682475, 3.4438422009046326, -2.026190857255429, -1.1120210899753227, 0.8340776354586561, -0.440192262572222, -2.095495558741762]],