{"generation": 149, "fitness": 17180649302.909626, "network": [{"layer": "dense", "input_size": 16, "output_size": 24, "weights": [[3.7675649665981705, 1.4450760244704781, -1.7916781002845048, 0.25170032759211025, 1.9311295302811784, -1.6331504233749183, -0.8970961656387941, 0.653273604111275, -1.418963358354128, 6.768914342680586, -5.060001827288693, -0.4751845361831668, -4.01257901456267, -3.363193008029916, 1.8893996647364821, -0.28754289057344806], [2.7232491505057164, -1.1349614247057072, 0.23829259058712232, 0.9088614464753328, -2.803104924169534, 0.2557651466831201, -0.8404644141058025, 8.052487183757574, 2.242904655832032, 1.0134797778974662, -3.234215160163527, -4.141044823457512, -1.1392254291734218, 3.5491318289219453, 1.6101915988986892, -1.8944936491336666], [0.7080444095365437, -0.47606143589628946, -3.13380433481797, 0.80056525776551, -3.708263952423989, -5.445889334990328, -0.5376976445805084, 2.0797630183382445, -0.992235004693425, 1.1304926025871154, -2.712042522612487, 0.33310506673234475, 3.3218940898211837, 4.246134172786676, -3.4718031261394433, -0.44191887139020647], [-1.5780190227137594, 0.028534196436298398, -2.1221102138397403, -1.5500573273835347, 3.6005108753159627, 2.4627971543720975, -1.6123318524623738, 4.646817456043088, -1.1014057466312044, -1.4823099784672975, 2.716107850033344, -2.8437818738059404, -6.291744476706769, 1.1183623655079833, -0.6668239572735484, -2.0681274255676243], [2.3575969088096453, 1.4131705888913735, 8.543984443674276, 1.8343600712443202, 1.973168308064921, 3.0619657098272026, 1.655915764690568, -2.03158498430021, -2.6523094907088316, -0.8611261706923553, 0.4243184952585142, 0.9129313092094571, -0.8104045248047809, 0.09060688644185028, -5.324706778012712, -4.038647909367248], [0.7656716675546578, 3.0807573600248963, 2.5786475712118575, 2.285954290671323, -0.00246183137196776, 0.5827295857677539, -1.2565681679016247, -4.053321198585908, -0.6380876791509815, -3.8489843547481346, 3.624516902772427, 0.834075892985506, 0.5160285389776016, -6.99124807246017, -0.735236393409771, -0.33958667094098394], [-2.132739725790092, -0.42080940409738643, -1.1879600361734344, 0.8937545721747886, 3.067395348223012, 6.593049418321542, -2.831594809297071, -0.5475840932607301, 2.1065158898411154, -1.8357336682595342, -3.1817739640656977, 4.61659807318559, -1.5028297150395709, -5.8862814066325555, 6.531768021481197, 0.7813740546544714], [-4.893218655025086, 3.7568266596167765, -0.03440417414698149, -0.5592207475697508, -0.8011549204915256, 2.2234010521365173, 0.31003880102457193, -5.242861455887283, 1.3045441505538007, -0.8337032467893188, 0.013173568848144912, -0.8806347839515074, 1.0922086365569366, -4.161511511093398, 0.6571347334011997, 2.231021775433054], [-2.6934880384451128, 2.0905270949199783, -1.172296317002879, -2.541961843330896, -0.3125691738305459, -7.086497725786903, 1.7847810733242189, 2.6886519640156736, 1.2441777213334646, -0.7776312572314372, -0.9254678580004893, -1.1918630788509208, -3.38267902911268, 0.5128015544543509, -2.801140984429962, -0.5567409941547754], [0.7625040290280206, 0.11079335110472277, 4.0368146272703065, -5.835652332404678, -2.038392071107781, 0.5182034920414553, 1.9832938457241074, 2.253726912279036, -3.659373296392541, -1.8350243510339326, -1.123465285130662, -1.4394455851985462, 0.021138411620940767, -1.3277025893515235, 5.610446411397355, -2.243532266733795], [1.566287499255762, -1.3596990747334115, -2.1204072796580427, 0.6486914428011297, -4.663096004168245, 2.3835180676346117, 0.30255233371143253, -4.984645848998321, -1.1937710396270416, -0.6897745979601269, -2.6119358841665257, -2.330092489921728, 0.8165546062794526, -0.2282185752396516, -5.818060013443736, 4.384314368276616], [2.9822118160725855, -1.078920573374392, -3.1594992694754636, -1.5517661836476357, 0.40894311454049515, -0.882459030977978, -1.5229393954653516, 1.2710929928918828, -7.0270176912447955, 1.6735324348476526, 2.3926815202764877, 0.8658132043125053, 2.800085970535766, 1.048971436631703, 0.7488904565720833, 3.423303223427603], [-1.4796737338748072, -4.435006177116302, -3.2278750584419518, 2.59268632075387, 0.5351571996246891, 3.06724401231622, 3.4677241400479395, 0.6709258503529487, 1.6907738626578004, -3.3369849252950776, 1.0070093545529606, 6.72413679548198, -1.951262410262708, 4.914763329289986, -1.6624173237112887, 0.2975291330139438], [-0.9284330893672662, -2.8700815082919977, -1.276069342535149, -7.474265669344722, 1.2492874537712968, -1.3468487307214527, 5.16016870117733, 2.982015104794713, -1.1569900298967781, -1.553430072946115, 1.641303468461672, 4.9105455831589, 0.5198676071811195, 2.8929955178950615, 2.4489415222948985, 2.7305950798474403], [1.600602108034769, 2.953140158127138, -1.2822981125830608, -0.34099844025023063, 1.8465125363483823, 0.9640971771027069, 1.3503093329801015, -0.39359695433150754, 3.4774595270740623, 4.938262147641295, -6.010029952348263, -1.86803765224709, 3.6347050693115373, -0.5053937282203907, 2.3444262242542533, 0.566503789543541], [3.878996677107217, 1.8843150416484824, 1.364384688194792, -1.9468631770392644, -1.1787071749628268, 4.07970547383324, 2.6395884589452745, -1.7404718400169539, -0.5551212994304704, -0.5916968152873407, 1.709898172920779, 0.5886458179085343, -1.4655920593372849, -1.630803260081837, 0.9131788698100353, 2.823587910272545], [1.8077418513593582, -2.235779262106095, 0.7249011319488088, -3.275831511309521, -0.527793570499438, -2.0937907024925972, -1.3112187574090286, 2.6295622406786157, -1.544015740713146, 4.919127977178005, -5.89041500247792, 0.01837870062465219, -1.2051924510423209, 0.04893417773440603, -3.0213083431682692, -5.476153928611641], [0.7102730504807434, 1.7860947797937192, -0.162874999952815, 3.284922551521261, 1.2091819216158501, -2.0712183545346927, 2.034681955823407, -1.6708450219488, -0.8010196800064077, 0.2765266490248681, 2.836944945005683, -0.7876962650883026, 4.015081363455582, -1.455478601814061, 5.849582833788322, 1.8690394220102442], [-4.240323252321264, 1.8662823477917314, 0.15824301495796633, 1.5080942919616458, -2.8329312460857268, 2.835494139758131, 0.7126069154939815, -5.345465258634867, -0.7744424184448906, 1.9719315604370535, 0.44603322208708823, -1.1844187373745967, -0.09257200251249553, 3.2300411289873985, 0.48341228742462594, 2.2135921877868507], [-0.7551336248918525, 2.854566722118279, 1.119721854929867, -2.8755258795508714, 0.5416342300523009, 1.6102401034742857, 0.2550382595864159, -1.8920433797115703, 0.3190864162077782, 1.914933963404584, 0.32688701959915734, -1.54444870756063, 1.1899251759160092, -1.299007570050566, 1.5912375774167293, 2.6340795596103614], [6.401080004525317, 2.513220702474072, -2.3721401531761384, -3.463087096240672, -0.7106613043265095, 2.835909704396071, -0.9570077541498319, 0.6286727379367547, 1.3913881416777296, -1.5030168754119093, -3.740530564842561, 0.9301397208580111, 4.894674783628103, 3.5869726457050053, 0.911570088070081, -2.8473258726684145], [-0.5711762644704013, -0.4953454958808067, -5.6163587404171125, 1.1709669374626475, -0.4096385450364584, 4.880391060882506, -4.439259802887686, 2.350214938803088, 0.1429047790847966, 2.2159531082645016, 2.615736953941156, -2.1106413594490117, 4.251081665917141, -1.182284443630674, 5.581386078039463, 1.0227474688880056], [0.6099876548080039, 1.7012440999110754, 0.5615979101355025, 2.341560147937261, 0.018123954086695315, 0.9567321393558146, 1.7949629918816914, 3.3238075042569863, 0.27901339214915377, 0.8886399303782062, -0.6761138101673413, 1.3752880314710159, 0.6925058768755182, 1.9787337571733357, -1.3762396287525025, 4.781538382917138], [0.6385632941753158, 1.4504781312781758, 2.880659087825607, -2.6261570413429824, 0.38650971435451087, 1.742241564023064, -0.12941600157995942, -1.5782863244980874, 1.5491139492832444, -4.314582543682475, 3.4438422009046326, -2.026190857255429, -2.9140710467804176, 0.8774344107352565, -0.440192262572222, -1.5526394032052968]],