{"generation": 155, "fitness": 34360550863.16492, "network": [{"layer": "dense", "input_size": 16, "output_size": 24, "weights": [[3.1072387607172764, 0.5850838140954946, -1.7916781002845048, 0.25170032759211025, 1.9311295302811784, -1.6039241225997705, -1.657367269402367, 0.653273604111275, -1.418963358354128, 6.768914342680586, -5.666065178893552, 0.5221095957061036, -2.6315988639010834, -3.363193008029916, 1.8893996647364821, -0.28754289057344806], [1.4753319311372806, -1.1349614247057072, 0.23829259058712232, -1.2581841772347988, -4.038693236279537, 0.2557651466831201, -0.8404644141058025, 8.052487183757574, 3.4109832009171326, 1.0134797778974662, -2.679060208239653, -4.141044823457512, -1.1392254291734218, 3.5491318289219453, 1.8741763001297183, -1.8944936491336666], [-0.1493371601197887, -0.47606143589628946, -3.5036570860170437, 1.9856599883053345, -5.203893645011757, -5.445889334990328, -0.5376976445805084, 2.0797630183382445, -2.079976688080502, 1.1304926025871154, -2.712042522612487, 0.33310506673234475, 3.3218940898211837, 4.246134172786676, -3.4718031261394433, -0.7967377795886318], [-1.5780190227137594, 1.1152568492610286, -2.1221102138397403, -3.7353725366567057, 3.6005108753159627, 2.4627971543720975, -1.6123318524623738, 2.840179836445665, -1.1014057466312044, -1.4823099784672975, 2.716107850033344, -2.8437818738059404, -7.929022721954016, 1.9504521547094122, -1.4200401193690975, -2.9982424825973757], [2.3575969088096453, 3.525666224379043, 8.543984443674276, 1.807232646603214, 3.521924629728062, 3.695511710671352, 1.655915764690568, -2.03158498430021, -2.6523094907088316, -0.8611261706923553, 1.4593266026006284, -0.39698601686633306, -0.8104045248047809, 0.09060688644185028, -5.324706778012712, -4.26704571557003], [0.7656716675546578, 3.0807573600248963, 2.2498615648972784, 2.285954290671323, -0.00246183137196776, 0.5827295857677539, -1.4307694725632136, -4.053321198585908, -0.4599937667233032, -5.085986810256879, 3.624516902772427, -0.642555215815919, 0.5160285389776016, -6.99124807246017, -0.735236393409771, -0.33958667094098394], [-2.1618284315092184, -0.40889773287850023, -0.3779000892819845, 0.006454393615764831, 3.067395348223012, 6.593049418321542, -2.831594809297071, 1.092630738524078, 2.1065158898411154, -1.2139641446800247, -3.1817739640656977, 4.61659807318559, -1.9025512847648682, -5.382350697315244, 6.531768021481197, 2.717904267259401], [-3.9642153457695266, 3.7568266596167765, -0.03440417414698149, -0.7640928969038799, 0.20679887951549936, 2.2234010521365173, 0.2133152467772078, -2.703730621349979, 1.3045441505538007, -0.8337032467893188, 0.013173568848144912, -0.6812075302823699, 0.40221104512383576, -3.0279989532273484, 0.6571347334011997, 2.231021775433054], [-2.6934880384451128, 3.124724360106537, -1.172296317002879, -2.1948396384123634, 0.6524650259988569, -5.920702308708589, 1.7847810733242189, 2.6886519640156736, 1.2441777213334646, 0.48159116324726803, -0.067624578368355, -1.1918630788509208, -3.38267902911268, 0.5128015544543509, -2.801140984429962, -0.5567409941547754], [0.7838966603696281, 0.11079335110472277, 1.9438455091836395, -5.835652332404678, -2.038392071107781, 0.5182034920414553, 1.9889143510146203, 1.6408934272532263, -3.7105422709171396, -1.8350243510339326, -1.029934690112687, -1.4394455851985462, -0.01952360855508288, -1.3277025893515235, 4.380140192635361, -2.243532266733795], [1.566287499255762, -1.2126069102151618, -2.1204072796580427, 0.9230432914769454, -4.663096004168245, 2.3835180676346117, 0.30255233371143253, -4.58203968152793, -0.7641248843307594, -0.6897745979601269, -2.6119358841665257, -2.330092489921728, 0.4827175238148528, -0.6013129445717189, -6.366037065943273, 4.375257443484057], [2.9822118160725855, 0.6840316805474371, -3.028035102283058, -1.5517661836476357, 0.40894311454049515, -0.882459030977978, -1.6172719874168826, 0.19845284324058698, -7.0270176912447955, 2.3020221054290277, 2.9621212421086995, 0.8658132043125053, 1.8766078564637734, 1.3160594176773248, -0.4360255543894711, 2.931814134085534], [-1.4796737338748072, -3.1526813224097086, -3.2278750584419518, 3.9258509933890684, 0.9773619608827322, 3.06724401231622, 5.041924081511306, 0.608382804138796, 1.6907738626578004, -1.547446747712855, 1.917340896279647, 8.022565991447333, -1.951262410262708, 4.914763329289986, -1.6624173237112887, 0.2975291330139438], [0.792500123766935, -4.283080619340673, -1.276069342535149, -7.474265669344722, 1.2492874537712968, -1.3468487307214527, 5.16016870117733, 2.982015104794713, -1.1569900298967781, -1.553430072946115, 3.838443236537147, 4.9105455831589, 0.5198676071811195, 2.8929955178950615, 2.682512761147866, 2.7229465907243244], [1.3347861257892033, 2.953140158127138, -0.7231218821074623, -0.62934045451018, 1.9123906203925474, 0.9640971771027069, 2.1726185488551355, -0.39359695433150754, 3.4774595270740623, 6.294938061086455, -6.010029952348263, -1.86803765224709, 3.6347050693115373, -0.9003243509874094, 2.3444262242542533, -0.055194137970033696], [4.538303732773131, 3.3783882581657916, 1.364384688194792, -1.9468631770392644, -1.1394882740879102, 5.142953236165157, 2.6395884589452745, -1.7404718400169539, -0.5551212994304704, -0.4888120076592, 1.709898172920779, -1.4303546316329447, -0.4256867493348634, -2.151000155187979, 1.4646561567757703, 1.842014709407585], [2.332124122970373, -2.235779262106095, 1.492490887176162, -3.8444071776353295, -1.4075090940708446, -2.0937907024925972, -1.3112187574090286, 2.1176622365486235, -1.544015740713146, 4.919127977178005, -5.94062509472298, 0.01837870062465219, -1.2051924510423209, 0.04893417773440603, -3.0213083431682692, -5.89367919370328], [0.7102730504807434, 2.383544751584682, -0.162874999952815, 3.284922551521261, 1.2091819216158501, -2.0712183545346927, 2.034681955823407, -1.6708450219488, -0.8010196800064077, 0.2765266490248681, 2.836944945005683, -0.7876962650883026, 4.015081363455582, -1.6302580104259576, 5.849582833788322, 1.8690394220102442], [-4.240323252321264, 3.9883215853308007, 0.15824301495796633, 1.5080942919616458, -3.278478696339175, 4.5644209553237545, 0.3847308384537575, -5.345465258634867, -0.7744424184448906, 2.8208079418310463, 0.07717607903039309, -1.1844187373745967, -0.949225574970149, 3.2300411289873985, 0.48341228742462594, 1.0418246838959195], [-0.7551336248918525, 2.854566722118279, 1.119721854929867, -2.8755258795508714, 0.5416342300523009, 1.6102401034742857, 1.0823363155701646, -2.135504773119529, 0.3190864162077782, 2.9566941767779493, 0.7441759872426743, -1.0152805318812843, 1.1899251759160092, -1.299007570050566, 2.026261088290349, 2.6340795596103614], [6.401080004525317, 2.513220702474072, -2.3721401531761384, -3.463087096240672, -0.7106613043265095, 2.835909704396071, -0.9570077541498319, 0.6286727379367547, 1.3913881416777296, -1.5030168754119093, -3.740530564842561, 0.9301397208580111, 4.958220719740847, 3.5869726457050053, 0.911570088070081, -2.8473258726684145], [-0.5711762644704013, -0.4953454958808067, -5.6163587404171125, 1.1709669374626475, -0.4096385450364584, 5.26057234235594, -3.033499514950179, -0.31812674815299113, -0.24337716609181365, 0.9159379113054258, 2.615736953941156, -2.1106413594490117, 4.251081665917141, -1.182284443630674, 5.581386078039463, 1.0227474688880056], [0.6099876548080039, 1.7012440999110754, 0.5615979101355025, 2.341560147937261, 1.9221490749664887, 0.9567321393558146, 1.7120526454066638, 3.3238075042569863, -1.2144776985535777, 0.8886399303782062, -0.6761138101673413, 1.3752880314710159, 0.6925058768755182, 0.9327460821232378, -1.3762396287525025, 4.781538382917138], [0.6385632941753158, 1.1217812657104012, 2.880659087825607, -1.954326803306818, 2.889861261284939, 1.742241564023064, -2.063952521626737, -1.9804286838126788, 1.5491139492832444, -4.7656572102062515, 3.4438422009046326, -2.026190857255429, -0.1382015475925693, 0.8830560163950657, -0.440192262572222, -1.5526394032052968]],