{"generation": 15, "fitness": 5024.719635813122, "network": [{"layer": "dense", "input_size": 16, "output_size": 24, "weights": [[0.5297487207900196, 1.3402931532686226, -0.9562299018905205, -0.35768064653942266, 0.5740231052401031, -2.1540944824413453, 0.207591928000383, -0.9503843521657773, 0.23320741284523816, 1.6129920736501406, 1.4777871906883675, -0.6051573758534392, 0.12137330723942752, 0.37030498975109105, -0.837839319947709, 0.39071247967550565], [-0.9254018874133876, 1.5854861940956317, 0.20544472756608317, 0.44732966452039347, 0.6793398446828052, -0.38255759273015966, 0.6736878229579197, 0.47058320027324685, -1.0308228313771968, 0.5046332737310337, -2.1942556989555055, 0.956527660580734, 0.5472675318343618, 0.14252759073710597, -0.2029445610377163, 1.6333411350270763], [0.8007815759826686, 2.0955345054434407, -0.37722101319128765, -0.13037674932510868, -0.5473303785209009, 2.1122323128769036, -0.3011477022243296, 0.822475347220289, -0.11789556064355489, -1.287297615396622, 0.6090114269936848, -0.1936253898371203, -0.8901280112226713, 0.07034213216365208, 0.5332103515744843, -0.7714894174491009], [0.5367142641545238, 0.5758256051568615, 2.495102241726491, -0.9772081671131326, 0.6850556254221118, -0.9259429349376778, -0.9556847936566726, 0.847289427130387, 0.10041957309751348, -1.4691378355014548, -0.4151139106809213, -0.44650290324857966, -0.9957827139494508, -0.9058115035836845, 1.0574611215152248, -0.9062379368115261], [-0.6580535357399011, -0.9776358873328561, 0.35987808712263925, 0.13506486519404381, 2.7671040698216727, -1.9203851914325079, 0.31843017208328245, 0.6309085327875398, -0.3120834754019077, -0.14802684581817538, 0.939725669205439, -0.3651315195683589, -0.17839082442803234, 0.5010594893204865, -1.290606883730988, 0.5612056659372799], [0.8782443959347987, 2.462397684935638, -0.47866831899051276, -1.4153258190211635, -0.7136044639875254, 0.10269063746155271, 1.3609293787162544, -0.9727992617287462, -0.8123766577857704, 2.0591882672327926, -0.6632433161420217, -0.3985345332695339, 0.3952444772429402, 0.590592518403705, -0.9488009062162379, 1.7258555110938816], [0.7853094119494362, -0.10455741625290726, -0.5562841296287115, -1.467374764349161, 0.10722091344929074, -0.6712872395250502, -1.196133143007872, -2.213430731523448, 0.6095566791137838, -0.20796596737058293, 0.913115772256484, 0.13934438290945372, 0.9928079744226413, -0.3040800247544564, 0.5392342222745157, 0.12854962791246527], [0.1619409591590416, -0.4518299119089719, 0.7238410074053216, 0.5376855221405386, 0.7165259032113735, -0.09078973905944698, 0.09527859430189367, -1.2982649202665748, 0.1119820045659583, -0.8395353205259908, 0.24748217323653687, -0.5406982884436098, 0.8914608128602766, 0.10967352017327348, 0.03920290495378853, 0.03396279271498037], [-1.391225561791715, -0.3797385883041122, 0.38847719764243105, -0.107263366358062, 1.460373602218994, 0.061808866334885915, -0.3730973629486274, 1.5814435143787682, 2.325501451153327, 1.3906622188210305, 0.5992093344903656, -1.749215064357501, -0.7937272721781112, 0.16293723684708983, -0.2042138156244493, -0.737879253395761], [1.012117013398056, 0.05612378064381773, -0.2874339904193552, -0.36948341454401645, -0.919368428044891, 0.5794165299674472, 0.13276957875825857, 0.1294833196834872, 0.7984993246826337, -0.6250079550097567, -1.356592282655579, -0.5119520076703836, 0.9238112564495382, -0.05057173429033357, -0.39267433118000494, -0.5781935809982299], [-1.304752217624575, 0.7944844816055033, 2.125018116792943, -0.8386268994399726, -0.4339074910638061, -0.8677529911963131, 1.636220559332296, -2.7452192095229524, -1.5933228490772358, -1.3060159293218427, -1.6111901024179471, 2.559502483614052, -1.3615192548355262, -0.46754571959382374, -0.5934464815023026, 0.20449949830914194], [-0.5310576660209179, 0.741829785763708, 0.8110206205224089, -0.535503625101442, -1.0287724575991088, -0.003725752068722832, -0.3192444453713048, -0.8612674438287897, 0.8698315574305426, 0.46209314789260825, 0.03770793573271303, -0.5757148367817979, 0.1241114920743347, -2.2932243749937333, 0.9138597704383502, 0.8715112815314325], [-1.118347384359576, -0.6473372196463334, 3.5107503290191557, -0.9916293101125819, -0.2946255090546625, -0.6479795983068706, -1.2796831324313445, -1.7739938722629063, 0.17061636490850351, 0.5203744259221923, 0.39178431246066303, 1.0685901519235257, 0.708981683260745, 1.2689781663081086, -0.24959078379787325, -1.8253944886117572], [-0.9590555516649814, 0.8722502960731964, 0.6420816834191121, -1.0017611871447103, -1.2683194349484883, -0.7666375973098777, 0.4259898363181458, 2.0247397490647434, -0.8767930030520441, -0.7402791081809774, -0.3097261893310195, 0.19498192977868012, 0.7586116890901488, 0.8731625124065925, -1.1115666672661138, 0.669866251136938], [-0.492207314556379, 0.03770340163531749, 0.04461783413998477, 0.5898668245890366, 0.10919632728738632, -3.077680236690367, -0.49996768887903853, -1.3561839091140149, -0.9404513836208193, 0.3603327135144615, 0.44260822328927407, -0.08151772070835395, 0.0899701943498954, 1.5943604094706334, 0.5762506611217558, -1.9014890464522995], [1.8420626849275417, -0.14630791580052716, -2.7651783404176493, -1.1073496707388082, -3.18936510928997, -1.4150147986694068, -0.3160242549690393, -0.12800045753965672, -0.981639646234135, -1.3358637100663016, 0.4826111785289011, -0.6212243208048496, -1.824234608268882, 0.039892440480843505, -0.8556453152794272, 2.708246922617206], [-0.7937860777996824, -0.20483606799727094, 1.2401697399658307, 0.7671381412290426, 0.036079723324569546, 0.2845964170694293, 0.6439025360236366, 1.2387946347946448, 0.6323846465152134, -0.4454072012374032, 0.38047081606834254, 0.5907914996774414, 2.568134304984394, 0.6351086556674612, -1.5395635120467284, -0.7259591320395984], [-0.6726942173050003, -0.9366335307619376, 1.4720760546552834, 0.34558657272538507, 1.8237688689577383, -0.7277795941814036, 0.08024508698076133, 0.3844708096216438, 0.847517668876894, 0.41587157997071067, 0.3762749471944538, 0.8859993611450045, -2.1921282196592857, -0.040490271698632174, -0.7283502766428362, -1.1321426254078883], [-0.8854079169736437, -1.7165009805049183, 0.7514437934217439, -0.9688748015003847, 0.9602097275033563, 0.6732187516351852, -0.24527802043909297, 0.7273019870419739, 0.4693965695318154, -1.2298226527756342, 0.2845552608213249, 1.0382950856377209, -0.3861038794102556, 0.46414047882320575, 1.0170610949118466, -0.12592550066317476], [2.6372438965444718, 0.7965789148927874, 0.6456157269614944, 0.6542639381899682, 0.08427098007641542, 0.7338957484614987, 0.6878566029742497, 0.26243965214565224, -4.761738755753298, -1.7427793362522603, -0.1368598684483141, -0.7285198571078848, 0.7701564347198198, 0.6428818497935204, -0.5617546184856888, -0.575694745731093], [-0.2667248236180795, -0.3020607320464912, 0.1121963760366822, -1.318861238658178, 0.38367168326153567, -1.0611830197059007, 0.40212136273245913, -0.9777995848528864, 0.5636463170549448, 2.6474540265813435, -0.1497351828653218, -0.29269440919428347, 0.5138439371497097, -0.7863971207431955, -0.796256837617531, 0.4922632284364601], [1.019215005523407, 0.8717708709849135, -0.40212876919086615, 0.9159122303488193, 0.4650184221377267, -0.6842102786486167, -0.0007987344786510864, -0.30852761177584, -0.001033595889789074, -2.1767475734997364, 0.7082836283813292, -0.27030673713543285, -0.04891032027028325, 0.8515639620563284, -0.2104404654911578, -1.0104142243911394], [0.20515302421956694, -0.12221865856111624, 0.6315773596875611, 0.920868038056168, -1.8398241090353162, -0.998779085508263, -0.3965347898935154, 0.33825258643997036, 0.6638234102738201, -0.09921353705370417, 0.7367676939638266, -0.5903737239083839, -0.3796079282425504, 0.25871104501674425, -0.6049989833180822, 0.38398531776596967], [-0.7280208974446392, 0.6375540067936316, -0.7656906312043743, -0.2027898786022333, 0.31284658260444903, 0.7489317899766742, -0.916419553493105, -1.9146378195772658, 0.9583912884836603, 0.35350941362492294, -0.884602301542857, 