{"generation": 163, "fitness": 140737489819837.44, "network": [{"layer": "dense", "input_size": 16, "output_size": 24, "weights": [[1.73960636179244, 2.7644997014127295, -3.9338133706073006, 2.4850959887807282, 1.906341007408558, -0.9410044422438856, -1.0584026762026686, -0.7847638557002846, -1.8800628804427308, 4.968910503297389, 2.8040649965292177, 2.5535314919669694, 0.9270794812719869, 3.450452541848112, -0.9999192395584464, 4.095155217319846], [-1.578838626014168, -4.495334490174063, -0.2623220044184351, 1.2574998819384529, 1.0404849759697938, 2.4507104356307123, -3.089190227587684, -3.3266556941263836, -5.910167124545137, 1.0982737688832112, -7.509697790022791, -0.27726618003295833, -0.5087276266572216, 3.209898476849064, 0.21495598362786578, 4.292004285388909], [1.1585604330825685, 1.0755938076486262, 0.29045330511020173, -4.587512438790802, -3.470923694410585, 3.7229615130662834, -0.12654117453785135, 1.260783350368938, 2.669637711855674, -1.4389754601546134, 5.017158483572478, 0.14257420300229695, -2.1312563428793787, 1.144763078131501, 5.602701526561697, -2.4360389727524985], [1.0824362486228434, 0.4812292959012405, 1.6475437671842683, -1.8417649627155326, -0.1707936292531601, -4.741940573982747, 1.5198418792581943, -1.111406136315957, 1.7482953308190763, -0.5094154886623676, -1.8356718135553893, 0.03192300836364326, -2.963774680888176, -1.296338704636299, -4.8009145105215945, -4.417130429930639], [-0.056743827270012925, 1.3521505019878506, 4.038248024134515, 3.5714031804330117, 3.4577699262911326, -1.844950083352849, 1.7696394989105304, -4.924357922759003, -2.6870333280450533, -0.2869093536991192, 1.0539492171839495, -1.2794368623963048, -2.007258373091317, -4.826022754310811, -0.9702602481469762, -4.455409914589831], [-5.1648550940471, 4.839156956370472, 3.894081007645339, 2.472950312190095, 1.4010528808015519, -4.189729472657236, 2.0215537252241655, -5.308403548001675, -3.7571033191650205, 2.353691184324093, 0.7164380281612936, -2.1604834952699683, -2.609403442386662, 1.5531296855765486, -1.0508857915415224, -2.8849727103995164], [1.856532906628151, -1.5863254873461423, 5.452780327007203, 0.7921401853530652, 1.0866761237398737, 1.130522711885943, -4.435698555967595, -0.7068799120436622, -0.7998915468139725, -4.8286625114859705, -0.9550987253415539, 0.817781867300143, -0.14264888248972052, -2.6025832556146398, 4.19340269796506, -1.2772036896898034], [2.961673076891781, -2.212205178564652, 2.7201092901291486, -1.8140691177152706, 0.01978174850021841, 1.1045777103015857, 1.006882613745532, -5.8948258191829055, -4.2753910345142145, 0.9986119283253344, 1.6745323106149148, 4.2579094662499894, 1.4094711182935762, -0.669135387196499, 1.3632943020140542, -3.5059704561660325], [-5.343200508494181, 0.34714560375085035, -0.03906395336912283, 1.1128374562905294, -2.172275436461584, 0.20039334620227928, -2.708295313776914, -0.2769404315488253, 2.3605622852067625, 0.5785396497311632, 2.288764237557105, -1.520414093490609, -4.566064770064726, 2.9604350287365033, 1.503731828982385, 0.10861804311837497], [-1.7653002098721167, -0.24199792580255075, 1.6882310831879008, 4.474550645952042, -3.897164675556194, 1.7437863758471768, -1.851742793902176, -2.087677601758392, -0.25197970674036463, -4.333015320033841, -1.7732650496979783, 0.23202564183965735, 1.4255175583829724, -3.2608587722194917, 0.39436651084874763, -1.7577589962356999], [-2.0742214773127188, 1.2010071748488682, -1.3921649817602555, -3.9153393511129844, -0.013861301509114798, 0.3539454103393553, 3.200565827734673, -0.7498083426292597, -0.2850328201890439, 1.4984044448611913, -2.779395688337217, 0.9193635856878665, -9.793507475780755, -1.2205332921654426, -1.1396575568768428, -5.565092005447571], [-1.3405789695359327, 1.8685637838295985, 2.404895566977544, 2.4815297965690024, 1.988902212517152, -1.9573634665109905, 1.5552464963947477, 1.181644025370838, 0.5694647090842431, -0.8636161535540461, 1.1633427420592415, 2.0768624833334637, 2.1790022815996117, -3.880365794146397, 6.663926277654941, 2.13450879889318], [-4.22867066872242, -2.0323244902831643, 8.569641938166715, -0.1818063575825991, -0.31347345192064646, -0.2374874840484063, 0.7650671851906315, -1.6795388221274017, 0.7433696174560274, 2.231251722831657, 3.2751476648611453, 2.5405288084403224, -1.1015000625322222, 3.3188542506524437, 0.9736282478448925, 0.3606667713452912], [-0.30794748533924954, -0.8368957222267134, 2.6030467377475883, -3.076756713521776, 2.409585700979148, -1.0167089265078664, 0.6846369189909068, -2.3391948179052724, -0.5876433705963886, 1.8993380016350057, -10.540926534276737, -2.0930770760028974, -0.15641839679949243, 1.139541113049011, -2.3571674516775136, 2.8892642220657123], [-0.5663034676733265, 0.7415386554468015, 1.6600065615466737, 0.5936211886692422, -2.2324278931529826, -5.261320954125065, 2.49955677342844, -0.05078829063984841, -1.4404970015620535, -0.6648360271989319, 6.592692896989459, 0.18260079139166496, 0.5165305211659883, 0.36766105711421326, -1.111892888329607, 1.6947692409004829], [9.405790412981426, -0.6068204242045454, -0.6637745980469744, 0.824815265492113, -1.5865037856865691, -5.017009189694177, -2.7274794722826847, -1.2985013107713417, 0.18338590841246816, -5.458325663477314, -4.386653886148687, -0.08217696323509205, -6.359209422263504, 3.1249602499394644, -0.22112298055803148, 3.4886828613074483], [3.4309432865557143, 3.2360765348916063, -1.9235399074395125, -0.052718533487492, 0.236509182130467, -1.2896014991936262, -2.3068485420233356, -3.3275509440255906, -2.082201462662246, -3.4887704298304376, 2.6181515813134144, -0.5871525207241413, 3.5024492055536873, -3.0816106816501128, 2.870476822567043, 3.697308402903344], [2.676402773291593, 2.4586526882753645, 0.6403207922107175, 0.28536647164930073, 0.7442795719620957, -0.08397793725418623, -2.3651174359758795, -2.224797413313181, -5.542954684971946, -1.3947902090379882, 0.6865325384781815, 4.586859922961959, -3.158690821234338, -0.2147503180064388, -1.7875374879389183, 1.2478647927256346], [-3.1851415479581418, -1.5055697210638908, 3.115063814613447, 0.0633229689591926, 3.361864034898164, 1.2348856723707915, -3.728241349313002, 7.3875509782040805, -0.6353513823234191, -1.1232172786326982, 2.337044949634972, 5.68885786286491, -5.08621870150837, 0.3763736663677184, 1.1031836853794719, 2.5916111647481945], [5.06013801709466, 0.2154284044841806, -1.3802618092789893, 0.634261309949186, 1.994124333400435, 1.1654584397179053, 0.646527573053316, 3.5043703549408445, -3.3584013116443434, -5.344834102902523, -2.180481025434658, 0.7381802770054635, 5.82746412301161, 2.1484372540802372, -2.705903899793446, -2.959635218168427], [0.7498927304929548, 1.1505300466778254, -0.12480422654767998, 5.062950195437775, -1.4345878223533906, 5.53208307301793, -1.612664581094828, -3.206912932649508, 1.52945621340729, -0.9520329641176553, 0.8218097017410473, 3.524456781889497, 0.568499315560418, 2.3265216588970334, -0.07982796068174214, -0.14455385975632337], [0.5318644115942578, 2.1436517189386897, 2.5570778905730176, 0.3803779876003378, 0.6369994349133814, 6.592479065457757, 3.92126652317779, 1.1673484790423905, 0.5996668782147649, 0.8787415397879783, 2.512895185457128, 0.7770018954225201, -3.1843560880357016, -2.705487281934521, -1.167566535769784, 1.3969119389421154], [3.0152371732916246, 0.666283039083037, -1.2597017321092432, 3.427428304828604, -4.802743451688577, 2.293057537927712, -0.08526286498428126, 1.6688165417406304, 1.351716230676145, 3.486915286826806, -1.5847049270708458, -2.89083931435573, 0.09421078933418192, -1.6743097289302626, 1.9338091122212357, -4.821467881588767], [0.23428742073218023, 3.1622804990056506, -1.829366520438889, 1.7612564410318852, 0.18571401141524518, -2.485089151691433, 2.5678655135436026, -3.3114519227436174, -0.3443131836286015, -2.948274327474673, -1.7193632642628167, -0.348927310543397, 6.538749204445966, 0.2173508240616373, -0.43466828143255365, -1.139180159275878]],