{"generation": 163, "fitness": 274878871630.0382, "network": [{"layer": "dense", "input_size": 16, "output_size": 24, "weights": [[1.6279230316921285, 2.8891410108522217, -1.5661522839389268, 0.23170268124084348, 3.520520460472235, -0.7276189354877515, -2.5178219842305607, -0.8879383616556619, -1.418963358354128, 6.768914342680586, -5.666065178893552, -0.4910475390047932, -4.01257901456267, -3.6080407687775318, 2.761608564588862, -1.200261299866468], [2.7232491505057164, -1.455172428699567, 0.23829259058712232, 0.21506302055921356, -2.994745392941641, 3.9290694364911585, -0.8404644141058025, 7.007330496327799, 1.2978688605289341, 1.6835128083439188, -3.234215160163527, -4.094014671800235, -1.1392254291734218, 3.5491318289219453, 0.06465038439510074, -1.8944936491336666], [0.7080444095365437, 2.405172602494558, -3.13380433481797, -1.2943558514284992, -3.708263952423989, -4.19813669383649, -0.8288806809607329, 0.9846269304759194, -2.079976688080502, 1.1304926025871154, -2.712042522612487, 0.33310506673234475, 3.12554672184899, 4.246134172786676, -2.3268700167036807, -2.1553233646596537], [-1.5146173130092018, 1.0674755338377517, -2.12848418969111, -1.8442756686773603, 3.550559381263803, 2.4627971543720975, -1.6123318524623738, 2.16008690931363, -1.1014057466312044, -0.7978764996299894, 2.716107850033344, -2.8437818738059404, -4.453263693294293, 3.0558649660932073, -0.6668239572735484, -2.0681274255676243], [1.6827225733312932, 3.525666224379043, 8.543984443674276, 1.8343600712443202, -1.052289785151832, 3.695511710671352, 1.655915764690568, -1.0584258868865972, -4.394049599806763, -0.8611261706923553, 2.3765843715652224, 2.4516184130786547, 0.6743132409950474, 0.09060688644185028, -5.815945529719921, -4.038647909367248], [1.1987158509604954, 3.9016137075850486, 1.9089786916592513, 2.285954290671323, 1.1183884186953534, 0.44014651114933295, -0.5575706559847556, -4.053321198585908, -0.4599937667233032, -3.8489843547481346, 4.020723487758878, -1.376514929160698, -0.7279628139462035, -8.048578256370185, -0.735236393409771, 1.0343277512270537], [-2.132739725790092, -0.17783351794311653, -1.2594900759135963, 1.460837293141334, 3.0175845519293873, 6.3873277396587955, -3.649778250892411, 1.092630738524078, 2.340361404760914, -2.475890469691196, -3.1817739640656977, 5.159823610765615, -1.9025512847648682, -5.8862814066325555, 10.633510059543935, 2.6867824331873282], [-3.9642153457695266, 3.7568266596167765, -0.48711166451699506, -0.5592207475697508, -0.8011549204915256, 2.2234010521365173, 0.2133152467772078, -5.396019289171384, 1.6401940825972277, -0.05089789363855757, -0.7803456021052487, -0.8806347839515074, 1.0922086365569366, -2.536392550696516, -0.8627062880425689, 1.6079901626875581], [-3.969763141594773, 2.0905270949199783, -1.2339452563606705, -2.9398408990116285, -0.3125691738305459, -7.345367249254523, 1.7847810733242189, 1.260587330578894, 2.2878446251941025, 0.25397766159327656, -1.8054998253810033, -1.8061764809374758, -3.38267902911268, 1.4384361772844474, -3.1810966589044707, -0.3121331492782162], [-2.738639003204134, 1.7485282086754275, 2.490360268765114, -4.792836122597862, -2.038392071107781, 0.21966123054435782, 0.6200707986731084, 2.194415329717581, -3.1601364065899444, -2.948475616814755, 0.0405149323754348, -0.8710437319163307, -0.16371845777376737, -0.844644790956542, 6.9522530485893395, -2.243532266733795], [0.014124128685327975, -1.227233903252859, -3.8933685636697435, 0.47794457480298835, -5.920132460946335, 2.3835180676346117, -1.0047934228496995, -5.334539409866217, -0.7641248843307594, -0.6897745979601269, -3.0471558298239536, -2.330092489921728, 1.6148238276890674, -2.4526850118449532, -6.366037065943273, 4.1613024146649105], [2.335771372876845, 2.4570754133871757, -3.1594992694754636, -0.8230865864329043, 0.5772175773154828, -0.882459030977978, -1.616826964166139, 1.2710929928918828, -7.024459617590214, 3.3321251030563124, 2.3926815202764877, -0.1687190262244489, 2.208313783062299, 1.3160594176773248, -0.7340443357845782, 4.184952308495087], [0.374590280321178, -2.992800496667229, -2.5451325437263885, 2.8237842449943953, 2.997041090583882, 2.6969268246005043, 4.579868406261485, 0.6709258503529487, 1.6907738626578004, -3.3369849252950776, 1.917340896279647, 6.72413679548198, -1.951262410262708, 4.914763329289986, -1.4207811018074077, 1.1575834121479183], [-0.9284330893672662, -0.6922320472768306, -0.48117347908906594, -7.474265669344722, 1.2492874537712968, -2.734395810958886, 5.16016870117733, 2.982015104794713, -1.7005128620863095, -2.2662295724134167, 1.566194261682994, 4.6173840153082875, 0.30580261011087606, 2.3580633747239457, 2.4489415222948985, 2.4497419218749448], [1.600602108034769, 1.8006341947464488, -1.2822981125830608, -1.7748508090869257, 1.9123906203925474, -0.5710133795195935, 1.7392819612604744, -0.39359695433150754, 4.71930193449745, 3.804891841222565, -6.010029952348263, -1.86803765224709, 2.9895016951310063, -0.3344723758232637, 1.6271464324899239, 0.5196954959913395], [3.878996677107217, 1.7842976997506648, 1.2286831543301964, -1.9468631770392644, -2.7416488262570966, 4.07970547383324, 3.545909604730321, -1.7404718400169539, 0.46697251597626965, -1.4120371703328911, 2.391056132754173, 0.8011021918407896, -0.4256867493348634, -1.630803260081837, 1.765884829564285, 2.9887325038471944], [1.8077418513593582, -2.235779262106095, 0.7249011319488088, -3.275831511309521, -0.527793570499438, -2.0937907024925972, -1.2907771479786836, 2.1662612163116064, -2.2056221675375274, 5.476561523332718, -4.11273665628812, 0.01837870062465219, -1.2051924510423209, 0.04893417773440603, -3.120624269667133, -4.877907198294728], [0.7102730504807434, 3.0967191516931134, -0.162874999952815, 1.9271817317874358, 1.2091819216158501, -2.0712183545346927, 2.034681955823407, -1.6708450219488, -1.1291911665766101, 0.7133462225801656, 2.836944945005683, -0.7876962650883026, 4.015081363455582, -1.4457376888974536, 7.122494143265699, 2.3565671329049325], [-3.9979112621241093, 3.1149200228381013, 0.6688746428022265, 0.5993731966169479, -2.448802157208635, 4.05136038433354, 0.7126069154939815, -5.185522972485808, -0.7744424184448906, 2.157232566937512, 1.213012249458804, -0.03425886458721261, 1.423532563383988, 4.420198586311126, 1.1867230358352927, 0.9037163148459045], [0.37207705084145015, 0.8189551260268423, 1.119721854929867, -3.361423918864009, 0.5416342300523009, 2.540714618234385, 2.9757287232719145, -2.5169879835024114, 0.3190864162077782, 1.5291812022872955, -0.46506370770323224, -1.845771994134584, 1.1899251759160092, -1.299007570050566, 1.5912375774167293, 1.9161863600323121], [6.028114276813766, 2.677881769949454, -2.3721401531761384, -5.198861169966898, -0.7106613043265095, 2.982348440177944, -2.445078043611086, -0.0019368065386243805, 1.4897180971717852, -1.5030168754119093, -2.2829899231837834, 2.297611769607798, 3.9499202740892665, 4.497484144580429, 1.9013170299427422, -2.8473258726684145], [-1.3444072754685399, -0.4953454958808067, -7.385749751244996, 1.6346229692765601, -0.23314665990389088, 4.163313887739049, -2.046262234456142, -1.5036443360649356, -0.8133829754014328, 2.2159531082645016, 3.295596029152911, -3.6254092967655143, 1.2997657599804646, -0.4469430116784521, 5.581386078039463, 1.1975792511217378], [0.6099876548080039, 1.7012440999110754, 0.06139152328901765, 3.8534737797154217, 0.9011219039495925, -0.12737605650164302, -1.8395074923212413, 3.5357945971671185, -1.0496043885045208, 0.8886399303782062, -0.6761138101673413, 1.3510380535226834, 1.6576123577973711, 1.868662173066192, -1.3762396287525025, 5.413019988647668], [0.6385632941753158, 3.1684319793725493, 2.880659087825607, -3.332087378394653, -0.8003957340365023, 4.580170744056585, 0.297559457112502, -2.4869622933340825, 1.255659966183997, -4.231667926540808, 3.4438422009046326, -2.026190857255429, -0.20669327453719788, -0.42848292654428155, 1.7732034833280093, -0.8886465799724043]],