{"generation": 16, "fitness": 9142.685946958687, "network": [{"layer": "dense", "input_size": 16, "output_size": 24, "weights": [[0.6445007815943565, 1.3402931532686226, -0.9562299018905205, 0.6330424975056832, 0.1825624943191958, -3.2818494487473155, 0.4852951739408444, -1.7094136287749242, 0.8794857371318859, 0.46310396991816183, 1.4510065206300051, -0.6051573758534392, 0.2853147790691335, 0.37030498975109105, -0.5916522715624931, 1.3756397667802367], [-0.9254018874133876, -0.5770310400507463, 0.20544472756608317, 0.44732966452039347, 0.6793398446828052, 1.4814043851757213, 0.3449530110537302, 0.5589890306883897, -0.49205569071739735, 0.5046332737310337, -2.0253960124892254, 0.956527660580734, 0.5472675318343618, -0.7528258739922652, -0.2029445610377163, 0.7689008077695569], [0.8007815759826686, -0.8328379013972744, -0.37722101319128765, -1.0820634622272651, -0.5473303785209009, 3.8950542724022164, 0.04295981549844097, 0.684836829168815, -0.3219774625367582, -1.287297615396622, 1.1500962679790216, -0.1936253898371203, -0.8901280112226713, 0.6045554192140209, -0.005819269783850833, -0.7714894174491009], [-0.7519405372076948, 0.8445679619706017, 0.7443083069168941, -0.9138620106009248, 1.4976435801925463, -0.9259429349376778, -0.9556847936566726, -0.007723827370471836, 0.10041957309751348, 1.4031036385492757, -0.763920617410234, 1.3656214710146992, -0.9957827139494508, -0.9058115035836845, 0.3200869769089263, 0.7318570911812292], [-0.24604158309170726, -1.8633834206920117, 0.35987808712263925, 1.348379951254248, 0.9269305083126642, -0.734719841546384, 0.3746354859170784, 0.46141441665731775, 0.004231197034516576, 0.8391010273328567, 0.9112499583233138, -0.3651315195683589, -1.7262857945412056, 0.5010594893204865, 0.4356105856491763, 3.3451965811442124], [-1.542923540361028, 2.462397684935638, -0.63538401453999, -0.8592294473620143, -0.3432955763792742, 1.0110676375693568, 0.40722670268680217, -0.9727992617287462, -0.5101995435946117, 2.0591882672327926, -0.961442914806157, 1.804860602241472, 0.3952444772429402, 0.5479464910809833, -0.9488009062162379, 1.1681460689464709], [1.8814573253282176, -0.5889278715955424, -0.5562841296287115, -0.6844783225033484, 0.10722091344929074, -1.106990647486001, -0.7291089867775433, -0.5470230965661761, -0.018533556593111067, -0.20796596737058293, 0.17270499128023753, 0.13934438290945372, 0.2270223751364132, -0.3040800247544564, 0.5392342222745157, -0.461222728240232], [-0.49094768226856544, 0.3584620271410339, 0.7238410074053216, 0.7204431310345109, -1.35992851880183, -0.09078973905944698, 0.416252160415691, -0.15029694405798488, 0.1119820045659583, -1.115860846751534, 0.24748217323653687, 0.01560138260100652, -0.3494099427969015, -0.8675065642442646, 3.763885169237607, 0.03396279271498037], [-0.509924844156554, 1.1136837683978131, 0.42736294501055827, -1.8061320900703681, -0.44445662501720734, 1.2827342703588214, -0.3730973629486274, -0.7610886551971068, 0.23811426534810687, 0.2522154435784012, 1.1605073900964213, -0.8399765174145881, -0.7937272721781112, 0.16293723684708983, -0.98198264106509, 0.9255640144529944], [-0.7421935622875513, 0.05612378064381773, 0.05206013225646566, -0.36948341454401645, -0.919368428044891, 0.5794165299674472, 0.13276957875825857, 0.2754169337069276, 0.7984993246826337, -2.9340920806811845, -1.356592282655579, -0.5119520076703836, -0.2026787334855673, -0.8015133802869905, -0.39267433118000494, -0.5781935809982299], [-0.24610646079895904, 2.1414515614149856, 2.125018116792943, -0.8386268994399726, -0.4339074910638061, 0.42311127714504737, -0.08337448320868468, -1.1927707120835214, -0.7765987231373795, -0.7898040804439802, -3.1856534353113615, 0.30317835874750787, -1.3615192548355262, 0.12777416799841482, -0.22243889954265772, 0.20449949830914194], [0.7494019184245414, 0.741829785763708, -1.2948587896322072, -0.4378551948023546, -3.017501468912839, -0.003725752068722832, 3.560239505238754, -0.5056519440760425, 1.066995869410631, 1.6758130304051109, 0.03770793573271303, -0.5757148367817979, 0.1241114920743347, -0.13724565023394097, 0.9138597704383502, 0.9136466981542397], [-0.5295296974328828, -0.6473372196463334, 2.124681785735826, -0.42842053580488537, -2.450641681180718, -0.6479795983068706, 0.5885426601078942, -0.8384837657713554, 0.6377386105605178, 0.5203744259221923, 3.750634494562897, 1.0685901519235257, 0.708981683260745, 0.9587148619710979, 1.2582379532401522, 0.07753942547864345], [0.3054850710418987, 0.8722502960731964, 0.5437534058973228, -1.0017611871447103, 0.6819156794943001, -0.9580790629516877, 0.4259898363181458, 1.4796591474975196, -0.8767930030520441, -0.7402791081809774, -0.677517474688492, 1.554212259279741, 0.9653748809268261, 0.8731625124065925, -1.1115666672661138, 0.669866251136938], [0.24540899644105862, 0.03770340163531749, 2.2146504806620086, 0.5898668245890366, 0.5179387601685874, -3.077680236690367, -0.49996768887903853, -0.24851035617961958, -0.9404513836208193, 2.830740723744205, 0.44260822328927407, -0.7387054693799043, 0.0899701943498954, 0.9109406050257218, -0.06853842743615744, -0.7127511915893623], [1.8420626849275417, -0.14630791580052716, 0.7404315455498987, 1.022821999331077, -1.0308669171748224, -0.9025768590894037, -0.3160242549690393, -0.12800045753965672, -0.981639646234135, -0.26240181422465025, 1.7831241758603502, -0.49652263734337454, -1.824234608268882, 0.13849096648461412, -1.5788499227159027, 0.9516204643431916], [-1.6593805380997981, -0.20483606799727094, -0.6757173032773528, 0.7671381412290426, -0.7065964779815881, 0.2845964170694293, 0.6439025360236366, 1.435327160083291, 0.039037957967281045, -1.334037059865528, 0.6451977087274211, -1.1342599044000143, 0.7862845230432645, -0.2028334499713793, -0.6707152342941007, -0.22890573412604248], [-0.6726942173050003, 0.2540939467688337, 1.4720760546552834, 0.7678063767070067, 2.5308143269313033, -0.7277795941814036, 0.08024508698076133, 0.3844708096216438, 0.847517668876894, 0.257841210209537, -0.39892339805634763, 0.8859993611450045, -2.1921282196592857, -0.8223690717259188, -0.7283502766428362, -0.3983304098580369], [-0.5695193926609835, -1.7165009805049183, 0.7514437934217439, -0.9688748015003847, 0.9602097275033563, 0.2782229100446916, -0.24527802043909297, 0.5741452916729969, 0.7336719747365441, -0.5106042075945794, 0.2845552608213249, 1.0382950856377209, -0.409924349403587, 0.46414047882320575, 0.1270992319201169, -0.12592550066317476], [1.7435883750111887, -0.17772979165299185, 0.053549377027360734, 0.6542639381899682, 1.261350344667682, 0.11240792531759147, 0.6878566029742497, 0.4604378227234735, -0.682681808337984, -0.9781485524025572, -0.1368598684483141, 0.4277916594335105, 0.7701564347198198, 0.6428818497935204, -0.5617546184856888, -0.575694745731093], [-0.2667248236180795, -0.3020607320464912, 0.1121963760366822, 1.218809991182377, 0.2135538782669837, 0.26647807449416316, 0.40212136273245913, -1.209668361819193, 0.5636463170549448, 1.5733044762716986, -0.515897440994539, -0.29269440919428347, 0.5138439371497097, -0.7863971207431955, -0.796256837617531, -0.4268736575069466], [0.7025132054646884, 0.8717708709849135, -0.40212876919086615, 0.6972895195505702, 0.4650184221377267, -1.7681182208912603, -0.13458935668740502, 0.24044345900359954, 0.209611748641777, -0.9885545142106877, 2.339324535109929, 0.31336723246809883, -0.3491010094755096, 1.0589801668585086, -0.2104404654911578, 2.0484754122653746], [-0.17815959720606478, 1.6417752718855543, 0.6315773596875611, 0.4372504778824471, 2.6257921614413466, -0.998779085508263, -0.020511354004358384, 0.33825258643997036, 0.6638234102738201, -0.9002409026875816, 0.7367676939638266, -0.9717087324079865, 1.5282083263605024, -0.596904861511073, -0.5384221219002524, 1.12219552274036], [-2.3455331205870182, 0.6375540067936316, -0.27800065266110185, 2.0124256802178686, -0.5135226412980405, 0.5311689795180037, 0.0520223043168444, -0.7582962145996184, 0.9583912884836603, -0.45959302179365413, -0.6320980820410389, -0.7613346888388501, 