{"generation": 172, "fitness": 68720342613.47594, "network": [{"layer": "dense", "input_size": 16, "output_size": 24, "weights": [[1.6279230316921285, 2.2608983545753594, -2.5073182762911537, 0.5127789646187997, 4.873884680991297, -2.0337530011591465, -1.8933779284144043, -0.11146282804886587, -1.418963358354128, 6.768914342680586, -5.666065178893552, -0.4910475390047932, -4.01257901456267, -2.5419164939892456, 2.761608564588862, -0.9534240687861961], [2.7232491505057164, -2.3026038569459573, -0.6450091999155805, 0.21506302055921356, -2.994745392941641, 3.9290694364911585, -0.8404644141058025, 7.007330496327799, 0.05210283096314283, 1.6835128083439188, -3.234215160163527, -4.094014671800235, -4.326253914579591, 3.5491318289219453, 0.06465038439510074, -2.5082638686507117], [0.7080444095365437, 2.405172602494558, -2.8501988328602748, -1.2943558514284992, -3.708263952423989, -4.19813669383649, -0.1778555867250602, 0.9846269304759194, -1.5652806447670797, 0.09911761205894387, -2.712042522612487, 0.33310506673234475, 4.283116125056755, 4.246134172786676, -2.3268700167036807, -2.1553233646596537], [-2.816434599774188, 2.2635714800009845, -2.12848418969111, -2.393677109097406, 4.3853137461594995, 2.4627971543720975, -1.6123318524623738, 2.16008690931363, -1.4520664690708363, -0.7978764996299894, 2.5440501870480223, -2.40826673439978, -4.453263693294293, 3.39965955081256, -0.6403588919371738, -2.7817153325409687], [0.5906245786256767, 3.525666224379043, 8.339601502562815, 1.8343600712443202, -1.052289785151832, 3.695511710671352, 0.27269068776173544, -1.712351493749591, -4.135256521890136, -1.1632811110396641, 2.3765843715652224, 2.4516184130786547, -0.7725791414195722, 0.09060688644185028, -5.815945529719921, -4.038647909367248], [1.1987158509604954, 3.9016137075850486, 1.9089786916592513, 2.640722726879239, 1.1183884186953534, 0.44014651114933295, -0.5575706559847556, -4.053321198585908, -0.4599937667233032, -3.8489843547481346, 5.593502961078723, -1.8121422603240325, -0.7279628139462035, -8.362056395725928, -1.1497772198111942, 1.0343277512270537], [-2.132739725790092, -0.17783351794311653, -1.2594900759135963, 3.5281496613253065, 2.8413897578534324, 6.3873277396587955, -3.649778250892411, 2.169031813578967, 2.2599631923422305, -2.7631944401109374, -4.7039813067330245, 5.159823610765615, -1.9025512847648682, -6.71413876774509, 9.575582698449114, 3.6041980819508694], [-3.9642153457695266, 5.00804222171603, -0.48711166451699506, -0.5592207475697508, -0.8011549204915256, 2.205978111677445, 0.2133152467772078, -5.855291703427202, 1.4403223072508797, -0.05089789363855757, -0.7803456021052487, -0.8806347839515074, 1.0922086365569366, -2.536392550696516, -0.8627062880425689, 1.6079901626875581], [-3.969763141594773, 2.0905270949199783, -0.32467268223416745, -2.9398408990116285, -1.0426826563690381, -8.51331994442965, 1.7847810733242189, 0.9480565583769627, 2.2878446251941025, -0.22087838395961717, -1.6835205578798345, -1.8061764809374758, -3.38267902911268, 1.4384361772844474, -3.1810966589044707, -0.3121331492782162], [-3.7670766080738076, -0.06930147420941402, 2.490360268765114, -4.492316576837508, -2.038392071107781, 0.21966123054435782, 0.6200707986731084, 2.194415329717581, -3.1601364065899444, -2.03660552423767, 0.0405149323754348, -1.7467614232173045, -0.16371845777376737, -0.844644790956542, 7.639479325583943, -2.243532266733795], [1.3606170668214588, -1.4561327391483825, -4.793497310938897, 0.47794457480298835, -5.920132460946335, 2.3835180676346117, -1.0047934228496995, -5.334539409866217, 1.5610875090444636, -0.6897745979601269, -3.0471558298239536, -1.8275658526073313, -0.07916656548783874, -2.440067982475792, -6.366037065943273, 4.1613024146649105], [2.335771372876845, 2.4570754133871757, -3.1594992694754636, 1.1735132791416958, -0.9265047290076396, -0.882459030977978, -1.616826964166139, 1.6946130542985383, -7.024459617590214, 2.344208110971472, 2.3926815202764877, -0.1687190262244489, 2.3801427984917516, 0.997175120169044, -0.7340443357845782, 4.184952308495087], [1.5886517725789155, -3.13958967520985, -3.2812546945819365, 3.1133064112255275, 2.997041090583882, 2.6969268246005043, 2.640713529289277, 0.6709258503529487, 1.6907738626578004, -1.9033636811245638, 4.439846976020159, 5.740200024407898, -1.951262410262708, 4.914763329289986, -2.1109080393605253, 0.7340443238747756], [-2.025801147134417, -2.3706939888584944, 0.5307314314147279, -7.474265669344722, 0.8832780267686842, -3.2256586513791863, 5.16016870117733, 2.982015104794713, -1.7005128620863095, -2.2662295724134167, 1.566194261682994, 7.397915927314814, -2.536862896499208, 2.3580633747239457, 1.0955870425511292, 3.1938067589985613], [1.600602108034769, 1.8006341947464488, -1.2822981125830608, -3.0200573818855236, 2.1614281834729363, -0.5710133795195935, -0.10288802019689891, 1.1929646129995186, 4.71930193449745, 4.938262147641295, -6.010029952348263, -2.200847002196104, 2.9895016951310063, -0.3344723758232637, 1.6271464324899239, 0.5196954959913395], [3.878996677107217, 1.7842976997506648, 1.2286831543301964, -2.48449041394737, -2.232667315500387, 4.525425049987482, 2.5970795544868492, -0.40784131003163376, 0.46697251597626965, -1.4120371703328911, 1.777973256434302, 0.8011021918407896, -0.4256867493348634, -1.630803260081837, 1.765884829564285, 2.9887325038471944], [1.072016615244201, -2.235779262106095, 2.8293215697416856, -3.470086241325466, -0.527793570499438, -2.0937907024925972, -0.9551976994723164, 2.1662612163116064, -2.2056221675375274, 5.476561523332718, -4.11273665628812, 0.01837870062465219, -1.2051924510423209, 0.7394831772343364, -3.120624269667133, -4.877907198294728], [1.0372888558647828, 3.0967191516931134, -0.162874999952815, 2.404234258037565, 1.2091819216158501, -2.0712183545346927, 2.034681955823407, -1.6708450219488, -1.1291911665766101, 0.7133462225801656, 2.836944945005683, -0.8696311381362944, 4.015081363455582, -1.4457376888974536, 6.129951394017175, 2.3565671329049325], [-4.208191013823355, 3.1149200228381013, 0.6688746428022265, 0.23920891624364726, -2.448802157208635, 4.05136038433354, 0.7126069154939815, -5.185522972485808, -0.7744424184448906, 2.157232566937512, -0.7454703745215279, -1.5774743499948947, 1.423532563383988, 7.089512447631769, 1.1867230358352927, 0.9037163148459045], [0.19993722733654218, 1.857285066448711, 0.6884519265258953, -4.201160439277142, -0.3212289204577534, 2.540714618234385, 2.9757287232719145, -1.9798766043365095, 0.4498569488256207, 1.5291812022872955, -0.46506370770323224, -1.845771994134584, 1.1899251759160092, -2.008382947835183, 1.5912375774167293, 1.9161863600323121], [6.028114276813766, 2.677881769949454, -2.9094050536292806, -5.003970219452496, -0.7106613043265095, 2.826135915829867, -2.445078043611086, -0.0019368065386243805, -0.20193811378989546, -2.624555633228556, -3.3772178083046502, 2.297611769607798, 4.583991260951203, 4.497484144580429, 1.9013170299427422, -2.8473258726684145], [-1.3444072754685399, -0.4953454958808067, -7.385749751244996, 1.6346229692765601, -0.23314665990389088, 4.163313887739049, -4.456023122001476, -1.5036443360649356, -0.8133829754014328, 2.2159531082645016, 3.295596029152911, -3.6254092967655143, 1.2997657599804646, -0.4469430116784521, 5.581386078039463, 1.0227474688880056], [0.6099876548080039, 2.3811263239287443, -0.46798284518415545, 3.8534737797154217, 0.9011219039495925, 0.04955329329807645, -1.8395074923212413, 4.136789416816725, -1.7176721406322573, 0.8886399303782062, -0.8765048814705514, 2.541085471565431, 1.6576123577973711, 2.581435685504916, -1.3762396287525025, 5.413019988647668], [0.6385632941753158, 2.293567199797396, 3.939000960501276, -3.332087378394653, -0.8003957340365023, 2.8289826288799587, 2.963620251445356, -2.4869622933340825, 0.9236734131147555, -4.231667926540808, 4.7409718307796584, -3.063215203102592, -0.9715814842177645, -2.317685742099365, -0.440192262572222, -1.9028256448754024]],