{"generation": 180, "fitness": 137439866677.31165, "network": [{"layer": "dense", "input_size": 16, "output_size": 24, "weights": [[2.232076370253312, 2.2608983545753594, -1.95040585361794, 0.041810296523258295, 2.75994667453842, -2.0337530011591465, -1.8933779284144043, -0.11146282804886587, -1.3046507561028051, 6.332226876680073, -5.666065178893552, 0.5522438612237515, -4.01257901456267, -3.6080407687775318, 1.8523328910085286, -0.6626188648414053], [2.7232491505057164, -2.3026038569459573, 3.7211458581610843, 0.21506302055921356, -2.994745392941641, 3.4965995982676326, -1.089504703785925, 7.007330496327799, 1.199079601806098, 1.6835128083439188, -4.264305435827229, -4.094014671800235, -2.2586435358583175, 3.5491318289219453, 0.06465038439510074, -2.5082638686507117], [0.7080444095365437, 2.405172602494558, -3.13380433481797, -1.2943558514284992, -3.708263952423989, -5.064273353326035, -0.7943985142008096, -0.039769914541381235, -2.079976688080502, -0.35202601016333807, -2.712042522612487, 0.33310506673234475, 4.283116125056755, 4.246134172786676, -2.3268700167036807, -1.7630874325139434], [-0.509491918690492, 2.2635714800009845, -2.12848418969111, -2.393677109097406, 4.107041239840385, 2.4627971543720975, -1.6123318524623738, 2.9602775454484647, -2.298118747216985, -1.4745223733930364, 4.776417887200254, -2.40826673439978, -4.453263693294293, 1.8290755986585305, -0.6403588919371738, -0.9622732689531497], [1.7903008617748553, 3.2668289359984555, 8.339601502562815, 1.8343600712443202, -0.24552165593481845, 3.695511710671352, 0.27269068776173544, -1.712351493749591, -4.135256521890136, -0.8611261706923553, 2.3765843715652224, 3.8957246123662257, 0.6743132409950474, 0.720510573217165, -4.291033405824888, -4.038647909367248], [1.0424452272550508, 3.9016137075850486, 1.9089786916592513, 4.356311876585482, 1.1183884186953534, 0.05404275812404663, -0.5575706559847556, -4.053321198585908, -0.4599937667233032, -3.7167736316095965, 4.020723487758878, -2.326878113040953, -0.5976837021655387, -8.362056395725928, -0.41668327076810335, 1.0343277512270537], [-3.559530111751614, 0.9046862913893359, -1.2594900759135963, 3.3505341735958436, 2.8413897578534324, 7.339373731923899, -3.649778250892411, 1.1379740256133162, 2.340361404760914, -2.7631944401109374, -4.6213088951792045, 4.44925405983372, -1.0057486881430568, -6.71413876774509, 9.632678472692808, 3.3310290389762867], [-3.9642153457695266, 4.57052888549095, -0.48711166451699506, -0.5592207475697508, -0.8011549204915256, 2.205978111677445, 0.2133152467772078, -8.156648745435712, 1.4403223072508797, -0.05089789363855757, -0.7803456021052487, -1.4503117019404446, 1.5302288246953342, -2.536392550696516, -1.0694167539429997, 1.6079901626875581], [-3.969763141594773, 2.0905270949199783, -0.32467268223416745, -2.9398408990116285, -1.410093722181117, -6.9997067392361165, 2.3726332461099986, 1.260587330578894, 2.2878446251941025, -0.6700009259368547, -1.8054998253810033, -1.8061764809374758, -4.7526822741530825, 1.3492344341256115, -2.6090304460468676, -0.36204413650945283], [-1.2231778065311398, -0.06930147420941402, 4.128480883296433, -4.4552423676354405, -2.038392071107781, -0.6174577401350043, 0.6200707986731084, 3.2735769223769813, -3.1601364065899444, -2.948475616814755, 0.0405149323754348, -2.3030077176758423, -0.16371845777376737, -0.844644790956542, 6.9522530485893395, -2.243532266733795], [1.3606170668214588, -1.6241763350890386, -6.514220776369182, 0.47794457480298835, -5.920132460946335, 2.3835180676346117, -1.0047934228496995, -5.334539409866217, 0.44319460958687207, -1.8048275504965325, -3.0471558298239536, -1.8275658526073313, -0.07916656548783874, -1.5096957780235136, -6.366037065943273, 5.372997470122142], [2.335771372876845, 2.3048573178870146, -3.867217828244187, 1.1735132791416958, 0.18028909890182865, -1.5192208377894276, -1.616826964166139, -1.4889951112696087, -7.024459617590214, 2.195919753671376, 2.3926815202764877, 2.000715404564767, 2.411343987750412, 0.997175120169044, -0.013929759909823036, 3.452707716237809], [2.3706687866273883, -3.13958967520985, -1.4597363852204754, 2.8237842449943953, 0.867664051634617, 2.6969268246005043, 3.52393133819841, 2.665448715790475, -0.3270554525282704, -1.9033636811245638, 4.439846976020159, 5.740200024407898, -1.951262410262708, 4.914763329289986, -2.1109080393605253, 0.30991849814979744], [-2.025801147134417, -2.3706939888584944, 0.5307314314147279, -8.21617701394727, 1.2492874537712968, -2.734395810958886, 4.844213653696803, 2.982015104794713, -1.7005128620863095, -2.2662295724134167, 1.566194261682994, 5.822366980119723, 0.1727153714516656, 0.8980269921940003, 1.0955870425511292, 0.8565977962903326], [0.5945015895552213, 1.8006341947464488, -1.2822981125830608, -3.0200573818855236, 1.4125901642606606, -0.5710133795195935, 1.7392819612604744, 2.073251760504269, 4.391585151814756, 5.248464946394264, -6.010029952348263, -2.200847002196104, 2.9895016951310063, -0.3344723758232637, 1.6271464324899239, 0.5196954959913395], [2.258764716345013, 4.129852878670663, 1.614690244619951, -2.48449041394737, -2.232667315500387, 4.07970547383324, 3.782559064155535, -0.39970179454485955, 0.46697251597626965, -0.668852245759185, 1.777973256434302, 0.8011021918407896, -0.4256867493348634, -1.630803260081837, 1.1493999609538301, 2.9887325038471944], [1.473562453584044, -2.235779262106095, 1.752641321827339, -3.470086241325466, -1.588522330587717, -3.1117794787128554, -1.2907771479786836, 2.1662612163116064, -2.2056221675375274, 5.476561523332718, -4.11273665628812, 0.01837870062465219, -1.2051924510423209, 0.7394831772343364, -1.4553854967853024, -4.877907198294728], [0.997179101445589, 3.3209507567294807, -0.8053123762429109, -0.0030330286720277044, 0.7511653848311941, -2.0712183545346927, 2.034681955823407, -2.624612117692085, -1.1291911665766101, 2.2117952439753115, 2.836944945005683, -0.8696311381362944, 3.6069638728644438, -0.8328964614175158, 3.566745389668997, 2.3565671329049325], [-4.208191013823355, 2.514527232029835, 0.6688746428022265, -1.3067743501520837, -2.448802157208635, 4.05136038433354, 0.7126069154939815, -5.185522972485808, -0.1333275578859725, 3.5941631363480155, 0.31029763847565417, -2.3111833420692904, 1.423532563383988, 4.46253630102625, 0.24805436167882877, 0.9037163148459045], [0.19993722733654218, 4.001203368775655, 1.119721854929867, -4.201160439277142, -0.724451210313964, 2.540714618234385, 2.9757287232719145, -1.9798766043365095, 0.4498569488256207, 1.5291812022872955, -0.46506370770323224, -1.845771994134584, 1.768202170893741, -2.008382947835183, 1.5912375774167293, 1.9161863600323121], [6.533351010931259, 2.1865975423086335, -2.3721401531761384, -5.3323352809887705, -0.7106613043265095, 1.6654550035159188, -0.584380614450474, -0.0019368065386243805, -0.20193811378989546, -3.398867141719467, -3.372876251474832, 1.53573854279557, 4.0639256256958385, 4.497484144580429, 1.9013170299427422, -1.7017904105207804], [-0.4276354639471631, -0.4953454958808067, -8.332297107148209, 0.6005024543917348, -0.23314665990389088, 4.163313887739049, -3.1711946382571004, -2.625285814029476, -1.6683118809615802, 2.2159531082645016, 1.1712590782595975, -3.6254092967655143, 1.2997657599804646, -0.4469430116784521, 5.581386078039463, 0.48513620349287245], [0.6099876548080039, 2.3811263239287443, -0.46798284518415545, 3.8534737797154217, 0.9011219039495925, 0.04955329329807645, -1.8395074923212413, 4.136789416816725, -1.074628640552927, 0.8886399303782062, -2.773298006427031, 2.541085471565431, 0.7456703953410629, 1.868662173066192, -1.3762396287525025, 5.411050520809373], [0.6385632941753158, 2.293567199797396, 3.939000960501276, -3.332087378394653, -1.6105428174927723, 3.516862418063329, 0.297559457112502, -2.4869622933340825, 2.138304117827101, -5.543169943236446, 4.7409718307796584, -4.521472273109259, -0.940710814786914, 0.23581329538648949, -0.440192262572222, -0.8886465799724043]],