{"generation": 185, "fitness": 140737489852188.78, "network": [{"layer": "dense", "input_size": 16, "output_size": 24, "weights": [[1.73960636179244, 2.7644997014127295, -6.9963150102233165, 2.9935682468594518, 3.0403192471179987, -0.9410044422438856, -0.26914354696465004, 0.13703424559821897, -1.8800628804427308, 5.65516967295621, 2.8040649965292177, 2.626592242939672, -0.054867249852790234, 5.112157981722671, -1.0202328786769472, 5.648149951704209], [-1.578838626014168, -6.104881072521379, 0.7362130255588725, 1.6935802052490394, 3.0598879167722095, 2.4507104356307123, -3.089190227587684, -3.178802484106425, -5.412362628325716, 1.0982737688832112, -6.73240320303919, 1.1484300023824274, -0.5087276266572216, 4.0667020307195845, 0.21495598362786578, 5.8259887911268695], [1.1585604330825685, 1.1607839881300894, -1.5364624161358735, -4.014621010771357, -3.470923694410585, 3.8575709129281552, 2.0543359121390896, 1.95895636990104, 0.7404801942233359, -0.8588510814205849, 5.017158483572478, -1.1840465292788684, -0.3139071615064881, -1.421147816903396, 5.602701526561697, -3.2649259705397373], [0.6474885510434729, 0.4812292959012405, 1.6475437671842683, -1.8417649627155326, 1.0371261387408466, -3.4274596625131544, 1.7301896467343267, 0.04109400380058492, 1.9535955860932726, -0.12326525239016939, -1.8330188465574353, 0.03192300836364326, -2.1962739445907022, -0.5345673140276713, -5.518651854956169, -5.691240224468177], [-0.8098748002504123, 2.7163947572516145, 2.6499913442555263, 4.4139787654166645, 3.4577699262911326, -1.866221651722803, 1.4675896208375718, -4.533905386269906, -2.0293705364716184, -1.403193881906807, 1.3954687977850737, -1.2794368623963048, -1.787787992561125, -3.9297605885397795, -0.9702602481469762, -4.455409914589831], [-5.878730260736932, 4.839156956370472, 3.894081007645339, 3.258635595716264, 3.0855316055806976, -2.954547273169439, 2.141340224367672, -5.308403548001675, -4.237650956829167, 4.081908101213963, -1.093603400085391, -2.1604834952699683, -2.7325627562817485, 1.5531296855765486, -0.26618196312376574, -2.8849727103995164], [1.856532906628151, -1.2331406252886412, 8.026855515913184, 0.4281584480236195, 1.7643217428059876, 1.145470280091595, -4.639314247170087, 0.16645587182999305, -0.7211841150954255, -6.062448427926671, -1.89913170449237, 0.8219640731153559, 0.46632141933601845, -5.724763423540438, 4.090086990476506, -1.3965494913946033], [2.961673076891781, -2.212205178564652, 2.18688084862808, -1.8365590101963072, -0.5243646749118547, 1.1045777103015857, 0.1987565884886594, -5.8948258191829055, -4.2753910345142145, 0.9986119283253344, 3.9478456066215646, 4.2579094662499894, 2.7892884820235153, -0.669135387196499, 1.0415023047815855, -2.8405663336152105], [-5.152660204680657, 0.058682559431869064, -0.03906395336912283, -1.8260417122862171, -2.172275436461584, 1.5451394357709258, -3.0795174411076904, -2.5607766068703666, 5.825852469276209, -0.32016060337818364, 1.093813605842136, -1.2045579027301343, -6.3436403732886255, 1.831681247444214, 1.503731828982385, -0.16592663619070064], [-1.2623353195419202, -0.6481990997570479, 1.6882310831879008, 4.486368900539788, -2.579555182124162, 1.7437863758471768, -3.394873910046345, -2.087677601758392, -0.25197970674036463, -3.8953993177480464, -1.7732650496979783, 1.389384348965651, 1.8472178859219646, -3.410446792158851, 0.06417693764540094, -1.4130947760898742], [-2.0742214773127188, 1.2010071748488682, -1.4479591269337833, -3.701955843005654, -0.013861301509114798, -0.22589279888011105, 3.200565827734673, -0.7498083426292597, -1.2065824259124838, 1.233046232348792, -2.779395688337217, 0.9193635856878665, -10.713679355812427, -1.2205332921654426, -1.1396575568768428, -5.503843607941023], [-2.151572283564411, 1.8685637838295985, 2.667946083342249, 3.2789720475414077, 3.137229181114227, -2.412365909767393, 1.176472417482601, 0.3963617006782637, -0.028597054007954648, -0.8636161535540461, 1.1633427420592415, -0.36329589987983946, 1.3417390151911675, -3.4403011782209254, 6.3766062723745165, 1.3504137188741763], [-5.582575622771915, 0.14838569394642187, 7.511951920209463, -0.8647238862794822, 1.3123370536086008, 0.2810382085702479, 1.0289880198754044, -0.60338721229773, 2.01180307563802, 3.807626855509586, 3.6850773881185357, 0.9139512323364294, -0.5923777746164607, -0.9115743883949686, 0.5831026531143272, -1.9275333141194888], [1.1792200209292956, -0.5148069681250701, 2.6030467377475883, -3.076756713521776, 3.140040205390847, -1.2902708321653937, 0.6846369189909068, -1.7650344761345325, -1.2960302017575802, -0.29752766186960855, -10.858152291488397, -2.0930770760028974, 2.9802471126068277, 2.7317979597695388, -0.19915467453452762, 2.8892642220657123], [-1.7735874778343628, 1.8123934117792464, 1.6600065615466737, 0.5936211886692422, -2.347963048096308, -5.694895837821123, 2.352960470186338, -0.05078829063984841, -1.4404970015620535, 0.0806794073032916, 6.592692896989459, 0.06527975993668776, 0.5165305211659883, -1.0675320700728141, -1.536518122347497, 1.6947692409004829], [8.349942433267943, -0.6068204242045454, -0.6637745980469744, -0.8181787498016989, 0.12484693483217357, -4.871792088693423, -2.7274794722826847, -1.2985013107713417, 3.0654606991195967, -4.214704067959573, -4.386653886148687, -0.08217696323509205, -6.359209422263504, 2.7941972647018303, 0.20756558097930544, 2.054988003892893], [4.487441643381683, 1.4426152688582672, -2.964042766982394, 1.325352174946968, 4.60764099554147, 0.45363032217777577, -2.3068485420233356, -5.692162509206413, -2.082201462662246, -3.4887704298304376, 1.180767710737666, -1.9895483366202085, 3.148625153234564, -2.6243180737526783, 2.870476822567043, 3.0102748369846246], [2.9830295799975173, 3.265389389160401, -0.9516805644521293, -1.277239622049378, -1.181762024700458, -2.7771522290440926, -2.183843490185673, -2.1699224017012377, -2.627721980463936, -2.286290670480899, -0.797172005732296, 4.215855367059032, -1.897874010450221, -0.2147503180064388, -1.7875374879389183, 1.2478647927256346], [-3.1851415479581418, -1.961020259260407, 4.2121075113917055, 1.5355807693915664, 3.3518203043131485, -0.07462881739346981, -4.810075642074196, 6.209736797003676, 0.4591263692604204, -1.1232172786326982, 2.337044949634972, 5.1658146378694045, -5.842210786060107, 0.3763736663677184, 2.7328063204278674, 2.5916111647481945], [4.305360658964979, 1.0840828100887392, -1.3802618092789893, 0.2694824690088119, 1.994124333400435, 0.5372932532056813, -0.5920266619292391, 3.5043703549408445, -5.013109375225884, -7.704019120638699, -1.8953884055127803, -0.24812755699330197, 5.82746412301161, 3.003421197736617, -2.18991240414045, -6.199414093290422], [0.6485833800156799, 1.1505300466778254, -0.48776512878465295, 5.062950195437775, -1.3585802825450324, 4.966427197434992, -1.00050317777752, -4.418173118962717, 1.9530537828800045, -1.6229930402371653, 0.8218097017410473, 2.2361377993393132, 0.37551514470110514, -0.0901682336333458, -1.1427798650465788, -0.14455385975632337], [0.5318644115942578, 1.7316799524039879, 2.9047542582543047, 0.15839503868741167, 0.6369994349133814, 3.519839689619945, 3.92126652317779, 1.6856185269958845, 0.5996668782147649, 1.2703900723364843, 2.512895185457128, -2.3701649647195073, -2.1220366521487395, -4.465144541105734, -1.167566535769784, -0.014440904667519572], [3.5987738302766217, 0.666283039083037, -1.2597017321092432, 3.427428304828604, -2.740353149441691, 4.284712700601036, 2.114439726397449, 0.8852751915603416, -0.6004373322621395, 3.0613965406827406, -1.5803016750549617, -2.89083931435573, 2.4799651598919383, -0.0735647668530407, 0.3529343853574949, -3.8001589171523187], [-2.0255639765738738, 3.1622804990056506, -1.829366520438889, 1.7612564410318852, -1.0965340431342436, -4.035938710664225, 2.5678655135436026, -3.3114519227436174, 1.6459769724454647, -2.948274327474673, -0.027764666026349194, -1.3744334917050332, 6.538749204445966, -0.45817838832686764, -2.4107680714926367, -0.604552994673176]],