{"generation": 191, "fitness": 34360568283.81704, "network": [{"layer": "dense", "input_size": 16, "output_size": 24, "weights": [[0.16013133325664075, 4.1623309927157885, -4.260223104735961, 0.0019400263541070745, 1.9396827971754704, -2.0337530011591465, -2.564025085667342, -0.11146282804886587, -2.7922044162416326, 7.683341296810962, -5.098394022782014, -0.4910475390047932, -3.9364707204987597, -3.8910122869401076, 2.1018250801061837, -2.6912818785476116], [2.9278696157649247, -3.0629890062872436, 1.3500101124953798, -1.9589747645186195, -3.093889879018368, 3.4965995982676326, -0.027041236496230414, 7.007330496327799, 0.05210283096314283, 1.6835128083439188, -4.264305435827229, -3.5127728867297003, -3.0662001349841796, 3.5491318289219453, -0.6028261875478342, -2.5082638686507117], [0.7080444095365437, 5.319227785458486, -3.13380433481797, -1.2943558514284992, -3.708263952423989, -5.064273353326035, -2.371962916765571, 0.6179090326541499, -2.079976688080502, -0.35202601016333807, -1.5944679152986414, 0.578781255522367, 4.283116125056755, 7.006359305722276, -2.1411541513142813, -0.9577681582112053], [-0.509491918690492, 2.2635714800009845, -0.8624423373766812, -2.7982183240683085, 4.806196007114687, 1.910675750285085, -1.6123318524623738, 2.027807948190862, -3.315120574221325, -0.6885513980572356, 4.776417887200254, -2.5470025640691443, -5.660417886028514, 2.4160395227916416, -0.6403588919371738, -0.9622732689531497], [1.7903008617748553, 3.525666224379043, 8.339601502562815, -0.5653819381849372, -0.2193508083596314, 3.695511710671352, 1.601019137730086, -1.712351493749591, -2.954252631925791, -2.8295891432914484, 0.8362370574386333, 3.8957246123662257, 0.6743132409950474, 0.720510573217165, -1.635176159454033, -4.038647909367248], [1.0903536676171917, 3.9016137075850486, 1.9089786916592513, 4.971969908839546, 1.2299613282068418, 0.05404275812404663, 0.055382639584701354, -4.053321198585908, -0.4599937667233032, -3.8489843547481346, 4.020723487758878, -2.326878113040953, -0.5976837021655387, -7.656700658043296, 1.6143635595242345, 1.0343277512270537], [-3.559530111751614, 2.8198186839546233, -2.7765575712541115, 3.5281496613253065, 2.8413897578534324, 7.339373731923899, -3.649778250892411, 1.1379740256133162, 1.1945520551245414, -2.7631944401109374, -4.7039813067330245, 4.8194018029826164, -1.9025512847648682, -8.28195336740333, 9.632678472692808, 3.3310290389762867], [-4.305901752407409, 3.7568266596167765, -0.48711166451699506, 2.231552489119627, -0.5762631168439781, 2.205978111677445, 0.2133152467772078, -6.23700412199772, 1.39959877218589, -0.05089789363855757, -0.7803456021052487, -0.8806347839515074, 0.17632963414843694, -2.4306678854219306, -1.0694167539429997, 1.184509117853382], [-3.969763141594773, 2.714669468178499, -0.7171550472190801, -2.8479189083998944, -1.0426826563690381, -6.9997067392361165, 3.4949564933811788, -0.013004073486834411, 2.206346790621147, -3.291763725000816, -1.8054998253810033, -1.8061764809374758, -3.2491452889011616, 0.7364544220393354, -3.262373253069549, -1.4655103826578215], [-1.4517156499417498, -0.06930147420941402, 4.128480883296433, -4.739953875690425, -2.038392071107781, -0.6174577401350043, 2.5061254306363976, 2.194415329717581, -4.144551128305721, -4.284438048271067, -0.547221166413699, -2.3030077176758423, 0.6094127727266284, -1.5469288956943776, 6.6340120791587065, -2.8839975065401036], [1.3079448681342054, -1.3678856015693244, -4.4087113005393, 0.6389988567331925, -5.920132460946335, 1.5279196686522756, -1.269836308303129, -4.702715939577352, 0.44319460958687207, -0.3963691020536002, -2.3198711377545473, -3.1805021363248835, -0.07916656548783874, -1.5096957780235136, -5.398466006330847, 5.372997470122142], [2.335771372876845, 1.8454612014098057, -3.867217828244187, 2.449749546152055, 0.3118163260954173, -1.5192208377894276, -4.563048245039148, -1.4889951112696087, -8.045249071812071, 2.195919753671376, 2.3926815202764877, 3.3673936045052413, 2.208313783062299, 0.997175120169044, -0.7907081395106953, 2.7201211238771505], [2.3706687866273883, -1.597945088730015, -3.14066908964794, 3.103984559340146, -2.0983843726417852, 1.679972664544984, 1.8479330305285409, 2.665448715790475, 2.569497294650412, -1.9033636811245638, 3.452391715623386, 5.563434196637183, -3.4787536430788513, 6.709632617707445, -2.1109080393605253, 1.0329627711547231], [-1.7714953652171812, -3.7613930229027797, 0.7801717935623357, -6.706529292750936, 1.449053215501996, -1.7944538753865924, 4.8514094824959795, 2.982015104794713, -1.7005128620863095, -2.2662295724134167, 1.566194261682994, 6.58169610574423, 0.30580261011087606, 0.8980269921940003, 3.684871585137497, 0.8565977962903326], [0.5945015895552213, 1.8006341947464488, 0.26017978809561, -3.0200573818855236, 2.1614281834729363, -0.5710133795195935, 1.7392819612604744, 1.1929646129995186, 4.71930193449745, 2.8039119566920934, -6.010029952348263, -2.200847002196104, 2.9895016951310063, -0.3344723758232637, 0.8336411429232884, 0.5196954959913395], [3.6470114467802515, 2.452903463217749, 1.148513191939597, -3.8552089284751943, -1.430110826858995, 3.8063540976325765, 4.516539502771591, -0.34612045717687046, 1.260453663923259, -1.4120371703328911, 1.777973256434302, 0.39720026990210755, -0.6619225676647895, -1.630803260081837, 1.1493999609538301, 3.712529424017524], [-0.21261187270409643, -2.235779262106095, 3.858975083336749, -3.341464787161146, 0.416675472867987, -1.238884530123105, -0.15959936218643267, 3.102653238242895, -2.2056221675375274, 5.3639541940995805, -2.9087635169466655, 0.6574838818334837, -0.3600394512819959, 1.539554656969412, -3.120624269667133, -6.884969904326697], [0.997179101445589, 1.7985738350576326, -0.8053123762429109, 0.5171529926700187, 0.05072807728786355, -2.0712183545346927, 2.034681955823407, -1.6708450219488, -1.1291911665766101, 2.2117952439753115, 2.836944945005683, -0.919131406299409, 3.165305567255445, -0.8328964614175158, 5.896076573539371, 2.3565671329049325], [-4.208191013823355, 3.1149200228381013, -0.2983168760125432, 0.9572116644007614, -3.2059626094592164, 4.05136038433354, 0.7126069154939815, -5.185522972485808, -0.1333275578859725, 4.337255575750241, 0.12578328028904875, -0.7330676487193062, 1.7031297778750683, 4.46253630102625, 0.24805436167882877, 0.19442616750863018], [0.19993722733654218, 4.001203368775655, 2.6082481471156043, -4.201160439277142, -0.724451210313964, 2.2523324069469792, 4.438804068730562, -3.403608602527241, 2.3775979850402975, 1.1541716073738906, -1.2805254974462974, -1.845771994134584, 2.391496994950233, -2.008382947835183, 1.5912375774167293, 1.9161863600323121], [6.821935493034592, 2.1865975423086335, -1.4407237522743839, -3.7447119376886864, -0.7106613043265095, 1.7973475030448056, -1.7758522741789875, 0.9556658218942039, -1.3878437201179588, -3.6407952076420402, -4.410835532324827, 1.53573854279557, 3.1363863321857206, 3.5373237615692292, 1.0755271892064386, -2.8473258726684145], [-3.1178884150894106, -1.578503470610595, -8.828518938277137, 0.6005024543917348, 0.1129489541355993, 4.163313887739049, -3.1711946382571004, 1.7999595255834397, -0.8133829754014328, 1.1378502248013231, 1.1712590782595975, -3.2207997400298485, 2.5630195871813832, -0.6288510837961354, 5.572318840573881, 0.004062229649454074], [0.12466954735087948, 2.3811263239287443, -0.46798284518415545, 2.4815077241194468, 0.9011219039495925, -0.2676781378823976, -3.3618682186557094, 3.432761070233549, -1.074628640552927, 0.6988359983575321, -0.03933348792047686, 1.7367740927714062, 1.6576123577973711, 1.868662173066192, -1.3762396287525025, 6.144480583570482], [0.6385632941753158, 2.2208022992071172, 3.939000960501276, -3.6406918691037946, -0.8003957340365023, 3.516862418063329, 0.297559457112502, -2.4869622933340825, 2.138304117827101, -5.957621657774579, 4.7409718307796584, -4.521472273109259, -1.6408365753290255, 0.8795233839760483, -1.1246647581325515, -0.8886465799724043]],