{"generation": 197, "fitness": 549756851529.6157, "network": [{"layer": "dense", "input_size": 16, "output_size": 24, "weights": [[0.16013133325664075, 4.1623309927157885, -2.7798320066325335, 0.0019400263541070745, 1.9396827971754704, -4.328829284036135, -1.8933779284144043, -1.5280379945895175, -2.906481711073505, 7.939985731160786, -5.96250985979073, -0.4910475390047932, -3.9364707204987597, -4.054593041769964, 1.622541204340835, -2.6912818785476116], [2.7232491505057164, -0.6853611624270751, 1.3146141592689233, -0.7853717893175857, -4.738093553139011, 3.4965995982676326, 1.2509449068946132, 7.9216222611207225, 0.05210283096314283, 1.6835128083439188, -3.2420311063728704, -3.5127728867297003, -3.0662001349841796, 3.5491318289219453, -0.6028261875478342, -3.1923692348984334], [0.7080444095365437, 4.980738775489268, -3.13380433481797, -1.2943558514284992, -3.708263952423989, -5.064273353326035, -2.371962916765571, 4.012886457114728, -2.079976688080502, -0.35202601016333807, -1.238039267266596, 0.33310506673234475, 4.283116125056755, 7.006359305722276, -2.1411541513142813, -0.9577681582112053], [-1.9609976372169688, 2.2635714800009845, -2.12848418969111, -2.7982183240683085, 4.806196007114687, 3.7114832749040287, -1.6123318524623738, 1.6962728755123109, -1.6621356736260844, -0.7978764996299894, 4.517575050896953, -2.5470025640691443, -5.660417886028514, 2.4160395227916416, -0.582421541979638, -0.9622732689531497], [2.0662147216431834, 3.525666224379043, 8.339601502562815, -0.2872703466358165, -1.451826277754542, 4.426748791305998, 1.601019137730086, -1.712351493749591, -4.135256521890136, -2.230706169385339, 0.8362370574386333, 3.8957246123662257, 0.6743132409950474, 0.720510573217165, -4.040247478729744, -4.038647909367248], [1.0903536676171917, 3.057771278154209, 1.6446924103539917, 4.678435483069308, 1.2299613282068418, 1.3571093565321097, -1.7414876922921128, -3.2005591671168268, -0.4599937667233032, -3.8489843547481346, 2.912981539463604, -2.326878113040953, -0.5976837021655387, -7.656700658043296, -0.41668327076810335, 1.0343277512270537], [-3.7402509398270496, 2.8198186839546233, -4.3405879142165364, 3.5281496613253065, 2.8413897578534324, 8.802659628167739, -3.649778250892411, 1.1379740256133162, 1.1945520551245414, -2.7631944401109374, -2.7775862514661522, 5.159823610765615, -1.9025512847648682, -6.71413876774509, 9.632678472692808, 3.3310290389762867], [-4.305901752407409, 4.877442326553693, -0.48711166451699506, 2.231552489119627, -0.8011549204915256, 2.205978111677445, 0.2133152467772078, -6.114944216158483, 1.4403223072508797, -0.05089789363855757, -1.8747906773484946, -0.8806347839515074, -1.475723112013712, -0.1485792847440961, -2.0442857924399442, 1.184509117853382], [-3.969763141594773, 4.374160691469141, -1.0031559271155857, -2.9398408990116285, -1.0426826563690381, -7.93697126791771, 2.3726332461099986, -0.013004073486834411, 2.206346790621147, -3.291763725000816, -1.5814387508655554, -1.8061764809374758, -2.69943035877802, 1.4612050123794735, -3.262373253069549, 1.0839520436795793], [-1.4517156499417498, -0.06930147420941402, 5.309503932336179, -4.4552423676354405, -2.454206435610172, -0.6174577401350043, 3.0925123954035723, 2.194415329717581, -2.6707560496830083, -4.284438048271067, -1.3457297950640732, -3.170493059162774, 0.6094127727266284, -1.2619986390616003, 6.970291575271674, -2.9216141985144644], [1.3079448681342054, -1.4134108910066399, -4.4087113005393, 0.6389988567331925, -4.578006121273342, -0.7815637149713552, -1.269836308303129, -3.8535746331331135, 0.44319460958687207, -1.5431913171051495, -2.3198711377545473, -3.309653139628175, -0.7666512203056199, -1.5096957780235136, -5.398466006330847, 7.305649590183118], [3.407387520521439, 1.8454612014098057, -3.867217828244187, 2.449749546152055, 0.3118163260954173, 0.428075253187419, -6.125997907389522, -1.8838961144469635, -7.024459617590214, 3.2198262883684396, 2.3926815202764877, 3.3673936045052413, 4.848623986505835, 4.075475425605576, -0.7907081395106953, 2.7201211238771505], [2.9072412547180706, -1.597945088730015, -3.272094269197878, 3.103984559340146, -2.0983843726417852, 1.9312801396834305, 1.8479330305285409, 2.665448715790475, 2.569497294650412, -4.076412028970801, 3.452391715623386, 5.740200024407898, -3.0585101764441824, 5.989152034367281, -1.8275922837214489, 1.5916297190309328], [-1.7714953652171812, -1.148418545716541, 0.7801717935623357, -8.21617701394727, 1.449053215501996, -0.9774567822574187, 4.570997475292367, 3.4078258829889387, -3.347179704654977, -2.2662295724134167, 3.001031182522321, 6.58169610574423, 0.30580261011087606, 0.8980269921940003, 1.2579304777249338, 0.8565977962903326], [0.5945015895552213, 1.8006341947464488, -0.9707681022717538, -2.8247031150011974, 2.1614281834729363, 0.6999765907532494, 1.7392819612604744, 1.5767083054541022, 4.71930193449745, 2.0387670275634404, -6.010029952348263, -2.403007356850382, 2.9895016951310063, -0.05168642305754462, 1.3917435337416546, 0.5196954959913395], [3.6470114467802515, 1.1734683824367498, 1.148513191939597, -2.48449041394737, -0.9402648300060599, 3.2818075559227182, 3.1516010195202115, -0.17141931935640684, 0.592491433561255, -1.4120371703328911, 1.777973256434302, 0.39720026990210755, -0.6619225676647895, -1.630803260081837, 1.1493999609538301, 4.316335055568775], [-0.21261187270409643, -2.235779262106095, 3.858975083336749, -3.341464787161146, -1.1191862792467044, -1.238884530123105, -0.7228707171414182, 3.102653238242895, -2.2999684513832803, 5.901569445223502, -3.647225720073667, 0.6574838818334837, -0.3600394512819959, 1.539554656969412, -3.120624269667133, -6.884969904326697], [0.997179101445589, 3.3209507567294807, -0.38740814382019967, 0.5981845525515987, 2.5910651922201886, -2.0712183545346927, 2.034681955823407, -1.6708450219488, -1.1291911665766101, 2.2117952439753115, 3.567146036930675, -0.919131406299409, 3.9482712486435045, -0.8328964614175158, 3.566745389668997, 1.9081332716993367], [-4.208191013823355, 3.1149200228381013, -0.2983168760125432, -0.07393928600971456, -2.448802157208635, 4.05136038433354, 0.7126069154939815, -4.716572788071484, 0.7717768120187599, 4.337255575750241, 0.31029763847565417, -0.7330676487193062, 1.423532563383988, 5.723559778895057, 0.25682899388254493, 0.5159201043600274], [0.19993722733654218, 4.001203368775655, 2.6082481471156043, -4.494427854472599, -0.724451210313964, 2.2523324069469792, 3.9936364306221552, -3.403608602527241, 2.3775979850402975, 1.5943315304348944, -1.2805254974462974, -1.845771994134584, 1.768202170893741, -2.008382947835183, 1.5912375774167293, 1.9161863600323121], [6.821935493034592, 2.1865975423086335, -2.352017217766508, -1.6177167701797353, -0.7106613043265095, 3.9078025989897323, -4.015454988139702, 0.3819857946412625, 0.9701996881158297, -3.6407952076420402, -4.384036604930704, 1.53573854279557, 3.690663771696685, 4.522518878262678, 1.5489450480576425, -2.8473258726684145], [-1.470620768834476, -1.578503470610595, -8.828518938277137, 0.6005024543917348, 0.1129489541355993, 3.4282839647517904, -3.1711946382571004, 0.8881156225438929, -1.5268594941720877, 0.3474359818722462, 1.0868441342799944, -3.2207997400298485, 1.832966450791679, -0.3840276088659538, 5.581386078039463, 2.0531285619180752], [0.12466954735087948, 2.3811263239287443, -0.46798284518415545, 2.4815077241194468, 0.8805889140313232, -0.2676781378823976, -3.3618682186557094, 4.579989250929673, -1.1842363305080887, 0.6988359983575321, 0.2956800389137436, 1.7367740927714062, 1.6576123577973711, 1.868662173066192, -1.3762396287525025, 5.468184880794289], [0.6385632941753158, 2.2208022992071172, 3.939000960501276, -2.775901912388404, -0.8003957340365023, 3.516862418063329, 0.297559457112502, -1.3418246710521855, 2.138304117827101, -5.711994176542335, 4.7409718307796584, -5.890221889615315, -1.6408365753290255, 1.1359443465645627, -1.1246647581325515, -1.9506451083718859]],