{"generation": 199, "fitness": 17592187348338.566, "network": [{"layer": "dense", "input_size": 16, "output_size": 24, "weights": [[1.73960636179244, 2.7644997014127295, -6.9963150102233165, 3.489790269072958, 2.8053923480729206, -0.9062961399776255, -0.26914354696465004, -0.029757163246303203, -1.8800628804427308, 5.65516967295621, 1.8570026161704918, 2.626592242939672, -0.054867249852790234, 3.0625111831450176, -0.2923693576612543, 5.119689855196286], [-1.1066458790594982, -6.104881072521379, 0.7362130255588725, 1.6935802052490394, 3.0598879167722095, 2.4507104356307123, -4.213098317502766, -3.178802484106425, -5.412362628325716, 1.0982737688832112, -7.888038288600397, 1.1484300023824274, -2.0397126434319937, 4.578468774966145, 0.42401192186036374, 5.704104198158335], [1.1585604330825685, 1.1607839881300894, -2.661605864969956, -6.321720292191798, -3.595387898240507, 4.0589620789220175, 2.0543359121390896, 2.2969707575197367, 3.4604836876522627, -1.4389754601546134, 5.017158483572478, -1.1840465292788684, -1.766140560859603, -1.421147816903396, 6.1651096986959235, -3.2649259705397373], [0.6474885510434729, 0.4812292959012405, 1.6475437671842683, -1.8417649627155326, 1.0371261387408466, -3.4274596625131544, 2.951702151851713, 0.31242079931847616, 1.1316109584746221, -0.12326525239016939, -3.0467201926646403, -1.2228019384647641, -2.1962739445907022, -0.5345673140276713, -5.518651854956169, -4.398946684679589], [-0.3815601841860067, 1.8289230843179165, 2.5254445700137764, 5.369435646435975, 3.4577699262911326, -2.2175428119211205, 1.0558766331479692, -5.526172474733447, -2.0293705364716184, -1.403193881906807, 1.3954687977850737, -3.347683021911363, -1.787787992561125, -3.9297605885397795, 0.8239889627602064, -4.455409914589831], [-5.789530209677326, 4.839156956370472, 3.894081007645339, 3.0640945307220826, 3.0855316055806976, -2.0023767409061306, 2.440855587174337, -6.614617868054896, -4.237650956829167, 3.9163999987414475, 0.13814532083110787, -3.3767346688312827, -3.248866757178785, 1.5531296855765486, -0.26618196312376574, -2.8849727103995164], [1.856532906628151, -1.2331406252886412, 7.626330007367074, 0.4281584480236195, 2.1623155436682615, 1.250593175002141, -4.639314247170087, 0.009350596826568303, -0.7211841150954255, -5.886956281476309, -1.89913170449237, 0.7924882613147057, -0.19302537799479413, -5.724763423540438, 4.090086990476506, -2.4558385009246306], [2.961673076891781, -2.212205178564652, 1.8636805176790467, -0.63405992907665, -1.5746325579201992, 0.5420443816256187, -0.1775054712776502, -5.311251971261389, -4.2753910345142145, 1.8748338071182435, 3.9478456066215646, 4.2579094662499894, 0.8587718179732149, -0.669135387196499, 1.0415023047815855, -1.9567614472123167], [-5.152660204680657, 0.8582792144640996, -0.03906395336912283, -1.8260417122862171, -2.172275436461584, -0.022084443448723068, -3.0795174411076904, -2.5607766068703666, 4.7990642265303105, 0.8123078454918948, 1.093813605842136, -1.2045579027301343, -6.3436403732886255, 1.831681247444214, 1.8346573507233885, -0.16592663619070064], [-1.2623353195419202, 0.7117109072823886, 0.8094833223504649, 4.0074911481774835, -2.579555182124162, 1.7808271074231712, -4.298522981151582, -3.437204994611605, -0.3417324604437394, -2.1551369199432404, -1.7732650496979783, 1.389384348965651, 2.31515791554639, -3.410446792158851, 0.06417693764540094, -0.04455195873641277], [-2.0742214773127188, 0.8754587436195775, -1.4479591269337833, -3.701955843005654, -0.013861301509114798, 0.17574671662329439, 3.200565827734673, -0.7498083426292597, -1.2065824259124838, 1.233046232348792, -2.779395688337217, 0.9193635856878665, -10.165133599382857, -1.2205332921654426, -1.1396575568768428, -3.8679701897363845], [-2.151572283564411, 2.5156491512127497, 2.667946083342249, 3.2789720475414077, 3.24678129872336, -3.25974888575427, 1.176472417482601, 0.3963617006782637, 0.21150171807236706, -1.1490074123627623, 1.1633427420592415, 0.9533130944572521, 1.3417390151911675, -4.494947621679206, 6.378540913825158, 3.8089194455914877], [-6.130333087320651, 0.14838569394642187, 7.511951920209463, -0.40300841699338746, -1.3041465827909358, 0.2810382085702479, 1.8104112411996265, 2.2169357792053637, 2.01180307563802, 3.807626855509586, 3.6850773881185357, 1.1426198096963438, 0.6767114379699011, 1.4190273996117502, 0.09387485458664312, -2.835603050214627], [1.166364581475384, -0.4219061561963071, 2.6030467377475883, -3.076756713521776, 2.5223295164734996, -2.1057172080023143, 0.6846369189909068, -1.7650344761345325, -0.9639316589157491, 0.5128740615282261, -10.91486700333615, -0.24728177236969828, 2.9802471126068277, 1.2939119950485503, -0.19915467453452762, 5.6821504708247375], [-1.8979909440838156, 1.658335189681425, 1.6600065615466737, 0.5936211886692422, -2.347963048096308, -5.694895837821123, 2.352960470186338, -0.05078829063984841, -2.2208131493728382, -0.38781895434027047, 6.592692896989459, 0.06527975993668776, 0.5165305211659883, 0.40476258177326474, -0.8910365618725693, 1.5665712877920326], [8.196671195884196, -0.6068204242045454, -0.6637745980469744, -0.4436812213078811, 2.42596451063534, -3.9126269938218234, -2.7274794722826847, -1.2985013107713417, 3.0654606991195967, -4.214704067959573, -5.108770212249188, -0.7325128802982778, -6.359209422263504, 2.9635562918756104, 0.20756558097930544, 2.054988003892893], [2.9229234662501993, 1.4426152688582672, -2.964042766982394, 1.325352174946968, 4.742850060390672, 0.45363032217777577, -2.9424048374763174, -7.407163919782756, -0.7074646409878687, -3.7490265590390592, -0.7094281793514456, -1.9895483366202085, 3.248694264977642, -2.6243180737526783, 2.870476822567043, 5.14356285730368], [4.115632010307889, 3.265389389160401, -0.9516805644521293, -4.360109998172801, -1.181762024700458, -1.3463950243705671, -0.8209125951268936, -3.2526103471009478, -2.627721980463936, -2.3950255741982915, -1.6845049033084174, 5.260913376596381, -3.0952419557124236, -0.2147503180064388, -4.139982190434819, 1.7299916211912933], [-3.1851415479581418, -1.961020259260407, 3.2137368700652362, 1.5355807693915664, 3.9896224750169083, -0.07462881739346981, -4.810075642074196, 6.7471537618122825, 1.1757050983485013, -1.1232172786326982, 2.1740822066272663, 4.851459077155053, -3.0883493334647323, 1.0230377410847467, 2.7328063204278674, 3.284928039312387], [4.305360658964979, 0.23188560684703569, -1.3802618092789893, 0.2694824690088119, 2.407115911316935, 0.018396058458992837, -0.7694194396703322, 3.5043703549408445, -5.013109375225884, -7.704019120638699, -3.76555445706629, 0.08069186816110929, 5.782303758124099, 3.003421197736617, -1.713215960481395, -6.849536248260774], [0.6485833800156799, 1.1505300466778254, 1.3976729061234798, 5.434869726360487, 2.738057963522348, 4.054310598548536, -1.00050317777752, -2.793659158960933, 2.1415253521236766, -0.13269780932329556, 0.8218097017410473, 0.26025220980005603, 0.37551514470110514, 1.3067095131466804, 0.9455225805747287, -0.7524138540979094], [1.5791604617662252, 2.7984533688214093, 2.9047542582543047, 0.4083453224660418, 0.6369994349133814, 3.519839689619945, 3.92126652317779, 1.2916090974801113, 2.5197753883241027, -0.8138126795727967, 2.3920950806898396, -1.6106887866592834, -2.1220366521487395, -4.465144541105734, -1.5412116638816955, -0.6520704254473141], [3.5987738302766217, 1.789756898033614, -1.7343822451714799, 3.427428304828604, -5.03977232167851, 2.232529164274229, 2.114439726397449, 1.8496395207765695, -0.6004373322621395, 2.40103051519539, -1.5803016750549617, -2.257304535271258, 3.6224879801955314, -0.6326613624976702, -0.2684226238431071, -4.055175121017934], [-2.0263903957517178, 1.923449858158383, -1.829366520438889, 2.623233285502383, -0.8627457987966549, -3.837862340841695, 2.5678655135436026, -3.3114519227436174, 1.6459769724454647, -2.6610042587694114, -0.027764666026349194, -1.82655548936455, 5.777553684012554, -0.11292401989174539, -2.4107680714926367, -0.604552994673176]],