{"generation": 204, "fitness": 17592187355252.168, "network": [{"layer": "dense", "input_size": 16, "output_size": 24, "weights": [[1.73960636179244, 2.7644997014127295, -6.9963150102233165, 3.4498366287114695, 2.5702402056692524, -0.9062961399776255, 0.17587031881933224, -0.887959674492599, -1.8800628804427308, 6.3558309606085235, 1.8570026161704918, 2.626592242939672, -0.054867249852790234, 3.0625111831450176, -1.0139660952368925, 5.119689855196286], [-1.1066458790594982, -6.104881072521379, -0.18389249776691785, 1.6935802052490394, 3.0598879167722095, 2.4507104356307123, -2.885943599370619, -3.178802484106425, -4.939055388427755, 0.3303542340334381, -7.888038288600397, 1.1484300023824274, -2.0397126434319937, 4.578468774966145, 0.42401192186036374, 5.704104198158335], [0.508172903361563, 1.230722076817406, -2.210596860696458, -5.592312836014894, -4.539492872513176, 3.084258412465273, 4.683783198107789, 2.2969707575197367, 1.4936061072899869, -0.8355518003425516, 5.017158483572478, -1.1840465292788684, -1.766140560859603, -1.421147816903396, 6.1651096986959235, -3.2649259705397373], [0.6474885510434729, 0.4812292959012405, 1.6475437671842683, -1.8417649627155326, 2.0137082553636696, -3.8450408919947643, 2.951702151851713, 0.31242079931847616, 1.1316109584746221, -0.12326525239016939, -3.496237172386623, -0.3346528969781114, -2.1962739445907022, -0.5345673140276713, -5.518651854956169, -4.398946684679589], [-0.3815601841860067, 1.8412633960846456, 3.576511911041242, 5.369435646435975, 3.3672609806257947, -2.8184570451663515, 2.9564484494343533, -5.526172474733447, -2.0293705364716184, -4.213946325872112, 1.3954687977850737, -1.1979962010211929, -1.787787992561125, -3.9297605885397795, 0.9059719519008236, -3.7195175523868125], [-5.789530209677326, 4.839156956370472, 2.6773570137112905, 3.0640945307220826, 0.9478785002003809, -2.0023767409061306, 2.440855587174337, -6.614617868054896, -4.237650956829167, 2.281887582293439, 1.3043263684884778, -2.1604834952699683, -3.248866757178785, 2.9426484108123248, -0.26618196312376574, -2.8849727103995164], [1.4301956266438929, -1.2331406252886412, 7.626330007367074, -0.5371738662631937, 2.1623155436682615, 0.68275560010939, -4.639314247170087, 0.009350596826568303, -0.7211841150954255, -5.886956281476309, -2.2065749703274804, -0.3233360870517521, 0.08131611470370242, -5.724763423540438, 3.8584120863707443, -2.476096809493029], [2.961673076891781, -3.9079879491895917, 1.8636805176790467, -3.7817007650092758, -2.071156993237722, 0.5420443816256187, -0.1775054712776502, -5.518699622092248, -4.2753910345142145, 1.8748338071182435, 3.9478456066215646, 2.7157383490416427, -0.3378118923834619, -0.669135387196499, 1.0415023047815855, -2.309321620765613], [-5.152660204680657, 0.8582792144640996, -0.3023583849977226, -1.0238936682137654, -2.172275436461584, 0.007261919033637591, -4.147215266648647, -3.229869211752435, 4.7990642265303105, 0.8123078454918948, 1.093813605842136, -1.2045579027301343, -6.3436403732886255, 1.831681247444214, 1.8346573507233885, -0.9278788111542915], [-1.2623353195419202, 0.7117109072823886, -0.4593103505396563, 3.2756383395465463, -2.579555182124162, 5.279907936733224, -4.298522981151582, -3.437204994611605, -0.3417324604437394, -2.1551369199432404, -1.7732650496979783, 2.2830988465105646, 1.6499692818921274, -2.917333165327765, -0.941771728921946, -0.04455195873641277], [-2.0742214773127188, 0.8754587436195775, -1.1362708165661493, -3.701955843005654, 0.578908592675733, 0.17574671662329439, 3.200565827734673, -0.31969705810485183, -1.2065824259124838, 1.233046232348792, -2.8457238557903803, 0.9193635856878665, -10.165133599382857, -1.2205332921654426, -1.1396575568768428, -3.3177459498591992], [-1.917195577223791, 3.58812622961613, 2.667946083342249, 3.2789720475414077, 3.957162263515765, -3.25974888575427, 1.2688801278610313, 0.3963617006782637, -0.028597054007954648, -0.8252748619966334, 1.1633427420592415, 0.9533130944572521, 2.4322225531832804, -5.0623026952941474, 6.378540913825158, 3.8089194455914877], [-5.371204388266137, -1.6164563498860212, 7.511951920209463, -0.8647238862794822, -1.3041465827909358, 0.2649959771416333, 1.8104112411996265, 2.2169357792053637, 2.982428518287129, 3.807626855509586, 5.320968805749793, 1.1426198096963438, 0.6767114379699011, 1.4190273996117502, 0.6872503520141932, -3.824297638114825], [1.166364581475384, -0.7969118138234423, 2.6030467377475883, -3.076756713521776, 2.5223295164734996, -3.3214826121333663, 0.6846369189909068, -1.7650344761345325, -1.2960302017575802, 0.5128740615282261, -9.893022936280774, 0.5457745029539642, 1.7769057228807952, 1.0536409124106019, -1.1297674989782172, 5.6821504708247375], [-2.9545707506543364, 1.5464295066351827, 1.6600065615466737, 0.5936211886692422, -2.150266644263168, -7.769943724662578, 2.352960470186338, 1.5210844944177437, -2.2208131493728382, 0.4570505582354536, 7.464221486489832, 0.06527975993668776, 0.5165305211659883, 0.40476258177326474, -0.8910365618725693, 1.5665712877920326], [8.218659686509183, -0.6068204242045454, 0.5870354985955766, -0.7949935305691285, 1.0011120483712734, -3.9126269938218234, -2.7274794722826847, -1.088118627633487, 3.0654606991195967, -4.214704067959573, -5.108770212249188, 0.6378465949822728, -4.507109720637121, 2.9635562918756104, -0.23844020822363476, 2.6947735167026297], [2.9229234662501993, 1.4426152688582672, -2.964042766982394, 1.325352174946968, 4.742850060390672, 0.45363032217777577, -3.6873261864266764, -7.407163919782756, -0.7074646409878687, -3.7490265590390592, -0.7094281793514456, -2.439108317336119, 2.9424508153464046, -1.625324597974056, 2.8625025750990374, 5.14356285730368], [4.115632010307889, 3.265389389160401, -0.5643128031307798, -2.624378792894464, -0.5964282387082984, -1.3463950243705671, -1.485680501888066, -3.2526103471009478, -4.309412284882736, -2.286290670480899, -1.914876703585829, 4.215855367059032, -3.0952419557124236, -0.09428548769336714, -4.139982190434819, 1.7299916211912933], [-3.1851415479581418, -1.961020259260407, 3.2137368700652362, 0.5296276586767101, 3.9896224750169083, -0.07462881739346981, -4.810075642074196, 6.7471537618122825, 2.3070778495890116, -1.1232172786326982, 1.7216640725838097, 4.851459077155053, -3.0883493334647323, 1.0230377410847467, 2.7328063204278674, 3.284928039312387], [4.305360658964979, 0.49307603265672145, -1.1884823639056397, 0.2694824690088119, 1.5841903848266068, 0.018396058458992837, -0.7694194396703322, 3.5043703549408445, -3.009197578570734, -7.704019120638699, -3.2286518105737176, -0.24812755699330197, 5.8431689997628204, 3.003421197736617, -1.713215960481395, -6.849536248260774], [0.6572742081173937, 1.1505300466778254, 1.255032005636402, 6.003740691963504, -0.15121299568204274, 5.53208307301793, -1.00050317777752, -2.793659158960933, 2.8507264720731076, -1.6229930402371653, 0.8218097017410473, 0.7557605601467198, 0.37551514470110514, 1.3067095131466804, 0.9455225805747287, -0.14455385975632337], [0.5318644115942578, 2.7984533688214093, 2.9047542582543047, 1.2514721111162093, -0.4591952008530229, 3.2350093195104783, 3.92126652317779, 1.6856185269958845, 2.5197753883241027, -0.8138126795727967, 1.6646894704863895, -1.6106887866592834, -2.1220366521487395, -4.239118751395964, -1.5412116638816955, -1.3767167518919363], [2.0785451668585897, 1.059926567810665, -1.7343822451714799, 2.450519338606352, -5.626337368173027, 3.0714914262726407, 2.114439726397449, 1.8496395207765695, -0.6004373322621395, 2.7232411960614904, -1.5803016750549617, -2.257304535271258, 2.4059848878292547, -0.6326613624976702, 2.6951729845116126, -4.055175121017934], [-1.1902985748783312, 2.1662542054219784, -1.829366520438889, 1.3288956328030181, -0.8627457987966549, -3.430168419211846, 2.5678655135436026, -3.3114519227436174, 1.6459769724454647, -2.6610042587694114, -0.027764666026349194, -1.9658171410380747, 5.777553684012554, -0.45817838832686764, -1.87955081940303, -0.604552994673176]],