{"generation": 208, "fitness": 34360545442.38529, "network": [{"layer": "dense", "input_size": 16, "output_size": 24, "weights": [[0.5961533331528079, 4.2547250521881175, -4.217433181274779, -0.4632652928972897, 1.9396827971754704, -3.0637155521353954, -0.885993768539773, 0.3087202156816876, -2.1979793434532455, 8.623180964291866, -6.336943463034617, -0.7044515851891245, -1.022746748278068, -2.7420967520486244, 2.271963058204032, -1.8932602284112277], [2.9520270052696835, -3.5724384881743534, 1.3500101124953798, -1.766512595075671, -2.5212433066289988, 3.4965995982676326, -0.027041236496230414, 7.62249555088623, 0.05210283096314283, 1.6835128083439188, -3.4709447969688547, -3.2851779475118406, -0.3234710111255934, 3.5491318289219453, -2.433233798056847, -2.8822427258701957], [0.16104107705549608, 4.980738775489268, -3.13380433481797, -1.2943558514284992, -2.3677379992036336, -4.81522127774695, -1.69081508870736, 1.83442108825541, -2.079976688080502, 0.817674294308056, -1.3646886049218883, 2.2731411754421913, 4.683095509825484, 7.65908828360402, -3.0910891785270596, -0.9577681582112053], [-0.509491918690492, 2.2635714800009845, -0.4085614787229589, -2.778968633559572, 4.301501909290772, 3.988260485782737, -1.6123318524623738, 1.77633971732229, -3.6914850855557986, 0.36028414088654626, 3.3861954897704343, -3.9727185550568764, -4.295841602594969, 3.6553776410174263, -0.6403588919371738, -1.0495180566994495], [0.10859226972515446, 2.937048810922013, 8.339601502562815, 2.36754120751969, 0.8200620493160401, 3.695511710671352, 1.601019137730086, -1.712351493749591, -5.497650737360909, -2.938629548194003, 0.5006940097819925, 3.8051773948315324, 0.6743132409950474, 1.7343618067823239, -2.40675220666599, -4.038647909367248], [1.0903536676171917, 5.201007634215497, -0.7108788226020142, 3.987036398259373, 2.5957554389381565, 0.13129227679962535, -0.5575706559847556, -2.8945552497624503, -0.4599937667233032, -4.819761193247605, 5.635184214723893, -2.3284323701641796, 0.5488401283517823, -7.871991908382382, -0.9562951126593757, 0.3967134120786728], [-1.7440634971492535, 2.8198186839546233, -3.6409850219914968, 2.816400705306144, 1.6497311535333559, 6.574304636975976, -4.223689247754116, 0.9372185365791459, 1.356927971488906, -2.034405124126364, -4.7039813067330245, 6.1108713002924375, -1.9025512847648682, -6.71413876774509, 10.045421294779024, 5.082360099159338], [-5.09826817268415, 3.3832259929221253, 0.21900355617922673, 3.224296905932327, -0.8011549204915256, 2.205978111677445, 0.2133152467772078, -5.133943002656439, 1.9186095241574201, -0.05089789363855757, 1.1002911209266149, -0.8806347839515074, -1.619893141566837, -2.0232950025688012, -1.8059577987960074, 1.3243942394216877], [-3.8909669256459996, 2.714669468178499, -1.165984992294037, -2.8518230009125767, -1.7548316899630754, -6.792436282110961, 3.1899454260765117, 1.2287659684616437, 3.4119106322182744, -1.1345761047311127, -2.169398119192064, -1.8061764809374758, -2.6358049778898516, 1.3835481763769684, -2.0074426381170567, -0.7125362337471266], [-1.4955721012835508, 0.030197068504443425, 4.128480883296433, -5.470085686975841, -2.038392071107781, -1.2017435563030447, 2.5061254306363976, 3.336700738965874, -3.0399966443746633, -4.342253970135253, -0.547221166413699, -2.9360295055667325, 0.6094127727266284, -1.407723886084202, 6.9522530485893395, -2.9216141985144644], [0.85598772060912, -1.3527874266046147, -3.360978613062458, 0.328394530884678, -6.3438208620106815, 1.5279196686522756, -1.269836308303129, -4.41832289343546, -0.6866953239987338, -0.41862384495168414, -1.3121745566551053, -2.75009476279076, -2.4213035086947876, -1.5096957780235136, -4.541271828948753, 5.468688821258102], [2.335771372876845, 1.6643793823144815, -1.960857473142993, 2.449749546152055, 0.3118163260954173, -1.5192208377894276, -4.220168817386883, -1.4357250675093114, -7.024459617590214, 3.383301660209196, 2.7882478580691994, 1.3811409436332323, 2.208313783062299, 0.997175120169044, -2.496715142342869, 3.105595573986969], [2.3706687866273883, 0.17347478149419493, -3.14066908964794, 3.103984559340146, -2.9059761104704234, 2.6969268246005043, 3.51118465942604, 2.665448715790475, 2.569497294650412, 0.6558867010756078, 4.430600967492002, 5.740200024407898, -3.0585101764441824, 4.892931859106385, -2.1109080393605253, 1.1575834121479183], [-0.9163802155979319, -4.271102715924212, 0.7801717935623357, -8.21617701394727, 2.8610530009133486, -2.657876568640005, 2.844162583251272, 0.5042189994652378, -2.5651737077714762, -2.2610934269919363, 1.566194261682994, 6.58169610574423, 0.30580261011087606, -0.09463389251179566, 1.862029541399786, 1.0738049910492415], [-0.4689967002279032, 1.0048687791250472, 0.2005091474396492, -2.690454123271837, 2.1614281834729363, -1.0146892449090852, 1.2251250179375202, 1.793978008619264, 4.71930193449745, 2.8039119566920934, -6.010029952348263, -2.200847002196104, 2.9895016951310063, 1.8324311086026577, -0.40056648389731575, 1.2853026537590866], [3.6470114467802515, 2.812841808379957, 1.2174232224283166, -1.9732877564225242, -1.430110826858995, 1.767733687283416, 3.3248921537705702, -0.2410997034836685, 1.260453663923259, -1.4120371703328911, 1.7745594648427727, 0.39720026990210755, -1.5729755185408951, -1.3701029161625486, 0.5469778402491873, 2.7514382742311687], [-0.21261187270409643, -2.235779262106095, 3.858975083336749, -3.341464787161146, 0.416675472867987, -0.9588142944286152, -0.6132666964926495, 2.3658133391236085, -2.2056221675375274, 6.035481835150823, -4.11273665628812, 0.9259443302340524, 0.9622385861596784, 3.345547779028356, -3.120624269667133, -9.731958491258787], [0.6905751236155548, 3.3209507567294807, -0.8053123762429109, 1.4731970270693917, -0.32213894523796816, -2.0712183545346927, 2.0016674129258947, -1.6708450219488, -1.1291911665766101, 2.2655715084032515, 3.3061434546568913, -0.919131406299409, 3.9482712486435045, -0.8328964614175158, 3.566745389668997, 2.3565671329049325], [-5.868028830359095, 3.994927982392618, -0.2983168760125432, 0.6639634985738041, -2.448802157208635, 4.2015402194987415, 1.9570848602320505, -5.185522972485808, -0.1333275578859725, 4.358292900881552, -1.4671559745170883, 3.730881145466758, 2.4593523079158652, 3.363405767849293, 0.24805436167882877, 1.3710642002412556], [0.641320828460755, 4.001203368775655, 2.6427679301620355, -4.201160439277142, 0.9904472940003647, 2.2523324069469792, 4.438804068730562, -2.840402447204096, 2.3775979850402975, 2.0924728690756784, -1.2805254974462974, -2.5115150393893684, 1.768202170893741, -3.017401779223969, 1.5912375774167293, 1.9161863600323121], [6.821935493034592, 3.435930057489517, -1.4407237522743839, -4.48825100483678, -0.45187269688364795, 2.2130662395669822, -2.1928955633442335, -0.0019368065386243805, -2.433377355094868, -1.1599068393399028, -4.410835532324827, 1.0055988311603616, 4.3417654257952, 3.418833759449788, 1.6460530826228554, -2.8473258726684145], [-1.337760488267625, -3.240253897831158, -8.292554183235469, -0.3594156367560827, 0.5741989322319132, 0.37259190640885975, -3.1711946382571004, 0.79266482700099, -3.188134200845181, 1.331542093793598, 1.1712590782595975, -3.777145864220258, 6.339228143066524, -0.9372817183194313, 4.507864917201809, 0.7648313973410474], [0.12466954735087948, 2.3811263239287443, -0.46798284518415545, 2.4815077241194468, 0.9011219039495925, -0.7202417926677189, -4.815404980523124, 5.124040283161779, -3.6219705921531062, 0.9695587591808215, -0.03933348792047686, 1.7367740927714062, 1.6576123577973711, 1.9479920764328307, -1.3762396287525025, 5.65118597947477], [0.6385632941753158, 1.6857974195474075, 3.939000960501276, -1.0423395736648897, -0.8003957340365023, 3.516862418063329, 0.297559457112502, -4.433724146137758, 2.138304117827101, -6.894285268914379, 4.7409718307796584, -2.7499895018239098, -1.6408365753290255, 1.1359443465645627, -4.200274996284871, -1.478438500256602]],