{"generation": 211, "fitness": 68720341938.28139, "network": [{"layer": "dense", "input_size": 16, "output_size": 24, "weights": [[-0.5439710823996751, 4.2547250521881175, -4.217433181274779, -0.4632652928972897, 1.9396827971754704, -3.0637155521353954, -0.885993768539773, 0.3087202156816876, -2.1979793434532455, 8.623180964291866, -5.760599802624447, -0.7044515851891245, -1.022746748278068, -2.7420967520486244, 2.271963058204032, -1.8932602284112277], [3.6809186875672215, -3.0629890062872436, 1.3500101124953798, -1.766512595075671, -2.5212433066289988, 3.4965995982676326, -0.027041236496230414, 7.62249555088623, 0.05210283096314283, 1.6835128083439188, -3.4709447969688547, -3.7636637167240536, 0.17170256671997475, 3.6337010205432665, -3.6521944499641514, -3.5906871538992373], [0.16104107705549608, 4.980738775489268, -3.13380433481797, -1.2943558514284992, -2.819844697912897, -5.064273353326035, -1.69081508870736, 1.83442108825541, -2.079976688080502, 0.817674294308056, -1.3646886049218883, 2.2731411754421913, 4.683095509825484, 7.340077058125987, -2.193222214946658, -0.9577681582112053], [-0.509491918690492, 2.2635714800009845, -0.4085614787229589, -2.778968633559572, 4.301501909290772, 3.3397013628801315, -1.6123318524623738, 2.8236506702649535, -3.6914850855557986, -0.11121641735351201, 1.46238449122342, -3.9727185550568764, -4.3831610785020345, 2.6932713576233365, -0.6403588919371738, -1.0495180566994495], [0.10859226972515446, 2.937048810922013, 8.339601502562815, 2.36754120751969, 0.8200620493160401, 3.695511710671352, 1.601019137730086, -1.712351493749591, -5.545850893798931, -2.938629548194003, 0.5006940097819925, 3.8051773948315324, 0.6743132409950474, 2.436277513087899, -2.40675220666599, -4.038647909367248], [1.0903536676171917, 5.201007634215497, -0.7108788226020142, 3.987036398259373, 1.7498758485911834, 0.13129227679962535, 0.7286713468425435, -4.129708452133106, -0.4599937667233032, -4.819761193247605, 5.635184214723893, -2.3284323701641796, 1.0572331189671587, -7.871991908382382, -0.41668327076810335, 0.6594571952200963], [-1.7440634971492535, 3.430502680722724, -3.6409850219914968, 2.816400705306144, 1.6497311535333559, 6.78862078830174, -4.223689247754116, 0.7168102639660016, 1.356927971488906, -2.034405124126364, -4.7039813067330245, 6.1108713002924375, -1.9025512847648682, -6.71413876774509, 10.995966302269762, 5.082360099159338], [-5.09826817268415, 3.3832259929221253, -0.05233981125161524, 3.224296905932327, -0.8011549204915256, 2.205978111677445, 0.2133152467772078, -5.778516473725453, 1.9186095241574201, -0.05089789363855757, 0.7472048949056123, -0.677792893334386, -1.5248757006363056, -2.0232950025688012, -1.912241295916696, 1.3243942394216877], [-5.869446518425823, 2.714669468178499, -1.165984992294037, -2.482482433910584, -1.9042210248036795, -6.792436282110961, 2.1256617349694165, 1.964530874413832, 3.4119106322182744, -1.1345761047311127, -2.1684153490625495, -1.8061764809374758, -2.6797954964856108, 1.1849886616522038, -2.0074426381170567, -2.1161213019448106], [-1.4955721012835508, 0.030197068504443425, 4.128480883296433, -5.470085686975841, -2.038392071107781, -1.136856811029141, 2.5061254306363976, 3.5767902531911115, -3.7140732549277167, -4.342253970135253, 0.9323084549587899, -2.9360295055667325, 0.6094127727266284, -1.407723886084202, 6.9522530485893395, -2.9216141985144644], [0.85598772060912, -1.3527874266046147, -3.360978613062458, 0.328394530884678, -5.648813700541201, 1.5279196686522756, -1.269836308303129, -4.41832289343546, -0.6866953239987338, 0.7992400080801547, -1.4801242649978434, -3.3485110376615923, -2.4213035086947876, -1.5096957780235136, -5.469272631544666, 7.370807987151199], [2.335771372876845, 2.795591410648151, -1.9363920468054463, 2.540788534332761, 0.23061008548597897, -1.5192208377894276, -4.220168817386883, -1.4357250675093114, -8.829660539539557, 2.347255348891551, 2.7882478580691994, 1.622538596562914, 2.5063122571356216, 0.997175120169044, -0.8617374625301665, 2.12339956621455], [2.3706687866273883, -0.43464480096220914, -3.14066908964794, 3.103984559340146, -2.9059761104704234, 2.6969268246005043, 2.8063783704855227, 2.665448715790475, 2.569497294650412, 0.6558867010756078, 4.430600967492002, 5.0187087217969735, -3.0585101764441824, 4.892931859106385, -2.1109080393605253, 1.1575834121479183], [-0.9163802155979319, -4.271102715924212, 0.7801717935623357, -8.21617701394727, 2.8610530009133486, -2.657876568640005, 2.844162583251272, 0.5042189994652378, -2.13612638900743, -2.2610934269919363, 0.1565278672843715, 5.223985261991798, 0.30580261011087606, 0.5025807944321397, 1.862029541399786, 1.0738049910492415], [-0.4689967002279032, 1.0048687791250472, 0.4851519735247466, -1.212804247190866, 2.1614281834729363, -1.001586445033087, 1.2251250179375202, 1.793978008619264, 5.718933803444971, 2.8039119566920934, -6.010029952348263, -2.200847002196104, 2.9895016951310063, -0.22968170585176356, -0.40056648389731575, 1.2853026537590866], [3.6470114467802515, 2.812841808379957, 1.2174232224283166, -2.525044420005252, -1.430110826858995, 1.767733687283416, 3.449398029818421, 0.14152639138014905, 1.260453663923259, -1.4120371703328911, 1.7745594648427727, 0.39720026990210755, -1.5074043363502796, -1.3701029161625486, 1.177235607931154, 2.4899157190678674], [-0.21261187270409643, -2.235779262106095, 3.858975083336749, -3.341464787161146, 0.416675472867987, -0.9588142944286152, -0.6132666964926495, 2.3658133391236085, -2.2056221675375274, 6.035481835150823, -4.11273665628812, 0.9115965858067283, 0.34566887178826755, 1.539554656969412, -3.120624269667133, -9.478805858391713], [0.6905751236155548, 3.3209507567294807, -0.8053123762429109, 1.4016355624144183, -0.30712488644972014, -2.0712183545346927, 2.0016674129258947, -1.6708450219488, -1.1291911665766101, 2.2655715084032515, 2.836944945005683, -0.919131406299409, 3.9482712486435045, -0.8328964614175158, 3.566745389668997, 2.3565671329049325], [-5.868028830359095, 3.994927982392618, -0.2983168760125432, 0.6639634985738041, -2.448802157208635, 4.2015402194987415, 0.9332650622135512, -5.185522972485808, -0.1333275578859725, 4.358292900881552, -0.9154475944831677, 3.730881145466758, 2.9770741967811984, 3.363405767849293, 0.24805436167882877, 1.3710642002412556], [0.641320828460755, 4.001203368775655, 2.6427679301620355, -4.506578281610298, 0.9904472940003647, 2.2523324069469792, 4.438804068730562, -3.403608602527241, 2.3775979850402975, 2.887905332177826, -2.4284555571702615, -2.5115150393893684, 1.768202170893741, -3.017401779223969, 2.191225645170918, 1.9161863600323121], [6.821935493034592, 3.435930057489517, -1.4407237522743839, -4.48825100483678, -0.34132980222247095, 2.2130662395669822, -2.1928955633442335, -0.0019368065386243805, -1.2840935800898883, -1.2209831962926092, -4.410835532324827, 1.0055988311603616, 4.3417654257952, 3.418833759449788, 1.6460530826228554, -2.8473258726684145], [-1.337760488267625, -2.366724530222127, -6.518680723851369, -0.3594156367560827, 0.5741989322319132, 0.37259190640885975, -3.1711946382571004, 0.79266482700099, -3.188134200845181, 1.331542093793598, 1.1712590782595975, -3.777145864220258, 6.339228143066524, -2.0474331235930925, 4.507864917201809, 0.7648313973410474], [0.12466954735087948, 2.3811263239287443, -0.3080397789371967, 2.6665780138626003, 0.9011219039495925, -0.2676781378823976, -3.3618682186557094, 5.124040283161779, -3.6219705921531062, 0.9695587591808215, -0.03933348792047686, 1.7367740927714062, 1.6576123577973711, 1.9479920764328307, -1.3762396287525025, 5.65118597947477], [-2.1016495227246996, 1.6857974195474075, 3.939000960501276, -0.3901444950035936, -0.8003957340365023, 3.516862418063329, 0.16112640769117068, -4.433724146137758, 2.138304117827101, -6.894285268914379, 4.7409718307796584, -2.7499895018239098, -1.6408365753290255, 1.1359443465645627, -4.200274996284871, -1.523144224021693]],