{"generation": 223, "fitness": 549756841495.6019, "network": [{"layer": "dense", "input_size": 16, "output_size": 24, "weights": [[0.5961533331528079, 2.7402641254922084, -4.217433181274779, -0.4632652928972897, 1.9396827971754704, -3.0637155521353954, -0.885993768539773, 1.9317909999769305, -0.8926747420921359, 8.623180964291866, -5.750341100271051, -0.7044515851891245, -1.022746748278068, -2.7420967520486244, 2.9170858201892123, -1.8932602284112277], [3.1468991547136786, -2.1422216711559554, 2.8792024043158295, -1.766512595075671, -3.723770374745846, 4.417171046151682, 0.877639470013895, 7.365579897058294, 0.05210283096314283, 1.7049674272853756, -2.2342891564906218, -3.2851779475118406, 0.8506762273466673, 2.8708156643784752, -2.433233798056847, -2.8822427258701957], [0.16104107705549608, 5.75874498153614, -3.132685246351242, -1.7176239174571912, -3.6519746582163597, -5.064273353326035, -1.69081508870736, 1.83442108825541, -0.8607708654452453, -0.29245189167459207, -1.3646886049218883, 2.2731411754421913, 4.677033103944659, 7.340077058125987, -2.6613532813220564, -1.4497349138607727], [-0.509491918690492, 6.418117681730515, -0.4085614787229589, -2.778968633559572, 4.301501909290772, 3.3397013628801315, -2.5424971660417572, 1.1453181513431083, -3.6914850855557986, 0.36028414088654626, 3.287200844825506, -3.9727185550568764, -2.8382435216085744, 2.9167998586989117, -0.6403588919371738, -2.193312408681238], [0.10859226972515446, 4.287428470980686, 8.339601502562815, 2.36754120751969, 0.3976680898757513, 4.460493456171906, 0.9221327315224551, -1.712351493749591, -5.497650737360909, -2.938629548194003, 0.01815822918219151, 5.512402868602663, 2.7656714332519563, 2.436277513087899, -2.2202810925545746, -4.186992092989407], [3.551687038976308, 5.201007634215497, -0.7108788226020142, 2.6261169361525605, 0.2446068256866898, 0.13129227679962535, -0.5575706559847556, -3.401360047770809, -0.352369245236567, -5.433827438414614, 5.068448695583008, -1.66502660697145, 0.04684510367493866, -9.063868380837238, -0.41668327076810335, 0.23916282784516024], [-1.7440634971492535, 2.722102853859189, -3.1763066154493167, 3.229181728380065, 1.582072227970783, 7.8131409494760025, -4.223689247754116, 3.0114806743731064, 2.2737010409731515, -2.3395126324992974, -5.403531458146448, 6.1108713002924375, -1.8322873092412657, -5.02186285565449, 10.045421294779024, 4.191142776329106], [-6.532084444230292, 3.3832259929221253, -0.481798331037253, 3.224296905932327, -0.24408699434934944, 3.210799856948158, 1.0115458500296788, -6.3265242668202015, 2.765046536371136, -0.05089789363855757, 0.41858756835220834, -0.8806347839515074, -1.619893141566837, -2.0232950025688012, -3.090257943085469, 1.6243808357173004], [-3.8909669256459996, 5.477699916213838, -1.165984992294037, -4.19328658689481, -1.7548316899630754, -6.687160260664673, 2.1256617349694165, 5.197500031738673, 2.127917733260073, -1.4221642402583439, -2.6893837111430607, -1.8061764809374758, -1.5427656722037464, 2.7765297185103677, -2.719154958360366, -0.2351229129856497], [-2.071275220101683, -0.3701588379050789, 3.0190313899094834, -5.172300848722849, -2.038392071107781, -0.6102335775039529, 2.2535708459591555, 3.5115742152124, -1.9904594403245746, -5.175607897518126, -1.5198451020094417, -3.871117783442227, 0.6094127727266284, -2.547604452777219, 7.474779323435034, -2.9216141985144644], [2.768634079206601, -2.3468198777559572, -1.3169396746842184, 0.328394530884678, -5.648813700541201, 2.0285405207417817, -1.269836308303129, -4.163948954895609, 1.7323720085605023, -0.07689885271640401, -2.2001130656486336, -2.75009476279076, -2.4213035086947876, -1.5096957780235136, -5.359090400411256, 5.468688821258102], [1.4485576062560723, 3.1455441040712433, -2.303197718806935, 2.449749546152055, 0.6332298148604856, -1.5192208377894276, -4.220168817386883, -1.4357250675093114, -5.678822465562134, 3.383301660209196, 2.7882478580691994, 1.7200720229116269, 2.208313783062299, -0.7172615078816114, -0.8617374625301665, 4.0457394683408126], [2.3706687866273883, 0.9326266139319959, -3.436391908183019, 4.14803844853253, -2.9059761104704234, 2.6969268246005043, 3.955149609816829, 2.665448715790475, 1.243369209689538, 0.6558867010756078, 3.870638497354428, 5.740200024407898, -4.525117320455083, 4.892931859106385, -2.1109080393605253, 1.1575834121479183], [-0.9163802155979319, -2.08405765304418, 0.7801717935623357, -8.21617701394727, 2.8610530009133486, -2.657876568640005, 4.543950682680015, 2.0344694127970455, -4.198229419205087, -2.343331533481784, 1.566194261682994, 4.812299746914657, 0.05316372770146288, -0.09463389251179566, 2.4589897051029386, 3.407131287605646], [-1.129615095475784, 4.00926014030438, 0.2005091474396492, -0.8942051180426149, 2.1614281834729363, -1.001586445033087, 1.2251250179375202, 1.793978008619264, 4.71930193449745, 2.0822235493136696, -6.010029952348263, -2.200847002196104, 3.7718823919756344, 0.020540269532436595, 0.9084472509310639, 1.2853026537590866], [4.37490365165178, 3.2796161589685573, -0.3836200357266413, -2.3842407027484733, -1.4140101884728768, 1.767733687283416, 3.45790969270345, -0.2410997034836685, 2.668133007461667, -0.8355642406378092, 0.47054225037622843, 0.39720026990210755, -1.5729755185408951, -1.3701029161625486, 0.5469778402491873, 3.7388588762810455], [-0.21261187270409643, -3.3376523743921886, 3.5146809337314284, -2.355089088759915, 1.1689927485516234, -0.8549289720891967, -0.15789546339302757, 1.081088231953942, -2.2056221675375274, 5.75056255133442, -2.8820887491939975, 0.6574838818334837, 0.9622385861596784, 1.539554656969412, -3.120624269667133, -10.484206253196996], [0.6905751236155548, 3.3209507567294807, -0.8053123762429109, 1.0278529490962236, 0.07616430954251241, -2.0679780924750357, 3.1831688775201, -1.6708450219488, -1.1291911665766101, 2.2655715084032515, 3.5005664113637036, -0.828509851038253, 3.9482712486435045, -1.0836869022141995, 4.517852695775239, 1.8742849162741277], [-5.868028830359095, 3.994927982392618, -0.2983168760125432, 0.6639634985738041, -2.448802157208635, 4.2015402194987415, 1.314048136872581, -5.185522972485808, -0.1333275578859725, 5.058033730725548, -1.2364258093807632, 3.730881145466758, 2.708176901895536, 3.363405767849293, 0.24805436167882877, 1.1914111430845025], [0.7303323462988583, 4.001203368775655, 2.6427679301620355, -5.229069911939838, 0.9904472940003647, 1.9217925989622742, 5.557911215026059, -2.3584762693263066, 1.0015613174785443, 2.0924728690756784, -1.2805254974462974, -1.5777698739910342, 0.9919695038160762, -4.187235106331255, 1.5912375774167293, 3.0735012902935916], [6.59916085045512, 4.593547014627576, -1.4407237522743839, -4.48825100483678, 0.41499323221990536, 0.8273624762688478, -2.1928955633442335, -0.0019368065386243805, -2.433377355094868, -2.022868061770322, -4.410835532324827, 1.0055988311603616, 2.9504242054406484, 4.631970583696072, 0.5717338371893221, -1.9365993354748303], [-0.16284805286203907, -1.6182314246102645, -8.292554183235469, -0.5289428904965552, 0.5741989322319132, 0.02480402964886108, -3.1711946382571004, -0.4693245161060515, -3.768002653150806, 1.331542093793598, 0.8520468004866688, -3.777145864220258, 6.742078299870746, -0.3801306021820525, 3.2686691017953784, 1.0046482854297505], [0.12466954735087948, 0.4460092919866563, -0.46798284518415545, 2.62077842971415, 0.9011219039495925, -0.8269082913830864, -3.3618682186557094, 5.124040283161779, -4.216851745186956, 0.9695587591808215, -0.03933348792047686, 2.2355340562112573, 1.644605491730365, 1.6051400168912549, -2.3697741747946264, 5.65118597947477], [3.906073529617501, 1.1854680217143838, 3.939000960501276, -1.0423395736648897, 0.25196431925459695, 3.516862418063329, 0.5562662900606521, -5.632672783811532, 3.4858001109937784, -6.760509483628153, 3.893789403235764, -2.7499895018239098, -1.6408365753290255, 1.1359443465645627, -4.200274996284871, -1.523144224021693]],