{"generation": 230, "fitness": 562949955027960.9, "network": [{"layer": "dense", "input_size": 16, "output_size": 24, "weights": [[-1.3575994631706212, 2.7402641254922084, -4.217433181274779, -0.4632652928972897, -0.06052249143743427, -1.3142079413560903, -0.885993768539773, 1.9317909999769305, -1.5376463577082702, 8.217612513055293, -6.253486796893333, -0.7044515851891245, -1.022746748278068, -2.7420967520486244, 4.65594069321844, -0.038896092993302434], [3.1468991547136786, -3.0629890062872436, 0.412955891638796, -1.3804471154465645, -3.3902524998432315, 4.718124300483701, 0.18685819776250434, 7.72394450723755, 0.05210283096314283, 1.6835128083439188, -3.4709447969688547, -4.941209173307551, 0.17700840429246673, 2.3878320706200347, -2.079868513481842, -2.8822427258701957], [0.16104107705549608, 5.473730356380506, -3.4206121355754098, -1.538323303255023, -3.6519746582163597, -4.903450502435201, -1.69081508870736, 2.6865926546911867, -0.3503009858888009, 0.49953400130929415, -1.0005794568267234, 2.73982163006953, 6.814478088405665, 7.076468392881416, -3.0910891785270596, -0.13005320167541956], [-0.6552204510651711, 4.713727864991675, 0.3447885351921045, -2.778968633559572, 5.068892606512653, 3.2303209117336737, -1.6123318524623738, 1.0215465127374943, -3.6914850855557986, 1.2751846454381526, 2.8261811060225006, -3.8108298166531864, -4.295841602594969, 3.4582672242343833, -0.6403588919371738, -2.576080621616067], [2.0301844402032727, 3.495274609950333, 9.19136054952382, 2.36754120751969, 0.7919614142868524, 3.1032338899290934, 2.008200317581053, -3.693031152000042, -5.497650737360909, -2.938629548194003, 0.11575717886828374, 4.04994813989581, 5.530794343256358, 2.6758415980513104, -2.4708733177949593, -4.3130916087751165], [1.082184616515217, 3.170038844481464, -0.7108788226020142, 3.987036398259373, 1.7498758485911834, 0.13129227679962535, -0.5575706559847556, -3.401360047770809, 0.38665997269108054, -4.821977078947762, 5.635184214723893, -2.3284323701641796, 0.5488401283517823, -11.018146315298038, -0.41668327076810335, 0.3967134120786728], [-2.0819088698070516, 1.692271538950986, -3.1813360548396536, 2.816400705306144, 1.081891110341546, 6.422828070968579, -4.223689247754116, 3.0114806743731064, -0.2749188735538175, -3.262344343019454, -3.828599694371082, 10.078244784041935, -2.7018085555128355, -4.66029871935951, 12.004957814120683, 5.206799474185577], [-6.532084444230292, 2.9670807539793485, -0.05233981125161524, 3.224296905932327, -0.8011549204915256, 2.205978111677445, 0.5098375610047866, -4.674714637806535, 1.9186095241574201, -0.05089789363855757, 1.2871130885325734, -0.8806347839515074, -1.3588292443271213, -2.0232950025688012, -0.7456615076325499, 1.3243942394216877], [-5.407992006165386, 2.714669468178499, -1.943151639197386, -2.8518230009125767, -1.7548316899630754, -6.792436282110961, 2.1256617349694165, 4.4156362416528925, 4.089925067249162, -2.3803588984473487, -2.169398119192064, -1.8061764809374758, -1.5427656722037464, 1.3835481763769684, -1.2501955539070848, -0.9017442288421846], [-0.32222091615743165, -0.206278403905238, 4.48103558568914, -6.212873601405038, -2.038392071107781, -1.2017435563030447, 3.8565424493645333, 2.735248683564264, -1.9904594403245746, -4.342253970135253, -1.5198451020094417, -5.054733576223196, 0.6094127727266284, -1.2460830140516592, 7.386079374179665, -2.0752792575022996], [1.0853288396431222, -5.3208878019754025, 0.268187902046192, 0.9106579046132297, -5.792891868362286, 1.8392505885944865, -1.7329160645597579, -4.133772990129836, -0.32762057568514846, -0.41862384495168414, -2.2001130656486336, -2.9389919208259943, -2.4213035086947876, 0.20812417136768047, -5.359090400411256, 6.780081200751354], [2.1715215576725044, 3.1455441040712433, -2.3128012885890343, 2.449749546152055, 0.6332298148604856, -1.5192208377894276, -4.220168817386883, -1.4357250675093114, -7.024459617590214, 3.383301660209196, -0.6424526671856832, 1.7200720229116269, 3.1473395940327515, 0.997175120169044, 0.7882306447499339, 2.8593820062124875], [1.5708890296194404, -0.2160485544236057, -5.4972997292519254, 3.103984559340146, -2.9059761104704234, 4.516280303801495, 2.8063783704855227, 2.665448715790475, 0.9579821738163115, 0.6558867010756078, 4.144330872691359, 5.740200024407898, -3.0585101764441824, 5.430993179362927, -1.3634837117903504, 0.0037354392788746527], [-1.1738910700233682, -3.2921591591648065, 0.7801717935623357, -9.35542951469563, 2.5494555952448996, -3.410874575315867, 1.8358257937646665, -0.5709140610135296, -4.198229419205087, 0.16758743010215094, 0.2621819401905421, 6.58169610574423, 2.4194707276069067, -0.18186684305783438, 2.737019046342202, 0.05315058762475222], [-1.129615095475784, 1.0048687791250472, 0.927757847747371, -2.690454123271837, 0.422456702854741, -1.001586445033087, -0.37136439000547705, 2.3055650110579538, 4.952150473691566, 1.8009052121213003, -6.010029952348263, -2.200847002196104, 2.9895016951310063, 0.8738315890513133, -0.40056648389731575, 1.2853026537590866], [3.6470114467802515, 2.812841808379957, 1.365646916742373, -2.3842407027484733, -0.3411561142605517, 1.767733687283416, 3.449398029818421, 0.8571675829600728, 1.260453663923259, -1.8225021665605217, 1.7745594648427727, 0.4439389549942183, -1.5729755185408951, -1.3701029161625486, 3.0682023367189144, 2.9362247253621296], [-0.21261187270409643, -2.235779262106095, 4.674216036030866, -4.087977854347826, -0.04733671930971228, -1.541904802644677, -0.7013774630338718, 1.915901702935228, -2.2056221675375274, 5.59777731926746, -2.3845174762295747, 1.629385907241589, -1.3529715917070442, 1.9968013905666346, -2.245938819106355, -9.780501330761005], [0.6905751236155548, 4.525849927877086, -0.8053123762429109, 1.4016355624144183, 1.2017054813077612, -2.0712183545346927, 2.2489799094033485, -1.6708450219488, -1.1291911665766101, 2.7689761809177846, 3.741608428966604, -0.919131406299409, 3.9482712486435045, -1.3218241954415137, 3.566745389668997, 2.410373890020807], [-5.868028830359095, 4.158914673844193, -1.4537816829924761, 0.6639634985738041, -3.0514041095985918, 4.2015402194987415, 3.0761674784463233, -5.273658015699326, -0.309572654030126, 6.063427499747123, 0.5665057793394515, 3.730881145466758, 1.5192445041745408, 3.638994417743411, 0.24805436167882877, 2.6421948763858953], [-1.1408828252457681, 4.001203368775655, 1.20604174091302, -5.7528894081981115, 0.8407182206213818, 2.515691019467131, 4.178569813262885, -3.403608602527241, 2.3775979850402975, 2.0924728690756784, -1.1434429674136894, -2.4595743008142286, 1.768202170893741, -3.017401779223969, 1.5912375774167293, 1.8797440698566075], [6.59916085045512, 3.435930057489517, -0.4897160671717822, -4.48825100483678, -0.3852976191677411, 0.8273624762688478, -1.7394917486133747, -0.0019368065386243805, -2.433377355094868, -1.2209831962926092, -4.410835532324827, 1.1170275564403975, 4.3417654257952, 3.418833759449788, 1.9599496253304118, -2.8473258726684145], [-1.337760488267625, -2.366724530222127, -11.000243545517478, -0.3594156367560827, 0.5741989322319132, 1.0545692857495284, -2.5384968779750503, 1.1952978583969316, -3.768002653150806, 1.8304703038993253, 1.1712590782595975, -3.9750213852747596, 4.659212471114282, -1.1856266193022795, 5.98417547527589, 2.385863172990547], [0.12466954735087948, 3.2129537305441813, -0.46798284518415545, 2.4815077241194468, -0.9513129674166937, -0.2676781378823976, -2.205984306541425, 5.062460205499898, -2.843300545386666, 0.9695587591808215, -0.013388573451712196, 1.7367740927714062, 1.6576123577973711, 2.5588469785191843, -1.4542676264410028, 6.364810494579812], [0.6385632941753158, 1.1854680217143838, 3.1625932874191403, 1.5939853371871318, -2.3864110657237907, 5.004609289240231, 0.46944421607419423, -4.433724146137758, 2.138304117827101, -8.06568656348301, 3.789060406407471, -2.7499895018239098, -2.1946376244141823, 1.1359443465645627, -5.49686196030747, -0.7244465920449389]],