{"generation": 239, "fitness": 562949955045056.0, "network": [{"layer": "dense", "input_size": 16, "output_size": 24, "weights": [[-3.0318793032971145, 2.7402641254922084, -4.217433181274779, 3.510458859749866, -0.06052249143743427, -1.3142079413560903, -1.1392991083078172, 1.9317909999769305, -1.5376463577082702, 8.100282896757, -7.668805741893719, -2.047768752597785, -1.022746748278068, -2.7420967520486244, 3.9410778436508402, 0.3400637495067787], [3.1468991547136786, -2.697584603053916, 0.412955891638796, -0.2633682297685766, -3.3902524998432315, 4.47506218596631, 0.18685819776250434, 7.72394450723755, 0.05210283096314283, 1.6835128083439188, -3.0048945783926992, -4.941209173307551, 0.17700840429246673, 2.3878320706200347, -2.7976525556030136, -2.8822427258701957], [0.07250456256153455, 5.473730356380506, -3.4206121355754098, -1.538323303255023, -2.3449060645606323, -6.196472270082675, -1.6798790949694657, 2.6865926546911867, -0.5742235922246353, 0.817674294308056, -1.0005794568267234, 1.9389769603486662, 6.814478088405665, 7.340077058125987, -3.3887283463431905, -0.13005320167541956], [-0.6552204510651711, 5.337723650047074, 0.3447885351921045, -2.778968633559572, 4.841291635869738, 3.3397013628801315, -1.6123318524623738, 1.0215465127374943, -3.5894955545774017, 2.121503667737979, 3.1781917649629627, -3.8108298166531864, -4.295841602594969, 4.786361287584762, 0.5252351566059127, -2.475330796129022], [2.0301844402032727, 5.234090089947776, 9.19136054952382, 1.1984838646592186, 0.7919614142868524, 3.1032338899290934, 2.008200317581053, -3.3299926718402553, -5.497650737360909, -2.938629548194003, 0.8106025735206993, 3.9506223053406355, 5.530794343256358, 2.6758415980513104, -2.7984109152463637, -3.5205876256852218], [1.082184616515217, 2.349687669039176, -0.7108788226020142, 3.987036398259373, 1.701596836486072, 0.13129227679962535, -0.5575706559847556, -2.955033567223258, 0.38665997269108054, -3.9366385327284448, 5.635184214723893, -2.3284323701641796, 0.5488401283517823, -11.018146315298038, -0.41668327076810335, 0.3967134120786728], [-1.075212518548907, 1.692271538950986, -3.454939995163901, 2.816400705306144, -0.17608326520524165, 7.1163676508388996, -4.545475530395357, 3.0114806743731064, -0.02830613304497423, -2.034405124126364, -3.828599694371082, 10.078244784041935, -2.342973146561035, -4.516532045829037, 10.991856766430118, 5.206799474185577], [-6.532084444230292, 4.572691911272296, -0.05233981125161524, 4.325572753995498, -0.8011549204915256, 2.205978111677445, 0.5098375610047866, -4.674714637806535, 0.9147536847571558, -0.05089789363855757, 1.106946875484942, -0.8806347839515074, -1.3588292443271213, -2.0232950025688012, -0.7456615076325499, 1.3243942394216877], [-3.9648140460716244, 2.714669468178499, -1.943151639197386, -2.8518230009125767, -1.1982760540816566, -6.007361972341473, 5.05866970465042, 3.5082541116026222, 4.089925067249162, -2.3803588984473487, -2.169398119192064, -2.3331485015523348, -1.3060085561115842, 1.3835481763769684, -2.186103438346317, -0.9017442288421846], [-0.32222091615743165, -0.206278403905238, 4.48103558568914, -7.267826632474773, -2.878470642557127, -1.2017435563030447, 2.5061254306363976, 1.4383158378711016, -1.9904594403245746, -4.342253970135253, -1.8376659671053703, -5.054733576223196, 0.6094127727266284, -0.16929715704794313, 7.386079374179665, -2.0752792575022996], [2.7369708142186298, -5.3208878019754025, 0.268187902046192, 0.9106579046132297, -5.792891868362286, 1.8392505885944865, -1.7329160645597579, -3.8802612137372448, -0.32762057568514846, -1.735132529416927, -2.2001130656486336, -3.6333183681168184, -2.4213035086947876, -1.1193146576381376, -5.359090400411256, 6.492772593910183], [1.5002452346965593, 3.1455441040712433, -2.3128012885890343, 0.5566663085786123, -1.2793787300209467, -1.5192208377894276, -4.220168817386883, -1.4357250675093114, -7.024459617590214, 3.2274527799296484, 1.4267747769089345, 3.1947473544645515, 3.1473395940327515, 0.6484171519157635, 1.0219942696718494, 2.8593820062124875], [0.03945652258708665, -0.15126592707394013, -5.4972997292519254, 3.103984559340146, -2.9059761104704234, 4.516280303801495, 2.54977644515015, 2.665448715790475, -0.6185272788002301, 1.241101468450349, 4.2602330479570165, 5.740200024407898, -3.0585101764441824, 5.430993179362927, -0.14300585247153452, 0.0037354392788746527], [-2.962395020492019, -3.2921591591648065, 0.7801717935623357, -9.35542951469563, 0.68676127132636, -3.410874575315867, 1.8307339068220128, -0.5709140610135296, -3.452767399923471, -0.4899788333435885, -0.18428871323442753, 6.58169610574423, 2.4194707276069067, 0.568772368442153, 2.21944771942733, 0.05315058762475222], [-1.129615095475784, -0.7716702191712745, 0.7922668786627468, -2.690454123271837, 1.662877816552681, -1.001586445033087, 0.3571288464940112, 2.3055650110579538, 5.028388640595252, 1.8009052121213003, -4.75708317281696, -2.200847002196104, 2.9895016951310063, 0.856349296259814, -0.40056648389731575, 1.2853026537590866], [3.816892906421551, 2.812841808379957, 1.2609323711570897, -5.149015054016836, -0.3411561142605517, 1.767733687283416, 1.1924800580581811, 0.8571675829600728, 2.3426778687376704, -1.8225021665605217, -0.3210274426934383, 1.479237793424711, -1.5729755185408951, -0.43389986993812624, 2.785288478413206, 2.309035329365001], [-0.21261187270409643, -2.235779262106095, 3.858975083336749, -4.087977854347826, -0.04095351951518917, -1.1224430897919584, -0.7013774630338718, 1.915901702935228, -2.2056221675375274, 5.59777731926746, -2.3845174762295747, 1.629385907241589, -1.3529715917070442, 1.9968013905666346, -2.245938819106355, -10.475079823916548], [0.6905751236155548, 5.022030318953534, -0.8053123762429109, 1.4016355624144183, 1.2017054813077612, -2.0712183545346927, 2.2489799094033485, -2.4214231645846676, -0.3326455093948686, 3.186453319093599, 3.741608428966604, -0.919131406299409, 3.9482712486435045, -1.3218241954415137, 2.5712816734540755, 2.410373890020807], [-5.868028830359095, 4.578821849343067, -1.4537816829924761, 2.1022421677450405, -3.0514041095985918, 4.443093494373734, 3.0761674784463233, -4.920195246583452, -1.3187509658026935, 7.42998367443629, -0.466618388162199, 3.730881145466758, 1.5192445041745408, 3.638994417743411, 0.24805436167882877, 2.6421948763858953], [-1.5164258114352422, 3.510879873966288, 0.3514240951097405, -5.7528894081981115, 0.8407182206213818, 2.515691019467131, 4.178569813262885, -3.403608602527241, 2.3213340316820923, 2.0924728690756784, -1.2805254974462974, -2.4595743008142286, 1.3161677566931782, -3.017401779223969, -0.3602538029984228, 1.8797440698566075], [6.59916085045512, 3.4412317802915293, -0.35745236707971295, -4.331470860282767, 0.03914471105122552, 0.78871024011981, -1.7394917486133747, -0.0019368065386243805, -1.785288135382905, -1.2209831962926092, -4.410835532324827, 0.4281986483028992, 4.951332596909831, 3.418833759449788, 2.351874987872829, -1.9988932061563762], [-0.15775217356259863, -4.8474342438435425, -11.000243545517478, 0.20298037149657722, 0.5741989322319132, -0.34888796154895174, -2.157575091144437, 1.1952978583969316, -3.1414040611311473, 3.052246951121939, -0.043814042264474606, -3.9750213852747596, 4.056330143410908, -1.1856266193022795, 6.2872098761769175, 3.6055759819766364], [0.12466954735087948, 3.2129537305441813, -0.46798284518415545, 3.464502358304104, -1.0038610270443502, 0.41778841696458957, -2.205984306541425, 4.380599674483014, -2.843300545386666, 2.6707714364996944, 0.8569807578935795, 1.7367740927714062, 1.6576123577973711, 2.5588469785191843, -3.2086176466114598, 7.361413603587817], [1.4342501804902825, 1.1854680217143838, 4.75617464718156, 1.5939853371871318, -2.3864110657237907, 5.004609289240231, 0.46944421607419423, -2.3561455728242144, 2.138304117827101, -8.06568656348301, 4.832243478757162, -2.7499895018239098, -2.1946376244141823, 1.1359443465645627, -5.49686196030747, 0.11378648935463842]],