{"generation": 240, "fitness": 1125899908570458.0, "network": [{"layer": "dense", "input_size": 16, "output_size": 24, "weights": [[-3.0318793032971145, 1.762307706293398, -4.217433181274779, 3.510458859749866, -0.06052249143743427, -1.3142079413560903, -2.118978990687051, 0.9427314719045818, -1.5376463577082702, 8.100282896757, -7.668805741893719, -0.6707938111690679, -1.022746748278068, -2.7420967520486244, 3.9410778436508402, 0.3400637495067787], [3.1468991547136786, -2.697584603053916, 0.412955891638796, -0.2429715954966123, -3.3902524998432315, 4.875357593102993, 0.18685819776250434, 7.423110664921274, 0.05210283096314283, 1.6835128083439188, -3.4709447969688547, -4.941209173307551, 0.17700840429246673, 2.3878320706200347, -2.7976525556030136, -2.8822427258701957], [0.07250456256153455, 5.908893059526078, -3.4206121355754098, -1.538323303255023, -2.3449060645606323, -6.196472270082675, -1.6798790949694657, 2.6865926546911867, -0.3503009858888009, 0.817674294308056, -1.0005794568267234, 2.8495330795559703, 6.814478088405665, 7.340077058125987, -3.0910891785270596, -0.13005320167541956], [-0.6552204510651711, 5.337723650047074, 0.3447885351921045, -2.778968633559572, 4.841291635869738, 3.3397013628801315, -1.6123318524623738, 1.0215465127374943, -3.5894955545774017, 2.121503667737979, 3.1781917649629627, -3.8108298166531864, -4.295841602594969, 4.786361287584762, 0.5252351566059127, -2.475330796129022], [1.742489238624171, 5.234090089947776, 9.19136054952382, 1.1984838646592186, 0.7919614142868524, 3.1032338899290934, 2.008200317581053, -3.3299926718402553, -5.497650737360909, -2.938629548194003, 0.8106025735206993, 3.9506223053406355, 5.530794343256358, 2.6758415980513104, -2.7984109152463637, -5.021823142285457], [1.082184616515217, 2.349687669039176, -0.7108788226020142, 3.987036398259373, 1.701596836486072, 0.13129227679962535, -0.5575706559847556, -2.955033567223258, 0.38665997269108054, -3.9366385327284448, 5.635184214723893, -2.3284323701641796, 0.5488401283517823, -11.018146315298038, -0.41668327076810335, 0.3967134120786728], [-1.624331089153045, 1.692271538950986, -3.454939995163901, 2.816400705306144, 0.14891953157425403, 7.1163676508388996, -4.545475530395357, 3.0114806743731064, -0.2749188735538175, -2.034405124126364, -3.828599694371082, 10.078244784041935, -2.342973146561035, -4.516532045829037, 10.991856766430118, 6.4443137633490295], [-6.532084444230292, 3.759803400193513, -0.05233981125161524, 4.325572753995498, -0.8011549204915256, 2.205978111677445, 0.5098375610047866, -4.674714637806535, 0.9147536847571558, -0.05089789363855757, 1.106946875484942, -0.8806347839515074, -1.3588292443271213, -2.0232950025688012, -0.7456615076325499, 1.3243942394216877], [-3.9648140460716244, 2.714669468178499, -1.943151639197386, -2.8518230009125767, -1.1982760540816566, -6.792436282110961, 5.05866970465042, 3.5082541116026222, 4.089925067249162, -2.3803588984473487, -2.169398119192064, -2.3331485015523348, -1.5427656722037464, 1.3835481763769684, -2.186103438346317, -0.9017442288421846], [-0.32222091615743165, -0.6730624614424942, 4.48103558568914, -7.836291484441855, -2.878470642557127, -1.2017435563030447, 2.5061254306363976, 1.4383158378711016, -1.9904594403245746, -4.636895563642428, -1.8376659671053703, -5.054733576223196, 0.6094127727266284, -0.16929715704794313, 7.386079374179665, -2.0752792575022996], [3.546781840795222, -5.3208878019754025, 0.268187902046192, 0.9106579046132297, -5.792891868362286, 1.8392505885944865, -1.8240328633919354, -3.8802612137372448, -0.32762057568514846, -1.735132529416927, -2.063771995469233, -3.6942491088893004, -2.4213035086947876, -1.1193146576381376, -5.359090400411256, 6.780081200751354], [1.989967928517558, 3.187605499200437, -2.3128012885890343, 2.3859808674958543, -1.2793787300209467, -1.7036708533357374, -4.220168817386883, 0.030402980645021893, -7.024459617590214, 3.2274527799296484, 1.4267747769089345, 3.1947473544645515, 1.7222301365437522, 0.6484171519157635, 1.0219942696718494, 2.8593820062124875], [1.5708890296194404, -0.15126592707394013, -5.4972997292519254, 3.103984559340146, -2.9059761104704234, 4.516280303801495, 2.54977644515015, 2.665448715790475, -0.6185272788002301, 1.241101468450349, 4.2602330479570165, 5.740200024407898, -3.0585101764441824, 5.430993179362927, -1.3634837117903504, 0.0037354392788746527], [-0.921862754126387, -3.706278496523622, 0.7801717935623357, -9.35542951469563, 0.68676127132636, -3.410874575315867, 1.8307339068220128, -0.5709140610135296, -4.198229419205087, -0.4899788333435885, 0.2621819401905421, 6.58169610574423, 2.4194707276069067, 0.568772368442153, 2.21944771942733, 0.05315058762475222], [-1.129615095475784, -0.7716702191712745, 0.7922668786627468, -2.690454123271837, 0.422456702854741, -1.001586445033087, 0.3571288464940112, 2.3055650110579538, 5.392487450322712, 1.8009052121213003, -4.75708317281696, -2.200847002196104, 2.9895016951310063, 0.856349296259814, -0.40056648389731575, 1.2853026537590866], [3.816892906421551, 2.812841808379957, 1.2609323711570897, -4.428719629922935, -0.3411561142605517, 1.767733687283416, 1.1924800580581811, 0.8571675829600728, 2.3426778687376704, -1.8225021665605217, -0.3210274426934383, 0.8062672822579617, -1.8001113868182905, -1.3701029161625486, 3.8869502656031063, 0.4420729273698367], [-0.21261187270409643, -2.235779262106095, 3.858975083336749, -4.087977854347826, -0.04095351951518917, -1.1224430897919584, -0.7013774630338718, 1.915901702935228, -2.752363611762658, 5.59777731926746, -2.3845174762295747, 1.629385907241589, -1.3529715917070442, 1.9968013905666346, -3.3261444174336328, -10.475079823916548], [0.6905751236155548, 5.022030318953534, -0.8053123762429109, 1.4016355624144183, 3.6084126592842893, -2.0712183545346927, 2.2489799094033485, -2.4214231645846676, -0.3326455093948686, 3.186453319093599, 3.741608428966604, -0.919131406299409, 3.9482712486435045, -1.3218241954415137, 2.5712816734540755, 2.410373890020807], [-5.868028830359095, 4.578821849343067, -1.4537816829924761, 0.6639634985738041, -3.0514041095985918, 4.443093494373734, 3.0761674784463233, -4.361321339582173, -1.3187509658026935, 7.42998367443629, -0.466618388162199, 3.730881145466758, 1.5192445041745408, 3.814383189220756, -0.924445997986676, 2.6421948763858953], [-1.5164258114352422, 3.510879873966288, 0.3514240951097405, -5.7528894081981115, 0.8407182206213818, 2.515691019467131, 4.178569813262885, -3.403608602527241, 2.3213340316820923, 3.6751483839399492, -1.2805254974462974, -2.4595743008142286, 1.3161677566931782, -3.017401779223969, -0.9321575722533063, 1.8797440698566075], [6.59916085045512, 3.435930057489517, -0.35745236707971295, -4.331470860282767, 0.03914471105122552, 0.78871024011981, -1.7394917486133747, -0.0019368065386243805, -1.9427012633157354, -1.2209831962926092, -4.410835532324827, 1.0177624532331766, 6.477792627149908, 3.418833759449788, 1.9599496253304118, -2.4860015177306365], [-0.15775217356259863, -2.366724530222127, -11.000243545517478, 0.20298037149657722, 0.5741989322319132, 0.37259190640885975, -2.157575091144437, 1.1952978583969316, -3.768002653150806, 3.052246951121939, 1.1712590782595975, -3.9750213852747596, 4.659212471114282, -1.1856266193022795, 6.2872098761769175, 2.385863172990547], [0.12466954735087948, 3.2129537305441813, -0.41451245785647983, 3.464502358304104, -1.0038610270443502, -0.2676781378823976, -2.205984306541425, 4.380599674483014, -2.843300545386666, 2.6707714364996944, 0.8569807578935795, 1.7367740927714062, 1.6576123577973711, 2.5588469785191843, -3.2086176466114598, 6.364810494579812], [1.4342501804902825, 1.1854680217143838, 4.75617464718156, 1.5939853371871318, -2.3864110657237907, 5.004609289240231, 0.46944421607419423, -4.433724146137758, 2.138304117827101, -8.06568656348301, 4.832243478757162, -2.7499895018239098, -2.1946376244141823, 1.1359443465645627, -5.49686196030747, 0.11378648935463842]],