{"generation": 24, "fitness": 140952.76787155075, "network": [{"layer": "dense", "input_size": 16, "output_size": 24, "weights": [[-0.7771083381751056, 0.19234343058207584, -0.34967500809305574, 0.6970717507814899, -1.85864597998751, 0.2929425775883395, -0.7034942790258101, -1.037078593419441, 0.4337804850120115, 0.6501430854459623, -0.5457647004401955, 0.7253847671206284, -0.431649316344816, -0.4049398999285355, -0.032314306851403574, 2.819868007752332], [1.2094188889941262, -0.418151570243646, 0.04751278609956722, -0.3295997737801839, -0.9521323354896947, -0.5507154966056899, -1.755852798563266, 3.4068491380646497, -0.012993204574549555, 0.5269213804378954, 0.8303219453525363, -0.885376603542519, -0.37045640196627483, -0.4687239438596146, 0.9360364670103594, -0.5257776600484335], [-1.6791427864098543, -0.8300949697645834, -3.4897218651934065, 0.5928346942021434, -0.8105090132304171, -0.9223354225376212, 2.565885446796659, -0.07255117847476955, -0.3335055071140922, 1.4923858736850786, -2.0671946649968227, 0.1962898101551358, -3.275806927918931, 0.4051434219395784, 0.3298878512324205, 0.763723424757797], [1.4772821758619412, 1.7892037355178578, -0.3748520769385308, -1.230975855534325, 3.094484753495208, 1.2563568388956492, 1.0911679730423818, -0.21220884036889154, 0.6885408919918826, 0.2778739308490168, 1.4131882859751868, -2.6085884703089905, -1.368979255520618, -0.7725402121915153, 3.0690063631609688, 0.27346706139742327], [0.2563434068335976, 0.8864836448851656, 1.272365619741299, 2.3704619639885407, 0.4916676256617154, 0.4572202259197826, -0.36790745753533993, -0.09288895673357167, -1.5336959200594091, 0.4246899620046094, 0.3014356114327581, 0.17226630610252597, -0.17049545265667687, -0.35563511536793097, -0.3081051147646741, -3.333126821729418], [0.00882472424022751, -0.06402625786732175, -0.9985846939418594, -0.6403175632827773, 0.7416008526549414, 0.9032007197347975, 0.6875271032865761, -3.4954684814189814, -0.9250641912742072, -0.4344383009297028, 1.1340346785205524, 0.8855215084874344, -0.9044183664568547, 0.2739887248952688, 0.24711564261092533, -0.8425507045936126], [-0.15242878293453627, -0.20964523971589832, -1.4106181434559089, -1.4381558172136297, 2.5952846321132164, -0.11441518804700102, -0.42070588442714296, 1.4686379958854414, 1.1697686613976872, -0.010807985002958098, -0.033539959595536795, 1.540026702345559, -0.8640096466283115, 0.48893850332271327, 1.7694594554725283, 0.8263463274725288], [-0.6896085236881394, -0.7863162825342127, 0.5855285634547571, 0.30424397759266375, -2.6276974671725433, 0.29519494601608276, -0.30155169878036125, -0.22636295110670468, 0.451270947816526, -1.0300887554272888, 0.3224173158664698, -0.17194335299710684, 0.45032640561656095, 1.58145294138762, 0.4431350375649592, 0.9186285361562923], [-1.5186167713933079, -0.7388949809029697, -0.48216790745849836, -0.7293474063830929, 0.9594127651175982, 0.2365509025176269, 1.8131112358133914, -0.27616210387113305, 0.6400175228434251, 0.4117638135643521, -2.3386082146143017, -2.1976177731490707, -1.7862087298060838, -2.1878267474226756, -0.46781003791944786, 0.5701413871964296], [0.9003091552736362, -0.2621310685347171, -0.24923025291091772, -2.577474957987036, -0.6773180208057477, -0.5915378706860082, 2.3125934334619505, -1.3861367770156297, -0.6575282324331764, -0.49816515200108447, 0.6473114531833113, -0.9039781742036341, 0.19538319004091764, 1.0936203562144247, 0.2425285852671254, -0.9727941273969267], [-0.250112039060085, 0.4715781333565259, -0.9020478941436205, 1.4652867442564683, -0.5745294499656792, 0.26548300839880756, 0.386817718850484, -2.322575310183539, 1.21160194964053, -0.6219276162089349, -0.4348003022020541, 0.2853032641813149, 0.26062591842713534, 2.188816140524904, -0.68553942331615, 0.19691969911712398], [1.988606113138058, 0.3443119178839096, -2.1016593576537406, 0.1580505670837118, 0.4302652262008301, -0.23044809240600783, -3.5350591440654693, 0.6332549475958024, -0.9208865304485001, -0.9119026421247447, -0.13803671099199658, 0.9452104040414295, -0.5615972289100144, -0.6786819155385551, -0.7274715795277111, 4.8799972421114735], [-0.02211888804545481, 0.36952728065151774, 0.038459247332658486, 0.36113566340085335, -0.4633588352580891, 0.736360934986056, 4.769517434893896, 1.8987734058168977, 2.667380487603597, 1.2916576037256788, 1.0336129006235115, 2.5313209494889803, 1.5855407729732027, 0.21151330296921533, -1.4451824641521471, 0.8559752166535279], [-0.21836968507985755, -0.9014534606192296, -0.3189885596782296, -0.5394424896942491, 0.3896145173680259, -0.23054708734058182, 0.8547005339041289, -2.20242164963118, -0.888990199652687, -0.04503607396919028, 0.08936397072750157, 2.1605400631489458, -1.0633688974337687, 1.1741654499110368, 0.9684946890434325, -0.8646820268112608], [-0.17155695623904604, 1.2839134092505224, -1.4220031199925272, -1.5253601355920563, 0.5396357564049687, 2.2243153560452416, 0.02002677640065076, 0.3439751373875056, -0.07598248295521315, 1.930034206337156, -3.3161117807002913, 0.24454321555589775, 0.7317604777811852, -0.27443806451148006, 0.24861719075324212, 0.5183477877357562], [0.9949534878602625, 0.20584526298374928, 0.5612087479164006, 0.627280283185606, 0.8651494677005205, 1.596510491158798, 0.6697496763649178, -1.3061199967426866, -0.8863850885918438, -0.1749439477840029, -0.19692150818017806, -0.14632834912339177, 2.347613521198679, 0.646768812970943, 0.7775923441759018, 0.11459592554755882], [1.9118349326542217, -0.8861479204745679, 0.3491110866134851, 0.7348068647987227, -0.35547258373155655, -0.6096671098734763, 0.18580963521473315, -0.20379487304426003, -0.5069927830922158, -0.1788600082787113, 0.9961350879822155, 0.8133120366049074, -1.516675010022553, -0.7097478244475035, 2.5325016075105395, -0.7685401574164237], [-0.44919111882433166, -1.415158291859318, 0.45179967828891554, 1.0022877320985684, 0.11276157940997633, -0.6981627531778627, -0.3944333904493927, -4.242334402128204, 0.23167308772076345, 0.6073530522269905, 0.9725401425541988, 1.2033057817461001, 1.5709199994758254, -0.5082979339928841, -0.4375969139853635, 0.7457999334946552], [-0.3190708658788336, -0.6584996863785575, -0.666995220011552, -0.48471390498469047, -0.9661896789191846, 1.803594560964589, 0.7886512526554339, -3.1887152734412703, -0.6145483355032828, 0.159725754901338, 0.13999554858128355, -0.36955485797799037, -0.7748120275196986, 1.449355482739854, 0.9010243229868216, 0.6377145127494692], [2.3687753318254963, 0.6322589465610713, 0.29568940533931043, -2.528232307475999, 1.9336351802851541, -0.5754821673255064, -0.28140897506636176, 0.5013658831401, 0.4086768391080051, 1.2614113874930957, -1.6441458525629566, -1.0594878721963354, 0.16019667093507928, 0.6322283818864151, 0.492997363160103, 0.35826922057264204], [1.2262659162714993, 0.25959016690258796, -2.9964317487341807, 0.3743119578016276, -0.30420205755812035, 0.2603016178698398, 0.3219526063424215, 0.08161977892127587, 0.41352293241381755, -0.4398869121555884, -2.4316541350452776, -0.8829602003297021, 2.7530923318906946, 4.3003086608206536, -0.3013138684696046, -0.47678982884726917], [-0.48896254770013803, 0.7141810349639226, 1.2795601754639674, 1.6345697015972882, -0.5039490563207509, -0.042090890531369385, -0.13488690101957979, -0.09677519238511667, -0.697319926573475, -1.3347921323858167, -0.7698505928136239, -0.317746451903744, -1.8211783287336223, -0.02632600131368079, 1.8250741309319265, 0.11064349154867009], [-0.2537929161500373, 0.3646518227565967, -0.13895464160097237, -0.8158854441119068, -0.5950029772134613, -0.3576956308111191, 0.9230721982374095, 0.21820226420885253, 0.2518066177762903, -0.4377479050963405, -0.4731341941114737, 1.6526539250759376, 0.8803368775799425, 0.581745714457925, -2.2561046877515025, 0.44906036520362], [0.5448729262057205, 0.15895339746885595, 0.039730303165558256, -0.7140998040690267, -0.2604855993942423, 2.64498481076259, -0.709877168287969, -0.04743540082859324, -0.4238181496289062, -0.3327097672797952, 0.39063027657868576, 