{"generation": 25, "fitness": 77369.40363783932, "network": [{"layer": "dense", "input_size": 16, "output_size": 24, "weights": [[0.5297487207900196, 1.3402931532686226, -1.8289809755846884, 0.30592160946138547, 2.5832305405821256, -2.1540944824413453, 0.207591928000383, -2.1099982815651184, 0.23320741284523816, 1.844642737377684, 0.2861493569830045, -0.6051573758534392, -0.40218779361582646, 1.633301033293321, -0.837839319947709, 0.860544636787977], [-0.9254018874133876, 1.3510120425332193, 0.20544472756608317, 0.44732966452039347, 0.6793398446828052, 0.9095821509789774, 0.6736878229579197, 0.47058320027324685, -1.0308228313771968, 0.5046332737310337, -2.1942556989555055, 0.956527660580734, -0.8747232299299053, 0.14252759073710597, -0.2029445610377163, 3.255766140226993], [0.8007815759826686, 2.0955345054434407, 0.12163890607858735, -1.1236071992187324, -2.104873891149015, 2.3004913146077532, -0.3011477022243296, 0.822475347220289, 1.7963222414699644, -0.8115418204348641, 2.3504542367512657, -0.1936253898371203, -0.8901280112226713, 0.07034213216365208, 0.5332103515744843, -0.7714894174491009], [0.4986370404835454, 2.1643599668322286, 2.495102241726491, -0.9772081671131326, 0.7549991575475632, -2.2765387924272273, -0.9556847936566726, 0.847289427130387, 0.10041957309751348, -0.7027323074807219, -1.0865387755705793, -0.44650290324857966, -0.9957827139494508, -0.9058115035836845, -0.7238508524444138, -0.9062379368115261], [-0.11276133112652681, -1.1437987912562062, 0.35987808712263925, 1.0566321373299694, 2.7671040698216727, -1.8375781613109219, 0.31843017208328245, 0.9108904926683069, -0.8697490517952164, -0.573309442570686, 0.939725669205439, -0.34040848259952716, -0.15446131206019117, 0.5010594893204865, -1.0632269693671308, 0.5612056659372799], [-0.04211685213414684, 2.462397684935638, 1.5089958488127944, -1.4153258190211635, -0.7136044639875254, -0.9813744103312146, 1.3609293787162544, -0.9727992617287462, -0.8123766577857704, 2.0591882672327926, -1.5306769266260218, -0.3985345332695339, 0.3952444772429402, 1.4165938789974655, -1.858127885346387, 1.7258555110938816], [0.7853094119494362, 1.4147086484428595, -0.5562841296287115, -0.6844783225033484, 0.10722091344929074, -1.2623624658908774, -2.402840332429156, -1.2534174625473593, -0.6666269812489465, -0.20796596737058293, 2.8597100298820948, 0.4401785442165339, 0.9928079744226413, -0.2350363283578577, 0.8676049998999531, -1.2225720003095732], [0.6884260917262452, -0.4518299119089719, 0.7610283827115454, 0.5376855221405386, 0.7165259032113735, -0.09078973905944698, 0.09527859430189367, -1.2982649202665748, -2.5895521960946946, -0.1689706011831582, 0.24748217323653687, -0.5406982884436098, 0.8914608128602766, 0.10967352017327348, 0.18011369105722544, 0.03396279271498037], [-4.2625799004519465, 0.5664360547217921, 0.38847719764243105, -0.107263366358062, 0.7612953874454021, 0.061808866334885915, -0.3730973629486274, 1.5814435143787682, 2.4499008494728147, 0.1516182203992158, 0.5992093344903656, -1.749215064357501, -0.7937272721781112, -0.2607999107471959, -0.2042138156244493, -0.2633388154162236], [-0.6145343757192069, 0.15131287712805563, -0.2874339904193552, -0.36482773740973684, -1.4436320307840318, 0.5794165299674472, 0.13276957875825857, 0.1294833196834872, 0.7984993246826337, -2.210905425901622, -1.356592282655579, -2.7811772649621807, -0.06368033021965744, -2.58981142797408, -0.39267433118000494, 1.269309742179432], [-1.304752217624575, 1.4231347714307314, 2.591837369733042, -0.573200929337903, 0.12952103295546158, -0.8677529911963131, 1.636220559332296, -2.609385081546767, -0.9109166991973964, -1.3060159293218427, -1.6111901024179471, 2.559502483614052, -1.4607658789540445, -0.46754571959382374, -0.5934464815023026, -1.733999414850404], [-0.771660505224593, -0.4053085620399013, 0.36933109193234753, -0.535503625101442, -1.0287724575991088, -0.003725752068722832, 0.7404468159533762, -0.8612674438287897, 0.8276932690830487, 0.46209314789260825, 1.4968911322675895, 0.9860871207633952, 1.2164757220915645, -2.054870049561377, 0.9138597704383502, 0.8715112815314325], [-1.4496031003078307, -1.221153255019797, 4.618177857749023, -0.9916293101125819, -0.31689482814534753, -0.6479795983068706, 0.7650671851906315, -2.4912297144039184, -0.22010518951134617, 0.5203744259221923, 0.39178431246066303, -0.11578896454631682, 0.708981683260745, 0.9587148619710979, -0.022224226629814464, -0.29628390671434235], [-0.9590555516649814, 0.8722502960731964, 0.6420816834191121, -0.6875988139650097, 0.5009499505726775, -0.7666375973098777, 1.5315283487336995, 1.7191049137785859, -0.6931102414092574, -0.7402791081809774, -0.3097261893310195, 0.5648542599817905, 0.7586116890901488, 0.8731625124065925, -1.6361752229363618, 0.669866251136938], [-0.492207314556379, 0.12489731125967214, 0.9800121501080827, 0.5898668245890366, 0.35700976922457883, -3.019348750600264, -0.49996768887903853, -1.4793443477971109, -0.9404513836208193, 0.3603327135144615, 2.002368350718842, -0.08151772070835395, 0.0899701943498954, 0.8656366397766809, -0.5561223642297749, -1.9014890464522995], [1.8420626849275417, -1.2190118918013475, -2.696177985936319, -1.1073496707388082, -3.18936510928997, -0.9025768590894037, -1.1303134906606696, -1.1769993011184086, -3.0275348204312733, -2.090649088773356, 0.48863188442011973, -2.103424535027994, -1.824234608268882, 0.13849096648461412, -0.8556453152794272, 2.708246922617206], [0.35748856995872547, -0.20483606799727094, 2.8321941011764222, 0.7671381412290426, 0.036079723324569546, 0.2845964170694293, -1.4376183505749462, 1.2387946347946448, 0.6323846465152134, -1.334037059865528, 0.38047081606834254, 1.6336725082067631, 3.611505445246687, 0.6351086556674612, -0.6061588956966862, -0.7259591320395984], [-0.026884497419361164, -0.9366335307619376, 1.4720760546552834, 1.4925291409108796, 1.6361491039987832, -0.7277795941814036, 1.3646988881744908, 0.3844708096216438, -0.08457913685650875, 0.41587157997071067, 0.3762749471944538, 2.9487776287228766, -2.1921282196592857, -0.040490271698632174, 0.549772262686757, 0.07143670854737816], [-0.8854079169736437, -1.7165009805049183, 0.7514437934217439, -1.8318328611224106, 0.42679568554653, 0.6732187516351852, 0.9795344677042797, 0.7273019870419739, 0.4693965695318154, -0.9238420444896953, 0.2845552608213249, 1.0382950856377209, -0.3861038794102556, 0.46414047882320575, 2.062513468717275, -0.12592550066317476], [3.302328893815765, 2.213380029584039, 0.9882410256966565, 0.6542639381899682, 0.8543568728541272, 0.7338957484614987, 0.6878566029742497, 1.6209862930032393, -3.266265465029792, -1.7427793362522603, -0.1368598684483141, -0.7285198571078848, 2.27857215943577, 0.6428818497935204, -0.5617546184856888, -0.575694745731093], [0.14258902474975482, -0.3020607320464912, 0.1121963760366822, -0.9156349177220973, 0.38367168326153567, 0.12177168600629273, 0.40212136273245913, -0.36031472773817763, 0.5636463170549448, 1.5824009689797311, -0.11044737527593197, 1.2791241460742238, 0.5138439371497097, -1.335319938348632, -0.796256837617531, 0.23075948907983934], [1.019215005523407, -1.0013194068670161, -0.3271605431645872, 0.9159122303488193, 0.4650184221377267, 1.1344891343155963, -0.0007987344786510864, 1.4578148531260433, -0.001033595889789074, -2.4075121791477763, 0.7082836283813292, -0.8516608189341984, -0.04891032027028325, 0.08335764800040968, -0.6731085162593147, 0.7520690192053545], [1.6851024268550368, -0.12221865856111624, 0.6315773596875611, 0.6815715603322049, -1.8398241090353162, 1.3704170080123763, -0.3965347898935154, 0.33825258643997036, 1.6620716511134705, 0.9167119737332166, 0.7367676939638266, -2.368854718321545, -0.2729561627841156, -0.4788634778229415, -0.22599992795157964, 0.42351821390003663], [-1.6903670683508958, 0.6375540067936316, -0.7656906312043743, -0.2027898786022333, 0.31284658260444903, 0.7489317899766742, -0.7856316730366434, -1.9146378195772658, 2.8115550584517575, 0.8176349344933356, -0.884602301542857, -0.8126228538582067, 