{"generation": 273, "fitness": 281474978282327.7, "network": [{"layer": "dense", "input_size": 16, "output_size": 24, "weights": [[-0.12859991140125224, 1.8931968099608387, -4.217433181274779, 2.957214438052275, -0.06052249143743427, 0.08662421596377401, -2.118978990687051, 1.0654329439967352, -1.5995050636515518, 7.740313727241219, -9.376441861887846, -0.19061003755354244, -1.022746748278068, -0.6108378011149549, 3.9410778436508402, 1.1924828514663712], [0.21271116293218162, -5.575396276595812, 3.7831793652494556, 0.4865466785870951, -2.7497410991768816, 5.9291730127394215, -0.22505755095047547, 8.559364435802634, 0.3570774416809648, 1.8306194770279545, -4.833605841306672, -5.991579376443853, 0.4002039783868101, 2.065268515217611, -1.573624582573193, -2.8822427258701957], [-1.262301270374761, 4.812269750807414, -4.1025045668048685, -1.2047773653996525, -1.5134981313176648, -6.56239076711033, -0.976659026917027, 2.828728577061362, 1.5216132875985937, 0.8896669547499091, -1.219609843758297, 2.8495330795559703, 6.814478088405665, 5.492950876608028, -3.937884630604622, 1.0250582945314806], [-1.2301995138187434, 4.4605020575120715, -0.12416846401736287, -2.778968633559572, 4.099947388954147, 1.999409645596684, -3.8453878824019303, 1.0215465127374943, -3.5894955545774017, 2.266268077920077, 2.001824862588677, -3.8108298166531864, -3.1534793982848743, 2.69108423841728, -0.6924870572988862, -0.05325986959553575], [1.742489238624171, 5.8559924764055875, 9.19136054952382, 0.8566342587577451, 0.7919614142868524, 1.0581768228001625, 2.008200317581053, -1.4076857620261074, -5.544112658752241, -2.938629548194003, -2.761910585783287, 3.99055194936371, 5.530794343256358, 4.389819298889791, -1.9546025771071809, -3.39585909563328], [1.072425610112778, 0.5203930600352097, -0.16937801475328995, 2.7952595949449486, 0.32416337485014424, -0.6457597197902493, 0.7276085001270507, -3.0085772961305755, -0.044707859810505735, -4.361048668835675, 6.39770310416657, -0.3888668375602311, -0.7400787265975035, -12.699333646605577, -1.2361157366299613, 0.3967134120786728], [-1.624331089153045, 1.7119422417760088, -3.366073957144245, 0.6092564566101955, -0.14226853578583706, 7.398986613083218, -3.477478067111422, 3.0114806743731064, 0.11275143543587252, -2.034405124126364, -2.135476042438076, 8.174189453479114, -3.9961505436629237, -3.660703898044201, 9.623940831231842, 5.008734280443813], [-5.809746184234445, 3.759803400193513, -0.05233981125161524, 3.2758958185450506, -0.8011549204915256, 2.205978111677445, 0.7351222772485493, -5.093792092197622, 0.5062623474029931, -0.05089789363855757, -0.09471010357540033, -1.4951370717997752, -1.3588292443271213, -1.396880039156244, -0.6336622439645193, 1.0285950821293852], [-4.706105417989609, 2.8070456706199067, -0.15832979620158438, -2.8518230009125767, -2.5053871250389137, -6.535295667656861, 2.915038501665006, 3.846423188738266, 4.089925067249162, -2.3803588984473487, -2.0350595801627946, -2.6052415208250643, -3.0024950803165127, 0.22471390911234934, -4.207359524714512, -2.2296037849467387], [-0.2802191336571085, -2.1752817760664027, 4.371762058444157, -7.82519574685141, -0.9919615480751354, -1.0201483062801588, 1.0991925401646583, 1.2737799303505615, -3.0858219802995297, -4.924799554111816, -1.3867253600582292, -5.054733576223196, 2.452174983748529, -0.0857345855403035, 7.400816377809917, -2.739068619623433], [4.077393652446204, -6.363859257224686, 0.268187902046192, -1.0895808179194462, -4.866436843166992, 2.9102451655828325, -1.2511781790541674, -3.8238209268031227, -2.408642492980562, -1.735132529416927, -5.229187251654844, -3.7229975241291804, -1.0190310856473943, -1.999339321298425, -7.579162179215155, 6.780081200751354], [1.5002452346965593, 3.65714606495169, -1.3665298311343606, 6.530032180502856, -1.2793787300209467, -3.154102635036286, -4.220168817386883, 0.8894147924697865, -7.024459617590214, 3.2274527799296484, 0.7676821386236395, 2.9864475590163004, 3.805894984823287, 1.192110403022135, 3.0346382334839888, 2.6583561315746786], [2.9686097688487423, -1.9012179942394, -4.385644094628941, 3.5893830545995296, -1.8308531522240337, 3.444386764179475, 4.555784337814156, 1.8809813983213737, -1.173734320517702, 0.9084285563257124, 5.327184421379269, 5.803136972395437, -3.156989013185868, 2.7470570466524737, -1.3634837117903504, 0.9936165385841748], [-3.50218210396111, -3.2921591591648065, 1.7450762190931093, -10.295123613648656, 1.241784538542276, -3.859742803874708, 1.0295950632031583, -0.10779167318239746, -5.975409275705587, -3.526924615247699, 1.9772848533969616, 6.58169610574423, 2.797703441422815, 0.568772368442153, 3.6127976447432575, 1.4159697677947782], [-1.7142024152895003, -0.23472319990188856, 2.3382054026685744, -2.272520862357036, -0.4093492854975787, -0.18042074817821896, -0.9191295740807526, 4.107019555749966, 5.392487450322712, 1.5313515175205663, -4.75708317281696, -2.9194294042511264, 2.1763963851726764, -1.3721107885109864, -1.1996676021336197, 0.6419652971121079], [6.018804359813268, 1.6877242155929029, 1.2609323711570897, -3.3310831141836266, -3.3373316261874093, 2.321225276000875, 3.7052151271460274, -0.024589326905000597, 2.426848427270868, -2.4272449240543166, -1.0230636521691192, 0.8909234732615557, -0.5715391636127045, -1.3701029161625486, 3.5211733868515944, 0.6258139961636595], [-0.21261187270409643, -3.069405248820434, 4.161053249423869, -2.1042336523776184, 0.04395993272260943, -0.942715142478588, -1.6389526925210753, 1.8149134478119624, -3.511263024968725, 5.922644731294864, -2.7491949675819383, 1.928850265226061, -1.2349825447437208, 2.368659620296812, -3.3261444174336328, -10.475079823916548], [-0.36281121458845694, 7.1699337158349525, -0.8840167018177936, 2.4704691789277846, 1.1658864429562024, -2.241516321062729, 2.2489799094033485, -2.3330825821873047, -0.3326455093948686, 2.8640391493850315, 3.4125320334590956, -0.919131406299409, 4.588681807306545, -1.6517970619092077, 3.1213539446959837, 2.410373890020807], [-4.4848055656204275, 6.341942094313907, -0.7323613878581903, 0.6639634985738041, -1.412970735959414, 4.443093494373734, 2.985628770774278, -2.2727462172159445, 4.654974116983318, 6.412870597055003, -0.466618388162199, 5.289961017818849, -0.04146039734056477, 3.260604673901049, -2.356428146391098, 2.4300431059956713], [-0.7885674360069759, 3.804064214455348, -0.09866487523390921, -6.718007380926228, 0.8407182206213818, 4.3147187662521445, 5.442538060868028, -4.128389641002191, 3.649823502320663, 2.1961478800348964, -1.1363110431810304, -3.0321221549456645, 1.7137804655702147, 2.403600267625561, -0.41290705385342863, 1.8797440698566075], [6.59916085045512, 1.3078833797513, -0.9320352986237922, -5.101556046235423, 0.6501793049463938, 0.43722018874900914, -1.7394917486133747, -0.2625835118569442, -0.9592664088151552, -1.2209831962926092, -5.4442648796268545, 1.0177624532331766, 4.800802281366391, 0.7285936527866032, 2.699170419180982, -2.0633300807242434], [-1.5669634511596033, -2.1564594530515984, -9.315326153968272, -0.08525320438143785, 0.5741989322319132, -1.6337426158532935, -1.3923075560660485, 0.8901989975526725, -0.9254826914383322, 3.9600560879660467, -0.6589046626095827, -5.200686064905705, 4.8076288132069145, -2.7698216648776763, 0.25152174478595724, 1.821587392187903], [-0.6309489396961467, 2.412381774411796, -0.5410612038171487, 4.407089386259594, -2.936107755576576, 0.6217038775985966, -2.2618863091365378, 6.0881835851454476, -4.675764823905864, 3.480463485644613, 2.480685421442256, 3.14853086834702, 0.18048442961509292, 2.5588469785191843, -2.8376176748618582, 6.915433855344758], [1.222362723829171, 2.344245730484164, 3.0956482537858645, 3.050926895065534, -2.6801537345417668, 4.9008233180222955, -0.6510099551110353, -5.621083267556549, 2.8862143628283516, -7.442369575498322, 3.165864519633176, -4.432804799244838, -2.9332994405603907, 3.3400673860973065, -6.120466814127923, -1.1873410471167705]],