{"generation": 301, "fitness": 9007199256621498.0, "network": [{"layer": "dense", "input_size": 16, "output_size": 24, "weights": [[2.6154397454350646, 1.1700472958228327, -5.2724021818513425, 4.1651357347405735, -0.6264665702085207, 0.08662421596377401, -2.118978990687051, 1.1235619016121918, -1.8223801268462272, 8.70970721867126, -11.41417405798677, -1.6462517925832116, -2.9459959503013273, 0.7765257101919638, 4.203643319220959, 1.042528894169401], [0.10827188874792591, -3.283531319794557, 1.5298351737730824, 1.0889249393385043, -3.507295416511584, 5.657201222747831, 1.0353830947032068, 8.9018047883711, 0.4304974781889694, 1.8306194770279545, -4.18699461516429, -5.701524521115431, -1.0164710586403816, 2.065268515217611, -0.18374216357167406, -3.119028952145333], [-1.262301270374761, 5.691481885371442, -2.365590571782378, -1.2047773653996525, -1.7720567759127879, -7.631367971130089, -1.1130817076614938, 2.8341639351923003, 2.7884413894806217, 1.1560317246942826, -0.8218342300423365, 2.2177769511677874, 8.674512589429485, 5.76049863025689, -4.643244850561801, -1.0857369410583515], [-2.3286871631279595, 3.305737136440747, -0.12416846401736287, -2.8598110853902465, 4.099947388954147, 0.4221992199285538, -2.8704504896468066, -1.3678814753873716, -3.2492986913458024, 2.637051921124865, 3.725217842953465, -3.8108298166531864, -3.1534793982848743, 2.4155808713287508, -0.6924870572988862, -1.0516502883223782], [2.153937567066959, 4.740165029626159, 10.1277708601045, 2.061277074928294, 0.9169290985713303, 1.756111072261045, 2.008200317581053, -0.590462339291751, -4.221549389926453, -2.938629548194003, -2.5592355580257946, 3.99055194936371, 6.948501488172077, 4.389819298889791, -1.9546025771071809, -3.8318529819743468], [1.072425610112778, 0.4263629299744093, -0.16937801475328995, 1.878835053519967, 0.32416337485014424, -1.695746074103202, -1.1118369150243177, -3.0085772961305755, 0.9294085333032764, -3.7432143384973853, 5.572640954441248, -0.9794966465722788, -0.7400787265975035, -12.400142537636551, -1.6148508154170556, 0.5124439334775633], [2.8423497248433245, 3.059258750356422, -2.5415164826094254, 0.5010455107230036, 0.6908100785724414, 8.602116998940183, -4.631049612574923, 6.000104554978125, -0.4185301645877617, -4.200836792326497, -3.594147105506064, 7.362255436094358, -3.4730057396058553, -3.660703898044201, 10.782083059133852, 4.170019674901451], [-6.496251260411033, 3.759803400193513, -0.05233981125161524, 3.2758958185450506, -0.8011549204915256, 2.205978111677445, 0.13170357681186873, -5.908121028433162, 0.5062623474029931, -0.8525083921305673, -0.09471010357540033, -1.2674237072704937, -1.3588292443271213, -1.396880039156244, -0.6336622439645193, 1.0285950821293852], [-2.7006985993007975, 2.8619980319970115, -0.932581747151361, -2.8518230009125767, -3.0599016073497403, -5.912007307920655, 4.964808048431954, 3.940097956550475, 4.089925067249162, -2.617981609002546, -2.340087224783673, -2.6052415208250643, -3.0024950803165127, -0.525448509929725, -4.207359524714512, -2.9742626772793073], [-2.503484424552101, -3.5229876585009086, 1.5402207712941434, -8.526325979035283, -0.7932699208641751, -1.0201483062801588, 1.0991925401646583, 0.6229099730665104, -1.9742210390129007, -3.9011006758869007, -1.7176136787494873, -5.054733576223196, 2.452174983748529, 2.1632746292642087, 7.400816377809917, -3.5398013157442634], [5.971862439494171, -6.690949737604451, 1.3986036798322632, -1.0382185779344608, -2.957023659485354, 3.3053078713449264, -0.16857687425699186, -3.8238209268031227, -2.8728230706256106, -1.735132529416927, -5.229187251654844, -3.7229975241291804, -1.2937575952228257, -1.5495923251042278, -8.218561770372569, 7.910468452914626], [1.5002452346965593, 5.5260070605131, -3.150378002781238, 6.748133121850879, -0.8931028563786559, -3.154102635036286, -4.4902685627185885, 1.7687272014803077, -7.024459617590214, 4.84606390251879, 0.02072356949090337, 3.596342297162066, 4.636840828692086, -1.0638534824548325, 4.11930370079435, 1.5625773821121847], [2.9686097688487423, -1.731401312257597, -4.385644094628941, 2.4917122719594236, -1.6022028413999938, 4.784511789131808, 5.710932139746516, 0.8706468308048014, -2.4267292703920114, 1.2790066688219754, 5.242118385103173, 3.8806412385007754, -3.156989013185868, 2.7470570466524737, -3.98061632902523, 0.9936165385841748], [-3.5828317758759494, -4.506370488352812, 1.5974222157616385, -10.514395775658983, 1.8319771215553895, -4.940318058253917, 1.0295950632031583, -2.404645375476166, -5.424091879213229, -4.359331687948751, 2.1487327006698735, 7.6325585943061665, 2.099330892845075, 0.568772368442153, 1.2543163977310248, 1.5705646036365133], [-1.7142024152895003, -0.23472319990188856, 2.560086810525032, -0.8662984852952986, 0.41458287656935977, -0.18042074817821896, -1.2038728351168309, 3.75680307068745, 4.531387178788598, -0.13484517326848433, -4.75708317281696, -2.9194294042511264, 2.4409766231575567, -1.301174119183497, -3.4539706008607443, 0.6419652971121079], [3.844914194381078, 1.3457723632416978, 0.237169247616983, -3.6170653009962543, -2.5566055873096314, 2.536031066547262, 3.7052151271460274, -0.22109966086522576, 0.8228004964059488, -3.0857236433936084, -1.0230636521691192, 2.2378106510593248, 0.19825565737768236, -1.3701029161625486, 3.5211733868515944, 0.4420729273698367], [-0.21261187270409643, -3.069405248820434, 4.161053249423869, -2.1042336523776184, -0.04095351951518917, 0.17807419642697075, -2.000021233199003, 3.3932898201191763, -4.361446469084646, 5.771714675448478, -3.9747817610242624, 1.5761639437322095, -1.2349825447437208, 3.9858622981742537, -2.9822372669371306, -10.475079823916548], [-1.9410943514896324, 4.7740301120520945, -0.8840167018177936, 1.7266163593693078, 1.312550205245976, -1.7649220735949356, 3.9760836689222137, -4.199585573194523, -0.3326455093948686, 5.164068320224906, 3.4125320334590956, -0.919131406299409, 4.588681807306545, -2.0423897742329067, 5.514038827158982, 2.560530382455132], [-4.571510916119053, 6.84037252292226, -0.7323613878581903, 1.1290470875680114, -2.661500865354122, 5.235054423594278, 4.609698118739156, -3.699790560344846, 4.654974116983318, 7.976578119690168, 0.8136919825296225, 5.289961017818849, -0.13420863296594226, 3.4470091275252446, -3.328479605672741, 2.446596672851388], [-0.7497610568851079, 3.804064214455348, -0.09866487523390921, -6.718007380926228, 1.2963188786566322, 4.3147187662521445, 5.442538060868028, -3.3652819372376674, 3.649823502320663, 2.916890887581586, -0.19704192636390888, -3.0321221549456645, 2.6796849830069718, 2.403600267625561, -1.9125580370002202, 1.8797440698566075], [6.59916085045512, 1.8225032330366036, -3.2379254610059607, -5.101556046235423, 0.6501793049463938, 0.43722018874900914, -1.7394917486133747, 2.349084252329107, -1.1645253606912456, -2.2119280033285613, -4.860572795221744, 1.0177624532331766, 7.029441552631615, 0.5879870204692109, 2.0836033518411132, -2.475451505500586], [-1.5601259683611677, -5.257626679303386, -7.213054376480381, -2.1288458140647553, 1.1807041775682632, -1.6337426158532935, -1.2073024216118295, -0.4875447517889575, -1.3498447597689116, 4.032969010958049, -0.772507197673114, -5.790115250820366, 4.8076288132069145, -3.970870197872518, -0.4672244942128263, 2.385863172990547], [-1.5123068005146192, 2.412381774411796, -0.5410612038171487, 4.78603334657762, -2.6493016895644854, -0.338325723157474, -1.9881674076166507, 5.474012889000615, -4.649252064799525, 3.832494447604336, 3.382072488477996, 3.2316033418548016, 0.18048442961509292, 2.0427073196888603, -4.642037653045667, 8.388983683807176], [2.7245856613221227, 2.1468798918200718, 3.6751372026978943, 3.050926895065534, -1.7598596210731348, 4.9008233180222955, 0.9357146937241863, -3.3455009843709567, 2.642227734289867, -6.58173356225902, 4.253461441538319, -1.8608807494790307, -3.2943096191755843, 2.5052019027538925, -6.566339823519339, -2.021888242492221]],