{"generation": 309, "fitness": 1.4411518807802314e+17, "network": [{"layer": "dense", "input_size": 16, "output_size": 24, "weights": [[2.3103966757482173, 1.1700472958228327, -5.797379217089697, 4.1651357347405735, -0.6264665702085207, 0.5081329379899872, -2.118978990687051, 1.5875162504489282, -1.3402441143447192, 8.70970721867126, -11.41417405798677, -1.6462517925832116, -2.9459959503013273, 0.6550651354224112, 4.053814973946493, 1.042528894169401], [0.10827188874792591, -4.1204118622345405, 1.5298351737730824, 2.4085596930393147, -4.885511060716456, 5.657201222747831, 1.0353830947032068, 8.9018047883711, 0.4304974781889694, 2.448399388552886, -4.18699461516429, -5.701524521115431, -0.6682551732479238, 3.046513909295815, -0.18374216357167406, -3.119028952145333], [-1.256801708305544, 4.069677663327632, -3.041484734947586, -1.2047773653996525, -1.584497605212198, -7.631367971130089, -1.019523786818894, 2.8341639351923003, 2.7884413894806217, 1.1560317246942826, -0.8218342300423365, 2.2177769511677874, 8.674512589429485, 5.76049863025689, -3.6618957174163387, 0.9025126752554595], [-2.3286871631279595, 3.537332540942586, -0.12416846401736287, -2.810843213174833, 4.099947388954147, 0.4221992199285538, -2.8704504896468066, -1.3678814753873716, -3.2492986913458024, 2.637051921124865, 3.725217842953465, -3.8108298166531864, -3.1534793982848743, 2.69108423841728, -0.6924870572988862, -1.0516502883223782], [0.7300015184252295, 4.740165029626159, 10.26113768219238, 2.061277074928294, -0.7587704657208334, 1.756111072261045, 2.008200317581053, 0.18173073947753593, -4.221549389926453, -2.938629548194003, -2.5592355580257946, 3.99055194936371, 6.925988839524352, 4.389819298889791, -1.9546025771071809, -3.8318529819743468], [0.44456710978802016, 0.5203930600352097, -0.16937801475328995, 1.878835053519967, 0.32416337485014424, -2.833933836041601, -1.3430670599404007, -3.0085772961305755, 0.9603079238401735, -3.7432143384973853, 5.572640954441248, -1.1532532794870574, -0.7400787265975035, -12.400142537636551, -0.38366614799647514, 0.5124439334775633], [2.8423497248433245, 3.059258750356422, -0.7054662278885118, 0.4738464111697641, 0.03196789011490675, 8.602116998940183, -4.631049612574923, 6.438937558235293, -0.626601418086989, -4.200836792326497, -2.9331757034542947, 6.902450245334518, -3.4730057396058553, -3.660703898044201, 10.782083059133852, 4.170019674901451], [-6.496251260411033, 3.759803400193513, -0.5233965090367632, 3.3368562354112736, -0.8011549204915256, 2.205978111677445, 0.13170357681186873, -5.852960590488095, 0.4730002773097327, -0.8525083921305673, -0.09471010357540033, -1.2674237072704937, -1.3588292443271213, -1.396880039156244, -0.6336622439645193, 0.042701176005404795], [-2.7006985993007975, 2.8619980319970115, -0.932581747151361, -7.631732697032281, -3.0599016073497403, -5.912007307920655, 6.654042814071943, 3.940097956550475, 3.9691230436483154, -2.617981609002546, -2.340087224783673, -2.6052415208250643, -3.0024950803165127, -0.525448509929725, -4.480120668867626, -4.093224219797531], [-1.2368420542303415, -3.5229876585009086, 2.331336452002894, -8.526325979035283, -0.7932699208641751, -0.5384062329041623, 1.603095848161721, 0.5567358308982884, -1.9742210390129007, -3.9011006758869007, -1.7176136787494873, -3.5123716039754695, 2.0892507430524594, 2.2069910052084305, 7.400816377809917, -3.5398013157442634], [5.971862439494171, -6.690949737604451, 0.268187902046192, -1.0382185779344608, -2.957023659485354, 4.445455412756766, -0.16857687425699186, -3.8238209268031227, -2.8728230706256106, -1.735132529416927, -5.229187251654844, -3.7229975241291804, -2.8092396607770023, -1.9376380010452148, -8.218561770372569, 7.910468452914626], [1.5294127948336724, 5.5260070605131, -3.150378002781238, 6.748133121850879, -0.5207440756121855, -3.154102635036286, -4.071621435652627, 1.7687272014803077, -7.024459617590214, 4.84606390251879, 0.02072356949090337, 4.525876143174472, 4.636840828692086, -1.0638534824548325, 3.9017778368030083, 1.5625773821121847], [1.109970407700535, -1.731401312257597, -4.385644094628941, 2.4917122719594236, -1.6022028413999938, 5.262166768285515, 5.710932139746516, 0.2600643703180159, -2.126697570144348, -2.0478803595551054, 5.242118385103173, 3.6828136793190356, -3.156989013185868, 2.7470570466524737, -3.413042024979142, 0.9936165385841748], [-3.5828317758759494, -4.506370488352812, 1.5974222157616385, -10.514395775658983, 2.2020935007331364, -5.4830519204410315, 1.0295950632031583, 1.4643702855482608, -5.424091879213229, -2.5926144984316704, 2.1487327006698735, 6.713909203372943, 2.099330892845075, 0.568772368442153, -0.27942071506377353, 1.5705646036365133], [-1.7289084069842238, 0.16886696229051745, 2.520177050962512, -1.6924490688058862, -0.8063783223262522, -0.6705529700236873, -2.4694429986940385, 3.5193605306075577, 4.531387178788598, -0.13484517326848433, -4.9245350385219275, -3.6101157835787427, 2.4409766231575567, -1.301174119183497, -4.211576013492641, 0.6419652971121079], [4.332884711552122, 0.04911669328870283, 0.237169247616983, -3.6170653009962543, -1.956980819334754, 2.536031066547262, 3.7052151271460274, -0.22109966086522576, 0.8228004964059488, -2.9079714092235855, -0.4914444886171171, 2.2378106510593248, -0.48714644230424786, -1.3701029161625486, 3.5211733868515944, 0.4420729273698367], [-0.9538674258327888, -2.1394451241109946, 4.161053249423869, -2.1042336523776184, -1.0683766327681439, 0.17807419642697075, -2.000021233199003, 3.3932898201191763, -4.361446469084646, 6.814477042075901, -3.9747817610242624, 1.5761639437322095, -2.4279190517529687, 2.1829061922734345, -2.9822372669371306, -10.475079823916548], [-2.473687508407597, 4.7740301120520945, -0.8840167018177936, 2.0079246734476204, -2.2034940105357905, -1.7649220735949356, 3.9760836689222137, -3.925523657755742, -0.3326455093948686, 5.164068320224906, 3.202594222245707, -0.919131406299409, 4.588681807306545, -1.602632936591507, 5.514038827158982, 2.560530382455132], [-4.571510916119053, 6.84037252292226, -0.7323613878581903, 1.1290470875680114, -2.014538210485802, 5.235054423594278, 4.609698118739156, -3.699790560344846, 4.654974116983318, 6.582676422183382, 0.8136919825296225, 4.786180752544723, -0.8391836154261743, 3.4470091275252446, -3.328479605672741, 0.21597436469956843], [-0.7497610568851079, 3.804064214455348, -0.09866487523390921, -8.440305399473583, 1.143771747177883, 4.3147187662521445, 5.414016675635155, -3.3652819372376674, 3.649823502320663, 2.916890887581586, -1.2518851242089373, -3.0321221549456645, 1.9584134955440888, 2.7482648675804797, -0.6712262866074277, 1.6993308850691573], [6.59916085045512, 1.9888775392357814, -3.2379254610059607, -5.101556046235423, 0.6501793049463938, 0.4025010048118506, -1.7394917486133747, 2.349084252329107, -3.707683942687036, -3.583238559447499, -4.860572795221744, 1.0177624532331766, 7.029441552631615, -0.8047173679801605, 2.0836033518411132, -2.475451505500586], [-2.671773427617371, -5.257626679303386, -6.621834859108853, -2.1288458140647553, -0.3026069841236524, -0.09880300718496682, -1.2073024216118295, -0.4875447517889575, -0.974095475275863, 1.2283600301756152, -0.772507197673114, -5.790115250820366, 4.10048376169925, -3.988411430817869, -2.1546769552627074, 2.385863172990547], [-1.6719247045546028, 3.177173950979934, -0.5410612038171487, 5.1140299357198495, -2.6493016895644854, -0.338325723157474, -1.9881674076166507, 5.474012889000615, -4.649252064799525, 3.832494447604336, 3.382072488477996, 3.2316033418548016, 0.18048442961509292, 2.0427073196888603, -5.451928894437207, 8.245206478991877], [2.7245856613221227, 1.95682469030649, 3.6751372026978943, 3.050926895065534, -1.09427161967478, 4.9008233180222955, 1.9996659169699937, -3.3455009843709567, 2.642227734289867, -6.58173356225902, 4.253461441538319, -0.2794518466456728, -3.2943096191755843, 3.202040908037408, -6.566339823519339, -0.05132232684671084]],