{"generation": 31, "fitness": 315746.1002622923, "network": [{"layer": "dense", "input_size": 16, "output_size": 24, "weights": [[-0.7771083381751056, 0.7210468424897593, 0.10213263375738568, 0.6970717507814899, -1.85864597998751, -0.5974814195462308, -1.307951843933275, -0.6329060082813704, 0.7991650694495331, 0.6501430854459623, -1.6042937721654362, 1.7861614608745453, -0.431649316344816, -0.4049398999285355, -0.032314306851403574, -0.20579399477692834], [-0.8898259680399039, -0.418151570243646, 0.04751278609956722, -0.3295997737801839, -0.7239020420962801, -0.5507154966056899, -1.755852798563266, 4.283158411184299, -0.012993204574549555, 0.5269213804378954, 0.4548473048322063, -2.63941028580009, 1.090324612518651, -0.4687239438596146, 0.935857778098296, -0.5257776600484335], [-1.2060333575049134, -0.8300949697645834, -3.4897218651934065, 0.80056525776551, -1.3022344835015822, 3.223879153610855, 0.9039555424834711, -0.8301439246607349, -0.5721677589183073, 0.7848163369970385, -1.0092281372017529, 0.1962898101551358, -2.819116827045013, -0.15456091092746638, -0.842440796352152, 0.763723424757797], [1.2739936478011757, 1.9739291166921153, -0.3748520769385308, -2.318525462435286, 4.678656067688134, 0.9534223151649444, 2.075192042350128, 0.6689514916277703, 0.6885408919918826, 0.2670333078686044, 1.4131882859751868, -1.2961174639350326, -2.532878909020928, -0.3740497822167137, 2.13949644503355, 0.27346706139742327], [0.16461935636425543, 0.8864836448851656, 3.4482739723907176, 2.3121115588530388, 0.4916676256617154, 1.7967189892192827, -0.9243641000134989, 0.5519476651894697, -0.7842048484226259, 0.25624751076183194, 0.3014356114327581, 0.17226630610252597, -0.640552495608899, 0.6663581448362472, -1.2833548722175183, -1.678749527365955], [0.00882472424022751, 0.3667953086713085, -1.0062759428165102, -0.08028250529840608, 0.7416008526549414, 0.9032007197347975, 1.3293302724079696, -4.416907820876161, -0.9250641912742072, -1.3121652427844972, 1.1529464698977416, 0.8855215084874344, 0.14651116411962029, -0.3683082036094536, 0.24711564261092533, -0.8425507045936126], [-0.15242878293453627, 0.19095904564400934, -1.3255145153003693, 0.3768425643943688, 2.510616563358976, 1.2967328122585682, -0.42070588442714296, 2.2711233107337048, 1.1697686613976872, -0.010807985002958098, -1.334553161982736, 0.5086998162356493, -1.0942488192580695, -1.7699612088054066, 3.195481581933703, 0.8263463274725288], [-0.6896085236881394, -1.9370964226815495, 0.5855285634547571, -0.5523162425993859, -1.448417425307499, 0.10661783337552833, -0.30155169878036125, -1.5781031372709158, 0.451270947816526, -1.4086599594280618, 0.3224173158664698, 0.518111029371216, 0.3821322638517265, 1.58145294138762, 2.1730454817888143, 1.7215638293262674], [-1.5186167713933079, -0.7388949809029697, 0.5533841980461468, -0.7293474063830929, 0.5265201776267958, -2.6841312110007154, 0.7066384702372699, 1.6409667607180765, -0.3721537349478227, -0.5245187593926408, -0.8294925548863954, -2.1976177731490707, -1.7862087298060838, -2.1878267474226756, -1.5987585249473035, -1.1542530715336212], [0.9003091552736362, -0.2621310685347171, 1.6194616964372257, -2.5449814872365346, -2.8213526281010504, -0.5659579624298867, 2.3125934334619505, -1.1415252714774957, -0.9139302949052633, -0.7551167545428294, 0.7910211209727, -0.3384927605582928, -1.1838042342639028, 1.0936203562144247, 0.6525212856478377, -0.9297239763298039], [0.34885078278482895, -0.2699174423238032, -0.4664942793092677, 2.582130638018947, -1.2370055243697347, 0.26548300839880756, 0.6823131294460411, -2.322575310183539, -0.24822569812307993, -0.6219276162089349, -0.4348003022020541, 0.0284890027858698, 0.26062591842713534, 3.862986477036042, -0.68553942331615, 0.02410342830189796], [1.579596352929173, 0.3443119178839096, -2.1016593576537406, 0.1580505670837118, 2.3642089737533594, -0.23044809240600783, -2.435963452383679, 0.6002678494916966, -0.9208865304485001, 0.3185069432543348, -0.13803671099199658, 0.9452104040414295, 0.2881438366613518, -0.6786819155385551, -1.1441633952744388, 4.8799972421114735], [-0.3826724090465898, -1.083931028764047, 0.04523928858431603, 0.03399657350644253, -0.4633588352580891, 0.736360934986056, 1.8127982859286036, 1.8987734058168977, -0.26571384426186684, 1.2916576037256788, 2.090491463512655, 2.5313209494889803, 1.5855407729732027, 2.1083774052669177, -1.4725335042915968, 1.353387398226106], [-0.9392088843615127, -1.8687225633139612, -0.6522276339091478, -0.5394424896942491, 0.3896145173680259, -0.23054708734058182, 0.16422523934194677, -0.09085004125970353, 0.5445115501049935, -0.21368974519021333, -0.26904547554958547, 0.9660480786793686, -0.045756489569578895, 0.17626696544402598, 0.9684946890434325, -0.8646820268112608], [-0.17155695623904604, 2.345355687046254, -1.4220031199925272, -0.4959177512056543, -0.2528288910925195, 2.2243153560452416, 0.02002677640065076, 0.3439751373875056, -0.07598248295521315, 1.6477103667208215, -3.3161117807002913, 0.24454321555589775, 0.07811977146027693, -0.555560081580668, 0.11726410665516131, 0.12191277972885628], [0.9949534878602625, 0.20584526298374928, 0.04150572954494719, -2.2945245006403385, 0.8651494677005205, 1.596510491158798, 0.6697496763649178, -1.3061199967426866, -0.8863850885918438, -0.5916968152873407, -0.19692150818017806, -0.24315476488601395, 2.616455729072143, 0.646768812970943, 1.5325605515690799, -0.4001027645291242], [2.6873074887857182, -0.8861479204745679, 0.3491110866134851, 0.5475077738885954, -0.35547258373155655, -2.9372759776425177, 0.18580963521473315, -1.6415683091853301, -1.8915225493719112, 1.194004694485188, -0.7743500178637476, 0.2875096021006882, -1.516675010022553, 0.1865271365732809, 0.6584403463414654, -0.562436352651141], [-0.546717498620817, -0.5061878208680595, 0.45179967828891554, 1.6178865633089088, 0.11276157940997633, -0.6981627531778627, 0.404195043083525, -4.242334402128204, -0.7074260085363712, 0.6073530522269905, 3.3793269967205832, 1.4164179599383213, 1.9176495736855592, -0.5082979339928841, 0.3824775002679557, 0.7457999334946552], [-2.3244171986894386, 1.7835770768173278, -0.666995220011552, 0.14383330810440875, -0.9661896789191846, 1.9780478161378687, 0.7886512526554339, -3.929167543055931, -0.7247325501457808, -1.5212346934652996, 0.44603322208708823, -0.36955485797799037, -0.7748120275196986, 0.771644664896568, 2.47938009572716, 0.6377145127494692], [2.3687753318254963, -1.2865827489649555, 0.29568940533931043, -2.528232307475999, -0.5812585340705921, 0.6882594694073179, -0.28140897506636176, 0.07695079579877634, 0.4086768391080051, 0.9266290076228636, -0.44991823656339514, -1.0594878721963354, 0.16019667093507928, 0.24102163349943528, 0.2314516633768482, 0.5758369101301899], [2.460077018302093, 0.25959016690258796, -1.7891821312768208, -0.44292396997966876, -0.30420205755812035, 0.2603016178698398, -0.22370860179832752, 0.07939440277013639, 0.8669178029631566, -0.42542602575723065, -2.4316541350452776, -0.8829602003297021, 3.6233773933820643, 2.8705309539453907, 0.532006309037099, 0.30845142889496413], [-1.2768619941028616, 0.7141810349639226, -0.9279757931343915, 1.6977808079515222, -0.5039490563207509, -1.134749000045738, -0.13488690101957979, -0.09677519238511667, -0.3311829138235114, -0.4164242158698328, 1.0204109980943865, -0.317746451903744, -1.8211783287336223, -0.02632600131368079, 1.8250741309319265, 0.008205567009455406], [0.3373076101962271, 0.3646518227565967, -0.13895464160097237, 0.5924042090335215, 0.2762219183915958, 0.1642723216132982, -0.07425594376904532, 0.004845037448748785, 0.2518066177762903, 1.3129577421922398, -2.821852525307553, 1.6526539250759376, 1.1787419923805404, 0.581745714457925, -2.7527880036339205, 2.08624941210228], [0.5448729262057205, 0.15895339746885595, 0.039730303165558256, -1.5684370849440104, -0.2604855993942423, 2.64498481076259, -0.709877168287969, 0.007877801492808444, -0.4238181496289062, -0.3327097672797952, 0.39063027657868576, -1.800554184787984, -2.360907720340566, 