{"generation": 32, "fitness": 228723.66176314844, "network": [{"layer": "dense", "input_size": 16, "output_size": 24, "weights": [[-0.7771083381751056, 0.7210468424897593, -0.34967500809305574, 0.6970717507814899, -1.85864597998751, -0.4096508503555756, -1.307951843933275, -0.6329060082813704, 0.7991650694495331, 0.6501430854459623, -0.5457647004401955, 1.7861614608745453, -0.431649316344816, -2.307852361948814, -0.032314306851403574, -1.2249359185979787], [1.2094188889941262, -0.418151570243646, 0.04751278609956722, -0.3295997737801839, -0.7239020420962801, -0.5507154966056899, -1.755852798563266, 4.283158411184299, 0.6867915600320171, -0.18370148785019014, 0.8303219453525363, -0.885376603542519, 0.6742785202110679, -0.4687239438596146, 0.935857778098296, -0.8509440134971116], [-0.7551435590816429, 0.6646395577984372, -3.4897218651934065, 0.80056525776551, -1.3279815673043873, 2.66958077586733, 0.9039555424834711, -0.07255117847476955, -0.3335055071140922, 0.7848163369970385, 0.0851429752576427, 0.1962898101551358, -2.819116827045013, -0.10177300152126123, 0.3298878512324205, 0.764428413936669], [1.2739936478011757, 1.7892037355178578, -1.516971905945633, -2.318525462435286, 4.678656067688134, 3.3858649106315974, 2.075192042350128, 0.6689514916277703, 1.506506224869368, 0.2778739308490168, 1.4131882859751868, -1.2961174639350326, -1.368979255520618, 1.5897772910629193, 2.628456991718363, -0.5727723666531465], [0.21275749035020053, 0.172733204540637, 2.174818419234787, 2.3121115588530388, 0.4916676256617154, 1.138236250799946, -2.7463891917958994, 0.5519476651894697, -0.7842048484226259, -0.815932970443506, 0.3014356114327581, 0.17226630610252597, -0.640552495608899, 0.6663581448362472, -1.7580926397202616, -1.5490628056775533], [0.00882472424022751, -0.7623165150277009, -1.0062759428165102, 0.2885330110611183, 0.7416008526549414, 0.9032007197347975, 1.3293302724079696, -4.416907820876161, -0.9250641912742072, -1.3121652427844972, 1.789865395384657, -0.951646123529011, 0.14651116411962029, -0.3683082036094536, 0.24711564261092533, 0.502172817489312], [-0.15242878293453627, -0.8144322272422013, -1.4106181434559089, 0.3768425643943688, -0.43406398480450115, 1.2967328122585682, -0.42070588442714296, 3.0463038935489353, 1.1697686613976872, -0.010807985002958098, -1.8004757715130986, 0.5086998162356493, -1.0942488192580695, -1.7699612088054066, 3.195481581933703, 0.9170355553057327], [-0.6896085236881394, -1.9370964226815495, 0.5855285634547571, -0.5523162425993859, -0.9581503386620638, 0.10661783337552833, -0.30155169878036125, -0.22636295110670468, 0.451270947816526, -2.027314803549891, 0.3224173158664698, 0.518111029371216, 0.3821322638517265, 1.8188977853020198, 3.1077569304369357, 1.7215638293262674], [-0.4353997940282426, -0.10010719889758313, -0.48216790745849836, 0.8542383525113537, -1.1694535939035493, 0.2365509025176269, 0.6245597435292318, -0.27616210387113305, 1.510775993229164, -0.5245187593926408, -0.41070428976199663, -2.1976177731490707, -1.7862087298060838, -1.1997246706930254, -1.5987585249473035, -1.1542530715336212], [0.9003091552736362, -0.2621310685347171, 1.6194616964372257, -2.320172289370344, -4.444075861921634, -4.902726830883114, 2.1213415485356437, -1.1415252714774957, -3.6930490697802267, -0.7551167545428294, 0.6473114531833113, 0.770228937442506, 0.19538319004091764, 1.0936203562144247, 0.5009536235398793, -0.9297239763298039], [0.34885078278482895, 0.4715781333565259, -0.4664942793092677, 1.4652867442564683, -1.2370055243697347, 0.26548300839880756, 0.18692354956352175, -2.322575310183539, -0.24822569812307993, -0.6219276162089349, -0.4348003022020541, 0.0284890027858698, 1.0442955340359776, 3.862986477036042, -0.68553942331615, 0.19691969911712398], [0.7345681676519575, 0.3443119178839096, -2.1075238187654355, 0.1580505670837118, 0.5570908160611621, -0.30710374260513956, -3.796592245407064, 0.6332549475958024, -0.9208865304485001, -0.8902239256884186, -0.13803671099199658, 0.9452104040414295, 0.2881438366613518, -0.5701110435856019, -2.3641905206118308, 4.8799972421114735], [-0.3162327396545209, -0.4603526698790982, 0.9795425520196528, 0.03399657350644253, -1.544089743609304, 0.736360934986056, 1.8127982859286036, 1.8987734058168977, 0.5614860827831063, 1.410176497380471, 0.9667840419383222, 2.5313209494889803, 1.5855407729732027, 0.21151330296921533, -1.4451824641521471, 1.353387398226106], [-0.9392088843615127, -2.990577872585834, -0.370880465082857, 0.6009085698185384, 0.8524734662172008, -0.23054708734058182, -0.2854416646695713, -1.5348020198146137, 0.4989347077203771, -0.04503607396919028, -0.26904547554958547, 0.9660480786793686, -0.045756489569578895, 0.17626696544402598, 0.9684946890434325, -0.8646820268112608], [-0.613659780743032, 2.345355687046254, -1.4220031199925272, -0.4959177512056543, -0.42224991856082983, 2.2243153560452416, 0.02002677640065076, -1.3095419713716576, -0.07598248295521315, 1.6477103667208215, -3.3161117807002913, 0.24454321555589775, 0.7317604777811852, -0.555560081580668, 0.11726410665516131, 0.3184196346879986], [0.9949534878602625, 0.20584526298374928, -0.5060415883255807, -0.3011850421967466, 0.8651494677005205, 1.596510491158798, 0.6697496763649178, -1.3061199967426866, 0.8360223227273413, -0.5916968152873407, -0.19692150818017806, -2.7272258320793674, 3.3269186828014905, 0.646768812970943, 0.8480158392052689, -0.4001027645291242], [2.6873074887857182, -0.8861479204745679, 0.3491110866134851, 0.5475077738885954, -0.35547258373155655, -0.5069867847919474, 0.18580963521473315, -2.74924617512867, -0.5069927830922158, 0.15730770223676072, 1.168483957898945, 0.2875096021006882, -1.9080842806227627, 0.2602229435264731, 0.6584403463414654, -0.34619377278771135], [-0.546717498620817, -0.5061878208680595, 0.45179967828891554, 1.0022877320985684, 1.9239006545159574, -0.6981627531778627, -0.3944333904493927, -4.242334402128204, -0.7074260085363712, 0.6073530522269905, -0.8778455413113067, 2.897592043849367, 1.5709199994758254, -0.5082979339928841, 0.3824775002679557, 0.7457999334946552], [-2.3244171986894386, 1.7835770768173278, -0.666995220011552, 0.14383330810440875, -0.7616324575408957, 1.803594560964589, 0.7886512526554339, -4.092129549282478, -0.6145483355032828, 0.159725754901338, 0.44603322208708823, 0.7595448569073797, -0.7748120275196986, 0.771644664896568, 0.23088487399998936, -0.11864503264713644], [2.3687753318254963, 0.14356676629796195, -0.46149514104489675, -3.406377716319319, -0.5812585340705921, 0.6882594694073179, -0.28140897506636176, -0.12225907295938382, 0.4086768391080051, 0.9266290076228636, -1.1727520494367136, -1.0594878721963354, 0.16019667093507928, 0.24102163349943528, -1.365187248179628, 2.5962563062461497], [2.460077018302093, 1.1296595121417483, -1.7891821312768208, -0.44292396997966876, 0.10240941252204355, 0.2603016178698398, 0.11295428227311238, 0.08161977892127587, 0.5948714722400276, -0.12992267667379653, -1.2141965364375893, -0.8829602003297021, 2.7530923318906946, 4.3003086608206536, -1.051372186848939, 0.1536135562031149], [-0.48896254770013803, 0.7141810349639226, -0.9279757931343915, 1.6916824731982854, -0.019110606911288963, -0.7341639414760706, -1.2276156302146517, -0.09677519238511667, -0.3311829138235114, -0.4164242158698328, 1.0204109980943865, -0.317746451903744, -0.945777674171457, -0.02632600131368079, 1.8250741309319265, -0.3177600330138662], [0.3373076101962271, 0.3646518227565967, -0.13895464160097237, 0.687343905051107, 0.2762219183915958, -0.43617502018626386, -0.07425594376904532, 0.004845037448748785, 0.6158677598079134, -0.4377479050963405, -2.821852525307553, 1.6526539250759376, 1.1787419923805404, 0.43021980963282275, -1.3220955368130989, 2.08624941210228], [0.5448729262057205, 0.15895339746885595, 0.039730303165558256, -1.5684370849440104, -0.7327177064771626, 4.059625649195716, -0.3294180044394697, -0.04743540082859324, -0.4238181496289062, -0.3327097672797952, -3.285145386479713, -1.800554184787984, -2.360907720340566, 