{"generation": 340, "fitness": 5.902958103587089e+20, "network": [{"layer": "dense", "input_size": 16, "output_size": 24, "weights": [[2.7824233284173183, 2.320578908962342, -5.206707986367, 2.389721214615276, 0.6191041242628917, 0.03731491324220021, -3.3285982167988952, 1.1853369346045874, -2.701084980872954, 11.32050798962826, -13.310735297414057, -1.3940367206889632, -0.9754931077127856, 0.38341151837954973, 4.301426929159664, 0.9513247619226773], [-0.36190462087643277, -3.591803204541441, 2.7473048923691463, 0.7341489781073565, -4.885511060716456, 7.941219949898953, 1.0329582873061105, 8.669269180161967, 0.24967590515278504, -0.06226083509212943, -2.4516349565440443, -5.522301474364606, 1.9032702449797694, 4.681286886526362, -0.18374216357167406, -3.388314520730561], [-1.7100249086097583, 4.069677663327632, -2.2256777011695252, -1.2496779255577906, -0.9998578037404396, -7.631367971130089, 0.007999961769119324, 2.8689622392806946, 1.734469529447174, 1.34800708664471, -0.4871770281265324, 2.2177769511677874, 7.9067818043108185, 5.192377229751835, -3.523411434174866, 1.0807286734977088], [0.1364729500384776, 3.888320414104045, 1.9062473793434183, -2.1432140420121297, 3.750639842343352, 0.4221992199285538, -0.3963916689275037, -1.4422855016383673, -2.5782406161969913, 2.1747439734225624, 3.725217842953465, -3.8108298166531864, -3.294718039180801, 3.4754338685889, -2.2729226825008406, -0.37641158314310796], [0.37761764809394655, 4.740165029626159, 10.735172267833361, 1.0442054507024272, -0.6460657733406585, 1.756111072261045, 2.3532017153578377, 0.813232348511211, -4.221549389926453, -2.938629548194003, -4.331753917725541, 5.880924649307465, 6.737942692108255, 2.851263451332828, -1.9546025771071809, -2.7289624269131587], [0.016289265985840684, 0.5203930600352097, -2.0625829512271587, 1.878835053519967, 0.7295995416050096, -2.696769419525785, -1.839887001287193, -2.911913113676607, 3.4027598863184427, -4.4999724256922295, 4.521173628239569, -0.5580258260169346, -1.1466118546745347, -14.071470177366106, 0.7108911619476226, 0.11062183320654972], [4.234926887708653, 1.9105119769188321, -1.202673858063334, 0.7703797197765495, -0.3244671381527584, 8.602116998940183, -5.64979813707028, 6.438937558235293, 1.6391091440784058, -4.200836792326497, -2.9557937235060616, 6.902450245334518, -3.2129959486401543, -3.209017895990538, 7.365496468520053, 4.170019674901451], [-6.496251260411033, 3.4163422376718535, -0.7448764813665807, 1.4153975673675427, 0.061010808627870894, 2.205978111677445, -0.6524465013032082, -3.830056492224423, 0.7590036898865926, -0.8525083921305673, 0.3628614761404205, -1.2674237072704937, 0.31620626666941065, -0.8955611163916896, -0.6336622439645193, 1.7902040392148866], [-2.7006985993007975, 4.757415945612156, -1.4430242048826147, -6.4037610985309, -3.0599016073497403, -6.042583819928823, 6.163318944289513, 3.9224935860794474, 3.1790961125786716, -1.792198308918726, -4.849784608873296, -2.6052415208250643, -3.6243603795088877, -0.525448509929725, -6.3960837824163885, -4.1315887147031685], [0.38160799655927846, -4.145352475431174, 2.331336452002894, -6.283417206688381, -1.975315421063454, -0.5384062329041623, 2.2827909307512706, 0.5567358308982884, 3.338125668282923, -3.750751504551757, -2.4802889165292443, -3.5123716039754695, 2.0567696217479208, 2.2069910052084305, 7.400816377809917, -3.4007420998687823], [6.659152753881879, -6.690949737604451, 0.0019216716251636567, -0.42680972141328627, -1.8966676368196365, 5.808056064232713, 0.15814422850834964, -3.816095887418032, -1.98833887949892, 0.39419906979504127, -5.665057128877219, -4.0113114590063095, -1.4525369270554176, -3.0939729095571202, -8.218561770372569, 7.236790169523909], [3.4321730004291213, 4.8084611583632535, -3.150378002781238, 4.535588287301829, -0.3273718721290707, -2.720743649058423, -4.524400613808989, 0.5034386418589449, -6.613885009573353, 7.722207731594695, 0.6372763244801124, 6.091988963985269, 3.653645000414011, -0.9725815978962109, 3.4352910803997023, 1.423591315288077], [1.109970407700535, -2.296611444564065, -4.385644094628941, 3.46346467845604, -1.6022028413999938, 6.183202300845501, 4.856336181175966, 0.2600643703180159, -1.8273014471413658, -2.0478803595551054, 5.780329196295617, 3.1249830437687978, -3.561167045566145, 2.592202154706183, -4.031549058266991, 0.9936165385841748], [-4.0341821804021345, -3.1271191732340977, 1.8061848599173527, -10.514395775658983, 2.1071653636342007, -6.235081261242556, 2.8612382223945683, 1.8584353918457448, -5.424091879213229, 1.6084337781426683, 2.6122705895484795, 7.309986140982649, 1.8225478382397804, 0.46142855118861975, -0.48233632642150676, 1.221317700558336], [-1.7289084069842238, -0.9673418043825313, 2.520177050962512, -2.9425833760699174, -0.8063783223262522, -0.34507545974597614, -2.396969530624393, 2.759035670775837, 5.368601872337814, 0.11868266809069683, -2.7382156430176967, -1.5782319792114246, 1.5768513014919514, 0.39567771939926216, -4.603305298251452, 1.2965645089597948], [4.380272657529786, 2.235515674706803, 1.0377314391301269, -2.014497768393719, -3.0523762804853494, 2.2677634921631484, 5.181059151521707, -0.2753038042338742, 4.571023676198727, -5.495824525364449, -1.087227813317781, 4.365273915230144, -0.6675062331326556, -2.376134976962794, 1.354784829267946, 1.7113183556302671], [-1.4691276465836096, -2.550029939335533, 4.161053249423869, -0.1896933099421414, 0.7513132496109757, 1.2794245880524615, -4.692754703584656, 2.812795450082792, -4.08314307908611, 7.608734522707076, -4.621158715464659, 3.228612285684801, -2.16450619536354, 2.826221612764468, -3.3560272029822724, -12.46341900881388], [-3.296665848142558, 8.304452309229035, 1.2520934277868263, 2.0079246734476204, -2.9784149679390346, -1.932330994275058, 3.766050157982813, -4.828554352259582, -0.3326455093948686, 2.669346326105284, 3.202594222245707, -2.934341962098538, 4.709506120321466, -1.602632936591507, 5.419557943771441, 2.073969953575789], [-3.4477304390036845, 6.106935466170808, -1.343441812867474, 1.1290470875680114, -0.6751745487545124, 7.698389933693782, 4.929456310144697, -3.8625730054094487, 6.38826794849742, 6.582676422183382, 4.491726899397158, 7.308031614814863, -0.8391836154261743, 4.282661641721489, -1.3261233023619567, -0.502348074112771], [0.4020491629172377, 3.804064214455348, -0.09866487523390921, -8.440305399473583, 1.792286984789402, 4.041355029175181, 6.432195267202422, -3.7243908596673467, 3.510395752718854, 2.0993558698699113, -0.7834629529280182, -2.974086893186568, 4.404986339893036, 2.7482648675804797, 0.00482527528633625, 0.7822431827093942], [8.2879577943011, 0.49915120861535156, -1.8754960394447848, -3.982027156007635, 0.6501793049463938, -0.6665520072704721, -1.6957082046671312, 1.6703259969746331, -4.476311812019005, -5.003572577891583, -4.860572795221744, -0.39969659572470295, 7.931277089985212, -0.8047173679801605, 1.944205102065459, -2.2277555529608724], [-2.671773427617371, -8.77420467699098, -9.570545356551554, -1.4558261120700653, -0.3026069841236524, -0.09880300718496682, 0.6579778941731398, 1.1122121576093094, -0.974095475275863, 2.9781409728985206, 0.5044563254801375, -4.293615283801481, 4.10048376169925, -2.248370041544548, -2.1528714821689525, 2.385863172990547], [-2.840911371153886, 2.003470804749262, 0.874953665622938, 5.049901916830286, -2.6493016895644854, 2.2355711258426556, -1.7550679810266117, 5.655729475458907, -4.649252064799525, 3.355240808719022, 3.8417487531681096, 3.2316033418548016, -0.0136279973035901, 2.0427073196888603, -5.451928894437207, 6.941490260606368], [3.245071562999388, 2.182974540153685, 3.204178445174637, 4.182760950720324, -3.141466783076202, 4.7715803861401636, 3.558325038484374, -0.0103912522632571, 2.127524149574515, -8.109408310919866, 4.72606964198985, -0.9506547168636835, -3.2943096191755843, 3.824876747036101, -7.13480783969273, 2.4564309686124988]],