{"generation": 377, "fitness": 7.205759403996226e+16, "network": [{"layer": "dense", "input_size": 16, "output_size": 24, "weights": [[1.6162820429412965, 0.2961588203953971, -4.479702710097129, 2.8366543111267837, -1.5171575816097875, 0.03731491324220021, -2.803885821806035, -1.4964821156901547, -3.635863936049941, 10.462354069919513, -14.061253874041794, -2.3252163485573414, -3.3145960131085896, 0.14614621026766902, 4.301426929159664, 1.9171786244183453], [0.24902722722096704, -3.3469332005918124, 2.7473048923691463, 1.560610591799879, -6.867772300346768, 9.349407085482078, 0.5169109922436903, 10.181860686990833, 0.9005024415508724, 0.05671117280751195, -5.659184330214407, -4.827124019781963, 2.729672446544411, 5.778058420105864, -0.9628943856618871, -3.388314520730561], [-2.96288271074538, 4.069677663327632, -2.2256777011695252, -2.8919193439421047, -0.533404884182912, -9.147704264861584, 1.8903507122878445, 1.6804786315727696, 1.734469529447174, 0.1704042451995601, 0.8686942464397449, 3.2839017645696464, 7.909916884556273, 4.844765787272443, -3.523411434174866, 1.0807286734977088], [2.5205298910977354, 4.096860860214601, -0.27237364744821, -2.071878306672577, 3.866124008752878, 3.5113295548414505, -1.9082969619072077, 1.8828386597771198, -1.4931057420034852, 2.1747439734225624, 3.3649729548387404, -6.213409252123758, -5.697982354306075, 3.4754338685889, -2.2729226825008406, -1.9978392871220736], [0.5813775840942415, 4.740165029626159, 10.735172267833361, 0.6495043477490363, -0.6460657733406585, 2.2879023268401544, 1.8410306458883205, 0.8228306546615951, -5.533928305121098, -5.7228335826930925, -3.7746768223441753, 5.326315689132046, 9.446715961164708, 1.915338591072069, -1.6921183110481248, -2.7289624269131587], [-0.004997067440074068, 2.138664005105347, -2.4145338911819576, 1.878835053519967, -0.3738379330221111, -1.792677998155624, -1.839887001287193, -4.631960953854153, 3.4027598863184427, -4.226371308374647, 3.9631457559991854, -0.5580258260169346, -1.1466118546745347, -14.071470177366106, 1.7600667354211108, -0.09476638682073676], [7.200999720803136, 1.96692369699504, -1.202673858063334, 1.5000357822239117, 0.017315124763712803, 3.6234408881288562, -4.711923128881354, 6.438937558235293, 1.6391091440784058, -3.7373590615080596, -3.523520235120536, 6.902450245334518, -3.2129959486401543, -3.209017895990538, 6.49607257059576, 3.5282464968479346], [-7.86815145088175, 3.424892913562354, -0.7448764813665807, 1.0384555100102513, 0.9486898162976098, 2.205978111677445, 1.640799732319609, -2.2715979217153555, 0.7590036898865926, -1.161471996531931, 0.14370053252302986, -1.2674237072704937, 0.29430662153249004, -0.8955611163916896, -0.8203937103106734, 2.116963180466533], [-1.5396050880891796, 6.127139946647266, -1.948695918130515, -7.893371946744115, -2.8211416262291653, -5.1328203143858895, 6.628545396022677, 1.3586389543573743, 3.1790961125786716, -2.6488298821875906, -4.858833872181926, -2.6052415208250643, -5.449944484623585, -1.4338026570154279, -3.174505170859647, -7.192506741572252], [1.409822762907051, -2.575532109866411, 1.557539936902204, -6.283417206688381, -1.261350427202629, -0.43243083003444305, 5.383612942229842, 1.826725250634943, 2.554844978924847, -6.871046291785428, 2.0299052297353004, -2.568237149829129, 2.7738777321064587, 2.2069910052084305, 7.248415567099696, -4.829339279797381], [6.578105555120389, -6.649354811718767, 0.25700205489658523, -0.22006793160301996, -2.933142655492381, 5.808056064232713, 0.15814422850834964, -2.3648609454856855, -1.98833887949892, -2.9069625113590316, -7.026423280350892, -3.3572603480200733, 0.22113498395206255, -1.2613996782380597, -9.310966580883884, 5.257816946498098], [2.452241721973226, 4.978144039791778, -4.024180661560234, 5.136328517945437, 1.2626009701853178, -2.016289124091328, -4.524400613808989, 1.4926715390581584, -5.677271115632961, 9.414337195278875, -0.858578327890266, 6.091988963985269, 5.270537497378431, 2.6448123123973626, 5.463990220827155, 1.423591315288077], [0.10665072508800022, -1.091372897529239, -4.385644094628941, 2.499640817686773, -1.9463822347916624, 5.901386564438225, 3.5390761479904684, 0.39487108106112756, -4.4772399806665515, -2.7906947533937894, 5.38230628004829, 4.570908943529786, -5.846327256021182, 3.3835541714285453, -3.6635856513263962, 2.814851621441774], [-4.408550780263719, -3.010782968070572, 2.2213569685917807, -10.514395775658983, 0.27678630891349365, -6.7142835458598285, 1.194647205500761, 2.604257902493604, -5.413316044729747, 0.9210260476068527, 2.6122705895484795, 7.309986140982649, 3.7727613586112754, 0.283979268887486, -0.48233632642150676, 0.5947120681550174], [-1.5407427246914551, -0.9673418043825313, 1.7274710817471797, -2.9425833760699174, 2.249105530384103, -0.9113870250119618, -2.396969530624393, 5.076548421430939, 5.368601872337814, 0.5565752570938021, -0.8419620398192483, -1.6109137092378016, 1.5319911374468245, 0.39567771939926216, -2.8176123975257683, 0.8240004530267234], [5.885678814986157, 1.773649411009138, 1.3005500660987248, -1.7723356139354085, 1.4968845261389612, 3.0882453689938543, 5.412026790788217, 0.3220453739225236, 2.0782491941272205, -5.107605629178029, -0.4957114177405285, 4.097316338760679, -0.3277969443553885, -4.372481484758274, 2.427431613931957, 3.357512471842794], [-0.8277798783788544, -1.6559518268003028, 3.1528005167528486, -1.9993074615119788, 0.210528891690832, 1.6342638842093784, -4.692754703584656, 1.8539476469185803, -4.083458870524363, 7.608734522707076, -1.6811844315096904, 3.228612285684801, -2.7678754773996332, 2.317024038058372, -2.4673308944844905, -13.617708178756798], [-4.06675223186138, 9.486679792768506, 1.1165413782238531, 2.7188714956440223, -1.7925771132280743, -1.9833478400208313, 6.052479468018345, -5.089714289096889, -0.3326455093948686, 2.932952038070582, 1.8622845246695143, -2.46310947498266, 3.5036473981285, -1.741744212298998, 6.27990786910461, 2.073969953575789], [-1.4485701710026475, 5.249187074426814, -1.8020208417602666, -1.2925803844539998, -1.2467059254838728, 7.698389933693782, 2.7863553523647933, -6.48208842574077, 4.159728888454687, 5.334593801816306, 4.491726899397158, 6.226297715994926, -0.916656624741742, 1.797284672250973, -3.4704230953992394, -0.502348074112771], [-2.1572903993140073, 3.3535309136206113, 1.3162671686691494, -8.440305399473583, 5.998956523237911, 3.0466606115084742, 5.69611952702104, -2.2589740285780007, 3.510395752718854, 1.8479060287630116, 0.5379191192594222, -3.358897583414482, 4.404986339893036, 2.6639545268493214, 0.00482527528633625, 1.111858157929646], [9.381918411578193, 0.49915120861535156, -0.4543647313057435, -3.7131735284115126, 1.4593168502562142, -1.500785403340252, -2.010225543956052, 0.06847305876350451, -2.926274590003028, -3.3429640900827797, -9.298419326434587, -3.3281822825739855, 5.7972069404788105, -2.6902292641921375, 0.8193426101945069, 0.2498042201326765], [-2.324671281475433, -7.216783370706878, -9.570545356551554, -2.8101864151780154, 0.16325498840672192, -2.506889639875387, -0.279859852311638, 1.2001456453336012, -2.0801622909665087, 2.9781409728985206, 2.1346379405753426, -3.1555129772950155, 1.3803880108838666, -3.224210313986423, -5.959880867581732, 4.093670634652535], [-3.6838850709170634, 1.7517703034345535, 0.874953665622938, 5.607092182479926, -0.36156442574222303, 2.2355711258426556, -2.9961339652125822, 5.553271750706672, -5.0624793624283875, 2.324093238333056, 4.358238803155597, 4.137907660223186, 2.727617955147209, 2.2340238558212158, -7.1440142080763165, 4.559037864546697], [3.0535001829269, 0.3253110164266745, 4.5463557022590235, 3.6835652456904016, -6.443487868912901, 6.251393502372947, 1.7850700180557604, 0.12469842736950298, 1.0739639283207454, -6.6181964155064295, 5.867633544319072, -1.0068012426807844, -5.7523489831994965, 3.824876747036101, -7.607990826032408, 2.8346715090599344]],