{"generation": 43, "fitness": 230548.06104665587, "network": [{"layer": "dense", "input_size": 16, "output_size": 24, "weights": [[-0.5673969883335118, 0.7210468424897593, 3.1419225763391916, 0.6970717507814899, -0.3630510268322842, -0.3394804098556637, -1.1534373360774701, 0.7444312221689355, 2.6017240418169205, 0.6501430854459623, -0.6113286110094223, 1.7861614608745453, -0.431649316344816, 0.560173963275357, -0.032314306851403574, -0.20579399477692834], [-0.8898259680399039, -0.418151570243646, 0.04751278609956722, -0.3295997737801839, -1.598239287146055, 0.20588468616986544, -1.755852798563266, 4.283158411184299, -0.012993204574549555, 0.5269213804378954, 0.6296530499334216, -2.63941028580009, 2.6700690003025187, -1.1372170909340102, 1.462305342957319, -0.5354307156837866], [-0.2421113728362867, 0.15871900723770527, -3.4897218651934065, 0.8719302174119342, -1.3022344835015822, 3.223879153610855, 0.8213789816289471, 0.14044048756416716, -0.34426173044480046, -0.05275103887277788, -1.9008807331928845, -0.4279062143601676, -2.819116827045013, 0.4128898940445611, -0.842440796352152, 0.763723424757797], [1.2739936478011757, 2.088527437183325, 0.14612420617361116, -0.5185933376742002, 4.350543819342605, 0.9534223151649444, 2.075192042350128, 1.0671961130230379, 0.6885408919918826, 1.659946574330894, 1.4131882859751868, -1.2961174639350326, -2.210036040880119, -0.3740497822167137, 2.086157995129009, 1.3875073359722188], [0.16461935636425543, 0.8864836448851656, 4.592554868276688, 2.3121115588530388, 0.4916676256617154, 1.7967189892192827, -1.8741861336885044, 1.8807103540088956, 0.8933527514060101, 0.25624751076183194, -0.931690096287694, 0.17226630610252597, -0.640552495608899, 0.6663581448362472, -1.2833548722175183, -0.8698527109102513], [0.00882472424022751, 0.3667953086713085, -1.0062759428165102, -0.08028250529840608, 0.7416008526549414, 0.9032007197347975, 1.8485685978176314, -4.416907820876161, -0.9250641912742072, -1.3121652427844972, 1.1529464698977416, -0.52893673443005, 0.14651116411962029, -0.3877489583562589, -1.005370861102693, -1.02060801525575], [1.3196843423160052, 0.19095904564400934, -1.3255145153003693, -0.21450675677334408, 2.510616563358976, 1.2967328122585682, -0.42070588442714296, 1.7512508803569182, 0.29143000853515766, -0.010807985002958098, -0.9268570661615037, 0.5086998162356493, 0.20623755738909222, -1.7699612088054066, 3.195481581933703, 0.8263463274725288], [-0.6896085236881394, -3.748822493842865, 0.5855285634547571, -1.7942289433894503, -1.448417425307499, 0.10661783337552833, -0.30155169878036125, -2.0959353857842418, 1.1523184656061025, -2.787026168530554, 0.3224173158664698, 0.518111029371216, 0.3821322638517265, 1.2529109305518116, 2.1730454817888143, -0.45748610260188116], [-1.2918041604460808, -0.7388949809029697, 0.5533841980461468, -0.7293474063830929, 2.322184320135394, -4.037545042590963, 0.7066384702372699, 1.6409667607180765, -0.3721537349478227, 1.4973257032541585, -0.5777583167880573, -2.1976177731490707, -1.8692698712262366, -1.3938567790191825, -0.7223108028837799, -1.1108999728263462], [0.9003091552736362, -0.2621310685347171, 1.6194616964372257, -3.579795411498131, -4.03283509681779, 0.08983273284013282, 2.3125934334619505, 0.9974877533769559, -0.20483191985652205, -2.0505543916438826, 0.7910211209727, 0.41073035719394624, -1.1838042342639028, 1.0936203562144247, 0.6525212856478377, -0.9297239763298039], [0.2813134867592396, 1.536735087591188, -0.4664942793092677, 2.657787460837115, -2.1328951689955247, 0.26548300839880756, 1.7933254595632175, -2.2114325396362338, -0.9675438723155999, -0.6219276162089349, 0.5489022135737055, 0.0284890027858698, 0.26062591842713534, 3.862986477036042, -1.5391345539661572, 0.02410342830189796], [1.579596352929173, 0.030116863837082286, -2.1016593576537406, -1.29717676173012, 1.4881517666265969, -0.23044809240600783, -0.6635564043029789, 1.635057118358478, -1.5559904909751205, 0.671470000111082, -0.13803671099199658, 0.9452104040414295, 0.9597464324784841, -0.6786819155385551, -1.1441633952744388, 4.25069969134157], [-1.367538985242437, -1.083931028764047, 0.04523928858431603, 0.4931792262319745, -0.8901035193753161, 0.22448866184573224, 2.6775307205232917, 1.8987734058168977, -1.865559699934261, 1.2916576037256788, 2.090491463512655, 2.5313209494889803, 1.5855407729732027, 2.7904218314410905, -1.4725335042915968, 1.353387398226106], [-0.18251023308958914, -2.9482014978793476, 0.09938145554295241, -0.5394424896942491, 0.605696761327797, -0.009064382593161974, 0.06524906691032493, -0.09085004125970353, 0.5445115501049935, -0.21368974519021333, -1.6758156263665867, 0.6994626956995635, -0.045756489569578895, 0.17626696544402598, 0.9684946890434325, 0.06943136324352406], [-0.17155695623904604, 2.345355687046254, -1.4220031199925272, -0.4959177512056543, -0.2528288910925195, 2.2243153560452416, 0.02002677640065076, 0.7272831548141905, -0.7369273604375209, 1.6477103667208215, -4.267453190886409, 2.7033292943338645, 0.34349914871897735, -1.716129843520593, 0.11726410665516131, -0.16636373313671537], [0.9949534878602625, 0.40458401070270517, 0.04150572954494719, -2.2945245006403385, 0.12952031276815013, 2.3722489851511215, -0.2699260875405264, -1.3061199967426866, -0.8863850885918438, -0.8998535706359568, -1.2580112403590131, 1.2115133187444274, 2.616455729072143, 0.646768812970943, 1.8643872481284927, -0.4001027645291242], [2.6873074887857182, -0.8861479204745679, 0.3491110866134851, -0.41744801981255764, -0.7212156211133719, -2.9372759776425177, 1.0379516806211726, -1.0563032957769627, -1.4498651674844858, 1.194004694485188, -0.28663400928950433, 0.2875096021006882, -0.17304212209669823, 0.1865271365732809, 0.6584403463414654, 0.5115746330302776], [-0.546717498620817, -0.5061878208680595, 0.45179967828891554, 1.6178865633089088, 0.11276157940997633, -0.6981627531778627, 0.404195043083525, -4.766486223304497, -0.7074260085363712, 0.6073530522269905, 3.3793269967205832, 1.195249443521183, 1.9176495736855592, -0.5082979339928841, 0.3824775002679557, 0.7457999334946552], [-0.9143939464268052, 1.7835770768173278, -0.666995220011552, 0.8579678349741287, -2.300209000690577, 1.9511411456415002, 0.7886512526554339, -3.929167543055931, -0.9439707023861136, -1.5212346934652996, -0.9162466124814423, -1.9684808180141729, -0.7748120275196986, 0.6135523407400081, 3.228913885769832, 0.6377145127494692], [2.3687753318254963, 0.8762720369557964, 0.29568940533931043, -2.528232307475999, -0.5812585340705921, 0.6882594694073179, -0.28140897506636176, 0.07695079579877634, 0.4086768391080051, 0.9266290076228636, -1.7020386515138786, -1.0594878721963354, -0.08145495145743792, 0.24102163349943528, 0.2314516633768482, 0.5758369101301899], [2.6095971773907416, 0.4840997180228504, -1.7891821312768208, -0.44292396997966876, 0.9160568521515116, 0.2603016178698398, -0.5754596186867692, 0.07939440277013639, 0.8669178029631566, -0.42542602575723065, -2.4316541350452776, -0.8829602003297021, 3.463479675137209, 2.107036518079737, 0.532006309037099, -0.5485358666333844], [-2.315612554701208, 0.7141810349639226, 0.15003768096158243, 0.38651664733209157, -0.5039490563207509, -1.134749000045738, -0.13488690101957979, -0.09677519238511667, 1.2753707331941342, -0.8962251344254254, 2.6041849540080104, 1.001722673936045, -0.38873689769674513, 0.1715318962088301, 2.553599940470655, 0.8264611304854054], [0.3373076101962271, 0.3646518227565967, -0.13895464160097237, 0.5924042090335215, 0.2762219183915958, 0.1642723216132982, -0.07425594376904532, 0.004845037448748785, 0.2518066177762903, 1.3129577421922398, -2.604107592957525, 1.6526539250759376, 2.9506531502288222, 1.8427411896475872, -2.0220330435603366, 2.08624941210228], [0.5448729262057205, 0.15895339746885595, 0.039730303165558256, -1.5684370849440104, -0.2604855993942423, 2.64498481076259, -0.709877168287969, 0.007877801492808444, -0.4238181496289062, -0.3327097672797952, 0.39063027657868576, -1.456788518203402, -2.360907720340566, 0.21766180672939284, 