{"generation": 45, "fitness": 67552488.34468602, "network": [{"layer": "dense", "input_size": 16, "output_size": 24, "weights": [[0.805508414580123, 1.9560834875046333, 0.6593912426777058, -0.2812833359499646, 1.7031341108523252, -2.074409551815164, 0.682806356498525, -2.1099982815651184, -0.5419287475964809, 1.3961618449269366, -1.6196577827411909, -0.039906227516840476, -0.40218779361582646, 3.0075204720902633, -1.6080759786799612, 0.860544636787977], [-0.9302135869804999, 2.5140667568151027, 0.20544472756608317, 0.10695566580163923, 2.2053613266339, 0.5619017694448283, 0.6736878229579197, -2.0157106764770107, -6.448320179018497, 0.44598794822243576, -1.9063808788954393, 0.956527660580734, -0.8747232299299053, 0.14252759073710597, -0.14390620291289374, 3.4871457147453815], [1.8285216495164962, 2.855125583632895, 1.1413542072414464, -1.1772660533889028, -2.104873891149015, 1.9498269546046367, -0.3011477022243296, -0.7687788204048487, 3.482852950680338, -0.04184103757798652, 3.0375310035159706, 0.7510774644552589, -1.000727463079607, 0.07034213216365208, 1.7827736729232424, -0.3663516449131295], [1.3542788492780624, 2.1643599668322286, 2.495102241726491, -0.3570614401107878, -1.1393199978384843, -4.707271878437317, -0.8819521530200709, 0.6095960041082926, -0.8498779841894639, -0.5618420241013599, 1.058319195730877, -0.3454487136366531, 1.195929583278967, -0.8770014946383254, -2.087848592113979, -1.6481584082657106], [-0.11276133112652681, 0.46283499990146404, 0.7891584901202255, 1.9534291110703348, 2.432912999413349, -2.144885682326641, -0.36601151130168685, 0.6945750875099873, -0.8697490517952164, -0.46752675094826895, 0.939725669205439, -1.2408902877497496, 0.06669393140018584, -0.38275946172929853, 1.2880427342744962, -1.504001957566776], [-0.9257532271761479, 2.462397684935638, 0.7619545215293413, -1.4153258190211635, -0.7136044639875254, -0.31364324205748617, 1.3609293787162544, -0.9727992617287462, -0.8123766577857704, 2.612596718148453, -1.5306769266260218, -2.4641060704765487, 0.3952444772429402, 2.5257629510625828, -1.858127885346387, 1.7258555110938816], [0.7853094119494362, -0.10455741625290726, -0.07629632814998821, -0.6844783225033484, 0.10722091344929074, -0.41241481230470833, -2.402840332429156, -1.2534174625473593, -0.6666269812489465, -1.912742715811625, 2.8597100298820948, 0.13934438290945372, 0.9710190897090158, -1.517277129863121, 0.5392342222745157, -4.415679837118417], [-0.2477281840434974, 1.8549455692920054, 0.8252891431609044, 1.0434260683628396, 1.191433792380653, -0.5880770224353791, 1.5737783510743533, -2.1808010903609856, -2.5895521960946946, 0.7814373339138638, 0.24748217323653687, -0.5433911218321452, 0.9122772819589634, -1.3213011646045107, 0.18011369105722544, 0.03396279271498037], [-5.574432965928225, 0.42427118184674584, 0.2681099644417394, -0.107263366358062, 0.7421116146233859, -0.3434777378820765, -1.060089212714276, 3.7553588403641824, 2.6074712799863073, 0.25017109819951466, 0.5992093344903656, -1.9839149941781646, -0.7937272721781112, -1.73506057564456, -0.2042138156244493, -0.2633388154162236], [-0.8708118731505797, 0.15131287712805563, -0.2874339904193552, -0.602450439841546, -1.4436320307840318, -0.1876666023839867, -1.5717391895713855, 0.7464683010767268, 0.36381046279024715, -1.8581048589776477, -2.1635887109190475, -2.3740013087298686, 1.0152706746045208, -2.58981142797408, -0.23334313725033495, -0.4871415168571326], [-0.37438602609278837, 1.4231347714307314, 2.290271394041993, -3.323007000815193, 0.7263405087846979, -0.004049211547774156, 1.3583822681949398, -3.741119813102869, 0.5788728669919888, -0.9370760212506819, -3.9851752647159895, 1.1900666137698903, 0.0046327258827505435, -0.4782908045914959, -0.5934464815023026, -2.0593766183883795], [-0.771660505224593, 1.2831062962193605, 1.0977790834949501, -0.535503625101442, -1.0287724575991088, -3.3208846683428366, 2.093722337653898, -1.641477900111749, 0.8276932690830487, 0.3826214732468022, 2.214595894347452, -0.5268340545659722, 1.2164757220915645, -3.8709906394094, 1.6021232161644292, 0.8715112815314325], [-0.3937003919334494, -3.433863694505755, 5.6259307759726935, -0.9916293101125819, -1.4972159484451355, -0.6479795983068706, 0.7650671851906315, -2.0535005236386423, 0.0630744745084571, 0.5203744259221923, 0.34427669335853883, -0.11578896454631682, -0.7810034097991474, 0.9587148619710979, -0.24959078379787325, -0.29628390671434235], [-0.7655606771711568, -0.1592036376215793, -1.7679992207311939, -2.1548521569333756, 0.5009499505726775, -0.7666375973098777, 1.5315283487336995, 0.06959269746148422, -0.4495182094338366, 1.4923775936842474, -0.7601666056179965, 0.6697473865874553, 0.5349218260876758, -0.1948294002403277, -2.1777802931007653, -0.507300691421954], [-0.5779568454366637, -0.0608085289366586, 0.9335787388483416, 0.5898668245890366, 2.2713581292356406, -4.049081019237583, 1.2193602609562815, -1.4793443477971109, -1.3993995072031897, 0.3603327135144615, 3.066486027151771, -0.29307836846959845, 0.6103991148395359, -1.6101614485302385, -0.24406408333202728, -1.019182809118695], [5.415151033106821, -3.6540611419007254, -1.6688977118184032, -0.9563811034913057, -2.5339678408296056, -2.4265075046007243, -1.1303134906606696, 0.5636935898348767, -1.805173040598167, 1.9594785783571804, 0.3325640887864928, -3.3756135285018996, -1.824234608268882, 0.13849096648461412, -0.7057525882871014, 2.708246922617206], [0.7041148341835378, -0.7178100965438432, 3.180395847255009, -2.2733559165806536, 0.036079723324569546, -1.304092857153809, -1.4376183505749462, -0.24441402632809917, 0.6323846465152134, -1.6418636895183787, 0.38047081606834254, 1.507994066150322, 3.611505445246687, -0.7912608572809561, 1.3387502666720277, 2.589859511495427], [0.7712964721560311, -0.9451747477227257, 1.4720760546552834, 1.725739180438004, 2.4572434389353415, -0.6997076781068446, 2.9091966500375213, 0.3844708096216438, 2.8064336593677526, 0.7457705757425908, -0.3074847154837151, 1.9622930510333574, -2.9113910738600204, 1.3485739841103386, 1.2941713588960195, -0.23054930572192223], [-1.6037698220227758, -1.4602072913803443, -0.6798419399875693, -0.2146337856037943, 0.42679568554653, -0.2254830630366721, -0.27048112404564484, 1.725638376753238, -0.8135568516433498, -0.9238420444896953, 0.2845552608213249, 2.6037259590249597, -0.3222794220715499, -0.6833792923484707, 0.2718347899370013, -2.087954900237449], [3.302328893815765, 2.213380029584039, -0.23588773845804534, 1.0089710259772553, 0.8543568728541272, 0.7338957484614987, 0.05468746560713744, 2.3241205749006904, -2.502909497586506, -3.9646400257014562, -2.5300692203346626, -1.60328167722815, 3.841798147645857, 0.2109399823368702, -1.5145744995939079, -0.575694745731093], [0.14258902474975482, 2.582640712473521, 0.1121963760366822, -0.9156349177220973, 0.38367168326153567, 0.8604585921067074, 0.23997910981858392, -0.9777995848528864, -0.14536475078729816, 0.07740111712497266, -0.3128687693307806, -0.10832231116567725, 0.738099072295834, -2.6785912076974094, -0.796256837617531, 0.23075948907983934], [-0.8157243704914625, -3.025491581251646, 0.3213161987273684, 0.9159122303488193, 0.4650184221377267, 2.4263829278698035, 0.6319903965815473, 3.415554084698103, -0.001033595889789074, 1.6454342526476353, 0.7082836283813292, -0.27030673713543285, -0.04891032027028325, 1.378625957983763, -3.108674565224595, 1.3104199037765063], [2.5542348807738096, -0.12221865856111624, 0.6315773596875611, 0.9657474130104367, -3.747919058382595, 2.6685547467438138, -1.6352430468802874, 0.34002761539786314, 2.358211240856373, 2.585152419822007, 0.7796007173667321, -2.368854718321545, 0.7197567641253162, -0.4788634778229415, -1.18716247019566, 0.42351821390003663], [-1.7298752983029075, 0.6375540067936316, -1.2168194295899304, -0.2027898786022333, 0.31284658260444903, 2.4402785828510742, -0.7856316730366434, -1.9146378195772658, 2.1965726104497874, -1.1194937924987909, -0.9605197688875302, -0.8003497012356775, 2.112602511526845, 0.055974526617158016, 