{"generation": 46, "fitness": 760970.3561447005, "network": [{"layer": "dense", "input_size": 16, "output_size": 24, "weights": [[-0.7771083381751056, 1.8498288166987251, 1.9776545182771037, 1.4121488190390101, -0.3630510268322842, -0.5974814195462308, -1.1534373360774701, 0.7444312221689355, 2.827776162112055, 0.6501430854459623, -2.010699762391896, 2.0678337679077328, -0.431649316344816, -0.3331656926162829, -0.032314306851403574, 1.349190196531029], [-0.8898259680399039, 0.06924911710595638, 0.04751278609956722, -0.7434105934408985, -1.131105221676702, 0.20588468616986544, -1.755852798563266, 4.283158411184299, -0.012993204574549555, 0.5269213804378954, -0.21904821894164167, -3.6066749553565134, 2.6700690003025187, -1.1372170909340102, 1.462305342957319, -0.5257776600484335], [-0.2421113728362867, -0.8300949697645834, -4.256634873146005, -0.3902873569658014, -1.9786522752881592, 3.223879153610855, 0.8213789816289471, -0.8301439246607349, 0.11381488069863899, -0.1349107284245431, -1.0092281372017529, -0.6147550848433044, -2.819116827045013, -0.2122519173502233, -1.5249653146971156, 0.13213176722901476], [0.7654368436000516, 2.1677347763681634, -0.48509851832639733, -0.5185933376742002, 4.4529034374735925, 0.9534223151649444, 2.061955652063577, -0.7773398006737711, 0.6885408919918826, 0.2670333078686044, 1.4131882859751868, -1.2961174639350326, -2.532878909020928, -0.3740497822167137, 2.086157995129009, 0.27346706139742327], [0.16461935636425543, 0.8864836448851656, 3.4482739723907176, 2.3121115588530388, 0.793836362626618, 1.7967189892192827, -0.9243641000134989, 0.5519476651894697, -0.7842048484226259, 0.25624751076183194, -0.931690096287694, -0.372992894979282, -0.640552495608899, 0.6663581448362472, -1.2833548722175183, -1.678749527365955], [0.00882472424022751, 0.3667953086713085, -0.7028981188663919, -0.08028250529840608, 0.7416008526549414, 1.2855197541805028, -0.22607959135406874, -4.416907820876161, -0.9250641912742072, -1.3121652427844972, 1.1529464698977416, -0.52893673443005, 0.14651116411962029, -0.3683082036094536, -0.5012591060022336, -0.8425507045936126], [1.3196843423160052, 0.19095904564400934, -1.3255145153003693, 1.998528273034212, 3.630534586761813, 1.2967328122585682, -0.42070588442714296, 1.7512508803569182, 0.29143000853515766, -0.010807985002958098, -3.572911541407879, 0.5086998162356493, -1.0942488192580695, -1.7699612088054066, 3.195481581933703, 2.5013921890098123], [-0.6896085236881394, -4.731634350083686, 0.5855285634547571, -0.5523162425993859, -0.6691134742208261, -0.5486554097849989, -0.30155169878036125, -2.0959353857842418, 3.2080656803118233, -0.6476794008345854, -1.1340354297072637, 0.518111029371216, 0.4112554794039766, 1.4095352918677386, 2.1730454817888143, -0.45748610260188116], [-1.2918041604460808, -0.7388949809029697, -0.9492565574302924, -0.7293474063830929, 1.8560125861000007, -3.133822950707813, 1.014921389010584, 1.6409667607180765, -0.56784801430271, -0.016752516366340675, -0.22152547613373114, -2.1976177731490707, -1.7862087298060838, -2.1878267474226756, -2.338249994990403, -1.1542530715336212], [0.9003091552736362, 3.781693104534105, 1.6194616964372257, -4.410215507008846, -3.5094035402743216, 0.08983273284013282, 2.3125934334619505, 0.9974877533769559, -0.7608015476668926, -2.0505543916438826, 0.7910211209727, 0.41073035719394624, -1.1838042342639028, 1.0936203562144247, 1.3119569523522514, -0.9297239763298039], [0.2813134867592396, 1.536735087591188, -0.12536016305781705, 2.013513619651953, -2.1328951689955247, 0.26548300839880756, 1.7933254595632175, -2.717248855272569, -0.9675438723155999, -0.6219276162089349, 0.5489022135737055, 0.5502535246460116, 1.2819344997044373, 3.862986477036042, 0.06933127478102863, 0.02410342830189796], [1.579596352929173, 0.7631237691161213, -1.40899668698455, -1.29717676173012, 1.7643992018748809, -0.19104525776462486, -0.6635564043029789, 1.635057118358478, -0.9208865304485001, 0.671470000111082, -0.13803671099199658, 0.6490462539255282, -0.21855441327612246, -0.6786819155385551, -1.1441633952744388, 4.8799972421114735], [-1.367538985242437, -1.1498708207674941, 0.04523928858431603, 1.488841564436635, -0.8901035193753161, 0.8930682933440749, 2.174766801244663, 2.824652822657728, -1.865559699934261, 1.2916576037256788, 2.090491463512655, 2.5313209494889803, 0.19349955277619357, 0.8953388330825556, -3.232722983956748, 1.353387398226106], [-0.9392088843615127, -2.9482014978793476, 0.09938145554295241, 2.1072285869158973, -0.708802695436602, -0.23675310858124043, 0.06524906691032493, -0.09085004125970353, 0.5445115501049935, -0.21368974519021333, -1.6758156263665867, 0.6994626956995635, -0.24505491099966928, 0.17626696544402598, 0.9684946890434325, 0.06943136324352406], [-0.17155695623904604, 1.6802174263025342, -1.4220031199925272, -0.4959177512056543, 0.15590538700215362, 2.2243153560452416, -1.2843184248467239, 0.3439751373875056, -0.44262281528585984, 1.6477103667208215, -4.267453190886409, 2.7033292943338645, 0.34349914871897735, -1.3191271852880297, -0.5601086561470299, -0.16636373313671537], [0.9949534878602625, -0.3532153425547968, 0.04150572954494719, -1.2652155436451984, 0.6947885784687524, 1.1507179523470379, 0.6697496763649178, -2.1066797226868874, -0.5419414448298332, 0.17132617145561346, -0.9815570690994391, -0.5700137078144865, 1.7460412914011125, 0.646768812970943, 1.8643872481284927, -0.4001027645291242], [2.6873074887857182, -0.8861479204745679, 0.3491110866134851, -0.41744801981255764, -0.27402245601675146, -2.9372759776425177, 1.855057119174961, -1.6415683091853301, -1.4498651674844858, 1.51151353375177, -0.9731284237715218, 0.2875096021006882, -0.04366303972253721, 0.1865271365732809, 0.6584403463414654, -0.09245376633830227], [-0.546717498620817, -0.9628034013679956, 0.45179967828891554, 1.6178865633089088, -1.2443773365825568, -0.6981627531778627, 1.0678492333295382, -4.766486223304497, -0.7074260085363712, 0.6073530522269905, 3.3793269967205832, 1.195249443521183, 1.9176495736855592, -0.5082979339928841, 0.05071136886263666, 0.7457999334946552], [-2.3244171986894386, 2.678787472748501, -0.666995220011552, -1.1631307891758393, -2.300209000690577, 1.9511411456415002, 0.9857280168326997, -3.929167543055931, -0.7247325501457808, -1.5212346934652996, -0.28354503786341845, -1.9684808180141729, -0.7906621754064916, 0.6135523407400081, 3.1212783131936535, 1.3562243385461707], [2.3687753318254963, 0.8762720369557964, 0.29568940533931043, -1.6334066322713663, 0.12834526134614987, 0.6882594694073179, -0.304566291632344, -2.4354124747831505, 0.4086768391080051, 0.9266290076228636, -1.7020386515138786, -1.0594878721963354, -0.3207874180564437, 0.3643320018303018, 0.2314516633768482, 0.5758369101301899], [2.0999460226944, 0.4840997180228504, 0.12685023923325467, -0.029372756571466374, 0.9160568521515116, 2.2009839934748467, -0.5754596186867692, 0.07939440277013639, 0.8669178029631566, -0.42542602575723065, -2.4316541350452776, 0.2887860033252978, 3.463479675137209, 0.7955895324795907, 0.532006309037099, -0.9797998710895914], [-1.2768619941028616, 0.7141810349639226, 0.977305363761144, 0.38651664733209157, 0.4718303834814829, -1.134749000045738, -0.13488690101957979, -0.09677519238511667, 1.2753707331941342, -1.3670252173025785, 2.6041849540080104, 1.001722673936045, -1.1500016317799409, -1.090768877977986, 2.553599940470655, 0.8264611304854054], [-0.10421906394627994, 0.3646518227565967, 1.4496023316688125, 0.7899761101255232, -0.6568227608383456, 0.10652105118818359, -0.07425594376904532, -1.1569728519421572, 0.7570966593370065, 1.3129577421922398, -2.6493177974915407, 1.6526539250759376, 2.9506531502288222, 0.01286235909085165, -2.0220330435603366, 2.08624941210228], [1.3637359347793785, 0.15895339746885595, 0.039730303165558256, -1.5684370849440104, -0.2604855993942423, 2.64498481076259, -0.709877168287969, 0.007877801492808444, -0.8211921518234173, -0.3327097672797952, 0.39063027657868576, -1.456788518203402, -2.360907720340566, -0.9869504035575768, 