{"generation": 4, "fitness": 5025.506959415782, "network": [{"layer": "dense", "input_size": 16, "output_size": 24, "weights": [[0.7275959121679441, 0.05887017343096135, -0.885557428210737, -0.17879716967457138, -0.8657850843587203, -0.45806997987758935, 0.8233748851859257, -0.5073934535900617, 0.3908286214955856, 0.09315752702638891, -0.3145205476483446, -0.5166569025159466, 1.1927657864874206, -0.4935566888341085, 0.44878102584996915, -0.9181083829580892], [-1.282230794848231, -0.7027473952402217, 0.20727341580942626, -0.02915215086661127, -0.5250370703349327, 0.18169270191475584, -0.69838959276404, -0.5363552125098958, 0.9755399404836136, 0.5207816635425622, -0.5020962563085514, -0.6273553194670072, 0.8074656181015178, -0.9038450402180036, -1.1428111931452642, 0.3382074781381066], [0.010659677539341494, -0.16717661749933277, 0.729327606360749, 1.0487782590117456, -0.4623274365671777, -0.8501588051001989, 0.04018676171145885, -0.11880957240126588, -0.04693321947155216, -0.9005698455622617, 0.9276755936774286, -1.1972799683321558, -0.734259894576571, -0.877183450961116, 0.6236155222584707, -0.06889648138006743], [-0.5647635745016513, 0.4217048753326811, -0.796272261252567, -0.8965417819346788, -0.8830236068902142, 0.6738218177909214, -0.9231866018803145, -0.5444839469674829, -0.13475836381680262, -0.5289277633969633, -0.1587251618512333, -0.7919406826268556, 0.4280901514491766, -0.336909365649394, -0.589726428991004, 0.5204249803338628], [-0.21643474375184568, -0.9908793232993924, -0.3282018366989039, -0.027060844002768647, 0.14853494123799882, 0.6498695723992753, -0.15972870313212284, 0.4588862096133439, -0.10023981080567035, 0.8809191119806141, -0.30873065965662927, -0.7540055882166603, -0.8780715160782875, 0.5133486959562299, 0.6747842277630962, -0.1419390496567381], [-1.7963611062498337, -0.28342208364204635, -0.8973389093614679, -1.4767886801931573, 0.040064920859515185, -0.30174057806595056, -0.8547339330000501, -0.03490919731886044, 0.6958102581937948, 0.8736858146059698, -0.6775369118229346, 0.03502462675578155, -0.5742836247875731, 0.5297593123847604, 1.2294028920383226, 0.5956359432507754], [0.601525765122708, 1.3959464636283614, 0.45451574189270505, -0.9766682534398359, -2.176617519622719, -0.25826348029680224, 0.3728806915435281, 1.2784778280993423, 0.8386780496425305, -0.10409160304671339, -0.7781923893185985, -0.726743195792714, -0.33799565642061147, -0.6578056570595072, 0.6362813258790294, 0.2607832757967392], [-0.9918411117544326, -0.0822015514479606, 0.5893758734260184, 0.2625645156554377, 0.16808707825314895, 0.6174861142547392, 0.3009881759792912, -0.13054258701008026, -0.9204809230198463, -0.8697901136316657, -1.4037914130028146, -0.11169706190572448, 0.4611584435420151, 0.9586118734534823, -0.6210515811542914, -2.0574612736919313], [0.21311553648261783, -0.6926851497123043, -0.5008293037887221, -0.12689558400918433, 0.6543692694036045, 0.5067044453373213, -0.9701510605519403, -0.6927936240728976, -0.38383081985692, -0.5617677280024496, -0.07482232448437243, 0.021561576550284345, -0.7536844794455757, -0.0764920709006609, -0.5991652813682733, 0.22507536426532934], [0.2753548183660312, -0.6531743489570798, -0.19941583144550412, 0.2984029124175316, -0.44791309378306665, -0.5810915230947533, 0.6091363081526933, 0.07399245045120484, -1.4637150458174049, 0.9774762158994745, -0.0010528343737363777, -0.8104894355497536, -0.46665747186691764, 0.14707580193535097, 0.16842712230146062, -0.383413237347501], [0.4276109259211922, -3.0769519526230216, 0.2830416692406852, 0.3568439020790024, -0.23849759070238785, 0.6989929974024147, -0.6941987203389715, 1.8735356641817507, -0.23805979945191358, -0.1561262560699328, -0.9913533217608965, 0.0755782115868393, 0.5578738833442451, -0.500065644637463, -0.9310717172804555, 0.725299471882243], [-0.2582093454673329, -0.28434947482671513, 0.83722172143833, -0.8034444915141923, 0.9210716206768328, 0.40262398026380464, -0.9076058171462817, 0.4221803464507552, 0.8240786064110706, 0.27044573755388934, -0.009646149431629336, -1.1593988913011342, -0.6521626138469998, 0.05850111708088934, -0.26649446469370663, 1.8366040867242561], [-0.41543707390937556, -0.17619586015004063, 0.5880162206921902, 0.20257008043667568, -1.8231399597514055, -0.9955665745912201, 0.5039570003849205, -0.7966805022057579, 0.5507469132543044, 0.6635192134436645, 0.975711043701804, 0.2763684629047425, 0.599234458905459, 0.9420740111302925, 0.9088700561205778, 0.23255784678997582], [2.6607937850138876, 0.016858997252535257, -1.8975252007599495, 0.46113463779967234, -0.2199556351653298, -0.8510736445438161, -0.8690260009851054, 0.8181548879067937, 0.37330800500080685, 0.6218481975073511, 0.42846657824317597, -0.7136463055506119, -0.7706769643543996, 0.6206618299349795, 0.8764140920688861, 0.9611882271125678], [-0.7831641754386205, 0.8728204693145116, 2.734700306519061, -0.022154848740621347, -0.7571679763645134, 0.4175022343424266, 0.07496735737180793, 0.25260932922581936, 0.3420083526102935, 0.6921390259294344, 0.6714506323673688, 0.41514119538668304, -0.6561103470919321, -0.16687854986999295, -0.10227151429121228, -0.6806348340873547], [0.9437789129091589, 0.4515015689858035, 0.07398620081079699, -0.9846514425779564, 0.4187848391920002, 0.5296503471630454, -0.04197984393467191, -0.6435586528640915, -0.3832267270521317, -0.7587691270321681, 0.5145051756355783, -0.13731784068746156, 0.7853438467782703, 0.34737347847089173, -1.8347382394752525, 0.04576397626474965], [0.14128926665083275, 0.2936014114673464, -0.8998046185068049, 0.2820066978090081, -0.8062609713503519, 0.5492563682836167, -0.8883441057466714, 0.40346198462132454, -0.25472009513047267, 1.4151888109797839, 0.9478152155389858, -0.31591764584292736, -0.03431605666644533, 0.2753372033340149, 0.7635105455404105, -0.8914093160053667], [0.1425426658068767, 0.42768347095534587, 2.2693266684325915, 0.16614733343668298, -0.5811357870579354, 0.37850755996721674, 0.07190378057849789, -0.3822254373354428, 0.5198322357616989, -0.16221532649941972, 0.9218283643722329, 1.0527471269867534, 0.4545623131215921, -0.14860935642151607, -0.4208344887064494, -0.9222095238274644], [0.11680371680307666, -0.6470560002194845, 0.009226881913886986, -0.5863742924999411, -0.48406972604616927, 0.7914500012154657, -0.08931837922768415, -0.27079309306303756, 0.7260425754060091, -0.3440206555461627, 0.14892881310114126, 0.5083004658774639, 0.236256220264073, -0.3369092306401471, -0.680860584185421, 0.27158457711383766], [-0.7940400011330417, -0.6249572502495186, 0.07898079902538813, -0.3420045090756276, -0.9679607293272043, -0.9311978553194822, 0.41897430557223325, 0.11457730449134806, 0.7964117965049089, 0.6334460074549761, -0.4779159346618769, 0.64572219382879, 0.440482307751217, 1.4440307681494973, 0.025695993860410438, 0.37205087766657063], [-0.11297685074934427, 0.24940741512285447, -0.9605306843457759, 0.7344260754325749, 0.503350473153001, -0.9746091048369645, -1.6921911282443305, 0.7491678837129083, 0.9270045597739645, 0.9726100818115602, -0.1695248996951224, 0.45537755696959636, 0.28847555262956837, 1.940016322582757, 0.39497100364181326, -0.9798561748479311], [0.6831067645689555, -0.2407774408305141, 0.6154050288516721, -0.4240579398118689, 0.4285497454525373, 0.821485083319544, 0.17809176456897835, 0.954941116768742, 0.3984808680007338, -0.7798701658756237, -0.7829439182400539, -0.48728098459429603, -0.21837954408051874, -0.06299713667239226, 0.26033540132001587, -0.070873135250483], [-0.5881330269277241, 0.8720970063152427, -0.7636083414522754, -0.8201444359665211, -0.00892618495277131, -0.3629208727761237, -0.3035796594066946, 0.1315957465463471, -0.6006258353031075, -0.4925831589390264, -0.40213713037173604, 0.9866028614685085, -0.6986318237497153, 0.3617604136472209, -0.6950291555799439, 0.00011905553929025814], [-0.3908111713150939, 0.9564549030997715, -0.8985253378042095, -0.6516546093974788, 0.7786154465542958, 0.644079849689474, 0.8846388131401164, -0.4652169664985468, 0.6090253353809296, 