{"generation": 50, "fitness": 315847.1961126526, "network": [{"layer": "dense", "input_size": 16, "output_size": 24, "weights": [[0.2484708370234678, -0.07561912251412994, -1.5207902729938276, 0.6970717507814899, -2.8580216275466497, -0.4096508503555756, -2.071324541678014, 0.8350249010738434, 0.7991650694495331, 0.565203873479551, -0.7206148529133085, 1.7861614608745453, -1.7267301018490353, -1.9486250111127188, 0.4475542690740311, 0.17216849556068553], [2.050200083838136, -4.543359120631522, 0.2320825618254374, -0.3295997737801839, -1.5657024176255745, 0.994299940517196, -1.295007831630525, 4.643531966991401, -0.012993204574549555, 1.9793945881620998, 1.825456064412091, -2.018067596109965, -0.2713315596687126, -0.4687239438596146, 0.0035593537000755404, -0.5257776600484335], [0.30570275042608874, -0.1397659883530335, -2.8974293578917454, 0.80056525776551, -0.6515548262776396, 0.7517562951282073, 0.3775662643932235, 0.10200878293248164, -1.9214063137489348, 0.7919710489477161, -1.02129286585373, -0.16588723242371728, -1.8586207816019582, -0.4053151349943324, -1.4543817776910286, 2.3609461792481437], [1.2866670673274736, 2.0875326969789354, -2.04625818751992, -6.076289252545639, 3.621867920328242, 0.6295878400004132, 3.5395500817544394, -0.8343541741427707, -0.1403189264818614, -0.09286652273737026, 0.8891209412852118, -2.3332442355100826, -1.7904401866413975, -0.5209805084920609, 2.5490616977679346, 0.27346706139742327], [-0.7638724632059145, 0.8864836448851656, 0.5099941929288404, 0.38808254532415876, -0.013689135899005667, 1.138236250799946, -1.521758243782389, -0.25896003144658764, -1.418323806147212, -0.1796371055114897, 1.3793632900094162, 0.17226630610252597, -0.640552495608899, -0.10241008007615793, -1.8680193473327846, -1.678749527365955], [0.00882472424022751, -0.9814959079584685, -0.8014640582529466, -0.08028250529840608, 2.335818303987952, 1.4783661631305982, 0.457600562483347, -0.5520936044210087, -1.5507290583823679, -2.042905644072185, 1.1135377884018953, -0.951646123529011, 0.5856871741100211, 0.2919148862574422, 0.24711564261092533, -1.064879398744386], [1.859041454711376, -0.31882412934706394, -1.417560122175224, 1.3441826175095934, 0.6221292384235388, -1.792503679573306, -0.881481263230934, 2.2711233107337048, 2.2865588161654866, -4.253809487528836, -1.334553161982736, 0.5086998162356493, -1.2909326043639042, -1.7699612088054066, 3.195481581933703, 3.331722074355115], [1.0008651060801634, -1.9370964226815495, -0.7436700112334231, -0.8134405904703278, -0.9581503386620638, 0.10661783337552833, -0.30155169878036125, 0.5506698818941211, -0.10941649798175657, -2.027314803549891, 0.3224173158664698, -2.1072166677685273, 0.7639340360789199, 1.0156069506959722, 0.495375167341364, 1.7987107767040045], [-1.5186167713933079, -0.07173664375241762, 1.6155102502862346, 0.5512515258615709, 0.5265201776267958, 0.2365509025176269, 1.6790032636662908, 0.12377865113590564, -0.3721537349478227, -2.695625198048656, -0.41070428976199663, -1.6596282360472703, -3.5414448540178523, -2.1878267474226756, -2.589854007734805, 0.9129389376516273], [0.9003091552736362, 0.6118589959799341, 4.596513375135992, -2.320172289370344, -0.1167476260798539, -3.3777575298147156, 3.411847474390245, -1.1415252714774957, -0.2843221099960239, -1.1645209042425912, 0.6473114531833113, -2.0180630331063814, 1.8103415612381415, 2.3856178475124974, 1.117816900579498, -2.690097813575957], [0.34885078278482895, 0.22548527228677726, -0.19858903904501019, 1.7692327538282324, -0.648537287535125, 0.08122787106596666, 0.365679823511633, -2.8158494715168194, -0.24822569812307993, -0.4211620424401734, -1.6495176874608966, 0.0284890027858698, -0.44114996181685184, 3.862986477036042, -0.68553942331615, 0.19421356576468324], [1.2002054154418806, 0.3443119178839096, -3.129265987576933, -1.1808464529913376, 2.604910104932239, -0.4649433222821051, -3.796592245407064, 3.6670660663256696, -0.9208865304485001, -0.7491064451553855, -0.13803671099199658, 0.9452104040414295, 0.2881438366613518, -1.5511424789772674, -0.7274715795277111, 4.8799972421114735], [-0.5720458193259027, -0.4603526698790982, 1.0368402388007618, 0.03399657350644253, -0.7377554224187499, 1.7374180152906846, 1.7427220359419615, 1.3692129723699764, 1.0944436831963327, -0.7222775714428677, 1.736224671976632, 1.7897918274079638, 1.2361106114542535, -0.12209387355069717, -2.7986675637833125, 2.1391128550318954], [-1.6789654943991326, -1.8687225633139612, 0.024950502412076137, -0.5394424896942491, 0.3896145173680259, -0.23054708734058182, -0.8041662640971037, -0.7053093289598379, 0.5258056406977131, 0.23112145693509345, -2.5345791264278525, 1.5124370732081551, 0.676748486571426, 0.17626696544402598, 1.1006798598156968, -0.8646820268112608], [-0.6783667403667186, 3.455223820657506, -0.752497196163241, 0.19749326265264655, -1.4449490489981907, 3.1353150287882947, 2.043257854561757, 0.3111035138186725, -0.07598248295521315, 3.1985577681615354, -4.106672976630084, 0.24454321555589775, 0.06520102856215293, 3.004496758633416, 0.11726410665516131, 0.021662605208243035], [3.773920059765538, 0.20584526298374928, -0.7602890836889675, -2.439424295909123, 3.4138035777938334, 1.3109489678452517, 0.6697496763649178, -0.5968680394070992, 1.5010528922901067, -0.5916968152873407, -0.19692150818017806, -1.7460412157379654, 2.9706942252459587, -0.2893573118152729, 0.26072443551431546, -0.4001027645291242], [3.2450468020652847, -0.8861479204745679, 1.3100396831236356, 0.5475077738885954, 0.7454155218182839, -0.5069867847919474, -1.1073763537009371, -0.9009626930550673, -1.465138094272803, 1.2440420898927549, 0.8213232399955307, -0.906574729477585, -3.546659417252448, 0.040599471753044486, 2.4676433537560456, -2.0307286104065554], [-0.546717498620817, -0.5061878208680595, -0.6142581263342508, 0.6680843508634294, -0.5688178800772647, -1.3017324780251474, -0.3944333904493927, -6.130394486296666, -1.015897203494917, 0.18456037909855516, 1.8354835803974132, 0.9860112831701348, 0.29433806968522, -1.9421909255216288, 0.9643784848391748, 1.3554019406461308], [-1.6796199001614247, 1.7835770768173278, -1.1989887921326192, 1.837614153063538, -0.9661896789191846, 3.206832843417421, 0.7886512526554339, -4.092129549282478, 0.8864014588765798, 0.159725754901338, 1.741805769600882, -0.36955485797799037, -2.003485937246891, -2.053183306632982, -0.171651249950394, 0.6377145127494692], [0.01608910323353685, -2.180587991295879, 0.4424643364423014, -2.52109140624238, -1.8051538740439779, 2.0272506622482496, -1.509883230735445, -0.12225907295938382, 1.3144779841774685, 0.9266290076228636, -0.00013357342811465278, -1.0594878721963354, 0.8661521096983249, 1.7270894658037637, -1.5219599470349638, 0.2745023931010331], [4.27855180740137, 1.1296595121417483, -1.5655148759676316, 0.11053398897437317, -1.0263659244480325, 0.2603016178698398, 0.11295428227311238, 0.08161977892127587, 2.313751518483195, 1.626831202053065, -2.4316541350452776, -0.8829602003297021, 3.319638898455531, 4.3003086608206536, 1.0945041165790586, 0.1536135562031149], [-0.961809792212889, 0.7141810349639226, -1.9190849525732745, 2.679526308061503, 1.0174544003534816, -1.405699127344688, 2.163954583236126, -1.2672286300245414, -0.3311829138235114, 0.3708547314453048, 1.0204109980943865, 0.965866276607712, -1.8211783287336223, -0.02632600131368079, 2.261361930387646, 0.008205567009455406], [-0.9065395428867145, 0.3646518227565967, -0.13895464160097237, 0.5132689466167076, 1.478298225012813, -0.43617502018626386, 0.2879400408421988, -0.2271594905697332, 0.2518066177762903, -0.4377479050963405, -3.447524721416343, 4.006332516371908, 1.1787419923805404, 0.43021980963282275, -1.3220955368130989, 2.08624941210228], [0.5448729262057205, 0.5011847818635385, 0.039730303165558256, -0.8121490311340128, 1.3977404015130275, 2.1261965929877102, 0.30138696904466866, -0.2218948796413287, 1.5309991300396315, -0.3327097672797952, -0.23408921886468725, -1.800554184787984, -1.0078528859304148, 0.7712509854905063, 1.9937524151807016, 