{"generation": 53, "fitness": 228632.80810322496, "network": [{"layer": "dense", "input_size": 16, "output_size": 24, "weights": [[-1.0988768458442202, 0.5917145428292789, -0.3963258100665654, -0.20411402091209996, -1.66192033273658, -0.8231768301340534, -1.307951843933275, 1.2111851345129883, 0.010296411212833145, 3.124629461163625, -1.5366306251034003, 0.8105546598960975, -0.431649316344816, -0.4049398999285355, 0.22827324195065846, -0.9957655020442644], [1.6688341899244032, -2.4935130308699884, 0.04751278609956722, -0.3295997737801839, -2.5140453805718965, -1.1281539023433425, -1.755852798563266, 4.283158411184299, -0.012993204574549555, 0.6989348491854483, 0.4548473048322063, -2.63941028580009, 0.7859307810307549, 0.9895796064660546, 1.0677813169731032, -0.5257776600484335], [-1.2060333575049134, -0.8300949697645834, -3.4897218651934065, 0.80056525776551, -1.3022344835015822, 2.66958077586733, 0.7267363803913306, -0.8301439246607349, 0.12243714534238664, 0.7848163369970385, -1.0092281372017529, 1.0318785370706172, 0.7759063885427038, 1.392656371439059, 0.3931801089788204, 0.763723424757797], [1.1503107485668824, 1.9879266263573767, -0.009718919674170934, -1.8375986120261214, 4.362921332899148, 2.901494616915893, 2.075192042350128, 0.6689514916277703, 1.2496512986347859, 0.15163117439341825, 4.726863054406596, -2.2936691502477267, -1.9297387825966863, 1.2111296927150546, -0.7046638160816106, -1.1424925532454502], [-0.9112520313256282, 0.3728490096467266, 2.188862317019875, 2.3800119993808564, -1.3490168634026327, 1.7967189892192827, 0.5131878594220287, 1.38565028331758, -0.9258777115399298, 0.25624751076183194, 0.3014356114327581, 0.17226630610252597, 0.6281512646338093, 0.6663581448362472, -1.197441389469121, -2.0758092918703266], [0.2410960509061334, 2.038949719261961, 0.618352746998835, -0.08028250529840608, 0.7416008526549414, 0.5827295857677539, 1.3293302724079696, -4.416907820876161, -0.7438135049834509, -2.480384990873653, 1.1529464698977416, 0.8855215084874344, 0.5989862896439325, -1.7560325091173625, 0.16522763501205817, -0.8425507045936126], [-0.15242878293453627, 0.19095904564400934, -0.4138709924994901, 0.3768425643943688, 4.576657255345984, 2.437399275513509, -0.42070588442714296, 1.938912776258911, 3.0555042714635188, 0.9843712383615604, -1.758695086968602, 0.23891601792413913, 1.2026627320497714, -1.7699612088054066, 5.134365617361731, 0.7345124589585277], [-1.5295094945982313, -3.5186517889056557, -1.1859152050552595, -0.4033729533870021, -1.448417425307499, 0.06224204904274885, -1.1405940020122927, -2.7962646759296517, 0.451270947816526, -3.0952435868259727, -0.4571402487503847, 0.04662254680279715, 0.3821322638517265, 0.023008759833758496, 2.2439926062417896, 1.7215638293262674], [0.3358436570698564, -3.814878331099678, -2.535777940396844, -0.7293474063830929, 0.26521428753861515, -4.058831776475872, 2.5663491064703607, 2.7910452419971077, -0.5044179802096761, -0.5245187593926408, -1.1508308817190347, -1.143727485470049, -3.7559455947891296, -1.2302302510231689, -1.880778120753965, -0.5567409941547754], [0.1147477223778568, -2.2898666823948304, 1.6903768305678168, -2.0162397828122174, -2.8213526281010504, -0.5659579624298867, 1.0702543164780658, -2.847523080427135, -3.8293674833379843, -0.7551167545428294, 0.6473114531833113, -0.3384927605582928, -1.1838042342639028, 0.9655118418529613, 0.6525212856478377, -0.6638452483017993], [0.34885078278482895, -0.2699174423238032, -1.0967518784569492, 1.4652867442564683, -1.2370055243697347, 1.4784636434083522, 0.12314444448754885, -2.322575310183539, 1.0219936678761434, -2.2104389305311827, -0.9644836852755194, -1.2660147278254825, 0.26062591842713534, 2.273936526964147, -1.8485908941336353, 0.9859511586261733], [1.579596352929173, 1.3103768089144505, -2.1016593576537406, -0.28125944830102356, 3.2825588463065016, -0.23044809240600783, -2.331734241817305, 1.1817517121394028, 0.3881939622223771, 0.3185069432543348, -0.13803671099199658, 0.6495638627107874, 0.2881438366613518, -0.6786819155385551, -1.9131367691539447, 7.182054833837015], [-0.3826724090465898, -1.083931028764047, -3.3007988377260027, 0.8277504607867359, -1.5025113627908167, 3.028440112328986, 3.6348601843045136, 2.6409053453394833, -0.26571384426186684, 0.04591101987378337, 2.090491463512655, 1.985009010316327, 1.5855407729732027, 4.084941796376537, -0.19359629065027906, 0.2975291330139438], [-0.9392088843615127, -1.8687225633139612, -0.6522276339091478, -4.877939339091155, 0.3896145173680259, -0.23054708734058182, 1.332435666594702, 1.0481133799703084, 0.5445115501049935, -0.21368974519021333, -0.26904547554958547, 3.536248176549595, -0.16813025409138657, 0.17626696544402598, 0.257112099495722, -0.8646820268112608], [-1.4063798960168747, 2.516693725450976, -2.7996847410855548, -0.4959177512056543, -0.14594791125649076, 1.4526597372896526, 0.20170910172042172, 1.3957868878511868, -0.07598248295521315, 1.6477103667208215, -3.989022371803851, 0.3468746588451055, -0.16953574732468102, -0.555560081580668, 1.3396248355466205, -0.487242425822483], [2.1664983949186287, 2.3005408388545816, -0.03774213850686507, -2.2945245006403385, 0.6540834443102231, -0.33992467603141663, 1.9095387021461083, -1.2383114554061943, -0.8863850885918438, -1.5205305343254132, 0.265581616587815, -0.8962644379011767, 1.2440305679021662, 0.8064364008727718, 0.5673997949429103, 0.6808479026685603], [1.9788020539263287, -0.7938625695145313, 0.401738900728542, 0.9896626776221231, -0.4649150358840099, -1.4164902749033783, 0.18580963521473315, 0.18029555868108926, -0.5069927830922158, 1.194004694485188, 0.4542139451884806, -1.8042572309889817, -1.516675010022553, 0.7890302790964471, 0.6584403463414654, -1.5015472502839744], [-0.719741643850944, 1.35178614382296, -0.03387387143184588, 1.6178865633089088, -0.39593068763585804, -0.6981627531778627, 2.1088474542646187, -4.1914227085237545, -0.16642573038514774, 0.6073530522269905, 3.3793269967205832, 1.878149749980678, 1.9176495736855592, 0.4082461115504111, 2.2368268344595252, 0.7457999334946552], [-2.313679139701569, 2.031877133789229, -0.666995220011552, -0.34976293855675267, -1.6693517061937109, 3.667766149965294, 0.7886512526554339, -5.509619732408732, -1.5644136955238561, 0.159725754901338, 0.44603322208708823, -0.36955485797799037, -0.5057062093077309, 0.35735061513582983, 3.456726850112662, 0.6377145127494692], [2.3687753318254963, 0.14356676629796195, 0.8507550768347549, -2.7329236908278447, -0.6669241656068705, -1.2602033223370415, -0.28140897506636176, -1.1488202456928787, 0.7252878513961047, 0.453643916646846, -0.3012904953821073, -0.4202422548015311, 0.5418935768441493, -2.136673981507679, 2.1088634179688617, 2.822409530558528], [3.4073410637521655, -1.5781580164618536, -1.7891821312768208, -2.0292982884776714, -0.30420205755812035, 0.06859348661260081, -0.5042805720794473, 0.6310944666923854, 1.4455293083424468, 0.4638002268190432, -2.6598652223856076, -0.9668956723492147, 3.480282168823735, 4.5383051705409345, 0.532006309037099, -0.7608104969478944], [-1.5577530626127059, 0.7141810349639226, -3.8385611599595726, 1.5125468817852867, -0.06548603528456887, 0.4929126763307796, -0.8270801552024456, -0.09677519238511667, -0.8127908752494969, 1.1364997902375757, 1.0204109980943865, -3.054878749737919, -1.9044377991933377, -0.02632600131368079, 1.315889657764206, 0.12252472066489369], [0.3373076101962271, -0.235037858458999, 0.5566478671350477, 0.8104810339843788, -0.9261600052189461, 0.1307845244783551, -0.9602120462264154, 0.004845037448748785, -0.8493539328787666, 1.1212698295910162, -2.821852525307553, 1.6526539250759376, 0.8462814004724152, 0.581745714457925, -2.4095018455886104, 2.08624941210228], [0.5448729262057205, 1.1755268703063038, 0.039730303165558256, -1.5684370849440104, 1.9649721896837598, 2.204551773578446, -1.1875570450327027, -0.1626825362205672, -0.4238181496289062, -0.24310421184115816, 1.0586584274819448, -0.7945495899635149, -2.360907720340566, 0.21766180672939284, -0.02012303186285358,