{"generation": 67, "fitness": 17180651343.437332, "network": [{"layer": "dense", "input_size": 16, "output_size": 24, "weights": [[1.7138829320007871, 2.61292089136643, -1.5152395941380101, -0.0014047268027538307, 3.690051339355067, -0.255620960369487, 0.1482641260955918, -2.212122152076027, -0.5419287475964809, 2.083045698278123, 0.9286526085337193, 1.06494679260852, -2.4030395467558456, 3.2621234584416055, -2.8383177735361125, 3.1264110240832674], [-0.5163497174543911, -2.8542709892001703, 1.9864315718049677, 0.10695566580163923, 1.4442335060432734, 1.9108300535614746, 0.2010490523174555, -3.8002913957887667, -5.601889533605915, 0.8519722396316034, -4.166202849447548, 1.2310110366225326, -0.5585700554308589, 0.4343318843864765, -1.781667417214834, 3.255766140226993], [2.499868332871588, 2.9102717718827615, -0.7362252893789392, -2.157379371251766, -1.0473234085243666, 3.345360896399207, 0.5152042231203007, -1.0537989014421325, 3.8686375633258865, -0.04184103757798652, 3.1021611026731595, -0.22312025143462866, -2.1869307659282198, 0.8750113367986727, 2.901110811621736, 0.30208685682200315], [1.3542788492780624, 1.268834012036051, 2.495102241726491, -1.4306623499867215, -0.12877655260926857, -4.525420451791247, -0.37985243517090717, 1.7834631882485248, 1.360559022781005, -0.5618420241013599, 1.048127989904927, 0.19241121464917302, -1.1850373434988968, -0.2262590763281631, -2.836754400579401, -0.7336177360316054], [0.1371773157209103, 0.5341077368472296, 1.0508016097217834, 1.4226606485442999, 2.923996090561595, -1.1850281845080355, 1.0717623811085897, -0.21345905462452885, -0.22484613727997077, -1.9737425428733881, 1.0507940689622495, -0.6374085042454193, -0.9473474683858749, 0.5010594893204865, 0.4587709195334466, -0.9274856684381176], [-1.8118289059649846, 2.462397684935638, 0.2729367196047142, -0.2497297273303205, -2.6618543714773684, -1.999943496373875, 0.7170824631492227, -3.841982125653348, -2.279015119443458, 4.156270907843823, -3.499305782493885, -1.011796897825381, 0.08713707743585625, 1.5531296855765486, -1.858127885346387, 1.7258555110938816], [1.255823073957748, 0.8319910171588694, 1.3222962722783533, -0.6844783225033484, 1.1616356983349512, -0.9485847150707938, -4.4713782766819525, -0.31896154909733265, -0.6666269812489465, -1.912742715811625, 1.902486659758622, 2.154636585785503, 1.8945561446201875, -1.9145940973084845, 0.5392342222745157, -4.415679837118417], [0.14664265740436444, -0.8943868679432545, 2.1572587588516443, -0.11286802308022081, 1.191433792380653, 1.2244547176771454, 2.7683324259961877, -3.9055563634643047, -4.894663128651965, 1.954374549664568, 0.41000982086333543, 2.4735721506510764, 1.0432134849550663, -1.6791188520780076, 0.18011369105722544, 0.03396279271498037], [-2.38076667586045, 1.1004910380689417, 0.010796229627366816, -0.107263366358062, -0.7196133396411274, 2.6926357903314377, -1.3473997368891955, 0.6493652801304513, 2.335120721282467, 0.1516182203992158, 0.3475722416777055, -3.5498586769624354, -0.1066124388379047, -1.3238858746119253, 0.9694036780299302, -0.7199767702165542], [-1.141680041180486, 0.47644620686178685, -0.038004594023006405, -1.3295000514119781, -3.3368191132082243, -0.1876666023839867, -2.8203234446961574, 2.045260954698451, 0.7984993246826337, -4.13623582599642, -5.060392323617042, 0.19725477626826637, 1.0152706746045208, -2.3347824032175137, -0.22556873747167672, 1.199755986053514], [-2.4580586326833687, 1.0427003552941865, 1.0026060747826737, -3.7888351653831536, 0.7263405087846979, 0.4771617577416661, 2.070239531136157, -1.9353733496395469, 0.796713577920681, -4.053265813961026, -4.026136590812206, 0.9684452268535476, -1.4607658789540445, -0.4782908045914959, -0.2622314390731229, -2.266132807086906], [-0.771660505224593, 1.493494849805842, 0.8682327378965243, -0.8072673032624764, -1.0287724575991088, -1.278887488534928, 2.3487863907026045, -0.2666076782166425, -0.10284900995879465, -0.4087321938876697, 3.0123056015685896, 1.4903731374839868, 1.4696845605577675, -2.054870049561377, 1.5143831995816446, 2.3698061276707887], [-0.3937003919334494, -2.92030414216382, 4.618177857749023, -0.9916293101125819, 1.707481381957457, 1.0442408850556155, 0.7650671851906315, 0.3190997951435244, -0.8334059121131296, 0.5203744259221923, 1.4268428824864154, -0.11578896454631682, 0.708981683260745, 0.9587148619710979, -1.3481691269719034, -0.6338311002797735], [-1.439535096153942, 1.2549574947179278, -1.8659172495077472, -2.7846168033714522, 1.3874786457361792, -0.12203135426987438, 1.166486305661652, 1.5205154502567715, 0.34064622709183134, 2.2728764710607, -4.09738862613583, 0.7779865020162761, 1.0791563160856499, -0.2854595452156948, -2.815965128890246, 2.6486168436538726], [-0.492207314556379, -0.0608085289366586, 1.3072460125697418, -0.6050100014651641, -0.6940083991041325, -4.2146487152035625, 2.5765990847815643, -1.4184861972066256, -0.6915669229068219, 0.07245977529401543, 3.330629164630569, -1.573691533775074, -0.6935142298697023, 0.30261342575384, -1.7151779699244467, -1.019182809118695], [3.9099825943077393, -2.222790642005544, -0.9924929144661601, -1.7711383275951462, -1.3338777554721304, -2.7092183937715975, -1.1303134906606696, 0.3883458512338157, -0.7085042056174944, 0.6518151901459697, -0.5939836612762059, -3.3756135285018996, -5.560900902016094, 1.291329353158924, -0.7057525882871014, 2.708246922617206], [1.5438136596774854, -0.3823970011435433, 2.3188481521047257, 1.3584263063858475, -0.0010540591993462023, 0.2845964170694293, -1.4376183505749462, -2.533359405299344, 4.935069590040671, -2.5227634798975194, 1.535697469998254, 0.42499731149599923, 3.7749903406600964, -1.6720960640986413, 1.3387502666720277, -0.2457625472555609], [2.0201681241817586, 2.2624119670493092, 3.785327819324385, 2.7740907584017145, 1.333141687122766, -1.454151798347544, 2.0297138850412653, -0.31264659982566945, 1.3934024804357517, -0.5611506362193021, -1.6335238761626165, 2.9487776287228766, -2.9113910738600204, -1.7628907938234368, 0.11100642344088318, 1.014378723744973], [-2.3892021870393125, -1.4602072913803443, 1.1456019663852448, -1.18465139543728, 0.42679568554653, -0.1067303246804635, -1.1803739869235903, 2.0487647662609954, -0.8135568516433498, -0.5720220751975885, 1.9623860750388689, 3.5048948797123916, -0.5952735625622247, 1.630111412582048, 2.062513468717275, -0.3927187835344198], [4.999897158195087, 3.7378011551398655, -1.2887903736221733, 0.2767012320987696, 0.8543568728541272, 4.008742419421653, 2.1694908345707473, 2.1767256522264846, -5.724474670462568, -5.729183718577618, -1.758467285640053, 0.27995308901714777, 5.603714501772962, 0.8549364239479877, -3.798615768017906, 0.5030406571738766], [0.4882483163643698, 2.8367587813827773, 0.1121963760366822, -0.018356415728869546, 2.033393439258468, 2.5103954507904307, -2.0913211237969707, 0.6616157731430338, 1.3483556109067423, 2.4663447748147282, -0.11044737527593197, 0.3686205528223759, -0.49826677025563026, -1.335319938348632, -1.1563060154671465, -3.37419359052791], [0.6694509774775094, -4.094591850866783, 0.9957759140216433, 1.3320790309152775, -0.3039048614684916, 2.4263829278698035, 0.7840003062489072, 2.9715974570050663, -0.001033595889789074, 1.2556193659310637, 1.4016286859082898, 0.49750368086918373, 0.5824809676486484, -0.7437024310419805, -0.6730542909696399, 2.9507764058456836], [1.0662569144649914, -0.12221865856111624, 0.6315773596875611, 0.8543542670066446, -3.724830380260475, 2.075296329297719, 0.05993286381960794, 1.5916856027859987, 0.9933901448187146, 4.924592546076107, 1.04288572190434, -2.368854718321545, 0.7197567641253162, -0.4788634778229415, -0.673720066579158, -0.5148747242848182], [-1.345946021647561, 1.6620244706566059, -0.9926076471138494, 1.6712780666753564, 1.6361220985335967, 0.24783560221227663, -0.2084000968481372, -2.8337707767413325, 1.9277843066662048, -0.9070404672113621, -0.4851421777775572, 0.9922776978695587, 1.0278259683529378, 0.8560356819930777, 0.001822099973102842, -0.5782098927323049]],