{"generation": 69, "fitness": 8734859.564319396, "network": [{"layer": "dense", "input_size": 16, "output_size": 24, "weights": [[-0.042477560389472535, 0.5917145428292789, -0.3963258100665654, -0.20411402091209996, -0.667377407638937, -0.7951453949015138, -1.307951843933275, 1.2111851345129883, 0.2782127046556222, 5.789274015248935, -1.5366306251034003, -0.13849235423974576, -3.4739693416479716, -0.4049398999285355, -0.032314306851403574, -0.9957655020442644], [3.194588241378019, -2.4935130308699884, 0.04751278609956722, 0.9399314009811901, -2.453820415613765, -1.1281539023433425, -1.755852798563266, 4.963590867386404, -1.1013715473631513, 1.0380999270573847, -1.180369845334467, -2.63941028580009, -0.7177954581190295, 0.9895796064660546, 1.0677813169731032, 0.05437028919431086], [-0.18710193398382846, -0.8300949697645834, -4.201534828768433, 0.80056525776551, 0.598816967443969, 2.66958077586733, 0.7267363803913306, 1.2400434389197825, 0.18291685827446802, 0.7848163369970385, -2.1770427972880704, 1.0318785370706172, 0.7759063885427038, 0.24795059266565134, 0.3931801089788204, 0.8972150657977099], [1.1503107485668824, 3.668711286445876, 0.5307202049490446, -1.8375986120261214, 3.8749463465191085, 2.901494616915893, 2.075192042350128, 1.0140602332069368, 0.2087095677608184, -0.7793427103854689, 3.9921545444105284, -2.4601662824686246, -0.86127568482386, 1.676728352034008, 0.6683048050821256, -1.1424925532454502], [-0.7064772627278443, 1.0723444432928781, 2.1743098502716687, 2.3800119993808564, -0.3337853899223673, 1.7967189892192827, 0.5131878594220287, 1.8331778081468766, -0.4971947368428263, 0.25624751076183194, -0.2677555253871403, 0.17226630610252597, 0.6281512646338093, 1.4299833288384496, -1.6811551282405042, -2.0758092918703266], [-0.019643294102606134, 2.038949719261961, 2.1820069731735883, 0.7409597137738968, 0.7416008526549414, 0.5827295857677539, 0.859889024590953, -4.084578436521185, -0.7438135049834509, -2.480384990873653, -0.7046505254155182, 0.8855215084874344, 0.5989862896439325, -5.668748491321877, 0.16522763501205817, -0.8425507045936126], [-1.114984107669687, -0.2236158851792001, 0.1610338699008359, 1.7452000194738546, 2.514729459809494, 1.4180845095601013, -0.42070588442714296, 1.938912776258911, 4.91001391378199, 0.8629361825222516, -3.446002189761183, 1.414978998475697, -0.8587230881533137, -2.2489691874640627, 5.134365617361731, 0.7345124589585277], [0.02305358886308695, -2.9033829722097577, -4.395794568711224, -0.5523162425993859, -1.448417425307499, 0.06224204904274885, -0.8603611471474055, -2.2737867104479395, 0.451270947816526, -2.5378885854046134, 0.35855697867627023, 2.0349988138797253, 0.3821322638517265, 0.023008759833758496, 1.2363181733270736, 1.7215638293262674], [0.9736110766613018, 1.4692266433152283, -1.778943171263595, -0.7293474063830929, -0.6099364796873741, -3.1696077334913437, 0.4314870789787948, 2.8759685096762087, -0.5044179802096761, -0.5245187593926408, -1.1508308817190347, -1.143727485470049, -3.7559455947891296, 2.5013528705082115, -2.131532553211779, -0.5625713112449151], [0.1147477223778568, -2.2898666823948304, 3.0190443223081718, -2.0162397828122174, -2.8213526281010504, -0.5659579624298867, 1.6685590837111328, -2.847523080427135, -3.9570194351985086, -0.7551167545428294, 0.6473114531833113, -1.2497985222412318, 0.058149391526264305, -0.054384548864603977, 1.0097068075112356, 1.4796505500188968], [-0.8941640096174079, 0.45569537265418847, -1.0967518784569492, 1.4652867442564683, -3.479934917222888, 1.8767517665122408, 0.4335513881953148, -2.322575310183539, 1.0219936678761434, -2.8490783120892, -0.9644836852755194, -0.9797354923934197, 0.26062591842713534, 2.273936526964147, -1.8321986443649523, 0.9859511586261733], [1.579596352929173, 2.1289641593249558, -2.782133332295548, 0.6797138090077499, 3.0206104567815157, -1.6525981467529736, -1.5124088248799783, 1.490053531624866, 0.3881939622223771, 0.4854876682218844, -0.13803671099199658, 1.804229927728453, -0.6928521627661969, -0.6786819155385551, -1.9131367691539447, 7.3884009639799935], [-0.3826724090465898, -1.6845210099301189, -4.644141689881348, 0.8277504607867359, -2.9818958628462076, 0.6294932095197465, 3.6348601843045136, 2.7867567855701885, -0.26571384426186684, -1.6146893301911522, 4.171769266011333, 1.6972517805108593, 0.37085139855725724, 4.272385257705097, -2.3005452997728675, 0.2975291330139438], [-0.387209419881695, -2.362342534516617, -0.22014440858523815, -6.106154544034394, 0.3896145173680259, -0.7228841146971262, 3.920938593870066, 1.082076427668102, 0.5445115501049935, 0.3677620217930688, -1.8101927836571248, 4.4982232417551105, -1.3820832380989836, 1.7097154259300065, 0.29208674176641974, -0.15056736341590982], [0.5825000864053951, 4.4658497866571425, -3.4699418946820293, -1.4369214459084385, 0.27073580288037696, 1.4526597372896526, 0.20170910172042172, 1.3957868878511868, 0.6587207850820185, 1.6477103667208215, -3.989022371803851, 0.3468746588451055, 1.8879103668219428, 0.2591897345954075, 1.3396248355466205, -0.48570280890305834], [2.1664983949186287, 1.1283607648367189, 0.9393662032571254, -2.2945245006403385, 0.6540834443102231, -0.33992467603141663, 3.1389807938829253, -1.6295280739005693, -0.8863850885918438, -0.5916968152873407, -0.12962501020471812, -0.45532455641789965, 2.108109837757942, -0.8395369383913114, 0.9147506691552055, -2.458699634446294], [3.271036535698255, -0.7938625695145313, 0.8252999776434253, 0.18963454738297358, -0.7158191831034422, -2.495162709198735, -0.6661340957127607, 1.7233237909135966, -2.0991390362838396, 1.194004694485188, -2.247181982004425, -0.5422179211025188, -1.2361093558270182, -0.2975411250630505, -0.17614455337172208, -4.639000296111238], [-0.719741643850944, 1.35178614382296, -0.03387387143184588, 1.2328013369274489, 0.462343879712785, -1.0261323225529257, 0.036964472340555665, -4.1914227085237545, 0.5411101857661847, -0.4796876614832595, 3.3793269967205832, 0.19234505167472493, 2.6756691248779845, -0.3775170904859073, 2.80185536163265, 0.7457999334946552], [-1.5915735212759883, 2.341621475914838, -0.666995220011552, -0.5768667996561183, -1.6693517061937109, 4.733366631586526, 0.7886512526554339, -5.123719998703127, -1.5644136955238561, 0.159725754901338, -0.6876490032702718, -0.36955485797799037, -0.5057062093077309, 0.6292817749143067, 1.74010087494952, 0.7683205038560286], [2.3687753318254963, 0.6740134839467551, -0.017275096848587412, -3.457551246118298, -0.6669241656068705, -0.016168757443613846, 0.5169708622642581, -1.1488202456928787, 0.7252878513961047, 0.8640247361078804, -0.3012904953821073, -1.2018530407275028, 0.5418935768441493, -0.17416791122578945, 1.5912375774167293, 2.6340795596103614], [3.4073410637521655, -1.5781580164618536, -1.8692756358153946, 1.5486261022175842, -0.11763592180306248, 0.06859348661260081, 1.0366852187588336, 0.9998325795261831, 1.4455293083424468, 0.3116533858544137, -2.6598652223856076, -0.31605954173354955, 4.599347484122601, 3.4538328403331633, 0.532006309037099, -0.7608104969478944], [-3.2834370410065263, 0.7141810349639226, -3.8385611599595726, -0.14387251558454472, 0.801670428663704, -0.6114124563295504, -0.8270801552024456, 0.5453792107035962, -0.8127908752494969, 0.3941727420038432, -1.220731044719213, -3.054878749737919, 2.8243581096619126, -0.5019962417208572, 1.328108656406099, -0.025318965595290052], [0.7180014756439559, -0.235037858458999, -0.09006872118856912, 0.8104810339843788, 1.7482771465043485, 1.7839197102388642, -0.9602120462264154, 0.004845037448748785, -0.012701734974834789, 1.1212698295910162, -1.6749733656915111, 0.9744122643982829, 0.8462814004724152, 1.7093863840837855, -3.5911506080395297, 2.0679351580462164], [-1.1039758487966003, 1.1755268703063038, -0.8903479329285526, -2.7436613896187847, -0.28518635890267796, 2.204551773578446, 2.461244824797156, -0.20300146003398456, 1.500446468580256, -1.2375511238346428, 1.4971678219808777, -1.7969589736120386, -1.710389317270257, 0.07945867725095457, -0.02012303186285358, 