{"generation": 70, "fitness": 4513829.243069678, "network": [{"layer": "dense", "input_size": 16, "output_size": 24, "weights": [[-0.042477560389472535, 1.117760554589789, -0.3963258100665654, -0.20411402091209996, -0.6734832220664777, -0.8231768301340534, -1.307951843933275, 1.2111851345129883, 0.2782127046556222, 6.994209095788159, -2.050364602932361, -0.18705636229614186, -4.01257901456267, -3.3229117979510487, -0.032314306851403574, -0.9957655020442644], [3.194588241378019, -2.151135047304855, 0.04751278609956722, 0.9399314009811901, -2.6906530525535644, -1.1281539023433425, -1.755852798563266, 4.963590867386404, 0.2966144163658655, -1.3973255080463678, -1.180369845334467, -2.63941028580009, -0.7177954581190295, -0.6486245483250545, 1.0677813169731032, 0.05437028919431086], [-1.2060333575049134, -0.8300949697645834, -4.159457325784437, 0.80056525776551, -1.6867075196215837, 0.4304667059254923, 0.7267363803913306, -1.053418393969108, 0.18291685827446802, 0.7848163369970385, -1.1954481685104588, 1.4121524609305802, 0.7759063885427038, 0.49944643474981715, 0.3931801089788204, -1.3179755738145493], [1.1503107485668824, -0.03530203165504586, -0.009718919674170934, -2.279158026776255, 4.362921332899148, 4.198259146304814, 2.075192042350128, 0.18360163076323738, 0.2087095677608184, -0.5967917068576869, 3.9921545444105284, -2.4601662824686246, -3.2225732236620312, 1.2111296927150546, -0.7046638160816106, -1.1424925532454502], [0.0725846130885196, 1.0278157647231683, 2.1743098502716687, 2.3800119993808564, -0.3337853899223673, 1.7967189892192827, 0.012478280086549942, 1.1134035828841196, -0.9258777115399298, 0.25624751076183194, -0.2677555253871403, 0.17226630610252597, 0.8351971175851834, 0.6496112438875346, -1.6811551282405042, -2.0758092918703266], [-0.019643294102606134, 2.038949719261961, 2.1820069731735883, -0.025205594295022615, -0.9343790974434962, 0.5827295857677539, 0.859889024590953, -4.084578436521185, -0.7438135049834509, -2.480384990873653, 1.1529464698977416, 0.8855215084874344, 1.0304727007779957, -5.668748491321877, 0.16522763501205817, -0.8425507045936126], [-1.114984107669687, -0.2236158851792001, 0.1610338699008359, -0.7109027686533742, 2.514729459809494, 2.7506295381222357, -0.42070588442714296, 1.938912776258911, 3.0555042714635188, 0.8629361825222516, -3.446002189761183, 1.8227867509136078, -0.8587230881533137, -2.2489691874640627, 5.707786531666331, 0.7345124589585277], [-1.5295094945982313, -1.302084497843858, -1.1859152050552595, -0.5523162425993859, -1.448417425307499, 0.06224204904274885, -0.7229193112645247, -1.8883841469372487, 0.451270947816526, -1.4350427580722207, -0.4571402487503847, 0.04662254680279715, 0.3821322638517265, 0.023008759833758496, 3.249891041356218, 4.164026780657719], [0.9736110766613018, 0.6592952117205113, -2.970819187776035, -0.7293474063830929, -0.005773874425637926, -3.993830925119938, 0.4314870789787948, 2.8759685096762087, 0.23227339516067502, -0.5245187593926408, -1.1508308817190347, -1.143727485470049, -3.7559455947891296, 1.1128930120935892, -0.6320951377819073, -0.5567409941547754], [0.1147477223778568, -2.2898666823948304, -0.7373228538833954, -2.0162397828122174, -2.164844440637703, -1.3973709089061528, 1.6685590837111328, -1.4961515282594147, -3.9570194351985086, 0.898278888884113, 0.11881744817568585, -0.3384927605582928, -0.9501644164937455, 1.1187823401607215, 2.403270316051837, -1.1003750768740679], [0.7612617862850191, -0.03560074722523576, -1.0967518784569492, -0.9368979527213637, -2.133339512692938, 3.6585029215903884, 0.12314444448754885, -1.7634359349402076, 1.0219936678761434, -2.2104389305311827, -0.9644836852755194, -0.9797354923934197, 0.26062591842713534, 2.310590431957056, -1.8485908941336353, 0.9859511586261733], [3.8897091777363624, 1.3103768089144505, -0.787209572226527, 0.6797138090077499, 3.0206104567815157, -1.6525981467529736, -4.1886108208926505, 2.531439420143343, -0.6084378810137888, 0.5484852058218226, -0.13803671099199658, 0.7476793063368834, 0.2881438366613518, -0.6786819155385551, -1.9131367691539447, 8.074408046842668], [-0.3826724090465898, -1.6845210099301189, -4.644141689881348, 0.8277504607867359, -0.9907873736155361, 3.028440112328986, 3.4531954902181696, 2.7867567855701885, -0.26571384426186684, -0.5729783008617226, 2.57738237554861, 1.6972517805108593, 0.37085139855725724, 4.272385257705097, -2.3005452997728675, 0.2975291330139438], [-0.837082714269787, -2.362342534516617, 0.997740678575204, -6.106154544034394, 0.3896145173680259, -1.69839054890038, 4.034157806188728, -0.1629071891802547, 0.5445115501049935, 0.3677620217930688, -0.47345576923837474, 3.708714514658772, 0.5697666845051946, 1.7097154259300065, 0.29208674176641974, -0.15056736341590982], [0.5825000864053951, 6.964731906174877, -2.618157401647043, -0.4959177512056543, 0.27073580288037696, -0.2794314892598193, 0.20170910172042172, 1.7002886118981473, 0.6587207850820185, 1.6477103667208215, -3.989022371803851, 0.3468746588451055, 2.1173438618480636, 0.2591897345954075, 0.45242707546212946, -0.48570280890305834], [1.2385427064935717, 1.1283607648367189, -0.19471632978837794, -0.5387038611772483, 0.6540834443102231, -0.33992467603141663, 3.1389807938829253, -2.37589596225065, -0.8863850885918438, -0.5916968152873407, 0.265581616587815, -0.8962644379011767, 1.1224651328958275, 0.8064364008727718, 0.9147506691552055, -0.4564425282744056], [1.9788020539263287, -1.6708242006982919, 1.1269923860478614, 0.18963454738297358, -0.7158191831034422, -2.0937907024925972, -1.374495368956234, 2.611023935476396, -0.5069927830922158, 1.194004694485188, -2.247181982004425, 0.2875096021006882, -1.7422951325500082, -3.067844294137437, -0.7446147919723544, -4.639000296111238], [-0.719741643850944, 1.35178614382296, -1.3499920215771388, 0.5404847058621891, 0.39236009057811305, -1.0261323225529257, 0.036964472340555665, -4.1914227085237545, -0.4867795273404739, 0.6073530522269905, 3.3793269967205832, 0.19234505167472493, 2.6756691248779845, -0.8018215264854137, 2.80185536163265, 1.8482032767179126], [-0.12376024490892412, 2.341621475914838, -0.666995220011552, -0.5768667996561183, -1.6693517061937109, 4.110506004345886, 0.7886512526554339, -5.123719998703127, -1.8199232164742802, -0.4784792553812366, 0.43636737041542745, -0.36955485797799037, -0.9519507419613207, 2.1149605398012667, 1.460556122520322, 0.6377145127494692], [1.8180143592039202, 0.38259292231871056, -0.017275096848587412, -2.7329236908278447, -0.6669241656068705, -0.40315302989960333, 0.11023242935122396, -1.1488202456928787, 0.7252878513961047, 0.453643916646846, -0.3012904953821073, -1.6134630885971335, 1.7518869281785094, -0.17416791122578945, 1.5912375774167293, 1.8284713667832402], [4.384902233624264, -1.5781580164618536, -2.938026583552363, -2.0292982884776714, -1.219285843363322, 0.06859348661260081, 0.8943392095438728, -0.3341009363494136, 1.4455293083424468, 0.3116533858544137, -2.6598652223856076, -2.3025096280681074, 4.599347484122601, 4.220896821913153, 0.532006309037099, -0.06347813349645104], [-1.5577530626127059, -0.6617745848932588, -3.8204646593550318, 0.06344472546543159, -0.2883798598968865, 0.4929126763307796, -0.8270801552024456, -0.42238523151971474, -0.8127908752494969, 1.1364997902375757, 1.1097509412323474, -3.054878749737919, 2.8243581096619126, -0.8743967925753445, 1.4913092919829147, 0.12252472066489369], [0.9868943298836589, -0.235037858458999, 0.5615979101355025, -0.242897041846856, -0.7259719604116321, 0.1307845244783551, -0.9602120462264154, 0.004845037448748785, 0.6143840331680595, 1.1212698295910162, -2.821852525307553, 2.002731745396896, 3.1301795361545093, 1.7093863840837855, -2.4095018455886104, 3.4703587854994686], [-1.1039758487966003, 1.1755268703063038, 0.0038787604763075648, -1.2590122481619734, 1.2037049499767412, 2.204551773578446, 1.2562154450092933, -0.20300146003398456, -0.9667505598826185, -0.24310421184115816, 1.4971678219808777, -2.4459438422624955, -2.291180647061446, 0.21766180672939284, 