{"generation": 85, "fitness": 268955809.09985083, "network": [{"layer": "dense", "input_size": 16, "output_size": 24, "weights": [[-0.0004755996552504027, 0.31432602185167824, -1.8780468767941163, 0.25170032759211025, -1.473302417441818, -1.5684086315154833, -0.8970961656387941, 1.2111851345129883, 0.2782127046556222, 6.994209095788159, -5.369459643035171, 0.9057719395564519, -4.01257901456267, -5.736002884598476, 0.06675075809741667, -1.1960655644598788], [4.217417160712297, -2.151135047304855, 0.04751278609956722, 2.2210688802791054, -2.5140453805718965, 2.3936939542650046, -0.8455459136172236, 4.805173933947524, 2.7967131698776178, -1.3973255080463678, -1.180369845334467, -4.280954157104767, -1.2951817053038566, 0.9627280518580322, 1.3147123784217463, -1.1084942480359383], [-1.2060333575049134, -2.2069335280690687, -3.902354585922931, 0.80056525776551, -1.6867075196215837, 0.4304667059254923, 0.7267363803913306, 2.614657287549642, 0.17119820655601437, 0.7848163369970385, -1.0555858590433231, 1.0318785370706172, 0.7759063885427038, 1.7509267366463872, -1.0844772503051998, -0.6425924734914924], [-0.6577488476127206, 2.5866787354267937, -1.5769696812667362, -1.8375986120261214, 4.414415428247791, 3.3295981223633717, 1.1469608112778398, 0.15047840198457965, 0.2087095677608184, -0.6597464413712365, 3.9921545444105284, -3.1655530353883767, -4.944425445806906, 1.3566934287539816, -0.7046638160816106, -1.942800104228233], [1.8158194005572583, 3.449758214415259, 5.10711742361391, 2.3800119993808564, -0.3337853899223673, 1.7967189892192827, -0.08200466978216471, 1.5260384915035736, -0.9258777115399298, 0.25624751076183194, -0.2677555253871403, 0.17226630610252597, -0.5548148248264982, 0.6861284034448814, -4.536638355831043, -2.0758092918703266], [0.7656716675546578, 3.7048389716866703, 1.7788249551164448, 1.7331626462004652, -0.00246183137196776, 0.5827295857677539, 0.4888824125191854, -2.8694879564351705, -1.1703083596060235, -2.9578691343343806, 1.1529464698977416, 0.961901465889778, 0.5989862896439325, -4.885343547841097, -2.1067726110513503, -0.8425507045936126], [-1.9257083707442075, -0.2236158851792001, -5.7915785650730633e-05, 0.637685093140845, 2.514729459809494, 4.31253372940779, -0.42070588442714296, 1.938912776258911, 3.3942981928968217, 0.8629361825222516, -3.446002189761183, 2.2162953777660204, -1.2492323463261088, -6.654072019179223, 4.260037894918055, 0.46972827467997014], [-3.874236388010618, -0.6772858932478572, -0.48711166451699506, -1.0205345270317292, 0.17111529684091037, 2.2234010521365173, -0.38862149838603766, -3.72672200457748, 2.383650949484232, -0.39662000932577124, -0.4571402487503847, 0.04662254680279715, 0.3821322638517265, 0.023008759833758496, 2.2439926062417896, 1.6726736002711968], [0.9736110766613018, 0.6592952117205113, -2.970819187776035, -1.6222010143271137, -0.24915757765292898, -4.948443588610578, 0.4314870789787948, 2.6882970312629237, 0.5158772094906325, -0.5245187593926408, -0.5328295634762046, -1.143727485470049, -2.4949889590890404, 1.667289304725763, -2.689950535148828, -0.5567409941547754], [0.6657586275495421, -1.9707492961772413, 3.7039380167462763, -1.740387637572628, -2.038392071107781, -0.44316627941267944, 1.65863458840246, 1.5435659872086713, -4.145640907148798, -1.3132116161153924, 0.6473114531833113, -0.16703883633446534, -0.9501644164937455, -0.13637483236498787, 5.1247120034678835, -1.3932454790785507], [1.9070658707089758, -1.9872192461610858, -0.6332422582455786, 0.6486914428011297, -2.422350213142108, 2.0375699225220782, 0.12314444448754885, -3.245702679056767, -0.5924623505338824, -0.6897745979601269, -1.1539257443784803, -0.7264398358228381, 0.26062591842713534, 0.7838589900319094, -2.8151421686828404, 0.711752969745702], [3.0314682039863947, -2.1867044384554166, -3.221412833572705, 0.6797138090077499, 2.023362465648461, -1.6525981467529736, -1.1916582406876393, 1.490053531624866, -2.9699796305039925, 2.1687193323612415, -0.13803671099199658, 0.7836102004897009, 1.952850001762126, 0.4952122581332457, -1.9131367691539447, 8.074408046842668], [-1.4796737338748072, -1.6845210099301189, -5.0663974175994575, 2.1487247462522516, -0.9907873736155361, 3.06724401231622, 3.292601647377194, 2.881440932357896, 0.06227052251889825, -2.2365978064375476, 3.1047712585902145, 1.6972517805108593, -1.722332673481493, 4.272385257705097, -1.3781452307704767, 0.2975291330139438], [-1.2079018053940358, -2.362342534516617, -0.6522276339091478, -6.106154544034394, 0.3896145173680259, -1.69839054890038, 5.16016870117733, 2.985045251439661, -0.4903743116499697, 1.4569692263329146, 0.8339112228468382, 3.708714514658772, 0.5697666845051946, 3.1370462704684368, 0.29208674176641974, 2.7058400607010475], [1.600602108034769, 4.4658497866571425, -3.025176222481975, -0.4959177512056543, 0.27073580288037696, 1.0603064360062713, -0.9832397951010532, -0.04412673294759406, 1.6982855110626436, 1.6477103667208215, -4.996256511673099, -0.09389520110166671, 3.6347050693115373, 0.20572077347695764, 1.3396248355466205, 0.06444809936799872], [1.6228567474999227, 1.0701518884535337, -0.19471632978837794, -0.5387038611772483, 1.850792942148347, 1.3766280729589515, 2.365755561489065, -2.37589596225065, -0.8863850885918438, -0.5916968152873407, 0.265581616587815, 0.20611438780044372, 0.5090441437732047, -0.8544144698472051, 0.30264736104572565, -0.7703545551852414], [4.218117080057291, -1.6708242006982919, 1.1269923860478614, -2.0459846891428413, -0.21062965566635872, -2.0937907024925972, -1.9289255671127765, 2.4173968034805604, -1.6140208669623533, 0.9510036144996925, -4.1478594946023755, 0.2875096021006882, -1.7422951325500082, -0.8051733684032265, -0.17614455337172208, -4.639000296111238], [-0.1328254665052644, 1.0408999927888263, -0.162874999952815, 1.0527268616239798, 1.3080012831259875, -0.993498935313912, 1.6020328926491114, -1.4894499629209417, 0.7873293958804886, 1.3312269061021293, 4.917854091544614, -0.34253810741794366, 1.2559147985311916, -0.8018215264854137, 3.2101486561035957, 2.13989863988699], [-2.940620803292126, 2.341621475914838, -0.666995220011552, -0.5768667996561183, -2.0139151699213476, 4.964596126851688, 0.44739233460100125, -5.123719998703127, -1.8199232164742802, -0.4784792553812366, 0.44603322208708823, -0.9999683139388281, -0.5057062093077309, 0.6292817749143067, 1.460556122520322, 0.6377145127494692], [2.3687753318254963, 2.323357809594433, 0.7358019476462628, -2.7329236908278447, -0.7972139965645066, -0.7482085296881867, 0.11023242935122396, -2.0911551940671704, 0.7252878513961047, 1.5845659264594394, 0.18444181397060677, -1.7224960781898848, 0.8672100415548019, -0.72885003090547, 1.5912375774167293, 2.6340795596103614], [4.312393546648694, 1.6175273174409281, -2.586564196353459, -4.343052273013653, -0.9782689719853446, 0.06859348661260081, 0.7956910579567482, -0.3341009363494136, 1.1593657897240124, 0.3116533858544137, -2.6598652223856076, -0.31605954173354955, 3.2423742366758455, 4.220896821913153, 0.911570088070081, -0.9585224854278642], [0.2993833449991734, -0.6617745848932588, -4.113620605167038, 0.06344472546543159, -0.2883798598968865, 1.2910834390124855, -0.8270801552024456, -1.2635069667997891, -1.197810062187411, 1.5322906071793243, 1.1097509412323474, -3.054878749737919, 3.1610365335978443, -1.7190035432021213, 1.820482861438436, 0.12252472066489369], [0.7180014756439559, -0.235037858458999, 0.5615979101355025, 1.3851577454074016, 0.7958303849469166, 0.1307845244783551, 0.4047004432306205, 0.004845037448748785, -0.7158497347249468, 1.1212698295910162, -1.071882801596216, 0.9797341119385179, 0.8462814004724152, 1.7093863840837855, -2.5886767379164226, 5.2018226567355885], [-0.5131205297707496, 1.0066943451920423, 0.0038787604763075648, -3.2680876433450834, 1.2070884156323003, 3.4071207961157146, 1.3506156938052307, -2.0712119644799523, 0.9510898420890552, -0.24310421184115816, 2.324043929833697, -2.4459438422624955, -2.291180647061446, 0.21766180672939284, -0.8795181508823974, 0.5150056733232284]],