{"generation": 91, "fitness": 34360557031.69228, "network": [{"layer": "dense", "input_size": 16, "output_size": 24, "weights": [[1.7502604802324169, 5.422616353643539, -2.681512410740849, 2.8269616044298203, 4.624913638329185, -1.8746483920150276, -0.18530453634645805, 1.5548851383505435, -2.60091837284112, 2.3280841324791854, 1.1079557930158717, 1.06494679260852, -0.5952045982634115, 6.336048984155907, -1.9938366445629914, 5.196480560862673], [-0.5996297191337727, -2.944336592444113, 2.101608016544641, 0.33694418692278894, 2.61865952047217, 1.9108300535614746, 0.5783547325150424, -3.8002913957887667, -5.601889533605915, -1.1644142892168994, -3.5874135852632234, 0.8192052736078779, -1.089596314160994, 0.28009807629103606, -2.2551571962113552, 4.292004285388909], [1.950247974596535, 3.7649089199798063, 0.05601656142080291, -1.2078956728445163, -0.9474561389886748, 3.345360896399207, -0.3308090662461196, -0.0644617986279522, 3.8686375633258865, -2.109024748954508, 4.42561106102857, 1.100691343327289, -3.666161148099957, 1.6642897964140586, 3.396583118553875, -2.690044407775565], [1.3542788492780624, 1.314271173527159, 2.495102241726491, -1.4306623499867215, -0.12877655260926857, -5.4273884769095115, -0.5468609473966385, 1.7834631882485248, 1.7505422839616411, -0.3635902081873992, -2.375894744363192, -0.7457758788070113, -3.473345844611006, -0.2262590763281631, -2.6232924123015815, -0.5373923283406843], [-0.11538448598514373, 2.030120045835039, 1.0508016097217834, 2.51113106110824, 4.37792868929699, -1.4878958465305505, 2.5742635423716393, -0.14042658947973297, -2.3507888813200633, -3.7342677995631384, 0.16695767336629475, 0.5662955750374961, -0.9473474683858749, 0.5010594893204865, -0.06864578887789874, -0.9274856684381176], [-0.9257532271761479, 3.7450547941603007, 0.2729367196047142, 0.026325018410594758, 0.10833245900416397, -1.961142295990692, 0.33139787687561406, -3.841982125653348, -1.6492948662499687, 3.426998883284112, -2.324367027358857, -1.011796897825381, -0.4006864352712303, 1.5531296855765486, -2.8394232009370666, 3.4230760702790395], [1.255823073957748, 0.8319910171588694, 1.0094086299339993, 0.1580364417621734, 0.9672441434019978, -0.47710929851286643, -2.853260579877877, -0.31896154909733265, -0.21401640975825426, -1.912742715811625, 4.991228187771386, 1.6349070795479024, 1.487262938688289, -4.718995199688866, 0.3488116151591101, -2.184169851124469], [1.227886997123991, -0.9354098124501027, 0.9147600980141715, -1.5608089937265819, 1.6414602216511596, 1.672651472111669, 0.1859152345900923, -4.639278413963232, -4.7880529038172925, 1.954374549664568, 0.9830508638775051, 2.4735721506510764, 1.0432134849550663, -1.6791188520780076, 0.18011369105722544, -1.047781863242832], [-2.0742970940896566, -1.1676381521122716, 0.010796229627366816, -0.107263366358062, -1.0340295564769855, 1.087974946751119, -1.808599532478054, -0.1982145621852317, 2.367219551218856, 1.1939175102047461, 0.45175929072648796, -3.4366475232991998, 0.2497309514978145, 0.2854594934281207, 1.4402150071945, 1.8071941101822777], [-1.141680041180486, 1.7113192106528405, 2.227849497462662, 0.5230989569180169, -3.91620564418201, 1.2634872526027094, -2.1957907239328023, 1.7576224843389383, 0.7984993246826337, -3.570727758785817, -6.170949800426131, 1.486181331367722, 1.0152706746045208, -2.3347824032175137, 1.143826944656333, 0.7736395052539069], [-2.7436587712051197, 1.0427003552941865, 1.0026060747826737, -3.3375298538332268, 0.7263405087846979, 0.4771617577416661, 2.068518941842361, -1.024577309985307, -1.1992385954993383, 0.19850318512468523, -3.1389996743039923, 0.9684452268535476, -1.7993458205726225, -0.4782908045914959, -1.0235931999397019, -6.507121094795872], [-1.1707801925958248, 1.8685637838295985, 2.32180280278432, -2.383600287957318, -0.8642785708998768, -1.278887488534928, 2.3744210732688837, -1.111455381417004, -0.10284900995879465, -0.4087321938876697, 4.4047422724537, 1.4903731374839868, 2.907036022633896, -1.214183304303466, 1.7383904754105113, 2.1770080412916397], [-1.1434585020028938, -1.3765306829544859, 4.618177857749023, -1.2379711875355737, -0.6800175274193083, 1.0442408850556155, 0.3338265108650701, 0.3190997951435244, -0.1943574732430714, 0.5203744259221923, 1.42217327304785, -0.9084321300973739, -1.3270273520360218, 1.9507626482351341, 0.627664826592206, -1.294604091545407], [-2.0077855888891456, 0.6706562771296845, 0.33169566391, -2.6152897377626174, 0.37423865146993784, -0.15939875112504048, 1.166486305661652, 0.9813949944177912, 0.34064622709183134, 2.1533562285031116, -3.8475444092014603, 0.521058315125547, -0.06982521524874286, -0.2854595452156948, -2.61478104686585, 2.8849950827314985], [-1.2048369832070658, -0.740752945706078, 1.9342094186438037, -0.5495624715432522, -1.2799651348773402, -4.2146487152035625, 1.4095747916528814, 0.646231934739568, 0.45753941123532627, -0.9198181894217574, 3.330629164630569, -1.27208150002954, 1.0591527454231446, 0.30261342575384, -4.040657324987246, -0.6969017274642137], [3.9099825943077393, -1.2975795486760935, -1.0178189017124781, -1.7711383275951462, -1.8530694018953344, -3.207584019556255, -1.1303134906606696, -1.0374822788235218, 0.16621025990559785, -0.3193621309823137, -1.1982351228992547, -4.453778492240946, -5.502634940219724, 1.291329353158924, 0.11670393835023174, 3.4236232782803833], [2.3063298918615276, -1.5245809907474122, 1.865656613113573, 2.7305302424135265, -0.0010540591993462023, 1.603944490066013, -2.45374690906488, -2.185900713714339, 2.8274499901274903, -2.020234196159496, 3.6880695495836475, 0.7464370273878539, 3.7749903406600964, -1.7879377696012813, 0.9131899945592197, -0.2457625472555609], [0.12796342586673815, 2.4146708507107, 2.567142954124177, 2.950454107852237, 1.833946560682382, -2.6876170365765106, 1.778951047990236, -3.1632590304559045, -3.8806135619473396, -0.15811093486965122, -1.6335238761626165, 1.9959295218469504, -2.9113910738600204, -1.3767078506567434, 0.11100642344088318, -0.5122292754374156], [-3.982990672419644, -0.270555046945502, 3.2513112446739276, 0.417574737530089, -2.5017315210022923, -1.5540738958913596, -1.1803739869235903, 6.787410946748495, 0.4160404432798228, -0.5720220751975885, 3.085536446974006, 1.3174267635667842, -1.122036921166611, 0.264683433391351, 2.062513468717275, 1.9346667807423312], [7.541985122539695, 1.0399019371159117, -1.2887903736221733, 0.2767012320987696, 3.1869389419501295, 1.658159999459872, 1.9786105969210588, 3.001555598165938, -4.68978130824303, -6.169571382614984, -2.305795761659135, 0.27995308901714777, 3.753513357570513, 2.1003203270847086, -3.9105920505711182, -1.2774627304078774], [1.629722848883005, 2.8367587813827773, 1.5250754385371807, -0.7506101271381102, 1.325822521485883, 2.434347285721847, 1.3030247402750155, 1.0555263134424029, 2.213668243375614, 3.1380877345012417, -0.11044737527593197, 0.7270040620377138, 0.45327269305009943, -0.47644991450899865, -1.8040106657184158, -0.18249474245584096], [0.6857196047496534, -5.520717786746486, 0.9957759140216433, 1.8211092497548784, -0.3039048614684916, 1.8302029465103669, 1.0916606526699586, -0.02810492773142892, 0.18511261013166322, 2.066807500836219, -0.9117870229838005, -0.02561790997286295, -0.46557038144838625, -0.3378073191695948, 0.4217785010405667, 3.3647394317285677], [1.8190891615174032, -0.06819353534172024, 0.6315773596875611, 2.752770103618648, -3.0178716341096092, 3.1917789515065076, 0.2912769057331172, 3.0416498138015555, 1.963452217368596, 2.50217313610854, 1.3768181570908378, -2.368854718321545, -0.5257355168236522, -2.8081530585256793, -0.673720066579158, -0.5148747242848182], [-0.4679509099924358, 1.6620244706566059, -1.3552407026579942, 0.9172112787912858, 1.6361220985335967, 3.855149829886966, -0.2084000968481372, -1.215057863469642, 1.9277843066662048, -0.9070404672113621, -0.06923025905080162, -3.1574618729096686, 1.9936287111176154, 2.4384185791663207, 0.13269461042033281, -1.7445465047207482]],