{"generation": 244, "fitness": 9930563022082.309, "board_size": 10, "snake_size": 3, "input_direction_count": 4, "vision_return_type": "boolean", "network": [{"layer": "dense", "input_size": 16, "output_size": 24, "weights": [[-0.26638468608010313, -1.7681813350929805, 0.6078478100906376, -4.413253233815398, 2.481165196947763, -3.4569230432889624, 3.2105600933606553, 0.33069604488077964, 1.112879233476592, -0.27610602985423593, 1.580824127047971, 0.053551628738176316, -3.762618316639887, 1.1202286653523996, 1.8745629963882922, 1.1314337501675622], [-2.090887017233309, -1.9605445515420103, -2.4200170707620834, 0.9055759364286856, 0.6622795920451077, -3.0407534564345964, 0.4439750075868521, -1.9232217663684306, 1.5804074483023611, -0.7844003531236882, -6.006127060187125, -1.2965547693239616, 0.4402690658761781, -0.5636717161283815, 2.894425988375566, -1.5274978331254592], [-0.41266856378096095, -1.8054772904350396, -1.4237675364353446, -1.4241298325166802, -4.973715553294019, 3.671599955773252, 0.7973809966396186, 2.6384609991008077, -1.634895945941779, -0.7635756612733063, -2.21573318568192, -3.35186959948668, -1.1953926605952363, -2.348636598348329, -1.3622764452859717, -0.9651218912266073], [-0.4104434998210874, 1.4320189529252991, 0.9921554166110917, 1.9447599494773857, -0.1286999565671052, -0.3669721436614949, 0.19460784234308093, -1.1105654331630832, 0.9077589066146314, -5.0234806201090985, -1.1576044157950904, 1.2142960323251937, 1.5531571999956197, -7.103206984514087, 0.37267008066577617, 2.6332556961783173], [3.691315881352997, -0.5118991452182189, -0.23348022682275438, -2.02203551724448, 2.960314476315176, 1.5430574668982469, 1.334283772371954, -6.627586223936782, 1.064833520105207, 2.330877290521111, 0.3068136000686735, -1.8828920104735003, -3.1108809460558784, 1.8818264724394669, 2.156836642572558, -0.5871020946825587], [-2.035997502512754, -5.387358998016867, 2.386311890644996, 0.3157659492439817, -0.7839055331471028, 5.072187427686442, 2.236319398318845, 0.9345807744542649, -0.37948995701426314, -3.0234007249089427, -1.4116470554524412, -2.818397980643322, -1.5282675220424247, -2.7617895892533024, -1.1106917256572295, 1.8262223276958702], [7.080319873257435, 0.12395981977524112, -1.4602502035132525, -1.2143785906017779, -1.2651100040238985, 0.3876406690822044, -3.53879099799205, -0.45047552864817114, -3.244418700029577, -0.5434431976802552, 1.2340970873701183, -0.7558050816838235, -0.9480767333027607, -1.8618822532964079, -2.652731425482179, -3.7626281860031985], [0.6458758942139561, -3.5270576446612143, 0.19226930085079005, -0.89444487138895, 1.6736260790263269, -4.878143026057462, 2.6935959444279414, -1.4647876052114661, 0.2324103146083318, -0.527467491429751, 0.4122025489923704, -2.4677161591171677, 3.0814928981808127, 2.7632795838364994, 0.8561009686228123, 2.2589901418929905], [2.2053508357182565, 2.3184758208142697, -0.7280321330788024, 3.6360989984866903, -2.8636121645450383, 6.044104002484346, -1.3525231571666816, -0.14098699188915376, 0.5762235884238273, -2.282461377659876, 1.1771605165382677, 1.8383086705421983, 0.19880201845994921, 2.6880059110959866, -0.6081061682770095, -0.12857613406587265], [3.6999494871085803, 2.4190230056922646, -7.721871864825797, 2.5195729632121466, 1.5391368090184718, -0.788209995306942, -3.3842117622241306, 3.5788501895086906, -3.1125980268816953, -6.665794838538342, -2.390984346096953, 4.493735486370144, 0.26286501693344655, 1.12275490665275, -4.311189577081112, 0.633648785043408], [-1.6915848293971818, -2.06517466793272, 2.409633575428437, -3.607518497094441, 0.6561702264265946, -2.955529730945404, 2.07097015392389, 1.064578953651539, -0.059168760099961304, 14.68705218196052, -1.3747368168671146, 1.2946207666988128, -2.681677454436892, -4.550136750701704, -5.332256072913811, -3.0248264112411345], [-5.619550271361456, 3.5437206111239674, -0.5050722573556309, 1.1923569802421983, -0.8430528915431481, -2.50460512417242, -1.172982541159956, 0.8298531462976417, -3.5437898415330267, 1.7664293094876076, -3.0481971000791046, -0.370928787102978, 1.6284673309820226, 1.3852875467423704, -0.41926501942667804, -1.5017125683397257], [-1.2809919942986507, -3.852847428129797, 2.020463638377922, -5.6012843672854515, 2.8496012125198984, -1.594118305203587, 1.0184642422147738, 2.104631380872976, 3.7480506019212187, -1.5645463090887792, 2.576500707017787, -1.8255254754589025, 2.060294100577972, 0.1021473629650097, 0.016410103911115304, -1.6911345721841076], [1.1681079130788428, 2.576753964165262, -1.938750068524414, 7.3804687079170845, 5.919415342623227, 1.4837474949531333, 2.837804001634753, 0.19611601320401273, 2.284215008007622, -2.55146070686734, 4.301941347678697, -0.8342679094470046, 1.2818109463407137, -0.9682752065435025, -0.9968487570641927, -1.7521636612183276], [3.702433612292401, -1.225093323223822, -0.3411011592542208, -3.589269689524188, 1.1291546945230824, -1.2656076823404008, -2.475162049738958, 4.206408320142604, -1.7572798602810038, 4.212945062905549, -3.4959374767155014, 3.335300767225586, 0.8168630969902639, -1.178374749347402, -1.8834854413585298, -2.7413202047591008], [7.753802504989207, 0.6954720819414753, 0.5803307246305596, 1.2708968941443632, 0.8323696197363426, -0.5281264812349242, 2.27520010268453, -0.7262861815615479, 0.8320045990614113, -3.3241040226803924, -2.3144324317319755, 0.13106860343375637, 1.3401134634486445, -0.28033864839558237, 2.034652624420965, -0.43910704541527223], [-1.0944328156669978, 2.45958338376057, -3.19221055776962, -4.175920107056793, -2.6550026283395987, -1.7109272077271116, 4.749211931989775, 3.210161787188443, -0.4280093161347769, 0.04894487319640173, -3.363292756072913, 1.852575078207407, 1.7176372138624005, -2.3035295569192242, -1.709491343060427, 2.4922398699520314], [0.5722498556861264, -3.903248865883836, 1.8805164141200468, 1.7671495869867644, -1.3396161930429835, 2.992952630842405, 2.5549504041296656, -2.7452993945174935, -2.591396041618787, 2.5023896251825914, -4.687952496603241, 1.3169690748218073, -3.1416464143209915, -0.4889061926036017, -1.3445288255973487, -2.0705464148402153], [-0.049313740916924975, -2.3554844709994986, 1.0988612362110672, 1.903768990986534, 1.817416082695904, 1.0220071155049029, 1.7711859270054822, -1.9243038499367842, 1.2320067369446943, 3.4924288864968225, -2.105715148879252, 1.0570046206339123, -0.9605386939880115, 1.5876063907183382, 0.3654154971682252, -4.891780575788433], [-4.541440099967225, 7.537823220772442, -2.581246925180741, -1.6759259656410939, -4.192284347007261, 1.9616724693267034, 1.521382973271613, 0.6717894742977097, -2.0826289664545614, 5.205589615622372, -1.8083481082802002, 3.4660839127612078, 10.181547503705904, 2.6033798550169145, 0.8699931744513203, 2.18989836173132], [-2.1155755033827424, -3.368054714856222, 3.0682137902491053, -1.5916889677218753, 4.948857575113716, -0.3361539052233622, 0.4757146541231012, 0.6317246644947336, 2.573397928796826, -0.6389974182853158, -2.6863267166685256, -6.624097663725972, -4.077325233805052, 1.0436388930667269, 3.466792082193143, 0.5455860960943871], [3.852975428881877, -0.4612862026146393, -2.0559408035353814, 1.205862905242773, -0.887557780370201, -0.7188217308059134, 0.11552922814909333, 2.591356390571383, -4.718424318110292, 1.2525035388410477, 0.5519791761179995, 2.504853998571315, -3.103887818843565, -1.733036420829925, 3.4925043783350342, -0.6658748584053945], [3.8388281068646903, -0.868898981090399, -3.9338967615444713, -3.776572748413912, 3.59496246418545, -2.1427319299249756, -0.05943017428018693, -1.843725469948103, -0.18309930114471995, 3.393778354439416, -0.1583169868409776, 1.4413988030509561, 0.7416289131216685, -4.3871380024362985, -2.0100247284257353, 0.4313261903339649], [0.4338210274996748, -4.156899204523015, -0.9210224130127133, 0.5142102905028291, -3.733139552284751, -2.717558915046177, -1.1087824438805696, 2.0838390947430487, 0.06676551478127069, 0.8807917423422756, 1.8994555520665386, -0.979773871694496, 1.4097694919234505, -5.029795448982523, 