{"generation": 433, "board_size": 10, "snake_size": 3, "input_direction_count": 4, "apple_return_type": "distance", "segment_return_type": "distance", "network": [{"layer": "dense", "input_size": 14, "output_size": 18, "weights": [[-2.6626959777027692, 11.8705034693272, -0.5221571836255796, 2.2481538112595287, 1.1678709427665492, -0.607543109645371, 2.068792854992355, -8.075972472283793, 5.695420222887758, 0.31073322879307363, -8.72020963100776, 1.2455809901977197, -2.545294882468102, -0.9574234987818725], [0.11394400711987551, 7.374043711827905, 2.2187543150049107, -1.7541838181535478, -0.7211892946628125, -0.23974516412748959, 2.0467488624305, -4.342908479171975, -2.9832691073705573, -10.279770552101551, 0.00930723048300476, -3.012249163379882, -2.167625032426687, 11.908867250386326], [-5.3792498905104615, -6.308508447842551, -1.0856331409931692, 2.069144327981236, -0.9594018365170283, -0.5172334420202718, 5.358698261448234, -0.0617752221085206, -0.5900065750579823, -5.253884342096836, 5.156755619452987, 2.9196904656427165, -1.1010988196123177, 5.695861749733105], [0.772251363470986, 3.997532880356837, 5.0385731647632435, 4.216842074283178, -3.0366700189525364, 0.35423036837035154, -8.848638474857557, -1.0087610152079418, -5.19808253260537, 6.4344672988558465, -3.129560530151732, 4.193797065377408, -0.9053924863825021, 1.4723758506030502], [1.419854092696191, -1.828001042501004, 3.8289996898364214, -9.780168510049014, -2.061571968172014, -1.6784942073471267, 2.594631791999257, -0.8523555736214604, 4.432783940616173, 7.721179107964421, -2.5531859408258675, -4.705045266145621, 0.8751526985188764, 5.5611597121943], [-1.6287970791539794, 3.540880081538588, -1.269051034133832, 2.1664256411088365, -2.857694428127174, 1.9172862156830857, 4.6958902063303745, -1.655978924580768, 7.7042007797915435, -6.6297726186336945, 7.974847300460459, 0.20655469848825314, 1.8610622417401523, 3.110190022788616], [2.0379743496921434, 3.4360416175642055, -2.6935771946659837, -4.310966132940909, -5.472188300353833, 2.280327159199042, 1.0606713673074595, 3.871407359371513, -2.4023546124450434, 1.225561595892284, 0.2707461279818988, -0.8777425851071898, 2.4760285923571885, -3.386659788003395], [4.095038490020953, -6.172769199565581, -0.3417501888659614, -3.332410602539097, -1.573616769115469, 5.60614567851333, -3.7676480003502673, 0.15462298099889774, -5.327099671145652, 0.9659406291861716, -6.4978430993359675, -5.542895139452393, 2.852934667927144, -3.7008616962777436], [-3.11982088786985, -7.140606238172771, 1.6281751946732133, -2.0231740023737235, -1.1324939145066226, -3.4745107985186707, -2.632322996142951, 5.915635299405658, 0.5128064696896251, -3.005963986053529, -0.8293165644710168, 4.7151344099285115, -0.44874242865101466, 0.25915597971030846], [-1.8349829117994105, 6.72664849876396, -3.0529233722461084, -2.907054546537834, 0.8958017691702411, -3.9509445365983225, 1.729016741059295, -8.085189588505772, 0.2437243916400551, 8.033698534685632, -3.4956035793817284, 3.542735147425236, 0.48654602813838, 1.5028295175990523], [6.510944516326792, -3.468625067955564, 2.627497873830194, -1.3642795124511624, 2.982625872502422, 1.8917623726786452, 1.7213101632829004, 2.660773227927896, -2.6477513578714165, -5.4000113832018, 7.573635067390205, -5.168914081172281, 1.0731046956883925, 3.896647827617951], [-4.713169139518949, -1.6218188184071347, 5.613041285971799, -3.6087862537921165, 1.6516813294298345, -0.3017808292258841, 6.339794953538415, -0.644394877124715, 1.5260874525596768, -2.2805974783543705, 2.7916770343481736, 4.6859924438968585, 4.85686952630172, 8.510015071324327], [2.9372201209445667, 5.209179031937875, -2.9247347528104837, -1.3489618503387804, 0.9969960213864724, -3.356397902432515, -2.907794927707195, 0.25793164132892954, 3.84106235632638, 9.519871259901262, 1.9170746481612349, 1.0984158227805016, 0.24031079641891306, -4.6971576768348156], [2.4112396873996227, -6.814790709338135, 2.4284101477895166, 4.187269503379878, 1.342889634029814, 2.5446860642240154, 0.8127509354288789, -3.126776518346263, -2.965753995152551, -8.63715120253067, 2.461178361921667, -3.7979693712950664, -1.0747413589902826, 3.119756121442021], [2.2239654596951115, -0.22752627724408203, -7.158948362294208, -0.5418581086358457, -2.9164501055452003, 2.02138977683861, -1.8948772816576176, -4.172971800040097, -3.734854634289634, -1.5324258576197318, -4.083008163865536, -2.8816767926009748, 0.5683824143426133, -2.645297375380693], [-2.1490563152545, -1.8986468692176603, 0.9588640420678253, 1.6668909974642845, 1.7415846289582246, 1.8073644986878485, 6.489460831887059, -1.6431922645036754, 0.8258793450700881, -6.496525067299668, -1.809902979482287, 4.763806281958582, 1.0254357171343444, 4.545727349876811], [-5.270697264188466, 9.127555293999853, -1.5103510528422128, -6.5726506105212685, 1.4540274496053476, -2.1730434259803766, 2.5807491332170946, 3.9231666722941494, -2.11164071566992, -3.062711255903894, 5.822214094543422, 2.829134489818612, 0.10235123916690858, 3.5004203337927846], [-5.277343815889931, 1.8201087049417277, -6.694854036074666, 0.5425164376202517, -0.9030297488691705, 1.5001935136295639, -0.9141120431565487, 3.8350877983782414, 3.430781772493219, 10.143748385071552, -6.136130358884251, 4.402377874622692, 0.9580209831974972, -1.9562206594387592]], "bias": [[0.9823028013647588], [1.1991545824548042], [-2.140677292173812], [0.8366646322140204], [-1.1442231931146514], [-1.327827753650138], [-0.9404806758460258], [-3.1366249505787875], [-6.227032064140329], [0.03335643162201396], [2.7543035739653536], [-1.5428658624008673], [-2.1234919109993053], [5.071391740234165], [-3.2985338497575154], [-3.1419520335165174], [-5.423787296066962], [1.3561547827705487]]}, {"layer": "activation", "activation": "relu", "activation_prime": "relu"}, {"layer": "dense", "input_size": 18, "output_size": 4, "weights": [[8.380180454529357, -2.614992161370087, 0.5638879192640963, -8.821133011174787, -3.181786439364285, 1.4481173006673527, -1.052697011652171, -0.6542617536516642, -0.6242965878285716, -0.2764423609712778, 0.2723111000258377, -1.3164972835325512, -6.963595497270527, -3.9450943482863217, 3.893879366409002, 3.386916124014485, -0.5588086802365758, -1.2296042052910372], [-3.481089761728874, -4.085856872218766, 1.2938153289690713, -1.4399503435480805, 3.8266324957065594, -5.542593486107492, 0.7693537934086531, 2.599848471308514, 1.0549956518968382, 5.223323921115211, -1.0225268145696376, -2.4201494093796145, 0.48012087953761223, -3.8909623913416373, -6.332821839183497, -5.824377603675601, -0.7645437742108675, -1.0531269564429178], [1.6830373478426537, -1.4499524196637952, 0.7544112159094797, 4.658938813062579, -11.697106163399456, -7.318596300399635, 0.03126808794109526, -1.5432255378677346, -1.8568426356380154, -1.07504712237997, -2.729373293453317, -4.080111923402798, 4.465991063619917, -1.6490609921869257, -5.236449801664577, -6.651153701550026, 2.386158308721664, 0.7052781181002432], [-6.6544684770624976, 1.679185804705975, 1.8170642323224848, -5.14246049407807, -2.7116740159935055, 4.557013807499953, 1.490762362101477, -0.5969543717392813, 1.7659149550387487, -0.31634162723604864, 6.202490029766035, -0.01331751435591183, -1.5738559883211405, 6.865848868222455, 3.7166270606288005, 2.524109912914058, 0.6615212348235049, -13.821002682430326]], "bias": [[1.780317489361364], [-2.2265787161647927], [2.366984372900626], [2.4642505514260473]]}, {"layer": "activation", "activation": "sigmoid", "activation_prime": "sigmoid"}]}