{"generation": 434, "board_size": 10, "snake_size": 3, "input_direction_count": 4, "apple_return_type": "distance", "segment_return_type": "distance", "network": [{"layer": "dense", "input_size": 14, "output_size": 18, "weights": [[-2.6626959777027692, 8.385733260606234, -0.5221571836255796, -1.1885195307314607, 0.09507859508601024, -0.11523755470444014, 2.1342416716305257, -8.075972472283793, 5.966335852213103, 1.6977248327466081, -8.46454725443921, 0.3367883880836306, -0.864394223681747, -2.2335757814428376], [1.0893986041615202, 8.576712763838346, 0.7074185377765024, -2.4356015934676014, 2.3022368578753705, -0.23974516412748959, 1.0548639530818702, -1.079888807642933, -3.0317423980223825, -9.13491934181807, -0.6029747535772677, -0.04923557408385271, -2.167625032426687, 8.469991840507713], [-4.724450860937165, -7.125244407043174, -2.2151256673784214, 1.2858632431665837, 1.7361642901375915, 1.6375534104427256, 2.4742709717533917, -1.066974425938494, -3.2181798780303046, -2.219516796805813, 7.621128473254504, 2.083826260794866, 0.27943046534964666, 4.947125446454381], [0.12215663163254786, 3.592120459860069, 4.292029110412458, 3.7559114845214148, -2.886298396525296, -0.2922456108319835, -5.3191348625728665, -4.048672913191634, -3.1064494705895833, 7.148672367404856, -4.583230331432786, 1.6943426294683959, 1.554459785197618, -0.07363457216942587], [1.9278709348805863, -1.5829364244738156, 3.005063341617573, -11.21397182870167, -0.4069584401087856, -3.4230723878434546, -0.09062760193432912, 1.7834779345196754, 3.418820774148336, 8.35334396341262, -2.817216573523941, -4.308551876587452, -0.2679749105530175, 4.829111427824936], [-5.308639809599491, 1.8802409911816504, -1.2127397722640574, 2.49561386105648, -4.395499045849791, -0.9718902817227673, 8.24273200365967, -1.8278347840837827, 9.59678992665587, -4.197651446877547, 8.845454729142663, 0.657290694777796, 0.8427220149801646, 2.363926689656592], [0.38786123818657076, -2.188615080087214, -0.2795175686895912, -3.4050393889372694, -9.51531053198604, 0.12980928465405395, -2.076922197054685, -0.13161953520969538, -2.1156859105566763, 0.6361667640039995, 5.734788378259477, 0.2775108897009284, 0.45519923492647274, -3.5792659490253818], [3.2412859401097838, -6.1974430030408705, 1.565661820340908, -1.548092606394273, -0.9163870897524429, 4.2991385468104, -5.91024541570217, 0.9940308461491705, -2.8976011134765507, 2.599280442685887, -8.100111865473277, -4.8820299593691665, 2.9930861007710075, -4.2047044039667485], [-0.8679134384606907, -7.165927063397299, 1.4098060845810099, -1.8803002194955554, -2.002231737226753, -5.946658158851644, -3.9432949199039045, 7.584718028410078, -0.12459810069535507, -3.394834044660535, -3.1004310455770265, 0.8696710022555686, -2.912749445505426, 1.4471795757867174], [-3.6299087627977267, 7.785847269919189, -4.482279469615743, -1.4324172289189283, 3.3116674605986174, -10.843492854128085, 0.9298107725180387, -9.311165843752228, -0.1795800764625698, 4.677695365106331, -1.0405172212187388, 2.530531538423138, 4.416505118307552, 3.2876884060889515], [1.3642760719127862, -3.0670687530171907, 5.762619608442118, 0.035798070501709356, -0.4363729820496246, 0.5934770057386466, 0.4637263332787996, 0.34319635533508774, -0.7404318034555831, -1.753506363364783, 5.459356620042678, -4.697442176977235, -0.42059696029728416, -0.6616515734451357], [-6.059042497794739, -1.2100786166150952, 6.271839319834322, -4.8609081887753005, 2.468520020325204, -1.7286917662205301, 9.600865958841048, -2.526601385300666, -0.10649368716752133, -4.141642060218103, 1.127917471030341, 4.459452249370825, 5.390142851599779, 8.510015071324327], [2.3348298827155256, 5.625619683575492, -3.518481843491275, 2.32104561381901, 2.1186419591552266, -3.3125102437293417, -3.1346518545398494, 0.25793164132892954, 1.1028701381939752, 9.177360001223958, -0.9085192663453482, 0.30446106603147727, -2.399882255386219, -3.696638649542046], [5.6960537968762175, -2.0798290593399678, 1.3602762159753872, 1.9741501520930673, -0.9755791939377443, 2.0978916968024213, -0.6584701494915132, -2.8120587304366618, -2.301007598825392, -9.276815923221697, 4.572933760611868, -8.656225571818986, -2.7905264353260018, 4.079629195713478], [3.7312675983912156, -0.13713231728559716, -0.014227673144719177, -3.1035235786884563, -4.621064264734243, 3.729880351179947, -1.096782249716555, -4.373883996832495, -2.4452165342355765, -1.0172149970250473, -5.673723722615941, -5.44554274599431, 1.4122733402613543, -0.03891450924813905], [1.988766268480283, 0.0867910384742972, -2.156552542560414, 1.6216486842534148, 1.0738557980499512, 0.3568289024192937, 8.388893990921424, -0.5651278876698952, -3.8703963973680917, 1.0861721042293726, -1.9054227852315733, 4.230163718952319, 0.03827048310117376, 5.001156653286093], [-6.408167108768368, 2.241622854807111, -3.3154892481631446, -4.546314630714993, -1.7678195434579806, -3.089499696094606, -0.5213954182498333, 5.912476800544543, -2.7054313196868445, -2.969663097000089, 5.060266087374718, 3.9982344940265824, -5.565073304430529, 3.345368920721064], [-6.741874522908899, 3.3463067783839646, -4.002719721410019, -2.0959728142535656, -0.6415540429666718, 1.518025153186306, 1.0236404734838322, 7.698676621148694, -2.1040126657241416, 10.044589319658698, -6.691767044773538, 3.081936800523332, 1.225071868366705, -0.3726322968150566]], "bias": [[1.0397759417533425], [2.909648874013885], [-6.593018253831595], [1.0401309364896887], [1.3295653428112661], [-0.2858592477334508], [-4.8446887733165145], [-1.1131141317380817], [-5.095865465171122], [-1.110053652811586], [1.6265745010110257], [0.6018405127428657], [-2.840749385668504], [6.368319847629436], [-2.7548260376588565], [-3.182180367221612], [-2.4336279528039673], [4.057810123481785]]}, {"layer": "activation", "activation": "relu", "activation_prime": "relu"}, {"layer": "dense", "input_size": 18, "output_size": 4, "weights": [[8.838362519256908, -0.41057121233542326, -1.9894133321511855, -10.244926262840877, -2.0137879906949165, 1.6475988935118946, 0.9030750128727355, -0.4477732301371338, -2.563597505299205, 0.20898159879635592, -1.9467191134005706, -3.6495082990253103, -8.098327903699559, -3.714906343837494, 1.918939869721569, 3.806432019066179, 0.4934944146931187, -3.1893084998991683], [-2.2891809349324146, -3.9751546736904317, -0.9872206045405771, 0.8364986861321964, 1.6213947452165114, -7.011628972611765, -0.6563529247669311, -0.005342026015232149, 6.451260809971055, 5.108311979776462, 2.1603670056654987, -4.874214589444345, 0.7424588295876346, -6.051812639708997, -6.178794348214073, -2.0322286732276633, -0.04839455764107989, -0.7033059163391635], [2.5473431764758803, 1.4547404341796681, -0.10677395378629295, 3.4248683186088202, -8.891227272422878, -5.505473011111004, 1.0989610991638394, -1.703412473813948, -2.2642143200533793, -2.0249380394005234, -3.1474745040990713, -6.052053309030729, -1.0439170203020212, -1.595917178256066, -0.6043252313580854, -5.694979429600822, 3.4878018953399987, 2.6024364475522037], [-7.747217371512916, 2.523077266072531, 1.8220999448082362, -5.633487629266548, -3.2492433276670205, 4.985668398716273, -2.992103456720078, -0.909246094968191, 0.795412607735422, -0.5702095911385117, 4.01997068759003, 1.1578194878153116, 1.0926369853911349, 5.865937047318318, 5.382529166614524, 3.8243889566622915, -5.189839403854468, -13.74928275672896]], "bias": [[-0.698439313842036], [-4.853996564842984], [4.852086296206465], [3.457986999016655]]}, {"layer": "activation", "activation": "sigmoid", "activation_prime": "sigmoid"}]}