{"generation": 433, "board_size": 10, "snake_size": 3, "input_direction_count": 4, "apple_return_type": "distance", "segment_return_type": "distance", "network": [{"layer": "dense", "input_size": 14, "output_size": 18, "weights": [[-1.0318488707874, 11.51858738821912, 1.2945282611024769, 3.3999388784825983, -0.08644115355180151, -0.607543109645371, 1.4192771574544818, -7.731376696980322, 5.459208721675221, 1.31949268186372, -7.682635868060006, 0.5941916221531498, -1.6393571247608651, -1.9396011046332928], [-0.2923967478148557, 4.948884641075216, 2.2371567619501556, -2.5405053642444364, 5.011093762612037, -3.0205391855061046, 3.7381558027822, -0.450638735268316, -0.7578564553924564, -8.20001568657948, 3.5401540411669536, 2.9286739603956686, -2.071653637323671, 7.547334283950866], [-4.5165252292016955, -6.803482240122636, 0.0682361928786297, 1.2858632431665837, 0.2226956594845037, 0.14251288449752386, 2.767505093635153, 0.30177670896826775, -3.3606607022772628, -3.040492780204696, 5.775499989872914, 1.3947382827819745, 1.636948104804198, 6.429030976218189], [0.5892214343131025, 3.1851040855648116, 4.54798709462819, 2.9947924099522694, -0.3267816918961748, 0.006720743376999586, -8.030420377188566, -0.17114406407354035, -3.923755122857842, 6.889733773265719, -2.368415704101509, 3.500883047638751, -1.423253444060871, -1.2837301196101092], [1.353986349084008, -1.248194959255415, 4.6237782180447144, -11.274273779803703, -2.4202505683661553, -1.6784942073471267, 1.0143616665533903, 0.6362426821513032, 1.3425488327040482, 5.605921740180309, -4.884265870258597, -3.5572102471648397, 0.22316994613295227, 4.09817295644645], [-5.308639809599491, 1.8802409911816504, -0.4242481436206762, -0.6338309529084163, -4.663191514676793, -2.0654357472668616, 9.019986132313704, -2.6361781852815107, 7.911820692063117, -5.681617654382243, 6.193125547236505, 4.436179004638188, 1.2241098468586555, 3.0336972482067663], [2.0379743496921434, 3.4360416175642055, -2.799439929313856, -3.7944127493761917, -5.639746104039, 2.280327159199042, 1.0606713673074595, 3.393728031959627, -1.1660882900024512, 1.225561595892284, 0.2707461279818988, -0.7982882876536926, 1.0882515336261158, -4.012841000232688], [4.1897517428166156, -6.172769199565581, -0.3417501888659614, -3.016438979054019, -1.9596802205427526, 6.964151774917594, -3.7956736091696377, 0.15462298099889774, -5.327099671145652, 2.006602163420457, -6.434087725585264, -5.542895139452393, 1.176140658966131, 1.5221152391699584], [1.1745179201959557, -2.076437057878284, 3.513260279071094, -1.1975605283066033, -1.9993224602563504, -3.4745107985186707, -2.8521024180287498, 5.547410941461132, 0.17929436293719103, -4.313178656258632, -3.2121258598768114, -0.9173472975004449, -1.579610300594161, -0.9254187047014324], [1.9449423072908192, 8.265493990721886, -5.903164988292458, -4.183330084298639, 3.1029704143054344, -2.7054311772975113, 2.260823479390036, -9.365060844902597, -1.7761951151668476, 4.185683079021276, 0.46260181473458717, 1.089334207261321, 5.560765103345027, 4.013877053492022], [7.072917605701828, -2.4262818982602705, 5.5050376982231555, 2.7691545087623197, 0.6799277073334258, -1.2904864322807725, 4.266934038876287, 0.34319635533508774, -0.7404318034555831, -1.768202539233516, 5.459356620042678, -4.697442176977235, -0.42059696029728416, -0.6616515734451357], [-6.059042497794739, -1.2100786166150952, 7.56315858112287, -5.691087696954457, 2.468520020325204, -1.7286917662205301, 9.600865958841048, -2.526601385300666, -0.10649368716752133, -4.141642060218103, 2.0379555979463206, 4.459452249370825, 5.390142851599779, 8.510015071324327], [1.7347565620732266, 5.182284933843426, -3.518481843491275, 2.32104561381901, 2.1186419591552266, -3.3125102437293417, -3.1346518545398494, 0.25793164132892954, 1.1028701381939752, 9.177360001223958, -0.9085192663453482, -1.1009938345227137, 0.6208629956792627, -3.800948141999054], [2.2856281289135056, -5.942306783045073, 2.0255715472500437, 1.7932738190347122, 0.5766702026861186, 2.7430197982097733, 1.9236196641948788, -2.0790116299619763, -1.0370759269929457, -11.53459295944945, 2.5323036680886526, -4.8978103277760665, -3.5489549597751933, 2.6805015979791937], [5.643081768427661, -0.2555323239092896, -6.570349670429309, -0.9864585389186301, -4.853235733217656, -1.8236028078365996, -1.4760813874857606, -0.32381314807115325, -1.3836659115271446, -1.4189629179600143, -1.3876963008164123, -4.902355377427526, -0.6465671779321394, -2.8139113755824203], [0.6002793793805496, 0.0867910384742972, -1.5186821721201649, -0.14519215116154838, 1.8947869647127136, -0.4550716092741871, 8.251138887044789, -0.24984666915382447, -1.0338083399902467, -4.1658709597335175, -1.1287676310472519, 4.777311146230836, -0.30042725297957773, 6.043520651124561], [-6.061408786540969, 4.305424937309359, -5.788907297958744, -3.9087588634793384, -1.7678195434579806, -2.6773926292061088, -1.1617484632318666, 4.747586967753736, -2.7054313196868445, -2.759619490925055, 4.461964872741964, 6.828283100369463, -2.9689927721199916, 3.345368920721064], [-5.104377155067248, 3.3463067783839646, -4.002719721410019, -1.2556423919971527, 0.7470292980184194, 1.4967662372028303, -2.126256801741016, 6.225339128469052, 2.418487605922481, 9.21103348747543, -5.3634697889834495, 4.572849459310099, 1.1895471480952953, -3.101674787939027]], "bias": [[0.35543821420710664], [4.434037039992692], [-3.092462446779015], [1.5389670025137858], [1.3295653428112661], [0.0034515379543178515], [-0.49449717955128847], [-5.174154663424387], [-6.0909388932673165], [-1.110053652811586], [1.6265745010110257], [0.47080928640037856], [-1.7682804332113569], [6.2639621439569355], [-3.5077160264977914], [-1.459507656997249], [-3.938780100158422], [1.3590234637744587]]}, {"layer": "activation", "activation": "relu", "activation_prime": "relu"}, {"layer": "dense", "input_size": 18, "output_size": 4, "weights": [[7.872742597420277, -3.000605315708075, -1.9894133321511855, -9.157558693922535, -1.8279766959398076, 3.777355236363342, 1.1867233265819155, -0.09853057095827022, 1.818555334846327, 1.770998636747597, 1.0946631444371395, -1.5369258474442948, -8.182977712948482, -3.714906343837494, 4.825789662756859, 1.882099305668748, -1.8985199855565194, -3.5332869274084806], [-1.0445217904859405, -5.391332422274671, 0.20006680353238487, -1.5399583738567066, 4.5502870020512365, -4.605864003885054, -1.5363212420140093, -0.8974767115986705, 7.600458351042006, 4.28471568382337, 0.023738824492270716, -2.447432919906867, 3.1668877427621016, -7.799248153051742, -7.574786694593635, -2.869388715221155, -1.2820626772727934, -1.098230298587503], [3.5737117854566254, -1.4499524196637952, 0.6877464944911905, 4.045478165078627, -10.792603529612688, -4.524320670772246, -0.6436173440423507, -3.5765860953267774, -2.3913571876602364, 0.06359352222025555, -2.025854921462421, -6.676928270040945, 0.16091208613838037, -0.9452700490456957, 0.7022869825933153, -5.662622847647796, 3.0725729387412946, 0.4281679719891169], [-5.42488069744349, 3.3837638920642945, 1.0178789848525263, -0.9156116305092037, -3.823206663932871, 2.2159064378653284, -1.834506004625038, -0.4543320728772626, 0.6044927857682294, -1.4819253445775078, 2.765154556742811, 1.6545722783210315, 1.7369438781792266, 5.407362166372569, 3.429175841439242, 3.6510776052644163, 0.9115141785419014, -14.022661342942206]], "bias": [[-0.07693717636006707], [-8.529203658442261], [5.04398550863316], [1.6896346555824837]]}, {"layer": "activation", "activation": "sigmoid", "activation_prime": "sigmoid"}]}