{"generation": 432, "board_size": 10, "snake_size": 3, "input_direction_count": 4, "apple_return_type": "distance", "segment_return_type": "distance", "network": [{"layer": "dense", "input_size": 14, "output_size": 18, "weights": [[-2.6626959777027692, 10.710760523172857, -3.841943336079112, 2.2481538112595287, 0.4831621400359568, -0.607543109645371, 2.9557221877596107, -8.075972472283793, 5.695420222887758, 1.1628971465731779, -11.173425686063748, 0.9969525752122813, -3.234580807933218, -1.0753261417163686], [-0.4936391281129002, 5.858071717188069, 0.41405492192442517, -3.8818217125079486, 3.1831915995668427, -0.09873593235877043, 3.65409249416769, -0.4681148435278604, -1.7113330116083088, -9.18046604366754, 1.1192932311591584, -2.3349832020101524, -4.000469728688389, 8.093735287873178], [-3.895879729007073, -5.57301816162774, 2.506604555808442, -1.2521717315890013, 0.7371087924312422, 0.5439633547473435, 1.9613457858605137, -2.3842525328167676, -1.9474395635808754, -2.6752001586302323, 5.410669977604992, 3.4650957809647025, 0.9788252267649264, 5.074760416189399], [0.37009780861356, 2.7690362405631634, 4.850748320697617, 3.4078537089282457, -2.886298396525296, 3.109589999031357, -7.4098369130332316, -1.380850726846775, -3.5739568871780354, 6.876741772126017, -4.682365997301591, 1.6289474593575528, -0.649519386696892, 0.9768921158811218], [1.5078507743935292, -1.5829364244738156, 3.005063341617573, -13.06900196625318, 0.6352290163992937, -0.02855160442884097, 0.6512598545311024, 3.203615340902232, 1.803726918496098, 8.023128381382467, -3.382072905170463, -4.335278992482195, 0.49007496166382736, 5.123252038624425], [-3.983692906515726, 0.25065343602949514, -0.4242481436206762, 0.6374000131843249, -5.21371309870007, -1.4009182755936167, 10.286301039457342, -2.866527884538895, 7.70123361960697, -5.59422029922415, 8.389814683491728, 1.6714300783307823, 1.7358035892577195, 5.344465243186556], [-0.2716254544400874, -2.902480913768498, -7.040497950709966, -7.997218387022892, -7.470610482178345, 1.8296946117659916, -0.20170856257668499, 1.1425859362083677, -3.8045628009420565, 2.5233277572765105, -0.1956051526461581, -0.41446984536396303, -2.5806592297635125, -3.1248871272508882], [2.1867508810524594, -7.273605251064219, 0.9653538893945252, -5.448978985295943, -2.2168351148619863, 5.995036932523528, -0.9422602432879685, -1.2280074604619189, -2.7047096538864124, -0.48845739819553496, -7.560588103692307, -6.979184850034878, 1.7315574081432956, -4.790068438426061], [-0.748212577095396, -7.313942405823391, 2.209994965456318, -1.875926156870491, 3.6799115333656776, -4.71679329070293, -2.3880403053505517, 4.826690724914801, 1.3361928619997987, -4.803642345253825, -2.395841251434716, 4.987649475032185, 0.4781636590107826, 0.9639737992633828], [-2.1102902233347565, 7.565943912983793, -4.863294101865909, -0.8164071914883586, -1.7983130081393603, -3.6120847636318625, 0.722966291647742, -7.2855935865948975, -0.2770439446512576, 4.523569348527706, 1.6241715863385968, 3.402318209839398, 4.814477725433875, 0.8585600818442495], [4.9666361642200165, 0.025521248002196018, 0.7040908625946682, -0.028864661353947163, 0.49900445622737016, -1.2914095543864126, 2.5941745309740414, -1.4765637582771243, 0.6621789971973594, -4.916055103707793, 5.677064119833297, -5.512182520793266, 0.08241940582552115, 1.9880862133398085], [-2.3722023600839064, -0.0712265648786552, 5.613041285971799, -3.6087862537921165, 1.6516813294298345, -0.3017808292258841, 2.8588698624116895, -3.6141081181331054, 0.9037821091613704, -0.8983695148040717, 2.3684635982273905, 1.510763974750791, 4.307274252597683, 7.8646567380271195], [-0.6180242232762824, 3.7980303319185937, -1.8635512208080032, 1.0395472167788968, 2.6899807024345757, -2.5446644244337273, -0.786307475749991, 0.5306854062148696, 0.5094346843180966, 11.194462152538398, -1.3552743340468902, -0.6581666528811996, 1.1284905475513494, -3.026166977413668], [2.5802402125719626, -5.942306783045073, 2.4284101477895166, 1.9326425380726668, -0.35980457251311526, 2.38799424237203, 1.9236196641948788, -0.6303368627222757, -1.9257759377637504, -11.53459295944945, 2.5323036680886526, -6.0683492494737346, -3.578348863760212, 2.6805015979791937], [2.0711661003237056, -1.1486170638973425, -9.558935135338169, 0.06710304499224262, -4.853235733217656, 1.2306672818633546, -2.40461434844276, -4.373883996832495, -1.2985516181136607, 6.522884053625237, -5.377772432979466, -5.757679862868615, 0.1123661651447779, -0.13998654232108], [-1.6831399728483527, -0.6628028705506721, 0.07520626393365493, 3.5712694813613046, 1.6419380465398468, 1.489726498910414, 5.989266369382065, -2.1642254958127447, 3.025492105652164, -5.9640488004157515, -2.4498363569440977, 4.303668518860155, -0.51814041074814, 5.152852739402801], [-5.182175418109939, 8.917767251519292, -4.021892884123595, -5.311619933109019, 0.4477377926083371, -1.772196151428488, -3.298732223142639, 7.400022943201501, -5.513695962339329, -0.6551924773600784, 2.9612103319468828, 2.0713518134112565, -2.635191790952508, 1.1716619471783454], [-8.602003385185702, 5.7430205251599515, -7.80153448459693, -2.240077701034283, 0.016409499013305212, 2.548184272643681, -3.060015496065861, 6.900228893161644, 2.574159180288536, 14.719647219878695, -7.208834019091049, 3.337387636891873, -0.711169010139004, -0.980314620355517]], "bias": [[0.21970987094152133], [2.780681787836844], [-1.6993824769949604], [0.5642580323697333], [0.821713669989474], [-0.2728388290550078], [-4.846329332187042], [-2.2139060913167254], [-7.357754080971685], [1.6505997847927327], [4.844155839163604], [0.6018405127428657], [-3.2066585590789707], [3.0410218963065647], [-3.1889654618290697], [-3.3636251121227803], [-1.0853369802894195], [2.8517219759709005]]}, {"layer": "activation", "activation": "relu", "activation_prime": "relu"}, {"layer": "dense", "input_size": 18, "output_size": 4, "weights": [[8.12713357492831, -0.21277973916085713, -3.115263084432465, -8.869890200902534, -2.39234360421855, 1.4481173006673527, 0.9014450781707523, 0.07782575929969887, -0.6242965878285716, 0.14863648892396206, -0.5444417861998077, -1.6789673540628702, -6.439222492363821, -3.1488862654964485, -3.120047732683091, 2.8979865373447176, -0.7373368095809314, -3.213006690112831], [-2.3117916347404095, -7.460293845329754, -3.2886793603191524, 1.7221585531901134, 2.4776714776863615, -2.1233758245696563, -1.3249506763887169, -0.07185896631808975, 6.000935005794455, 2.7484643928938954, -0.7749990940281561, -4.874214589444345, 1.6946487055449642, -6.917349987499043, -7.574786694593635, -2.869388715221155, -1.2820626772727934, -1.098230298587503], [2.7343377352929163, -1.4499524196637952, 0.6877464944911905, 3.5957636484284143, -10.146579722819626, -5.4313952953913835, -0.5348787060242435, -2.522478803299806, -2.7856596829129967, -0.02199156786905497, -2.025854921462421, -5.224497479078881, 0.13225145740934718, -1.595917178256066, -1.0295960242797735, -7.903016213945844, 4.616292230080599, 3.0274934437649437], [-7.403297756793249, 3.545400011336203, 3.5672504957972175, -4.3407912469366945, -0.7386209105933118, 1.6112621759404906, -0.8509421245104105, 3.338099818632643, 1.754492276585788, -3.102087938043579, 2.9686427337890047, 1.0301332183051821, -8.46356936354629, 5.7613498478601395, 3.3741954764087767, 3.6482186308888096, 0.5838157097523222, -11.885722375718853]], "bias": [[0.16614866223081948], [-5.201765077559411], [1.0183286353518788], [2.5078687886423072]]}, {"layer": "activation", "activation": "sigmoid", "activation_prime": "sigmoid"}]}