{"generation": 440, "board_size": 10, "snake_size": 3, "input_direction_count": 4, "apple_return_type": "distance", "segment_return_type": "distance", "network": [{"layer": "dense", "input_size": 14, "output_size": 18, "weights": [[-2.9630133460971404, 10.502824777931385, 0.14957878917111855, 4.34123695992533, -0.08644115355180151, -0.607543109645371, 0.37470143794686894, -5.98277861130709, 4.787542302942391, 1.31949268186372, -8.130818642936731, 0.05166099940617014, -1.5939786432217071, -1.2876610962324682], [5.283555800474996, 5.451000688033519, 3.1722392838331155, -3.0712837405602187, 4.364844517477321, -1.9927012048408383, 2.9905856070411656, -2.050311029089472, -1.052862249528276, -8.55568445742247, 2.9828660783000065, 2.5289523641627705, -2.071653637323671, 9.072897826196673], [-4.383855694709637, -6.803482240122636, -2.8727028680864954, 1.9231030229982982, 1.7361642901375915, 2.1462833039736706, 3.545076337201107, -0.5533123968523767, -1.9115969938244006, -2.257802578577344, 8.642093079327044, 2.9823845827483066, -2.930306582013429, 5.1538583819580515], [-0.20170563135470393, -0.40624849319451073, 4.850748320697617, 4.371514285068763, -3.8044485864548836, -0.06544616925911795, -9.976205719017294, -0.4068563446082084, -3.3458173096069714, 7.674501253315636, -3.821691604582368, 3.150507513269254, -2.234169297560426, -2.7074798444834887], [0.2696036822609921, -1.248194959255415, 4.165343627424966, -9.387338515854003, -0.04335366744566882, -2.140019855828582, 2.08515439215613, -0.38030363113655785, 4.316764439797154, 6.798605957091065, -2.6331612277417387, -6.554840819457591, 0.1511025857511175, 4.523111204401364], [-3.339347419318516, 3.06885851975734, -0.7376338408909362, 1.4534153309409188, -5.541163595940979, 1.1807480276548785, 8.33432193031468, -3.2114365155953637, 6.347212511425656, -4.98873248218726, 8.845454729142663, 0.8712219269599114, 2.217491314512651, 2.4191059614697377], [0.9831394018180751, 0.42334425316451224, -4.222563937853804, -7.879912525900205, -4.350451797695883, 1.308413532078717, 0.24052206316528665, 0.666071993273016, -3.8045628009420565, 2.5233277572765105, 0.5859040227182299, -1.4932062754093456, 1.4397544473368606, -3.2758126284691835], [4.199707010861089, -2.2022436341737706, 1.5851580103129947, -4.731789820988899, -2.104727937126503, 3.444964428916494, -2.257033053120074, -0.5407446192054872, -2.0548559448393506, -0.024666578394901606, -5.232369901143067, -8.142463235775082, 4.043372703483696, -5.235739217746585], [-3.6887296052957597, -6.690259108862944, 1.5073436582168338, -0.7751402640138716, -0.9698777814447188, -8.370704283780826, -0.4768711821965601, 7.626350224048194, -0.990939349949686, -5.233650437441127, -0.8293165644710168, 2.727510631822909, -1.800420670729637, 3.162233221461314], [-2.503074828999172, 7.916626947389371, -5.119871810282453, -3.212895805145686, -0.7307400520960798, -3.16359465536026, 1.836837307622708, -7.7601005667061695, -0.1146344062533573, 6.819769913669575, 0.206316132342324, 0.768909804375994, 4.157381391112407, 2.6943320804374378], [5.179395108874779, -0.9611058766052257, 5.951287459413121, 0.856436960092546, -1.1122363268518352, 0.2666035573716318, 0.8377423576085544, -2.7347025797666267, -1.7396906536625283, -9.268630483986552, 2.0392110262131307, -4.462952931321757, 0.5063355658857598, 5.689908664732737], [-2.0753670195574667, -0.2303287791835179, 4.852913831721816, -4.625462813974769, 3.3819544826884056, -2.053737366293153, 2.833744564492557, -1.5865861014683542, -1.550467867345053, -2.4035043963914693, 1.5392356119429924, 3.5057737789302488, 4.9394934452472405, 10.531608480035516], [3.60458291231029, 5.209179031937875, -2.519626699027212, 2.346644370260451, -1.0524588774454, -2.921438211041685, -3.69979814633126, -5.207044313081145, 1.383813241170417, 8.159560621495544, -1.0640867469737143, 0.1430656821795172, -0.7145318746782938, -2.8068945952946525], [1.5666430410647956, -6.814790709338135, 1.8265439821966438, 4.6065684677937835, -0.6590256180624791, 2.7858284305123164, -1.8632240576776562, -1.4186482885235148, -1.5794289018547372, -10.481747975267693, 1.434102009498571, -5.365152317159697, -2.380863254385472, 2.6805015979791937], [2.0711661003237056, -1.1486170638973425, -9.558935135338169, 0.06710304499224262, -4.593080642796329, 1.2306672818633546, -2.40461434844276, -3.081506380839616, -4.301991221575793, 4.5162875460124425, -4.117570861694897, -5.757679862868615, -0.33721198523680906, -0.13998654232108], [0.5420200224058325, 1.4893658839254706, -2.5180029921366085, 2.129395179363276, 0.8997738468337143, 0.6428865138946152, 8.009921474124312, 0.6664845386569678, 1.0813911766493718, -6.496525067299668, -1.6845081315143369, 4.092638821863004, 1.0254357171343444, 5.365096112638451], [-4.381504708521798, 7.487584239801989, -4.559183551621873, -6.82640527319345, 1.9319365771276649, -2.5980834094659544, 2.9177891850961544, 3.929988007613372, -4.126858920174312, -1.4797729124559669, 5.822214094543422, 2.829134489818612, 0.10235123916690858, 3.345368920721064], [-5.070344041063304, 4.4996469199757465, -4.31023945121792, -0.7383800337866533, 1.3068555755152202, 1.3121239942447929, -2.126256801741016, 5.572806945902683, 2.418487605922481, 9.21103348747543, -5.61417631823476, 4.572849459310099, -0.5345050028006764, -2.691779596637893]], "bias": [[1.5033715476115046], [0.8304278339472917], [-1.5934287770732987], [0.6525434964712057], [1.0838614716791302], [0.854830159119516], [-2.9326906818790324], [-2.2139060913167254], [-9.45369979691428], [-1.135112666498191], [2.76130984302844], [-1.5428658624008673], [-2.7235950147970502], [5.071391740234165], [-4.147943852108076], [-2.660265076258348], [-3.938780100158422], [2.5152925240840887]]}, {"layer": "activation", "activation": "relu", "activation_prime": "relu"}, {"layer": "dense", "input_size": 18, "output_size": 4, "weights": [[6.79976621306089, -2.110859605199974, 0.1564967495220606, -6.8138849433916615, -1.9193602092223154, 1.8569602244015655, 2.4029786284919115, 0.6690155487663356, 0.5119133972901542, -0.0074213724237588985, -3.2683171678123193, -3.138706191603445, -8.840681394500342, -3.714906343837494, 2.542121982622126, 3.798729560561707, -2.611528503058924, -2.59721954421586], [-2.882958304517978, -4.887369577136292, 0.8359823088935928, -0.7442253010373789, 2.5986063914051565, -2.437998007187108, -1.0606572803891998, -2.8310824388069147, 5.37190025641881, 3.0443997865027757, -4.291267305114168, -3.481100643659719, 3.101660964823358, -6.488558138477908, -3.974698675287188, -2.3127276829064636, -0.04839455764107989, -1.098230298587503], [4.37825565296864, -1.6177213370407608, 0.6877464944911905, 2.6780796226862624, -10.895156938784202, -5.705343831313323, -0.6436173440423507, -2.8855714815854494, -1.7414099497177153, 1.59223116854251, -2.025854921462421, -6.479881571003106, -1.0439170203020212, -1.595917178256066, -1.4569569736279901, -5.694979429600822, 3.530007367640435, 2.6024364475522037], [-7.747217371512916, 2.523077266072531, 1.8220999448082362, -5.633487629266548, -3.2492433276670205, 6.13742601348496, -2.992103456720078, -1.513981081795055, 0.795412607735422, -0.5702095911385117, 4.01997068759003, 0.6782896075869422, 1.0926369853911349, 6.640680237013697, 5.080985306302495, 2.9934706974492538, -1.247335365043325, -14.122756348127087]], "bias": [[0.8386327909374736], [-7.866708059592083], [3.5671421877141865], [-0.4585952535772705]]}, {"layer": "activation", "activation": "sigmoid", "activation_prime": "sigmoid"}]}