{"generation": 434, "board_size": 10, "snake_size": 3, "input_direction_count": 4, "apple_return_type": "distance", "segment_return_type": "distance", "network": [{"layer": "dense", "input_size": 14, "output_size": 18, "weights": [[-3.221483831268844, 9.449510795903679, -0.5221571836255796, 2.2481538112595287, -1.7155647141381893, -2.391708187884556, 1.4192771574544818, -8.998694463309427, 4.833873690413784, 1.7559646275522274, -8.043616369803583, 1.1031663790845425, -2.545294882468102, -2.2878229878177234], [1.0893986041615202, 6.49867575627709, 1.2052488901843863, -2.3994879369869637, 4.364844517477321, -2.305485060051303, 2.0365124785452693, -0.459124437106451, -0.7578564553924564, -9.328421695834765, 2.941703123375877, 2.3739518518062193, -2.071653637323671, 7.185572659510923], [-4.383855694709637, -8.37415306668511, -2.3391202104570255, -0.23168531655908975, -1.5370066214022033, 0.5439633547473435, 3.6838181616446715, -1.1142361693390601, -1.2526521029787625, -3.1402402316513487, 6.485260498742384, 1.8536465498595769, 0.4784975903093871, 6.620494333215988], [-0.8933698662817439, 0.881108826696118, 5.967276515631683, 3.7559114845214148, -3.0161569409597457, -0.11723267475332322, -8.030420377188566, -1.1302758340741206, -2.9265169213363142, 6.950574941279124, -2.368415704101509, 3.8223840531688626, -2.1813868570049078, -0.5225187861333208], [1.353986349084008, -1.248194959255415, 4.567360543857316, -11.274273779803703, 1.3410437830461823, -4.153465697100858, 0.3932624147885369, -0.19008714332730797, 3.6437142553228647, 8.876512937089384, -3.3515937328367893, -4.249645137572417, 0.021574045162054356, 5.307057822038693], [-0.920478643096743, 1.7364979767260695, -2.202924958872629, 2.717038228417697, -7.312222816921952, 0.4549387751713839, 9.677260253783622, -2.280310928218636, 7.119226290221345, -4.757649409843629, 10.21797962496159, 0.5838108554954048, 1.8854186554299397, 3.109693171504116], [1.7269146878890242, 3.4554015800273303, -3.1058219122076145, -3.7944127493761917, -6.186176313923406, 3.40749020062038, -0.5233739155190943, -0.838214354310884, -1.9607710412150168, 1.799566907644059, 0.2707461279818988, -1.3115055421509494, 0.21499946010996884, -2.655807876936848], [2.996695080269852, -5.649148177564635, 1.5851580103129947, -1.6248144553684443, -1.5667575909532427, 4.04385143846448, 1.7631282655602611, 1.8298150768086852, -3.626690243574227, -0.1780815063604424, -3.756360243812475, -6.471293909487187, 4.453616617568308, -5.907921948423622], [-3.11982088786985, -7.140606238172771, 3.260273403233147, 0.049874204152912105, 1.1941616970680555, -3.4745107985186707, -2.632322996142951, 8.47413020887766, 0.8274552208525422, -5.00150198847634, -4.705183026768903, 1.2695719141366553, -3.350684480330086, -0.8218058550208498], [-2.7084153075428734, 5.310730997755042, -2.6983918952466803, -3.7535636883527768, 4.007122688485531, -5.159439689941282, 0.9334760082627712, -7.703593278481504, -1.1933347010634814, 5.450530927200713, 0.46260181473458717, 0.4610741626386975, 2.742538893686284, 2.9147812325207387], [7.555101979686261, -1.7126145438554443, 3.574119680320448, -0.556759512354516, 2.3256278441895217, 2.0177330851011193, 3.2554071755354674, 3.629813144053989, -3.1383837332567928, -7.606095156403719, 6.941661213128702, -2.6182928088554807, 1.7874631438106046, 5.140808411913243], [-1.0895324685710028, -0.6930642602887995, 4.507192779642024, -1.5085572612308953, 3.689444180178116, -0.7187031798307791, 2.640444002023463, 0.0815084497917391, 1.4764333063194717, -2.4958796299223205, 1.988580994989792, 4.1858600758392415, 5.916803821909528, 7.015821187301651], [2.61135609266343, 3.4565029749568987, -3.522334991926586, 1.358031377395278, 1.5052440579144934, -2.860460049330317, -0.786307475749991, -1.0758043146593983, 1.383813241170417, 10.200454280674006, -0.9148767820032553, -0.9316928897633888, 1.1284905475513494, -3.800948141999054], [2.5802402125719626, -6.309773098731264, 2.9216817646431665, 2.078424028316745, 0.5766702026861186, 2.38799424237203, 1.7973436580330446, -0.6303368627222757, -1.0370759269929457, -11.53459295944945, 2.5323036680886526, -4.8978103277760665, -3.578348863760212, 2.6805015979791937], [2.0711661003237056, -1.1486170638973425, -9.558935135338169, 0.1140192360001405, -4.853235733217656, 2.02138977683861, 0.1977741424215529, -3.2231374550901646, -4.085436562830197, 1.4565947957218313, -4.521000828157161, -7.38524563023627, -2.699923239741495, 4.289602119334573], [3.320820254576198, 2.297268931038026, -2.1340922813561845, 0.30758622711390604, 0.23756778000982692, -1.406923892694891, 6.487728050126535, -0.5491169902064753, -0.3047780095409146, -3.327540117116789, -3.2367273748367476, 6.20783611845947, -0.31361327052358545, 3.534203531366192], [-2.740872321372185, 9.426691238293081, -6.033949806855654, -2.9412526941186563, -1.7678195434579806, -4.413309720900074, -0.3042820968609895, 5.912476800544543, -2.7054313196868445, -2.969663097000089, 4.988939039026607, 0.7964561612874467, -2.3805373861550247, 1.9308432702999914], [-6.521352930843363, 1.4575074920597462, -7.263111469681218, -1.1024264193250972, -2.2382062582310875, 1.944771642976466, -1.816642367124354, 6.658401689725107, 2.659788844584191, 11.203045330183336, -4.283966646308224, 4.382106436173672, 1.8946703006979502, -1.7183256422310116]], "bias": [[1.1865608284385005], [1.643998127550183], [-2.2810351342610518], [1.0795953044744337], [-0.09636057056058978], [-1.4801262095243475], [-5.095958294790858], [-1.9574857003143515], [-7.840405495710902], [-4.06846018344556], [2.605013596815949], [0.6018405127428657], [-3.2066585590789707], [3.7278502443790384], [-4.513409569888485], [-4.605186439107074], [-6.74588484188428], [3.423918539697188]]}, {"layer": "activation", "activation": "relu", "activation_prime": "relu"}, {"layer": "dense", "input_size": 18, "output_size": 4, "weights": [[6.7084396412646825, -1.2546698234600262, 0.5638879192640963, -8.432910359215262, -2.5260803081425696, 1.954123629865533, -0.04190313471592094, 0.14374322189165678, 6.1557296859713855, 1.8991289149141304, -0.9382264343235776, -1.6789673540628702, -4.669501320587751, -3.714906343837494, 3.844089516104038, 3.7221801215495924, 1.8253269077391117, -2.6262357113001698], [-2.4027338386898394, -4.3797461297272235, 0.29383869842304977, -0.462003428539674, 0.9819913213106752, -1.5978285490445916, -1.7723079040385303, 1.4946084105353705, 1.1656878375733535, 2.42023568284565, -2.43422190000118, -2.4201494093796145, 0.2104963679113936, -4.616779479039787, -6.7943500316868946, -2.56604188439261, -0.6350199723699564, -1.834479770955649], [3.476150364413943, -3.0303867757370386, 2.0979909417034044, 3.6212934158699337, -10.505644229345, -5.586048290730556, 1.8461127449368304, -1.5217688173663846, -3.5017579796149727, 0.8122505610991249, -2.4473178376985345, -6.632561094719873, 2.520898743944434, -1.776447783483751, -1.4056095046440227, -5.694979429600822, 5.4924229323675, 1.9386058911192785], [-4.125000710952634, 2.523077266072531, 2.5885946557815065, -6.370435278297537, -2.2521760568202063, 2.8404376245540206, -0.006112565294223299, -0.7135320746356293, 3.635180306769194, -2.940951749522836, 3.772867140858346, 0.7823699779007856, -5.040136852185255, 6.621927848304561, 2.7533804627970264, 2.4027100465328224, -3.7215526713865694, -14.479128272874458]], "bias": [[1.5163858358731965], [-4.692646106985853], [3.3080059091477865], [2.874564312487209]]}, {"layer": "activation", "activation": "sigmoid", "activation_prime": "sigmoid"}]}