{"generation": 435, "board_size": 10, "snake_size": 3, "input_direction_count": 4, "apple_return_type": "distance", "segment_return_type": "distance", "network": [{"layer": "dense", "input_size": 14, "output_size": 18, "weights": [[-2.9630133460971404, 10.502824777931385, 0.14957878917111855, 5.217828989227061, -0.08644115355180151, -0.7918702389853438, 0.6922826167009055, -8.743604976081421, 5.459208721675221, 0.9394531112420186, -7.682635868060006, 1.1031663790845425, -2.545294882468102, -0.03852991455390897], [1.0893986041615202, 4.932195018200791, 2.6089272634664846, -2.5405053642444364, 3.9842245556817937, -2.305485060051303, 3.7381558027822, -1.8352249927855468, -0.7578564553924564, -8.20001568657948, 2.1039053541168378, 2.8169638267713357, -2.071653637323671, 6.772613872378315], [-4.686444069873818, -7.35782082655954, 0.607221970977958, 0.9181808982080621, 0.6409809042637096, 0.5762656649101724, 0.5674973284144795, -1.0963006512259361, -1.3530460728467493, -3.040492780204696, 6.023616325760007, 0.5753541151352634, 1.1231356959110814, 5.540443512147275], [1.6090068639421446, 3.1851040855648116, 4.986817011038227, 5.618655585909773, -1.6672080471757948, 2.4261031321018085, -8.69947801341279, -0.2781180717345644, -3.923755122857842, 6.458355350229488, -3.0345473121214255, 3.8223840531688626, -1.7009504725908906, -1.1338129155184262], [2.086666304410307, 0.5981002191129118, 5.900681923156796, -12.555439251854462, 0.7046331924902323, -1.2881807980558289, 1.196926013231704, 0.026938466326493382, 2.763190743310303, 5.605921740180309, -3.1440641464143164, -7.246185804658699, 0.7836331927267801, 4.829111427824936], [-2.8983936655546403, 1.7364979767260695, 1.2928311725607593, -0.6338309529084163, -6.5446225779118254, -0.19177676777990338, 8.390287325428488, -2.270352851259758, 5.776339805014595, -4.408360568697039, 6.269053050694753, 1.0754742674184472, -0.9926049540558082, 3.8349190080175264], [-1.1107106245292595, 2.098428381777034, -3.1574234222026454, -3.337412913860116, -4.453028153679807, 2.481005643353794, -0.07942826077252133, 1.5787018910362267, -2.7245582281308205, 2.7311222372724564, -0.8080412853279026, 0.1683091663303764, 1.5377311362370572, -6.7481056680529665], [3.1850698693653476, -8.752605361599963, 0.13499779556356306, -3.1497477629079746, -2.805618662353692, 5.193180476484819, -0.6012480362845252, -1.4324573311846696, -3.626690243574227, -0.5017315762409975, -5.353117270870459, -5.400853561464046, 4.453616617568308, -5.907921948423622], [-3.11982088786985, -7.140606238172771, 3.260273403233147, 0.049874204152912105, -0.2636883530273135, -4.797199742473436, -2.632322996142951, 5.769915022183116, 4.123669208004913, -5.00150198847634, -3.172974298219217, -0.04537577944611737, -3.350684480330086, -0.8218058550208498], [-2.7084153075428734, 5.958501912849341, -2.6983918952466803, -3.7535636883527768, 4.007122688485531, -5.159439689941282, 0.9334760082627712, -7.703593278481504, -1.7839331304060053, 4.945535005047172, -0.8710476366790516, -1.0662711830750808, 7.119472857638184, 4.742579555446395], [6.621152739206436, 0.5430728024484369, 3.4761982239090408, -0.35785158520911353, 0.9002696817074614, -1.6806012837228907, 5.839971508720911, -2.406557625020056, -2.1465624498533415, -6.7377945715080445, 6.204138407317709, -5.309824939924378, -0.6925178663850817, 5.587890065389387], [-3.975255554112443, 0.7771579420673934, 9.727806917941063, -2.700184247560091, 2.7249167018562805, -1.7493814814179625, 2.232981290809302, -2.2442701287533278, 0.9608325875857743, -2.4958796299223205, 1.8869785446214937, 4.3189494235521115, 5.315115640075316, 8.765942894922288], [2.6682539010899786, 4.617030935621518, -3.8664438900719262, 2.8849102214518023, 0.12545347249371008, -0.9373276218378654, -7.130034870972949, 0.8111096814533156, 2.6456796653022003, 9.177360001223958, 0.05651902023460009, -2.506825798534849, -1.9194577581425403, -5.787797757075239], [4.193597723569824, -8.112286076591445, 5.098714933493742, 3.5273066522919647, -0.9755791939377443, 3.7680802240414453, -0.5302533808798944, -2.561159472173848, -0.009092498315209474, -11.870252077929788, 2.5323036680886526, -6.8165577927821035, -1.2244564330695984, 1.1167505694545796], [4.301278116843871, 1.1819714399825785, -4.240356652457244, 0.5775854973545462, -5.375400759348398, 2.810124469592724, 2.2353813392284603, -4.373883996832495, -2.3377768906024423, -0.6825083198057061, -3.9898527798946235, -6.742255960494231, -1.4813763407500429, 1.1354380702426317], [1.9208713304381886, 1.4634532189910034, -1.3494633059715415, 2.129395179363276, 0.8997738468337143, 0.6428865138946152, 8.009921474124312, -0.7735400914227599, 0.7981873125808956, -6.496525067299668, -0.7848489319793648, 4.763806281958582, 1.0254357171343444, 4.376835949940652], [-5.270697264188466, 7.487584239801989, -2.051472039327599, -5.729819993672398, 1.9319365771276649, -2.883704160548095, 2.3367400802997604, 4.334951477276464, -3.2922174100679698, -0.9611092599806419, 5.822214094543422, 2.829134489818612, 0.10235123916690858, 2.5583453947525987], [-5.070344041063304, 3.3463067783839646, -4.002719721410019, -0.7383800337866533, 1.2343156217984577, 2.0261301119243, -4.359371405023526, 5.572806945902683, 3.1302735696287582, 9.21103348747543, -5.61417631823476, 4.572849459310099, 1.1895471480952953, -3.219339638092577]], "bias": [[1.0397759417533425], [2.909648874013885], [-6.593018253831595], [0.5642580323697333], [0.821713669989474], [-1.1627738484204164], [-5.482436609514746], [-2.2139060913167254], [-9.45369979691428], [-0.7513671845924274], [2.76130984302844], [-1.9394001510476393], [-3.65509190240725], [4.740553194298892], [-5.276404510158139], [-2.827114564412395], [-3.938780100158422], [0.9420719331585851]]}, {"layer": "activation", "activation": "relu", "activation_prime": "relu"}, {"layer": "dense", "input_size": 18, "output_size": 4, "weights": [[6.79976621306089, -2.110859605199974, 0.1564967495220606, -8.01946173947933, -1.9193602092223154, 1.8569602244015655, 2.4029786284919115, 0.6690155487663356, -0.7995266651003314, -0.0074213724237588985, -1.6171670190649963, -3.7926564304144135, -8.840681394500342, -4.697216479223352, 2.542121982622126, 3.798729560561707, -1.0789222688550266, -2.3689695189456925], [-2.882958304517978, -4.2016799083860565, 0.8359823088935928, -0.5200134627169702, 2.1507098546328978, -2.684179074721067, -0.12599964315866274, 0.22589623350106214, 0.45048397033517407, 4.154978243137689, -2.43422190000118, -2.452190448717028, 0.7424588295876346, -6.46749803801815, -5.258437196489882, -2.3127276829064636, -0.18159120873931706, -0.33971752984026504], [1.8257463531457216, -1.2755628493777946, -1.0041966886256595, 4.151591368559442, -11.674695890995103, -4.809505681313771, 1.0458280201079038, -1.703412473813948, -2.2642143200533793, -3.6129933328245665, -5.990805412158952, -5.780453230625518, 0.7793609103213675, 0.2639821759295886, 1.3408283318521244, -7.903016213945844, 5.720884367742005, 2.435259499304373], [-4.512120834403209, 3.290196906455298, 2.1982997879547437, -3.2352436301930947, -3.2492433276670205, 1.5511604631965552, -2.992103456720078, -2.116278023146063, 0.8069965517409396, -0.028095946559375307, 5.283373203117077, 1.363096265520041, -0.5711488924436193, 5.5599276002092415, 3.7254594488721366, 5.278967629009969, 0.4767046962529198, -14.122756348127087]], "bias": [[2.029681652134496], [-3.9191985187159233], [4.194933515550751], [-0.8755051467234747]]}, {"layer": "activation", "activation": "sigmoid", "activation_prime": "sigmoid"}]}