{"generation": 440, "board_size": 10, "snake_size": 3, "input_direction_count": 4, "apple_return_type": "distance", "segment_return_type": "distance", "network": [{"layer": "dense", "input_size": 14, "output_size": 18, "weights": [[-4.396781882142815, 12.020336738835974, -0.5221571836255796, 2.2481538112595287, -0.8322960288588224, 0.052815447424556516, 1.6653376722436906, -7.159915257720883, 6.007494327051445, 1.31949268186372, -8.260849329783877, 1.1031663790845425, -2.545294882468102, -0.8392520491972894], [1.1370143644084503, 7.976105455339535, 1.5564411295491252, -2.5405053642444364, 3.9842245556817937, -2.305485060051303, 3.7381558027822, -0.459124437106451, -0.7578564553924564, -8.3048343015966, 3.8803818995661463, 2.8169638267713357, -1.862141959785419, 7.547334283950866], [-4.383855694709637, -6.309194991863394, 0.607221970977958, 1.2858632431665837, 0.3585295446918361, 0.5762656649101724, 3.219043036933721, 0.7968457788939474, -1.3530460728467493, -3.040492780204696, 5.62934702474203, 0.5631287748134505, 0.7011520977610349, 6.298943588296041], [-2.378545811355896, 3.1851040855648116, 5.004474986852291, 3.7559114845214148, -2.345380326866985, 0.6948224726786113, -8.030420377188566, 0.27753030054912586, -4.299713751647232, 6.950574941279124, -4.206757196869762, 3.5006449088968896, -1.423253444060871, -0.5225187861333208], [1.1903272252705113, 0.7520582587465361, 3.8203595440273364, -12.11305583866053, -1.3689444641873076, -1.6784942073471267, -1.3408136753113393, -1.21984718424576, 3.418820774148336, 8.265437344212202, -2.8033630134109826, -6.130261582754017, 0.28005767277891924, 5.601303248878005], [-3.983692906515726, 0.9252597411825212, -0.5120636086361718, -0.15731100443232648, -4.936913510870973, -1.6313922443746964, 11.818481836484631, -4.499100735594297, 9.417391029268806, -7.66174539350475, 8.845454729142663, 1.594924155001958, 0.42541312156502376, 3.0336972482067663], [-3.5033862760090795, 0.3246115850619351, -3.688437152483255, -3.4307323436025863, -5.048702107870759, -0.3930463624300231, -1.4703446726669487, -0.13161953520969538, -3.1941485182316725, 2.0869821755799243, 5.790471649797979, -0.15385243523075331, -0.2997112768103543, -3.529822501957691], [4.299151623502318, -7.441572624330035, -1.5472680300692754, -2.177146904621851, 0.06298071970113883, 2.5094267510525126, -4.245578937022105, 2.207449628042499, -3.123200288590645, 0.2377813605939164, -9.315731210710739, -4.8218174539804135, 1.4054041218711442, -1.8591193790893445], [-3.435529924820551, -8.41473528524001, 5.710564054821281, 0.049874204152912105, -3.4799755058655193, -4.1038430971611515, -1.3327244628175594, 5.591805374064146, 1.4638490737131804, -3.10763694418123, -0.8293165644710168, 4.998420651444108, -2.184832950979197, 1.4017210381827059], [1.9449423072908192, 8.750372220480418, -6.248142240517696, -4.29895795739875, 4.36424581815351, -5.159439689941282, 1.441800048580939, -7.703593278481504, -2.6030243758886575, 5.846520878983702, -0.8710476366790516, -1.0662711830750808, 7.119472857638184, 6.1202103980186875], [7.115110280495005, 0.5430728024484369, 4.416803579633132, -1.273539344182201, -2.8219249078658253, -0.9503206576780493, 4.150793071558566, -0.33688874286539017, -2.886739588601454, -5.268346050151711, 5.290774973951033, -5.512182520793266, -0.13141015364926284, 1.77778183552144], [-3.165254707483232, -0.0712265648786552, 6.126868666520052, -1.5085572612308953, 3.689444180178116, -0.7187031798307791, 3.0164044660235225, -4.0804356106653135, 1.6058812304478443, -2.4958796299223205, 1.988580994989792, 4.1858600758392415, 5.916803821909528, 7.015821187301651], [2.61135609266343, 4.87151420780735, -3.522334991926586, 1.055236061488801, 1.8155072817982134, -2.860460049330317, -0.786307475749991, -1.0758043146593983, 2.6605122406094663, 10.200454280674006, -0.5298355529862571, -0.9316928897633888, 1.1284905475513494, -3.800948141999054], [4.059792973577876, -6.957982358219112, 2.4284101477895166, 2.078424028316745, 0.5766702026861186, 1.9084776743891518, 1.9236196641948788, -0.49948932513822114, 0.32823200293670984, -12.333766631472479, 1.1600010276407369, -4.8978103277760665, -3.578348863760212, 2.6805015979791937], [2.0711661003237056, -1.1486170638973425, -9.714313529501808, 0.06710304499224262, -4.02244986817071, 2.1140740469170423, -2.415140432963745, -4.373883996832495, -4.201171897934612, 4.5162875460124425, -5.359981588553691, -6.539801371295961, 0.000720487592388741, 0.8562243824863353], [-0.22232991769695898, 0.9699056527210956, -2.428601088401705, 1.77046242608917, 0.23756778000982692, 1.276502020989902, 6.536004335857064, -0.31113094819839704, -4.318373992864255, 2.339758739826197, -2.397338428870014, 5.6295366735722325, 1.4509186313414726, 5.929661713355827], [-5.242012090558957, 8.679017939041492, -6.3684711326667065, -5.702390672162963, -0.5588751013993156, -1.4165214684756924, -2.1770615515450014, 6.663271475054547, -5.513695962339329, -2.3025932123046347, 4.461964872741964, 6.138548057072761, -2.9689927721199916, 2.985151579133832], [-5.070344041063304, 3.3463067783839646, -4.002719721410019, 0.17690828876862974, -1.3227213423964845, 0.6983481285471739, -2.2580608720927904, 6.395793647961416, 2.418487605922481, 9.21103348747543, -5.61417631823476, 4.572849459310099, 0.5926237732308087, -3.465638399508058]], "bias": [[2.2671549302911416], [3.452370642189286], [-1.8703185986239554], [1.3433742484226041], [0.772004182247692], [-1.4801262095243475], [-2.092599321507099], [-4.208877087575516], [-6.13683715178016], [-3.712038489592672], [0.8105323572228103], [-0.056127345335736156], [-5.106614645906375], [5.4800688688265335], [-0.5727567092425307], [-2.9038351153115154], [-1.2011252221423472], [2.446284702471367]]}, {"layer": "activation", "activation": "relu", "activation_prime": "relu"}, {"layer": "dense", "input_size": 18, "output_size": 4, "weights": [[7.872742597420277, -2.614992161370087, -1.9894133321511855, -9.847382608739403, -3.789347829182315, 1.6965792346281048, 1.407426700686673, -1.0815679480797622, -0.5054870904441828, 0.4501774447307662, -0.5423269179890091, -1.6955237931244935, -8.516805456051333, -3.714906343837494, 3.2050586067724582, 4.454842512381715, -1.0789222688550266, -3.530393165442471], [-3.5378713327064313, -5.832159338992048, 0.020058379079581565, 0.5202363373697351, 2.4776714776863615, -3.6615272406826636, 0.14980031683271533, -2.175620011819217, 6.348712934453152, 3.744503539632256, 2.1603670056654987, -5.409038184292507, 1.6946487055449642, -6.917349987499043, -6.301347877933099, -3.8655793007379424, -1.4307534711133905, -0.33527865871993145], [3.8359649842672536, -1.4499524196637952, -3.521419223969585, 4.278872068095961, -10.505644229345, -6.110853560582584, 1.353235570226748, 0.9653665509936876, -2.094970388888228, -0.11417014291380312, -1.8418920483965546, -5.836529784710775, -0.7485915280414999, 0.20703373447695367, -2.197002166224997, -5.628903204092962, 5.959438431275431, 2.435259499304373], [-5.265021318341851, 2.8110877306988007, 1.0713875849813375, -3.572823972195994, -3.2492433276670205, 1.5511604631965552, -3.939391425896927, -2.116278023146063, 0.8069965517409396, -1.7303459143949105, 3.484816961710123, 0.17677021033004564, -3.3463199204925127, 6.621927848304561, 5.766604942369368, 6.012457546262894, 0.7982294916435775, -14.812641641906438]], "bias": [[1.1052589691293595], [-2.2265787161647927], [1.0126924685907364], [3.6084965746371447]]}, {"layer": "activation", "activation": "sigmoid", "activation_prime": "sigmoid"}]}