{"generation": 439, "board_size": 10, "snake_size": 3, "input_direction_count": 4, "apple_return_type": "distance", "segment_return_type": "distance", "network": [{"layer": "dense", "input_size": 14, "output_size": 18, "weights": [[-0.9258427193945116, 8.434080890091654, -0.5221571836255796, 2.209675569800947, 1.1333694429402055, -2.4240451652581547, 3.656643528771503, -9.573728265324675, 4.59033427979177, 1.8817536908163794, -7.682635868060006, 2.6079138414962277, -3.5115654657338786, -1.1336336049214477], [1.0893986041615202, 6.341231897065393, 2.2371567619501556, -1.5343649103031174, 4.364844517477321, -2.305485060051303, 3.7381558027822, -0.459124437106451, -0.7578564553924564, -6.607315416090772, 3.000925528564582, 2.8169638267713357, -1.862141959785419, 7.547334283950866], [-4.383855694709637, -6.309194991863394, 0.607221970977958, 1.2858632431665837, 0.3585295446918361, 0.5762656649101724, 2.623488620485413, 2.4775594162169248, -1.3530460728467493, -3.040492780204696, 5.384018384979572, 0.5631287748134505, 0.7011520977610349, 6.36949711325492], [-0.8933698662817439, 3.50500316227738, 5.004474986852291, 3.7559114845214148, -2.345380326866985, 0.6948224726786113, -8.422908881406643, 0.27753030054912586, -4.299713751647232, 6.950574941279124, -4.939482631086844, 3.5006449088968896, -1.423253444060871, -0.8210854603986841], [1.1903272252705113, 0.7520582587465361, 4.567360543857316, -11.788834374869955, -1.3689444641873076, -1.6784942073471267, -1.3408136753113393, -0.17888763334464008, 3.418820774148336, 8.265437344212202, -2.8033630134109826, -4.585977119409432, 0.28005767277891924, 5.601303248878005], [-3.983692906515726, 1.8802409911816504, -0.5120636086361718, 0.5156312867182519, -4.372211357075631, -2.341554946433525, 9.989013066925702, -4.429111288055968, 8.811032293955053, -5.307539410785894, 8.340000743442651, 1.9463124451633476, 0.42541312156502376, 3.0336972482067663], [-2.6282885382289187, 0.5008285213280976, -3.688437152483255, -2.807194495676945, -5.048702107870759, -0.3930463624300231, -1.4703446726669487, -0.13161953520969538, -3.1941485182316725, 2.0869821755799243, 6.602811284659079, -0.15385243523075331, -0.2997112768103543, -3.529822501957691], [3.5448230417585025, -5.150659369265126, -1.5472680300692754, -0.3673519194454158, -0.49444273552087403, 1.9657222390594606, -4.245578937022105, 2.207449628042499, -3.123200288590645, 0.2377813605939164, -8.106422907702301, -4.8218174539804135, -0.3026728481728468, -1.8591193790893445], [-3.435529924820551, -8.41473528524001, 5.710564054821281, 0.049874204152912105, -1.352270045620206, -4.1038430971611515, -1.3327244628175594, 5.915635299405658, 0.5128064696896251, -1.4581176339188027, -0.8293165644710168, 5.852469744840323, -1.324107953961613, 2.6845488427665485], [1.9449423072908192, 8.750372220480418, -6.248142240517696, -4.29895795739875, 3.282953181839069, -5.010982134195284, 1.441800048580939, -6.261107589739461, -1.1933347010634814, 4.945535005047172, -0.8710476366790516, -1.0662711830750808, 2.3986675599174996, 2.9147812325207387], [7.555101979686261, -0.6085427856366585, 4.343241824368636, -0.2152800043503304, 1.445622702771872, 0.3577448064002746, 2.323324183779053, -2.77551377283995, -3.930436713361874, -8.099785149206749, 6.689579886840269, -3.8168901053609066, 0.5498421981903159, 1.5247393783691923], [-2.717554432009452, -0.8908671569390665, 3.716779911303699, -0.33958440347047825, 1.949569583609951, 0.8319014933883944, 4.206314361507894, -2.8538399977495437, 0.30184213947286676, -3.648914180943872, 3.7386541098858186, 4.145813394505295, 5.161242564430494, 9.38392171231921], [1.6029570382840275, 5.028751966944177, -1.0998203518993321, 2.2760516420404033, 1.669835835476376, -2.7007863848897644, -3.586355641800525, 0.25793164132892954, 1.8465278214804948, 7.284368715670102, -2.4322605619072615, -0.0600920417017779, -2.7549021555468745, -4.6971576768348156], [2.6579856872983836, -6.0171342227347315, 2.4803619793299583, 4.603158491711196, -0.9755791939377443, 1.3020746455569387, 0.7539131836297186, -0.8222137776604626, -1.8048882548259564, -9.265233643583352, 3.135666602401108, -5.07637987890213, -3.4779090455187407, 4.198451380740794], [1.1363338907403537, 1.8946608270132133, -0.6978544482855403, -4.924473506098304, -1.6818956021382088, 0.9276183586327855, -3.2258437535311075, -4.373883996832495, -2.3377768906024423, 0.25791208641197116, -3.8826817530744506, -6.963523079909691, -1.4813763407500429, 1.1354380702426317], [0.57241614483784, 1.466618413467786, -3.4628345520851584, 1.6281951943650876, 0.8358951517947512, -1.027873993172768, 8.17869723529181, -1.1645670345957502, -3.8703963973680917, -0.7834632328737529, -1.0348435084437766, 6.5458403246744, 3.80187263457581, 4.274551456509812], [-4.8713680945145965, 7.589680743280718, -5.624323860319009, -5.702390672162963, -0.5040146698157237, -0.48001329972560103, -2.1770615515450014, 4.8121050658732605, -4.998505359757179, -1.7286722995451602, 2.9612103319468828, 2.592123403050958, -2.095812932599571, 1.1641932733540772], [-8.202876641506009, 5.725267503694651, -7.80153448459693, -2.240077701034283, 0.8754311165976981, 1.5350304088276654, -3.060015496065861, 3.301679985874327, 2.215957525578522, 13.425948719708918, -7.164433136480833, 3.337387636891873, 0.9238954217680917, -3.7767876471850554]], "bias": [[1.1995616345734919], [1.9955770742016083], [-1.5234130737011595], [1.0401309364896887], [0.6081393235778608], [-1.1537743785131802], [-0.49449717955128847], [-4.355513057980255], [-6.0909388932673165], [-1.6819014729188924], [1.984771121308536], [1.5864337676644964], [-4.061916385565663], [5.896542504633574], [-6.870785290790721], [-2.660265076258348], [-2.599787619770841], [3.4799996131876654]]}, {"layer": "activation", "activation": "relu", "activation_prime": "relu"}, {"layer": "dense", "input_size": 18, "output_size": 4, "weights": [[8.411814913023862, 0.7724475571401933, 0.1564967495220606, -8.432910359215262, -2.3856238840099175, 2.723855931797531, 2.4029786284919115, 0.6690155487663356, 0.3877030868693755, 0.4237858046085872, -1.6171670190649963, -3.138706191603445, -2.825633927194943, -2.5316003428982965, 4.148956740595541, 3.386916124014485, -0.5719315458672187, -2.4214356879196988], [-2.123033197506932, -4.085856872218766, 1.8288321446785667, -1.5399583738567066, 4.036302713123247, -5.542593486107492, 0.4843405536375427, 1.4261138338440704, -0.12759882988953114, 4.629012463943679, 0.43459489084181646, -4.874214589444345, 1.6946487055449642, -5.689446827378845, -6.48463480077016, -3.706238968849813, -2.418847703242901, -0.7033059163391635], [3.5737117854566254, -2.851813243714365, -0.45448855881027284, 3.5310618573488557, -11.401287722174386, -6.694751095467026, 1.0718165768788506, -1.3952962372386053, -3.4167178497960764, 0.8122505610991249, -1.8551047068570252, -7.100381306114589, -0.7485915280414999, 0.2639821759295886, -0.9820169638889764, -6.666309313701754, 1.6057757876110546, 1.3043159675601386], [-6.042027446753707, 2.420466673230518, 4.188677586078544, -4.902672799437209, -3.3242736514327778, 2.2091713367843684, -3.1321213242972936, 3.1657029178084177, -0.7425737890508519, -1.5944442672532668, 5.427872869022731, 1.016312954225857, -0.6550027206128578, 5.5599276002092415, 0.775404208160742, 4.383611775653003, 1.1950920460235117, -15.060247986558569]], "bias": [[0.3385904643708202], [-8.465997375706936], [5.18878245752734], [0.022977160474292324]]}, {"layer": "activation", "activation": "sigmoid", "activation_prime": "sigmoid"}]}