{"generation": 438, "board_size": 10, "snake_size": 3, "input_direction_count": 4, "apple_return_type": "distance", "segment_return_type": "distance", "network": [{"layer": "dense", "input_size": 14, "output_size": 18, "weights": [[-2.6626959777027692, 8.972870421450184, -0.5221571836255796, 2.2481538112595287, 0.0018909331235745785, -0.42480907651632904, 0.7627183406112215, -7.231584896868697, 6.413335708483556, 1.35845875651625, -10.142352100570495, 0.8115651455881477, -1.2942939940317548, -1.025684102054756], [2.8042377531430445, 4.7717944257126375, -2.601377343794498, 6.92554753180359, -1.1228218345191814, -2.462630024199913, 0.7239348842159509, -0.8759641750580744, -0.44462384704678143, -8.081421552362322, 1.5451548918300058, 3.2589112697596083, -2.247502546353075, 4.835100680379084], [-3.3860393371615585, -6.936285614021383, -1.984773140155581, 3.262191927357258, -1.7387139165157173, 0.846323686007685, 1.3399672740519757, 0.859857924889385, -0.2561098930300151, -3.913311391200164, 4.781391965081239, 0.1742385987765295, 2.3828764156217055, 6.835055864036894], [0.4934520714371893, 3.1851040855648116, 4.986817011038227, 4.3615718939715, -1.4969218319812247, 1.5009661942931956, -8.18982339123175, -0.2781180717345644, -3.640628700517494, 6.458355350229488, -4.886821348127134, 2.1294710069424942, -0.7209973739878279, 0.8509565630870377], [1.9278709348805863, -1.6709723120092204, 2.5565407925202033, -11.21397182870167, 0.9023072921971238, -3.4230723878434546, 0.3789009304495903, 1.7834779345196754, 3.418820774148336, 8.403002491498437, -3.2445879666466055, -6.325021522450912, -0.920540189691195, 4.829111427824936], [-4.686883270024693, -0.7254672835865827, -1.2127397722640574, 2.541844331314353, -3.1139101148726835, -0.9718902817227673, 8.83632347390107, -3.3039465626409465, 9.59678992665587, -3.419698843780529, 8.59947847725023, 3.7084886319510595, 0.8427220149801646, 2.5615754587539943], [-0.460890483021763, -4.328623051016978, -1.9785281603084692, -3.4050393889372694, -7.181000410059908, -0.20888386128517977, -1.2340483960386848, 1.200026343006262, 0.6542572493777348, 3.003820078968664, 0.33435455246461754, 0.12192442517139251, 0.2008050423233705, -4.904814510765115], [2.996695080269852, -2.990508183118564, 2.8764408439295153, -4.602848110318549, -1.5667575909532427, 1.7827133472713048, -3.480550172517397, -0.5407446192054872, -3.459204263160124, 0.6124849274774984, -5.698915100434555, -6.68803391137751, 5.485166097789815, -3.627994476097428], [-0.7356451303358855, -7.473497441150362, 1.5073436582168338, 0.8383368932370828, -0.315989166277885, -6.141803937781048, -3.5827471963242705, 5.221429317258338, 0.6371842451033222, -5.444147305234658, -1.969206476449424, 4.1517718588555095, -2.0444047603888094, 0.9001001932019725], [-1.0579536317071616, 6.595694504263927, -4.133428226364524, -3.600616171634346, 1.4781646564694935, -3.511120233861966, 2.9605172169272445, -7.709167610827839, -0.1146344062533573, 6.819769913669575, -0.019151058191821557, 1.2233603967725846, 4.157381391112407, 0.8585600818442495], [4.400999348616291, -3.054368841640002, 6.173040348589867, 0.45281460878356206, -0.8841430469735695, 0.2666035573716318, 2.9815844726457015, -1.994253240222797, -2.1465624498533415, -4.177683072706885, 5.55597485270379, -5.512182520793266, 1.2353912334718886, 1.77778183552144], [-1.826991777064217, -1.35116748580013, 3.835840140537896, -3.8448083945404643, 1.6516813294298345, 1.194058244714621, 6.339794953538415, -1.6714066769474876, -0.08304820375921507, -3.2228245503081197, 3.4347562046359768, 7.135612300305638, 3.5975134556231265, 7.432069905734596], [2.61135609266343, 3.7693784290244183, -3.5495165639271096, -1.184157427788682, 0.9969960213864724, -2.2494977048089115, -2.9990687141350687, 0.25793164132892954, 3.3292689181745683, 9.519871259901262, -0.6340858160942595, -0.0600920417017779, -2.7549021555468745, -3.7294302280524936], [2.6579856872983836, -6.0171342227347315, 2.670034697677812, 1.598676823566131, 0.5766702026861186, 2.654496906918467, 1.1416667810724452, -2.6110649654452738, -3.1414230640779914, -8.7940987400978, 5.004196904025809, -6.355956522908638, -3.653320193132273, 4.3629019690745885], [2.193912522359141, 0.6260431291608552, -7.549581589791478, 0.8690304181594006, -4.075368284632457, 1.8048412579363955, -1.096782249716555, -3.908484073671578, -0.761958976294788, -1.3691635335530579, -2.502518167219526, -7.101163073312956, 0.1798854705030062, -0.8025732990035757], [1.419631976334657, 3.3441372343780795, -1.4755427337665645, 2.7902570273330127, -1.0509125096323029, 1.4303132972064687, 7.106820165952996, -0.27353561419372596, -1.8147870731687898, -4.374453481238378, -1.325053213672753, 4.763806281958582, 0.24596991675941293, 5.673384873899281], [-6.683212260814807, 4.73148949290346, -5.669801325573679, -4.383558714165562, -2.8203837075402696, -3.585772230666774, -0.6640416051377567, 5.430772592752836, -1.7305657195427329, -2.759619490925055, 4.461964872741964, 5.123131832658679, -2.9689927721199916, 3.0019893757698086], [-5.070344041063304, 3.3463067783839646, -4.002719721410019, 0.17690828876862974, -1.8047901249016707, 1.4967662372028303, -2.126256801741016, 5.572806945902683, 2.9542410079790278, 8.947071952945823, -4.088498739193783, 5.834975562755029, -0.06096084158771309, -3.465638399508058]], "bias": [[2.4616516506832506], [5.05889542033327], [-1.5234130737011595], [1.0401309364896887], [1.03769740107258], [-0.1493163706522726], [-0.5272799341020757], [-2.2139060913167254], [-9.45369979691428], [0.03335643162201396], [2.7562462219446613], [-1.5428658624008673], [-1.92741062958945], [3.9780865055968593], [-2.0746936582096094], [-2.9038351153115154], [-1.0853369802894195], [2.266112327262855]]}, {"layer": "activation", "activation": "relu", "activation_prime": "relu"}, {"layer": "dense", "input_size": 18, "output_size": 4, "weights": [[7.70275500183663, -3.741011833397974, 0.1564967495220606, -10.065312964250692, -1.9193602092223154, 1.8569602244015655, 0.9517784802664144, -2.835398383124954, 0.5119133972901542, 0.1232979005306849, -1.6171670190649963, -2.6564496467030008, -8.182977712948482, -3.714906343837494, 2.446393904285787, 4.452398047359792, 0.8351937936502507, -2.913343853154617], [-0.7808290976812211, -6.028918010918959, 4.261884100165492, -0.5571443905087301, 1.1361842843556895, -3.1011850282443, -1.5617711064457052, 0.5451706744527978, 5.57739615821099, 2.9075257758275166, 2.673221633364138, -4.250257163155384, 1.9754727420167297, -6.917349987499043, -7.281511608660812, -1.7752686148646712, -2.842967905215307, -0.5296417379690451], [2.368714647693856, -1.4499524196637952, 0.988864161013189, 5.13136586127901, -10.729983031004448, -4.553667417471259, 0.8183856262021998, -1.703412473813948, -3.2658997079011898, 0.6622750408475255, -2.579214916763421, -7.910174972789984, -1.5244295072350909, -1.1684523345201785, 0.7022869825933153, -6.666309313701754, 1.6057757876110546, 1.3043159675601386], [-6.042027446753707, 2.420466673230518, 4.188677586078544, -5.45212361910657, -1.809291483434376, 2.2091713367843684, -3.1321213242972936, -0.15043300147224092, 2.596798850997211, -2.6249400228834614, 4.221724962366605, 0.17677021033004564, -0.5696372679477273, 8.416188635721497, 5.766604942369368, 5.584229658332355, 1.22289272524439, -14.812641641906438]], "bias": [[0.16614866223081948], [-5.321795121808909], [1.859516266336018], [1.6896346555824837]]}, {"layer": "activation", "activation": "sigmoid", "activation_prime": "sigmoid"}]}