{"generation": 433, "board_size": 10, "snake_size": 3, "input_direction_count": 4, "apple_return_type": "distance", "segment_return_type": "distance", "network": [{"layer": "dense", "input_size": 14, "output_size": 18, "weights": [[-2.6626959777027692, 11.8705034693272, 1.017149935220445, 3.4838081372428404, -0.3522393208338831, -0.8379790032395539, 2.026553842008736, -8.075972472283793, 5.695420222887758, 0.31073322879307363, -8.130818642936731, 0.9731727348649282, -3.4184551350059085, -0.9630794126462207], [-0.4936391281129002, 6.0000036926778035, 0.41405492192442517, -3.694562272019656, 1.8394421161958987, -1.6059789406447917, 3.65409249416769, 0.5782914029352313, -2.000855778979802, -9.683439751082119, 0.7481870489666165, -1.7165974989682298, -4.000469728688389, 7.5092104192129305], [-6.134622568834796, -5.57301816162774, 2.506604555808442, -0.5607746522485385, 1.3035207588060338, 0.5439633547473435, 2.11327471294806, -3.324115424427163, -1.9474395635808754, -4.2393419411318956, 5.410669977604992, 4.734550924980974, 1.1751114535905607, 5.229767819212962], [-1.6847715803164984, 5.915034264560083, 5.759365782540488, 0.7510426124581631, -1.078077399245298, -0.2922456108319835, -6.90686983642664, -1.4361095945249442, -4.287855177001838, 6.392161786170824, -4.090290215516535, 3.8223840531688626, -1.423253444060871, 0.09182548961896775], [3.0247980922193083, -1.248194959255415, 4.165343627424966, -9.387338515854003, -0.04335366744566882, -2.140019855828582, 2.08515439215613, -0.38030363113655785, 4.316764439797154, 6.798605957091065, -0.8483759104570003, -6.554840819457591, 0.1511025857511175, 5.23787053003981], [-3.339347419318516, 3.06885851975734, -0.7376338408909362, 0.9830770121767363, -5.541163595940979, 0.8877397657525599, 8.33432193031468, -3.2114365155953637, 6.347212511425656, -4.98873248218726, 8.845454729142663, -0.15274636162851285, 2.217491314512651, 2.4191059614697377], [0.9831394018180751, -2.142501075258712, -4.222563937853804, -8.091733155081004, -4.350451797695883, 0.7167168141453666, -0.20170856257668499, 0.666071993273016, -3.8508280992287, 2.5233277572765105, 0.5859040227182299, -1.0236763564605385, 1.4397544473368606, -3.4671057049690837], [6.76583430529391, -4.602513455096726, 1.5851580103129947, -4.731789820988899, -2.104727937126503, 2.1687708031802497, -3.7536331658386444, -0.5407446192054872, -5.180605681697457, -0.024666578394901606, -5.232369901143067, -8.002228955459866, 4.408298678150252, -6.027256375643258], [-3.6887296052957597, -7.473497441150362, 1.5073436582168338, -0.7751402640138716, -0.9698777814447188, -8.370704283780826, -2.632322996142951, 5.999761151673676, 0.5128064696896251, -5.00150198847634, -2.3784857112416837, 2.6224423713741527, -3.120431086741894, 1.4017210381827059], [1.4684153201142482, 8.750372220480418, -6.248142240517696, -4.0214541981024405, -0.44483553720813696, -0.3812716882525571, -0.9513437178394475, -9.38913754410169, -0.9600754944105757, 3.5958580086576184, -1.5001437847942825, 1.1996526998403827, 7.8328022924579015, 4.013877053492022], [5.379313578581874, -2.7527678035882843, 4.0953696673326405, -1.5141508293135306, -2.5913253924963473, -0.9188127183515913, 4.187306716573457, -2.4922924368143127, -2.886739588601454, -4.792427635375484, 4.29954418517146, -5.327346273424862, -0.135408763960996, 3.9748571209710613], [-0.7558855622439109, 1.613415434209481, 6.779384227323105, -1.215941004879741, 2.088854405669911, -0.14450721601661232, 3.0164044660235225, -0.63390860273172, 1.1263750036314342, -2.2969356804633643, 1.2870374947536967, -0.6232248871613011, 4.281791484442635, 9.865346149688829], [3.2160784600145815, 5.209179031937875, -3.00726691299224, 2.7920564576115767, 3.415756501521199, -3.3581351686129333, -3.989253708448302, 1.2858793749320463, 1.383813241170417, 10.200454280674006, -1.0640867469737143, -0.9316928897633888, 1.1284905475513494, -3.800948141999054], [2.042964332541188, -5.942306783045073, 3.394781487867519, 2.8906670158517955, 0.5766702026861186, 1.7065756663457599, 2.6015450847897488, -0.6303368627222757, -1.0370759269929457, -11.53459295944945, 2.5323036680886526, -3.0198932961612353, -3.9471668794027437, 2.6805015979791937], [2.0711661003237056, -1.1481324302448197, -9.558935135338169, 0.06710304499224262, -4.853235733217656, 1.2306672818633546, -2.895119620073112, -4.373883996832495, -4.301991221575793, 4.5162875460124425, -4.16932721662581, -5.074006980066373, -1.3459444015055482, -1.2257455487831483], [0.5420200224058325, 1.4893658839254706, -1.4755427337665645, 2.4174777266507053, 0.8997738468337143, 0.6428865138946152, 8.260460784649798, -2.577078216085714, -1.8147870731687898, -4.59504813615227, -2.9845124851343012, 4.249193416639734, 1.7571629133810784, 6.043520651124561], [-6.4820802173765095, 4.305424937309359, -4.4565278803606505, -4.968717366329759, -1.7678195434579806, -2.713110019773385, -0.6562563901573679, 5.871487325294876, -1.7305657195427329, -2.759619490925055, 4.461964872741964, 3.639925498811646, -2.9689927721199916, 3.093206129172478], [-5.263080336734193, 3.48868428017442, -4.002719721410019, -1.1929798278628199, -1.3227213423964845, 1.4967662372028303, -2.126256801741016, 5.572806945902683, 2.418487605922481, 9.21103348747543, -5.61417631823476, 4.572849459310099, 1.1895471480952953, -3.101674787939027]], "bias": [[0.6013021420049893], [5.847843687539813], [-1.4030443755685962], [1.0795953044744337], [0.3337945361992953], [-0.717250370706962], [-5.482436609514746], [-3.8035197399227005], [-6.054936441272138], [1.087608558108955], [-1.908846013711544], [-1.3281172560991024], [-3.761576184842634], [4.836390604097299], [-2.0746936582096094], [-1.4059659804661782], [-7.001412417508233], [2.216663222597018]]}, {"layer": "activation", "activation": "relu", "activation_prime": "relu"}, {"layer": "dense", "input_size": 18, "output_size": 4, "weights": [[7.872742597420277, -2.110859605199974, 0.1564967495220606, -8.682012683474127, -2.3856238840099175, 2.0444835679624838, 0.918273268895617, 1.3617608005663921, 6.066832887882597, 0.20898159879635592, -1.249487115150876, -2.9299863296646977, -7.2584015970950535, -3.03451776100568, 5.539562744083854, 2.8151305969406897, 0.09049852282814963, -1.0849182919569662], [-0.4713020065631144, -2.7626947600551106, 0.5973619460728772, -1.348333328865562, 2.4776714776863615, -2.4664381094751824, -1.870393585905788, -0.07185896631808975, 6.196929920656321, 4.288106387063565, -0.7749990940281561, -3.6141320962826837, 0.5143207599568962, -6.917349987499043, -8.442148219211177, -2.869388715221155, -1.2820626772727934, -2.4528486691528997], [3.5737117854566254, -1.4499524196637952, -0.3227570319783467, 3.5957636484284143, -10.792603529612688, -5.682784663017956, -0.6436173440423507, -3.5765860953267774, -2.7856596829129967, 0.06359352222025555, -2.025854921462421, -6.72086980513487, 0.16091208613838037, -0.9452700490456957, 1.3297035824039014, -5.662622847647796, 4.061771369957333, 1.2289678793302123], [-4.9862258141334515, 2.1120789896282477, 4.601141127495317, -3.073322670891188, -1.0903354905707325, 3.534079537841226, -0.8509421245104105, 0.9610361491195141, 2.1525287265675828, -1.5701956420201648, 4.221724962366605, 0.4689293682051707, -1.020086907329545, 5.546999253392649, 5.766604942369368, 5.789642139974475, 0.4767046962529198, -14.812641641906438]], "bias": [[0.824995435830033], [-5.522355142784552], [4.873443098468116], [1.6896346555824837]]}, {"layer": "activation", "activation": "sigmoid", "activation_prime": "sigmoid"}]}