{"generation": 417, "board_size": 10, "snake_size": 3, "input_direction_count": 4, "apple_return_type": "boolean", "segment_return_type": "distance", "network": [{"layer": "dense", "input_size": 14, "output_size": 18, "weights": [[1.4646221141231892, -1.3141486161199878, 0.3147520554296133, -0.8357580625749402, -0.03404431843111477, -2.5542855572660628, 1.8803272685935637, -0.8240048135767134, 0.05113229750368481, -4.044341126648377, -0.5172770144099611, -2.937910867331829, -0.3931622813182143, -4.06812914588583], [-2.141860309978564, -0.09444175468098276, 0.05680549088880321, 3.870715269149813, -0.5630734197762892, -4.27004576398977, -4.725051038388768, 2.671417236620502, 0.9445505537359886, -1.0093702362089074, 3.387999523391971, -2.0297007909335463, -2.112417175318033, 0.3192739051667576], [6.654232826537074, -1.1414306716571483, 2.0023852760544996, 0.3043594660264096, 0.5009408522037537, 4.095964640618504, -3.932753871419791, 4.321305900844798, -4.293818913697276, -6.295409361015986, -0.23063010449904042, 7.2316344311195495, -5.372704011982611, 0.4085377911581519], [-0.7208649190740112, -2.8167489182378254, 2.275961839060213, -2.0475343979421, 7.207219005444283, -0.5736829890662016, -1.8988258416335129, 1.140222085553698, -1.585168677815021, 9.849890104279961, -1.8630318896697453, 0.4507459413702624, 0.04971398153634199, 0.8701663726329962], [-2.719831177871387, -3.6626279491400098, -1.300764818055804, 0.907614524990193, -2.567308011388283, -0.21294963300161673, -2.1850699087355725, 1.039862580876025, -6.6965243861341115, -2.862004515754947, 1.452369681053784, -6.258303748827155, 1.2075004769160773, -0.6653355439916113], [2.2608256458291214, 0.2909896646810705, 6.830263537194076, -5.150694163661545, 3.040485206417838, -2.0587352876727447, -4.299013682690262, 0.8425210837628321, 0.696920085469702, 1.97624199917793, -5.97270681189878, -1.8034128463881607, -4.308721739948422, -4.2437648199470175], [-1.8445239526449542, 1.1670009895089433, -3.7419326648316376, -1.1766335535519281, 4.161906093327436, -0.35294069372947257, -2.5557641642003377, 2.623683840222349, -6.062291692589826, -2.2704020464098473, -1.9879441831308826, 3.8331861150687327, 0.25060531096648364, -1.5516235462079253], [1.3471628588896372, 1.3015317937174269, 2.39646415188607, -4.211698080417282, 2.142922434258871, 0.18826662836902197, -1.6474257953015385, -3.8028840587983677, -1.774491964561272, -2.2736069738672597, -4.528332546984249, -1.1791265752209956, 1.0436348169328238, 0.4951182457491464], [-4.212264700118523, -4.028634192289763, -0.8559604390868248, -1.559292188918747, -1.7635323307447885, 0.4602309830557616, 0.23561200613512057, -2.1523763842585604, -3.5795067167869914, -1.4239427679795393, 0.5562749861238212, -0.9944257740701399, 0.44596382353679065, -0.7920522088805715], [-1.7659079067064245, 3.1382336988412263, -0.444087031187698, 2.273637201332397, 2.3391854456713257, 1.0978967329676244, 4.037239228622162, -2.621283227710638, 1.6325951584925074, 2.8024661527487345, -2.09495085406073, 2.2163509439035654, -0.1255075535780844, -1.1812643199586261], [0.5674617939537008, 7.780487055094409, 0.08386442818084108, 2.2736423989872314, -2.669881951308556, 0.20117303694970934, -1.5789361389490497, 0.9116582297833518, -0.892016117919284, 4.917264370629951, -0.5206468698884401, -0.515372301973932, 3.5026658886366877, -1.8582345830996505], [-1.9096125010322171, 3.2696407427599037, -2.209814904226384, -1.5471992903296337, 2.9187154981965313, -3.4114931008789684, -1.4879593428864912, -0.8029027489851892, -2.7678862146190095, -4.664790538600925, -4.666796218059393, -1.1634840870280847, -2.628214642601818, -1.692173897953131], [-0.045917658310974274, 0.8177087530363955, 3.3194469565479, 6.702355767152298, -0.746009145974378, 0.6967970092906997, -0.968314255675318, 0.7971770798149365, -2.4813997760261444, -1.951946640988067, 1.9588905704563595, 0.6254180522203261, -1.9630465846407559, 0.7794076256544974], [1.1842114800984018, 2.440965639266743, -1.0385932861726812, 0.22416511520975307, 3.3367429322840154, 2.4167458976414897, -0.5227960170732738, 0.3663141306802127, -1.4677795059407006, 1.142186761810729, -6.352023869985751, 1.0854989215708233, 0.1118564097276506, 1.8716801970631296], [-3.6033626059609123, 2.0992238448110445, -3.343615703743168, 3.504788048951551, 1.9812616677258368, 0.8835917726259502, -5.022226796960027, -2.1936546262006256, -3.201187335650801, -4.4317401216672865, 2.3192350577285317, 0.27259131558282673, -0.3975207890025457, 0.40009115360558534], [0.12771959319148707, -1.5658815750801045, -2.587342356328019, 2.9021197617800665, 0.20913921915415384, 0.44530894663791754, -3.9481805088927677, 0.683441054675848, 1.8593198474067953, 2.9798744234795085, -2.7576455852456956, -1.1586962665479392, 0.5071985277504787, -3.7137642264224304], [1.8560693904845857, 2.236796822838913, 3.779221704690293, -0.014316681479868199, 1.9002154308493417, -1.9617470936127495, 4.543481883056893, -1.3086317890160057, 2.3439235408841608, -0.8490241006720549, 3.0427280277008357, 0.8484988059015752, -2.7988477767404807, 1.5485848202967085], [-0.9600054168058608, 2.544618541404189, -6.843602862461441, -2.4469377529431315, 4.735602543031215, -1.779294095938284, 5.0301450864319195, 3.1534547245921, -3.287251609857141, -1.8554583450663102, -2.934826075990644, 1.348166367660315, -4.4574749938195275, -0.40814599842870913]], "bias": [[-0.35809179250222245], [-0.7405172976189865], [-1.7727630780613928], [-1.2836873194262444], [-0.12877434963656445], [2.9678284844216325], [1.023771863375708], [0.6980828641721694], [-0.05350313137113799], [-1.376055071265573], [1.1937258529303063], [1.1035759852782108], [-1.1964096606653807], [-1.4862967133369458], [-4.370115727115498], [-1.3542572779085003], [-1.4082509445109475], [-0.3346795329400827]]}, {"layer": "activation", "activation": "relu", "activation_prime": "relu"}, {"layer": "dense", "input_size": 18, "output_size": 4, "weights": [[1.6392948813207173, 1.0382992579591719, -0.7948272341028968, -0.9481225358262289, -0.5949597469477942, -2.2450954848605766, -1.3681663708264136, -6.341224788500538, -1.2129778792091823, 3.0624721004661226, -0.8947496436683154, 1.3362132053264033, -3.6231199663462377, 0.18353603554137154, 3.7837665079636436, -2.3736066182580267, 1.7825665250210707, 1.7455709462516602], [-4.4580465148311745, -2.38306202316326, -2.0640014078835573, 0.31651590324259427, -1.502112671828872, 0.014437546293202444, -2.121257845918446, 1.6339446204514938, -4.162656439118669, -0.2405101639545371, 0.9003554392697302, 1.4731243810953027, -5.159491445495779, 1.0520524071955357, 4.241005946700149, 0.38478900713587527, 0.2734750656297761, -3.3423486134198086], [1.4036015097711974, -0.0715171552873346, -0.11548585555711066, -0.6150048337185176, 2.0334532130531704, -0.5379775371288269, 0.02520105634350811, -2.3244454238300065, -2.2280806903036385, 1.0218322777996276, 0.4918340017906291, -0.6161743644494567, -1.3099551285711493, 0.5015960767745774, -3.2208220186204386, 3.10241512373418, -0.6416682470450623, 0.6465485079287032], [1.8854081396715463, 0.09339163719690702, -1.540255915676255, -2.316532570504107, -0.7364391855758318, -1.0725740460498814, -1.7333301656375268, -1.373997104851322, 3.4889542093664647, -0.2650636136626773, -1.785119890147605, 2.8003412074542116, -1.1473998403710253, 3.037414100243102, 1.473645229816617, -1.827955255344875, 3.7344453762292447, 1.2935968371769857]], "bias": [[0.1231047869967378], [-3.394265968073459], [0.060392311951092154], [2.0636157423712738]]}, {"layer": "activation", "activation": "sigmoid", "activation_prime": "sigmoid"}]}