{"generation": 417, "board_size": 10, "snake_size": 3, "input_direction_count": 4, "apple_return_type": "boolean", "segment_return_type": "distance", "network": [{"layer": "dense", "input_size": 14, "output_size": 18, "weights": [[-1.2181222518446144, -1.4494281828631683, -0.4253684606938073, -1.8844914962966657, 1.5017105725087727, -4.475585639162466, -0.47283146945109367, 1.2294583682829896, 2.6763860171776668, -4.1221918257259595, -1.513030809152207, -3.792655940159026, -2.649205668009637, -3.276736617838384], [-3.588063918903412, -1.8421893987904214, 0.06107277709989267, 5.371845666853265, -0.5630734197762892, -2.5285999432256867, -3.7488955864839397, 2.6089905307042573, 0.09438881432898283, 0.31395992993581745, 3.387999523391971, -2.0297007909335463, -2.112417175318033, -0.2496787106351352], [7.34209617386409, -0.0021482523879232662, 3.890920348832113, 1.732541751524857, -2.053789810751142, 4.500391282859907, -2.191968645435799, 1.3128409706092112, -5.781163663505972, -3.7349206147976046, -0.23063010449904042, 5.588574213268182, 0.39913047099630283, -0.4519588943924138], [-0.2761819932501007, -3.5960626246845786, -0.4306350277035785, -0.8731830682549022, 6.616010016521681, -0.5591544014462901, -2.2309116584761086, 1.9441161334908743, 1.0054788634570901, 10.47982891305066, -1.1799973467336171, 2.4007896038534824, 0.04971398153634199, 1.1339633350154033], [-1.3007032765862916, -3.6626279491400098, -1.300764818055804, -0.18003967398948625, -2.567308011388283, -0.21294963300161673, -2.4842216352061386, 1.039862580876025, -6.6965243861341115, -2.862004515754947, 1.452369681053784, -6.258303748827155, 1.2075004769160773, -0.6653355439916113], [2.2608256458291214, 0.2909896646810705, 6.830263537194076, -7.2206343449630825, 2.829895647618105, -2.0587352876727447, -4.299013682690262, 0.8425210837628321, 0.696920085469702, 1.618413948359505, -5.741597608568596, -2.6413769937141796, -4.308721739948422, -4.2437648199470175], [-1.8445239526449542, 1.1670009895089433, -2.819769685753158, -1.1766335535519281, 4.161906093327436, 0.1933392875319162, -2.5557641642003377, 2.623683840222349, -5.14155550312319, -1.3744327508474583, -1.9879441831308826, 4.939554084312633, 0.25060531096648364, -2.3833735962659635], [1.3471628588896372, 1.3015317937174269, 2.39646415188607, -4.211698080417282, 2.142922434258871, 0.18826662836902197, -0.8292213006760154, -3.8028840587983677, -1.774491964561272, -2.8986204404123295, -4.528332546984249, -1.1791265752209956, 1.0436348169328238, 0.7339091284103745], [-4.212264700118523, -4.028634192289763, -0.8559604390868248, -1.559292188918747, -1.3602624749132308, 0.4602309830557616, 0.23561200613512057, -2.1523763842585604, -2.7250012156992067, -2.3994045323626203, 1.027994157965014, -1.6996705390231819, 0.44596382353679065, -0.7920522088805715], [-1.7659079067064245, 3.0294270486773027, -0.444087031187698, 2.273637201332397, 2.3391854456713257, 1.0978967329676244, 4.037239228622162, -1.6225634205637292, 0.8475800154309161, 2.8024661527487345, -2.09495085406073, 2.2163509439035654, -0.1255075535780844, -1.1812643199586261], [0.4344892246445847, 7.780487055094409, -0.40856867949757136, 2.2736423989872314, -2.65841289990858, 0.20117303694970934, -1.711997364924359, 0.9116582297833518, -0.892016117919284, 4.1523694008154175, -0.5206468698884401, -2.2968007158659915, 3.5026658886366877, -1.8582345830996505], [-1.6239353234828275, 3.2696407427599037, -2.209814904226384, -1.5471992903296337, 4.596384079914551, -3.4114931008789684, -1.4879593428864912, -0.8029027489851892, -2.7678862146190095, -4.664790538600925, -3.7469038460957114, -1.1634840870280847, -1.9980638680046658, -1.692173897953131], [-0.3857888966291737, 0.7366361291359915, 3.3194469565479, 5.568889456674378, -1.0241921404095673, 0.7714420784142829, -0.968314255675318, 0.7971770798149365, -2.4813997760261444, -2.2653070928397185, 1.9588905704563595, 0.6254180522203261, -1.9630465846407559, 0.7794076256544974], [2.4866987778931553, 2.5320895238364534, -2.175807526281151, 0.22416511520975307, 3.3367429322840154, 2.4167458976414897, -0.5227960170732738, -1.2720133322877174, -1.2503600232262975, 0.27294575067213256, -6.352023869985751, 1.0854989215708233, -0.029864207192019557, 1.8716801970631296], [-3.6033626059609123, 2.0992238448110445, -3.898599318969784, 4.078073076686811, 2.191655285382316, 1.996320729069973, -5.022226796960027, -3.3219488894675937, -3.4306953386089614, -6.312430295713434, 2.3192350577285317, 0.4719977780703314, -1.3589238877752212, 1.92398919310372], [-0.35045908034608125, -0.5929972187173163, -1.4790722665093594, 2.9021197617800665, 0.20913921915415384, 0.44530894663791754, -3.0220793915489823, 0.683441054675848, 1.8593198474067953, 1.8772690227256292, -0.424479349183154, -1.1586962665479392, -1.7412082534348796, -3.7137642264224304], [1.8560693904845857, 0.6393551265172704, 3.779221704690293, 0.29250933916429855, 3.5541901165705188, -1.8230489714840385, 3.905177537678436, -1.3086317890160057, 2.5505985441615535, -0.6132340487995488, 1.9672414087947678, 0.08581519684283223, -1.5508190097923094, 1.8048296906217405], [0.2613055583547097, 1.016020808464507, -5.507828624133534, -2.4469377529431315, 3.3313052773531853, -0.2948287194264352, 2.4071409228573435, 2.3784953690027852, -2.965047873036899, -2.6200971665680552, -2.934826075990644, -0.8404436194748961, -4.269249848058113, 1.1105111200265754]], "bias": [[-2.3324653310847356], [-1.236497333870928], [-1.6749674014613347], [-1.2836873194262444], [-0.12877434963656445], [3.056620165552052], [-1.4227762686988432], [0.6980828641721694], [-0.05350313137113799], [-1.376055071265573], [0.6058804139494506], [-1.7324436173937623], [0.49861046356986405], [-3.287335877162013], [-4.370115727115498], [-0.330887436509234], [-0.46154490694758254], [1.447152585919218]]}, {"layer": "activation", "activation": "relu", "activation_prime": "relu"}, {"layer": "dense", "input_size": 18, "output_size": 4, "weights": [[2.535593861510865, 1.0182523810643893, -0.7948272341028968, -0.9516250574877391, -0.5949597469477942, -2.2450954848605766, -1.6175667676123777, -5.833577884955133, -0.9197052141089908, 3.0624721004661226, -0.8947496436683154, 0.379601142171287, -3.389045783970745, 0.18353603554137154, 8.134830045679562, -1.1453358341864326, 1.7825665250210707, 1.8971197027105513], [-4.4580465148311745, -0.4242515219794507, -2.0640014078835573, 0.31651590324259427, -3.0894368846957665, 0.22173769492683987, -3.595755309609339, 1.240054146325785, -4.162656439118669, -0.5497417919324287, 0.9003554392697302, 1.199073385516998, -4.47277707888497, 1.3102814976084993, 3.9227745776118654, 0.38478900713587527, 0.2734750656297761, -4.896613696205472], [2.0464456874297277, -0.0715171552873346, -0.11548585555711066, -0.6150048337185176, 2.3312041419833274, -0.5379775371288269, -0.8665883918840278, -2.302647982900537, 1.4754537458129184, 1.0798081693864694, 0.4918340017906291, 0.2763998550452864, -2.4954054250419677, 0.2616671788795698, -3.2208220186204386, 2.251413907855102, -0.6416682470450623, 0.6465485079287032], [1.847677829740724, -0.7841527415121294, -1.820523380047396, -2.316532570504107, -0.7364391855758318, -1.0725740460498814, -1.7333301656375268, -1.4431023296891476, 3.4889542093664647, -0.2650636136626773, -1.785119890147605, 2.8003412074542116, -1.098642811503826, 3.5252881083999106, 0.9114219196274453, -3.0059080409964603, 3.7344453762292447, 1.2935968371769857]], "bias": [[-0.036694949333233806], [-3.9168338750199294], [0.060392311951092154], [4.037117457633123]]}, {"layer": "activation", "activation": "sigmoid", "activation_prime": "sigmoid"}]}