{"generation": 547, "board_size": 10, "snake_size": 3, "input_direction_count": 4, "apple_return_type": "boolean", "segment_return_type": "boolean", "network": [{"layer": "dense", "input_size": 14, "output_size": 18, "weights": [[-5.765516227912526, -0.12696547207723297, 1.899847737107741, 5.204000877659947, -1.7995518626774394, -0.5120208910867629, -2.3320255454017302, -1.4592697104631722, 0.6171446633140285, -0.08912800288864492, 4.20997611604462, -0.8000341014487217, 0.5611578607896763, 2.9422219529230444], [4.745645888303869, 3.49258676412621, -0.768408850991127, 0.2266353498889049, 0.9525166317568147, -0.1800342100726659, -2.232000601866414, -0.31648069070114404, -2.078489871890325, 0.3462488240696926, -2.123979224810622, 1.7831775898057418, -0.5928017233096432, -1.4076962379864661], [-0.7254301911790328, 0.5289051075243028, -1.0193943329219286, 2.08023565900647, -1.4266230200408534, -6.018748555376914, 3.153334939256883, 1.179554303995974, 3.175556981096178, 2.745383940028742, 1.5631408759515133, -0.37106422063481886, -3.550229137655901, -1.9801919622804784], [-6.2414929101307415, -5.159346232447803, 0.5932751975954922, -4.026034411753347, -2.9596086672209125, -1.812281592553832, 2.6476284396855054, 2.6233345513397346, 2.9685849607264094, 0.373168515029662, 2.7691140082857904, 0.5045348116064639, -3.3034353712871267, -5.846050214452865], [-2.874090712066512, -1.568795635827692, -3.6691575079404544, 2.7472682599110585, 3.8517880263376707, 4.982200852658002, -0.8420226323763853, 1.9190209425038607, -3.2758953818798555, 1.5374485256095238, -2.2265521016805283, -0.07297831311403749, 2.4415993686138324, 1.5052265426212712], [-2.530231014784305, 7.034118794733966, -2.224793343991941, 0.02842190740833206, -1.413253182837993, 2.9855660801251362, -6.323614780792541, 0.8906607108569248, -0.0737727583118726, -1.6909358623372053, 4.709424237427679, 2.0182405347468437, -0.31625012644179495, 0.025249494063552258], [0.7404132530880756, 0.19938510057572678, -8.632719692937293, -0.510593510953567, 3.5373592847535016, -2.2113420707405664, 5.610726860739906, -4.402272517437169, 2.4930376966380368, 3.457375403965548, -1.757116253968619, 2.5614222697150892, 2.9613601785708035, 1.4455102437867375], [0.478037457511055, -1.872570994649326, -6.864875960795541, -3.9116941162564016, 0.8616962461025728, -0.06045627748944517, -5.683113570550944, -1.413901180752695, -1.2274902391395979, -2.4914228549000406, -6.027233365853267, -0.37435585406163496, -0.21329331651498695, -1.8171350438118832], [0.7981990516801277, 6.294481655837801, -1.2777428877003552, 0.44934962847074666, 3.2822967873519975, -1.3332858046373623, 1.940967185108056, -3.7519672732098153, 1.1880477237230143, -1.0779864253901048, -0.17546431302327026, 1.1980684445775007, -1.5765626684034975, 1.5983170513667782], [-3.5042678621805, -3.3941551664847878, -8.829055425516346, 0.33035293517035136, 0.8543864859676764, -5.1121146524791845, -0.862779401682287, -3.26407208447545, -3.1234444365284384, 3.6590976959868486, 0.5091055668085627, -5.76626228987625, -3.7600382372373975, 0.29961890654276546], [-0.8314146727574308, -2.0568265130341556, 0.2380791545731622, -4.524332405497575, 3.018448763065807, -5.089922308156103, 3.1346565761549923, -6.212348084824, 2.734462094797386, 9.22309522950919, -2.3449075851368537, 1.6180537020052779, 3.124810416075641, -7.4226608394439175], [-5.120951452043708, 6.638649659265102, 0.3912842999330942, -2.175849725720931, -11.875012482717114, -0.35751482356790437, -3.3570108246198345, 3.0799285315590854, -0.6279415019334251, 0.08190845510392444, 6.769122937464475, 4.385628809722278, 0.44553421502953094, -1.0699092660276504], [-2.5638977109504193, -3.9900894385037957, -3.8751318745913172, -2.8229652941416665, 4.140571976500918, -5.354869320627992, -2.241618237899098, 4.141369703513032, -0.897075610141018, -0.0010877406694330127, -2.025202064936763, 0.3570025411515432, 2.4183210558585135, -1.1247492866541893], [0.09059446650976355, -0.08520788416023617, -2.43437239402994, 6.440518167091154, 0.33816370164725473, 1.8263125432148168, -1.5008803749055675, -0.01268657840504106, 2.883673864881714, -3.6202886603756728, -1.2678734525180315, 1.7029309955551277, -1.6595471563611068, -3.9312615735103584], [3.506427083038708, 1.8952391678469678, 0.9490748742050095, -0.44249947034836945, 5.311429644840491, -4.7945434408796945, -3.478227491139992, 6.9879434879188045, -0.5149163680174581, 0.2835882842995733, 3.6412546192939956, 1.5246777434494994, 0.3139692951715246, 1.8826085970088053], [-3.6021637666839768, 1.8444580601997005, -3.5801702347434894, -5.138205540431951, 1.0042247876556725, 0.1698825428661046, 2.324614204564883, -1.2811786734738466, -3.4626949488321124, -0.4644842476779092, -2.4207284702774876, -2.107125583541061, 0.22809618073861815, -2.410026758822572], [-0.030777305874556224, 1.1704676247152217, 0.7819338586704346, 1.8895089053518108, -4.105699878862582, -0.25732008674442275, -1.7488482965751406, 1.7588637806534257, -3.709335013413871, -4.82483093770065, 1.9758844242126605, -0.640574320892448, 1.5335100279123512, 1.9798517294117113], [-5.043526527227443, 4.689945654968694, 2.2289652636876487, 9.580157680412906, -0.28850900212895114, 1.4780219172866476, 0.38933115141677943, 1.5070801842692096, -1.3087567157053945, 1.7414879941383004, 1.1551734125068758, 0.9672076522511479, -1.6081154635710573, 2.6637016575746078]], "bias": [[-1.2091161895178506], [2.930238122320611], [-7.491026334172681], [-4.596567125617568], [-0.5031503497554932], [0.05495835878858124], [-3.395726070933592], [-3.199073148657706], [3.064772355227771], [0.14377352606713356], [0.7032950029722748], [0.5589304823638669], [-1.6742658947047402], [7.007154808321443], [6.934735629184556], [1.3889859947695267], [-6.081935957700654], [0.6362051237130749]]}, {"layer": "activation", "activation": "relu", "activation_prime": "relu"}, {"layer": "dense", "input_size": 18, "output_size": 4, "weights": [[-6.311145484648319, -1.3931114064563508, 4.018887754703678, 2.2147122431768547, -2.7323057403851725, 4.733596201164509, 2.0895238161367535, -0.17169308028655728, 0.340005626668218, -1.201348084752661, 1.2567162727239656, 0.9140499167422598, -4.49123762804504, 1.1747346327859878, -3.430900512680337, 3.6983671860184835, -1.6574332395722595, 2.8437405731256815], [-1.0985104035310314, 1.410995019229739, 2.6923703898886675, 1.8940637255561836, -0.3139525024128361, -3.693534717915546, -1.0839352897614034, -1.2697302068153569, 0.6895351063669546, -2.2784743085214503, 1.1839340065198125, 1.379209546865136, -3.9528384119307276, -1.2259050185525755, 0.8919193321785462, 2.1364876603607494, -0.6750378281720515, -1.3350214633217743], [2.626777160437726, 0.30741699371128217, -2.126592672809923, -1.5298494986169224, 0.01776755818717507, 1.7287945029739813, -4.54836609183037, -9.483975423591831, -1.5954325680149388, -2.5988372053221647, -1.092319946211709, -4.262552443493943, 3.3697474167189174, 1.8488150919310062, 0.16058761036844582, -2.5460764940509844, -4.20746390295127, 0.8306834919449921], [-0.6882574713480545, 0.640490116193752, -2.0961919136246925, -0.4760740260063583, -3.8526829249062877, 2.409315717265266, 1.0292419035449916, 2.425600492777967, 1.0251679764140529, -1.2994273178432962, -3.5369043192076024, -3.369706897809432, -1.3940070053966898, 1.216660582222994, 1.1582495305329523, -4.566593534257524, 2.576930798693924, -7.770445753587429]], "bias": [[1.9985533433740557], [3.6843047000015043], [-2.7267848331204885], [-1.4069968797114385]]}, {"layer": "activation", "activation": "sigmoid", "activation_prime": "sigmoid"}]}