{"generation": 553, "board_size": 10, "snake_size": 3, "input_direction_count": 4, "apple_return_type": "boolean", "segment_return_type": "boolean", "network": [{"layer": "dense", "input_size": 14, "output_size": 18, "weights": [[-5.765516227912526, -0.12696547207723297, 1.899847737107741, 5.204000877659947, -1.7995518626774394, -0.5120208910867629, -2.3320255454017302, -1.4592697104631722, 0.6171446633140285, -0.08912800288864492, 4.20997611604462, -0.8000341014487217, 0.5611578607896763, 2.9422219529230444], [4.745645888303869, 3.49258676412621, -0.768408850991127, 0.2266353498889049, 0.9525166317568147, -0.1800342100726659, -2.232000601866414, -0.31648069070114404, -2.078489871890325, 0.3462488240696926, -2.123979224810622, 1.7831775898057418, -0.5928017233096432, -1.4076962379864661], [-0.7254301911790328, 0.5289051075243028, -1.0193943329219286, 2.08023565900647, -1.4266230200408534, -6.018748555376914, 3.153334939256883, 1.179554303995974, 3.175556981096178, 2.745383940028742, 1.5631408759515133, -0.37106422063481886, -3.550229137655901, -1.9801919622804784], [-6.2414929101307415, -5.159346232447803, 0.5932751975954922, -4.026034411753347, -2.9596086672209125, -1.812281592553832, 2.6476284396855054, 2.6233345513397346, 2.9685849607264094, 0.373168515029662, 2.7691140082857904, 0.5045348116064639, -3.3034353712871267, -5.846050214452865], [-2.874090712066512, -1.568795635827692, -3.6691575079404544, 2.7472682599110585, 3.8517880263376707, 4.982200852658002, -0.8420226323763853, 1.9190209425038607, -3.2758953818798555, 1.5374485256095238, -2.2265521016805283, -0.07297831311403749, 2.4415993686138324, 1.5052265426212712], [-2.530231014784305, 7.034118794733966, -2.224793343991941, 0.02842190740833206, -1.413253182837993, 2.9855660801251362, -6.323614780792541, 0.8906607108569248, -0.0737727583118726, -1.6909358623372053, 4.709424237427679, 2.0182405347468437, -0.6398227496071776, 0.08535724277431234], [0.5052132401295928, 0.8815029779019011, -8.614749585130747, -0.510593510953567, 3.5373592847535016, -2.2113420707405664, 6.462405349954764, -3.0076883286975935, 2.4761942581172045, 4.048357790316007, -0.6446650375219585, 3.081163832826693, 2.9613601785708035, 1.204546978004571], [0.663804609291206, -0.914244204680895, -4.934352617860386, -4.610984885079939, 0.8616962461025728, -0.06045627748944517, -3.4996177511797852, 0.5917667544115974, -2.713940341519574, -2.4914228549000406, -6.857947222305728, -0.37435585406163496, -0.9518004647865896, -1.8171350438118832], [2.5701422554952797, 7.297625557891383, -2.9306140201165802, -0.050870312245584026, 3.817391637119245, -2.639427874069722, 2.4282008196617504, -6.688277275567981, 0.7211688527416256, -1.5850671718120806, -0.17546431302327026, 1.6266982884623096, -1.4507678675491973, 1.4402224214749195], [-3.1593288914281357, -2.3232150223986645, -8.731293070632727, 0.33035293517035136, -1.5363324911509877, -4.8859584860155865, -1.279599573608848, -1.8120946280348114, -0.5940217586622153, 2.047281583747812, 0.8599311929700275, -1.7586760332127707, -3.7600382372373975, 2.2824221717460986], [-0.02176226773880649, -2.0568265130341556, 0.9376066920921848, -3.6162077994034516, 1.5869605410578789, -4.2167805385229835, 0.7013353699261888, -5.060052045174571, 3.525031632878271, 9.22309522950919, -4.002912142213833, 1.1280928895915254, 3.124810416075641, -7.182759737731114], [-5.120951452043708, 7.314077831061408, 0.3912842999330942, -2.175849725720931, -10.52314780367681, -0.008866584927972099, -3.3570108246198345, 3.0799285315590854, -0.8026240191582199, 0.08190845510392444, 5.222904113630331, 4.385628809722278, 0.44553421502953094, -1.0699092660276504], [-2.5638977109504193, -4.502422260469949, -2.3833403183615802, -2.8229652941416665, 3.53885392281225, -5.2347046417845435, 0.10335954263247549, 1.3899157800180049, -0.897075610141018, 0.18566416068782432, -3.6881030538478274, -2.183918655605977, 2.5084455764408577, -1.1247492866541893], [-0.7605678352656926, 1.6706240737694835, -3.873401235384437, 6.440518167091154, 0.33816370164725473, 1.6611856615455503, -2.4939642772144213, 0.9865307263517539, 1.194999622227558, -2.6901159168524624, -2.1507897095517894, 2.2948771890103314, -3.2335787022460956, -3.9312615735103584], [2.724964087377752, 2.246627370967651, 0.062256519210595385, 0.30681743545798357, 2.7506938364352496, -4.7945434408796945, -3.924130761509841, 6.9879434879188045, -0.5149163680174581, 0.2835882842995733, 3.6412546192939956, 2.521979909584004, 0.5670032767459382, 1.299866448952278], [-4.34606871306126, 1.8444580601997005, -3.930449543216221, -5.496634719461162, 0.21438750148918606, 0.1698825428661046, -0.17115998314815983, -1.2811786734738466, -0.9224414817525974, 0.350389957476419, -2.4207284702774876, -1.7738982597674164, 0.22809618073861815, -3.8219653816941017], [-0.030777305874556224, 3.6438391447382483, 0.32056833362244386, 1.8895089053518108, -4.105699878862582, 1.0849113068483196, -1.7488482965751406, 1.7111738495480695, -3.709335013413871, -6.71374439280532, 3.7592747543136786, 0.41822020721395237, -1.0621709433790505, 2.224792045181137], [-5.899760501256665, 5.423181442848652, 2.2289652636876487, 10.821313662483737, -0.8355855380110316, 1.3092770631738162, -0.3879006315868735, 2.0122551224912737, -2.2093790958005157, 1.8619978339699168, 1.9010789440069877, 0.7118601903646575, -1.6081154635710573, 3.4411400437351087]], "bias": [[-1.6928856667045775], [1.8143885964473867], [-7.179723313439076], [-1.9455168356088204], [-1.439348439668645], [0.818907147553617], [-2.871446008708374], [-1.3412874957447871], [2.849605546810957], [-0.1658126724681323], [0.7032950029722748], [0.44456135002816055], [-1.6742658947047402], [7.007154808321443], [6.934735629184556], [1.4832360728180143], [-1.6906563302891735], [0.38978796270879223]]}, {"layer": "activation", "activation": "relu", "activation_prime": "relu"}, {"layer": "dense", "input_size": 18, "output_size": 4, "weights": [[-6.311145484648319, -1.3931114064563508, 4.018887754703678, 2.2147122431768547, -2.7323057403851725, 4.733596201164509, 2.0895238161367535, -0.17169308028655728, 0.340005626668218, -1.201348084752661, 1.2567162727239656, 0.9140499167422598, -4.49123762804504, 1.1747346327859878, -3.430900512680337, 3.6983671860184835, -1.6574332395722595, 2.8437405731256815], [-0.5604922142869425, 1.410995019229739, 2.6923703898886675, 1.8940637255561836, -0.3139525024128361, -3.693534717915546, -1.0839352897614034, -1.2697302068153569, 0.6895351063669546, -2.2784743085214503, 1.1839340065198125, 1.379209546865136, -5.32357755294232, -1.2259050185525755, 0.8919193321785462, 2.1364876603607494, -0.6844198343664561, -1.3350214633217743], [2.6790251231230178, 0.9322091565580659, -2.126592672809923, -0.7786868782076184, 0.8618088540932504, 1.183033852831861, -3.2721096406858656, -10.219683738862013, -1.4140881152877336, 0.1561104034697452, -1.092319946211709, -4.262552443493943, 0.8939780793520176, 1.8488150919310062, 0.16058761036844582, -2.5061659093508, -0.521527525707804, 0.8306834919449921], [1.2332616824615927, 0.43697138404647845, -3.536294396126372, -0.4760740260063583, -3.8526829249062877, 2.409315717265266, 1.0292419035449916, 1.5889754399482043, 1.0251679764140529, -2.390706418824869, -3.5369043192076024, -3.369706897809432, -0.9513907321877894, 1.216660582222994, 1.1582495305329523, -4.566593534257524, 2.576930798693924, -6.375218505815446]], "bias": [[-0.23708704497454525], [2.9100184461462604], [-4.072290933557511], [0.6122063053141603]]}, {"layer": "activation", "activation": "sigmoid", "activation_prime": "sigmoid"}]}