{"generation": 533, "board_size": 10, "snake_size": 3, "input_direction_count": 4, "apple_return_type": "boolean", "segment_return_type": "boolean", "network": [{"layer": "dense", "input_size": 14, "output_size": 18, "weights": [[-9.069057513742667, -0.12696547207723297, 1.899847737107741, 2.7159177276494875, -1.7995518626774394, -0.8162380753211831, -2.0704823391928824, -1.3543513899198678, -0.771969917324076, 3.1358195823466652, 4.181183054749817, -0.27189987978265406, 1.6758418261836703, 2.9422219529230444], [2.4018613222795637, 2.8040965821381048, -0.08141527317953312, 0.2266353498889049, 1.7431977303053376, -0.1800342100726659, -2.246795280619555, -0.31648069070114404, 0.27446356396384664, 0.4154608636566149, -1.3658587179609207, 1.7831775898057418, -0.13686387600876926, -1.4076962379864661], [0.02118054991977969, -0.09663541125551434, -0.8070937595871122, 2.087566320336585, -1.4266230200408534, -6.018748555376914, 3.12969677112011, 1.0112215364921857, 3.175556981096178, 2.140206519219858, 3.8171799938756767, -0.5760227926095172, -3.550229137655901, -2.4566137577214424], [-6.270242844076761, -5.159346232447803, 0.5932751975954922, -4.026034411753347, -3.3753553468276403, -2.1587219200410583, 2.6476284396855054, 2.6233345513397346, 2.9685849607264094, 0.373168515029662, 2.7691140082857904, 0.6351160097779789, -3.3034353712871267, -4.62969950798558], [-2.874090712066512, -2.0080382998038293, -3.6691575079404544, 1.6696130643440923, 1.6717002980111229, 4.982200852658002, -1.034584683581798, 4.039630368799843, -5.680375429427997, 2.457688544914574, -0.6080787849831821, -0.07297831311403749, 2.388977906685203, 1.5052265426212712], [-2.530231014784305, 7.409420093815399, -1.2390515175524468, 0.02842190740833206, -1.413253182837993, 2.9855660801251362, -6.898034495437682, 1.1609848360634447, -0.0737727583118726, -1.4104778791762598, 4.878311974969, 2.0182405347468437, -0.1947851689380886, 1.4802978015408843], [-1.2787787070533752, 0.19938510057572678, -8.632719692937293, -0.471130177662084, 3.5373592847535016, -2.2113420707405664, 5.610726860739906, -3.0076883286975935, 2.4761942581172045, 4.020685037366188, -0.6446650375219585, 3.081163832826693, 2.9613601785708035, 1.204546978004571], [0.663804609291206, -0.914244204680895, -4.934352617860386, -4.610984885079939, 0.8616962461025728, -0.06045627748944517, -2.096492810338816, -1.413901180752695, -2.206230275121849, -3.478169742918532, -8.059177446422355, -0.9027392260905376, -0.9518004647865896, -1.8171350438118832], [1.763526570633537, 6.215924438226463, -2.3629541949660355, -0.050870312245584026, 3.2822967873519975, -1.8351606986629174, 2.4282008196617504, -5.220007158655747, 0.7211688527416256, -1.5850671718120806, -0.17546431302327026, 1.1980684445775007, -1.5765626684034975, 1.5078699377047062], [-3.1593288914281357, -2.3232150223986645, -8.731293070632727, 0.9488440153620231, -1.5363324911509877, -4.5469659012791634, -1.4088665618912022, -1.8120946280348114, -0.31900517444848386, 3.6590976959868486, 0.8599311929700275, -3.3751516045152448, -5.40480874319047, 2.2824221717460986], [-0.11575638783534187, -2.0568265130341556, 0.2380791545731622, -3.6162077994034516, 2.238970998658438, -4.68509586544596, 3.1346565761549923, -6.212348084824, 3.525031632878271, 9.22309522950919, -4.002912142213833, 1.1280928895915254, 4.258763091205094, -6.826798792952519], [-5.120951452043708, 6.638649659265102, 0.3912842999330942, -2.175849725720931, -11.60282797296362, -0.35751482356790437, -3.3570108246198345, 3.0799285315590854, -0.8026240191582199, -0.3469368387819456, 5.222904113630331, 4.385628809722278, -0.9054390648811821, -1.0699092660276504], [-2.5638977109504193, -6.525959846402191, -3.8751318745913172, -3.0714084073673096, 4.140571976500918, -6.078280645136629, -2.241618237899098, 4.141369703513032, -0.897075610141018, -0.0010877406694330127, -2.3097982146461082, -0.423724908610996, 2.8658797608100146, -1.1247492866541893], [0.09059446650976355, -0.08520788416023617, -3.5982199313683987, 6.440518167091154, 0.33816370164725473, 1.8263125432148168, -1.5008803749055675, 1.5436293024457006, 1.9404893529927632, -2.6901159168524624, -1.2678734525180315, 1.7029309955551277, -3.2335787022460956, -3.9312615735103584], [2.724964087377752, 1.8952391678469678, 0.9490748742050095, -0.44249947034836945, 2.7506938364352496, -4.362448014189132, -3.924130761509841, 6.9879434879188045, -0.5149163680174581, 1.1078063680779429, 3.2704931495917506, 1.5246777434494994, 0.5670032767459382, 1.299866448952278], [-4.34606871306126, 1.8444580601997005, -3.930449543216221, -5.496634719461162, 0.21438750148918606, 0.1698825428661046, 1.1310067290466894, -1.2811786734738466, -1.712928509313819, -0.17824395458502318, -2.4207284702774876, -2.107125583541061, 0.22809618073861815, -3.8219653816941017], [-0.030777305874556224, 1.1672549457708268, 1.2874297921602562, 1.8895089053518108, -4.105699878862582, 1.0849113068483196, -1.7488482965751406, 0.6306236958036423, -3.709335013413871, -4.735016413306596, 3.781383645078686, 0.41822020721395237, 1.5106455297729622, 1.9729771511405612], [-6.75201812639891, 5.423181442848652, 2.2289652636876487, 10.821313662483737, 0.3176586008041925, 1.6845961581449624, -1.3233670780889262, 1.7533354402498573, -1.3087567157053945, 0.05512331710475182, 1.9010789440069877, 0.7118601903646575, -2.4185940582287295, 3.4411400437351087]], "bias": [[-1.2091161895178506], [2.930238122320611], [-5.564947378985416], [-2.4772361836620087], [-0.15080586058203188], [0.818907147553617], [-2.0969877274592124], [-3.246187573700296], [2.849605546810957], [1.1478483028676412], [-0.007771934368277056], [0.14096601475804288], [-1.6742658947047402], [7.007154808321443], [6.934735629184556], [1.5607232932413828], [-6.807706109108221], [0.9152715929532337]]}, {"layer": "activation", "activation": "relu", "activation_prime": "relu"}, {"layer": "dense", "input_size": 18, "output_size": 4, "weights": [[-6.320912965486599, -1.3931114064563508, 3.9288822490476885, 2.2147122431768547, -2.7323057403851725, 4.733596201164509, 2.0895238161367535, -1.9162102172938091, 0.340005626668218, 0.7122342601881997, 1.2567162727239656, 0.9140499167422598, -4.49123762804504, 1.1747346327859878, -3.430900512680337, 3.6983671860184835, -2.147894246401597, 2.8437405731256815], [-1.5484767621239675, 1.410995019229739, 2.6923703898886675, 1.8940637255561836, -0.3139525024128361, -3.693534717915546, -1.5427943005133882, -1.2697302068153569, 0.6895351063669546, -2.4914797384081027, 1.1839340065198125, 1.379209546865136, -3.9528384119307276, -1.2259050185525755, 0.8919193321785462, 2.1364876603607494, -0.6750378281720515, -1.3350214633217743], [2.626777160437726, 0.9322091565580659, -2.126592672809923, -1.2443119643649323, -0.27201003744984076, 1.5340374388462712, -6.120733135278947, -9.017398131986713, -1.4140881152877336, -0.6335491248281336, -1.092319946211709, -2.370287933180572, 1.0616171658745213, 1.8488150919310062, 0.16058761036844582, -1.4664219682587987, -2.4847894598882467, 0.07726393841191448], [0.8280321845337469, 1.6144745809785463, -0.34343051431461813, -0.4760740260063583, -3.474331697106738, 2.409315717265266, 1.0292419035449916, 0.8973672292795603, 1.0251679764140529, -2.1963168395233486, -3.5369043192076024, -3.369706897809432, -0.9513907321877894, 1.216660582222994, 1.1582495305329523, -4.566593534257524, 2.576930798693924, -6.375218505815446]], "bias": [[1.9985533433740557], [2.9100184461462604], [-2.7267848331204885], [0.6122063053141603]]}, {"layer": "activation", "activation": "sigmoid", "activation_prime": "sigmoid"}]}