{"generation": 442, "fitness": 7.922816251426434e+33, "board_size": 10, "snake_size": 3, "input_direction_count": 4, "vision_return_type": "boolean", "network": [{"layer": "dense", "input_size": 16, "output_size": 24, "weights": [[-6.289643616406758, -7.462545740524763, 0.42992497493435217, 0.47375565352028826, 3.487979423045807, 4.9947576612172355, -3.0684124041084933, 9.319344119661825, -0.5805118348893533, 0.20729310664456357, 7.208287695623057, 0.13374591915138034, -6.2779461228393805, -4.335210113293918, 3.541163175456552, -3.501531710448964], [7.093021457233063, 4.633176483760822, -4.1100274202101845, -1.2027740628539894, -0.6723238464711772, 5.5557402418767055, -0.45562346902045586, -3.403639064978623, 0.955227694687337, -0.815719668807278, 1.29059358703561, 4.913684972078778, 3.378086663751482, 8.303803597501942, -4.163997798194182, -3.152563391617653], [-1.8143626445515353, -0.2915382307629095, -0.33251255570631255, 2.3954889519303153, 0.09075474417976426, -1.1789018313220812, 6.058973230280775, -11.193655740979041, -0.2263372541515271, -4.800839739268498, -3.0457462233116672, 2.0963507472523495, -3.5272412882989643, 4.539971232478986, -5.6883999891872055, 1.290688904828619], [-1.6069724308954867, 1.1901629001664253, -0.07920979804821093, -1.4684592728588326, -1.8425754303235637, -2.0365434233816524, -2.080130301347049, -5.6848428975020155, -1.3304076651139949, 3.20318824282738, -0.2263232076539663, 1.303860295554453, 0.5258574784771717, 0.40356952633319326, 0.1941184043992683, -2.191800013513583], [-2.484137225923143, 0.06149797963658399, -1.636151289154999, -1.9778287156262324, -2.7686881009483297, 0.36433947072057216, -2.978196255899295, 1.7843188877675025, 0.5599442159181629, 0.14140447960781277, 0.46162760115738166, 2.2237401578899885, 2.9233123340389486, -3.284666798949088, -2.789263062347166, 2.0526758932303815], [4.058163259352356, -2.1049598715639024, -2.000040624536987, -2.331680553992921, 2.791042872962621, -6.545222157641921, 3.3498200782559038, -3.1542902882362505, -2.4888850447547615, 1.120981084385198, -3.060518344338351, -2.8531884782886525, -0.013971781459004351, -1.2703694910251286, -6.841626896805016, 3.214475427668061], [-3.651335336591211, 6.86881948328279, -3.59865517543691, 4.694515865238479, -1.7527382990465556, 3.036874991624047, -0.6118902523577601, 0.29341748738855655, 0.774472873819344, 0.6893143195246336, 0.34332533537386045, 1.1637648347819158, -0.32666747294332854, -3.694228718318781, 3.2854430773197, 2.873092003177248], [-0.6681232515001077, -0.25511956148654324, -2.1719738449741346, -1.1338257740486273, -4.634111860433338, -4.171169553711032, -0.09813691946839564, -0.13792267988523343, -2.165290683015616, 3.538532163771091, -2.1016805025128233, 8.057410872970163, 3.0172371928002635, 6.125883528790169, -1.20957655146041, -0.2648242397838001], [-3.4150773003379387, -3.506664732276628, 1.6866943624933457, 0.07416115512346555, -1.4923766662581368, -2.403047336610909, -1.2147612379760728, -1.531198844241939, -2.1557748009564683, -1.1809189007779897, 0.2162251550566776, -0.8914974195905419, 0.34191854945866085, 0.23293829673506117, -10.3185405953518, 6.7101410221103], [-1.1782482746369944, -5.909593444903592, -3.059156170617562, 2.2216981651972754, 10.634151744636247, -0.3507880019022302, 0.20759706109085008, -5.193317439494786, 1.3872537322434153, 1.6442450956765344, 5.057936895401195, 0.5026643994394302, -1.4895304588790363, -0.46629518004380255, 3.6151575693057323, -2.4766995975158084], [-4.932443688340392, -2.5857743197868013, -1.0137285397164968, 2.219808635389681, 3.1664145926862166, 2.8966378054261233, -5.082924766038881, -2.669143834564263, -2.5323897770623818, 0.2203975314648947, 1.4393449171031834, 1.839895174827079, -3.1799402189291244, -2.550038321848448, 4.35302430133688, 3.529982528290556], [-0.06362559899483244, 2.5757190169024735, -5.133754638803855, 3.3379569782466154, -1.0903709047524983, 1.2716487823623968, -1.2968910438267187, -4.777399656448155, 1.8962209823818128, -3.046261478921959, -4.211814188276813, 1.0987043278481519, -3.360449530622864, -1.771155045553269, 4.2598790554465165, 1.672481650266889], [0.11030636493678364, 0.7302742454724533, -1.1159752136468046, 4.3772014957995715, -1.8270836842362868, -0.6850991382132399, -1.302164998903347, -0.37414835655144685, -0.4740886693369933, 0.22230143692346405, -0.8255608123650285, 0.5013627529928931, 0.6010628878317867, -1.0155449182536826, -2.4237636783944105, -1.6251839066598632], [0.7441743441961153, 4.720346392308045, -4.279449019963853, 0.6646775668226823, -1.3475329999650243, -2.0343522009030535, -1.3053276822630222, 3.4753894515816346, 1.0174570088118555, -2.0998619176316957, -2.0415762704470666, -4.84719893191986, -2.329862335447989, 1.785838180941837, -1.0837426331515734, -4.098423051455429], [5.151811346359021, -2.911000008461383, 0.2687626832268484, -3.7078039645778382, 1.183503701251064, 7.134817277253505, -0.9911015116948948, 1.931233498014242, 0.7521537322221707, -1.406426798813373, -0.6658855568528514, 1.5380580534446011, -4.477146875689304, 6.2780918162947845, -0.8680932522102709, 0.3194848296836881], [-2.4346235400162852, 6.260043412955898, 3.163477856625848, -4.700636206262701, -1.9459369361911958, 0.5582996859611205, -2.3815580588322236, 1.5120600264966937, 1.0235997011738744, 1.8752012646228209, -2.7591693293170363, 0.5472532417559703, 1.9430708592925883, -1.6272377042994828, -2.4721662997523, 3.1710630606589447], [1.16764529358309, 2.5509709403273724, -1.5499609018106026, -1.6730357237925877, -1.0477684397206817, -0.30508720166240544, 0.7413020139325749, 1.1694072486404878, 0.42284355926625605, 0.5128449490324826, -4.666338782304291, 0.5167534257967406, 1.0265831524885691, 0.6363231296648735, 4.595213130873602, -2.862943468026022], [-2.193242374852395, -1.060575913971898, -0.6062145581081301, 4.90931540574768, 0.9451305204178077, -2.203970525007265, 1.8142100173284872, -1.7651012738239613, 0.23810420134095645, 0.12972608470555835, 0.6929531606995599, -0.2026316532362321, 1.4739925535624974, -4.742928898156998, 3.4377419524091986, 0.7733197473370018], [-2.379922782535364, 4.338083198630612, -3.2323361171846026, -1.848773534457269, -4.031810177529566, 0.10265445784368704, -2.1304219397843394, -3.9495048128489016, -1.7684993241429596, -3.140999755164163, -0.4649595493948451, -4.653577960434068, 2.0937265639947493, 3.579733125648791, 4.398624767447952, 1.9681539932822085], [0.06847105280347862, 6.429168022538023, -0.7594371139456166, 4.812841261514427, -0.15191463897497848, 1.1424019214886187, -2.452492563903488, -1.0651015960684878, 0.5911161734454774, 2.32494552146256, 0.5905810988253604, -2.2533686297543443, 1.115189986409203, -0.3119038429101052, 0.5490489620025776, -1.9419893185870158], [-0.1853643474917568, 4.054015394651545, -6.047904291257068, -1.48307914349672, -6.325748455590406, -0.9371216363661746, 2.1099203465912737, -1.0662679945143991, 2.919842286038296, 0.7306020065383728, 4.903911296413157, -2.4776638585784587, 0.2627163866926963, 0.4365652417351899, 1.126485682118986, 4.367167636403978], [-1.976167144859633, -1.788792830534394, -1.0904805269181312, 0.36640171411815503, -3.8942804460977793, 6.968228890818673, -2.758928788368035, 2.3436301150576955, 3.5370538074910325, 1.5642655528592395, 2.83742319097911, 2.1078345826469698, -3.3459720275818285, -1.842535440664447, -0.4777289160789093, 3.138214657477244], [0.024588755569376397, 3.897336858859887, 0.3883259661984336, 0.6792186263485592, 6.784254522557262, 3.3269431370585387, 3.686496035013053, 3.4169246328605305, 1.7958796042948637, -6.005451440305102, 0.3526067989771557, 0.3771440801672342, -6.279087892025129, -0.6067483128028381, -4.77887251811766, -0.773564815144058], [3.0543039188149876, -1.6195455008467599, 5.778347082797503, -2.7159185233955014, -0.45616870425228895, -1.5698166629578687, 3.268213598982689, 0.7758714019938131, -0.1547003251216959, 4.89847518704843, 2.618390540562747, 1.2445729412778657, 0.7497713558318337, -0.3364448830898493, 