{"generation": 439, "fitness": 7.922816251426434e+33, "board_size": 10, "snake_size": 3, "input_direction_count": 4, "vision_return_type": "boolean", "network": [{"layer": "dense", "input_size": 16, "output_size": 24, "weights": [[-7.156077677626513, -8.214565615448628, 0.42992497493435217, -0.33502936765510316, 1.561889572679225, 3.723626531660693, 0.5594767493437016, 8.275887042498717, -1.494823888148768, -0.3058209854787948, 6.04192350071576, 0.13374591915138034, -5.610569284171465, -4.335210113293918, 1.4458531362867046, -3.501531710448964], [7.399718211096392, 4.633176483760822, -3.4197666041260564, -2.5117462339506105, -2.502393537387637, 7.0027687148063045, -0.45562346902045586, -3.403639064978623, -0.5946760866471972, -0.815719668807278, 1.29059358703561, 4.913684972078778, 3.664230274514731, 7.726103990001411, -4.526971948462541, -3.152563391617653], [-1.3177901628658522, -0.8820182342319141, 0.24189445353142192, 1.4414642858687476, 1.126700527183428, -0.8852902128618281, 5.36592832700572, -9.414621539440208, -0.2263372541515271, -3.1963637907922537, -2.12283818505919, 1.7139872236744882, -3.5272412882989643, 4.539971232478986, -4.366224453418268, 0.2591239768297769], [-1.2533260472533432, 1.6996048939483752, -0.03474426012545225, -1.77402855188551, -1.8425754303235637, -2.5627865424335683, -2.080130301347049, -5.6848428975020155, -1.3304076651139949, 3.20318824282738, -0.5639059073684662, 0.8544690539606856, 0.5258574784771717, -0.2949613985090938, 3.1162766745640447, -2.74416255231503], [-4.591940097459518, 2.0910305332908723, 0.9572251380090223, -1.9778287156262324, -2.0179750726314394, 1.023779511758295, -3.3816146862060386, 2.1339978041211483, 0.5599442159181629, 1.0352429028670798, 1.0007865077395106, 2.2237401578899885, 3.3185982209231595, -3.284666798949088, -4.806366722980957, 2.5654759714108777], [3.5354724723814113, -3.1896954640374915, -1.5019114954405988, 0.1418784821545478, 2.791042872962621, -4.8169749996563285, 2.137009827451741, -3.706509757840526, -2.4888850447547615, 1.491490244445552, -5.268725097178058, -3.8386198431607745, -0.013971781459004351, -1.4948674286916463, -6.391413869607, 3.214475427668061], [-3.651335336591211, 6.86881948328279, -3.59865517543691, 5.39870967331541, -0.872204459675328, 2.4680997376669502, -1.1297472586122368, 0.29341748738855655, 0.774472873819344, -0.2219189507116054, 0.34332533537386045, 1.0400063373992317, -0.6063577583687344, -3.694228718318781, 3.2854430773197, 2.873092003177248], [-1.942917373492159, 0.42204664251321933, -1.4057627343747983, -1.1338257740486273, -2.783208103917735, -3.448628766814518, -0.09813691946839564, -2.5688305999272503, -2.165290683015616, 4.802623711107767, -2.9952509541185446, 6.375163844343682, 3.0172371928002635, 3.8018989915466195, 1.7306995149139288, -0.5336877522069756], [-2.0022506430382343, -3.506664732276628, 1.2694514573966655, 1.3772451517154702, -1.4923766662581368, -1.251312303918564, -0.2022935141978458, -0.4727156985242946, 0.6312590568192455, -0.4515515769828418, -0.4302776339449455, -1.552923579391169, -1.1662150143342522, 1.0876713143897727, -12.146818188257821, 6.7101410221103], [1.9248122108042356, -4.861056665951935, -3.0594524484318293, 2.281205063658728, 10.634151744636247, -0.7828098053735042, 0.7656173509764456, -4.286761297145112, -0.6947953465943442, 2.337190536767002, 5.1830700165645585, 0.5026643994394302, -1.4895304588790363, -1.5798737904734712, 4.8210160124175045, -1.4825208717729184], [-2.723434931153756, -0.5424819335133116, -2.261042710634484, 3.5622002397235066, 2.6206381308328996, 2.8966378054261233, -5.29950818131556, -1.6461109769014783, -4.5471642552524285, -0.526649089631967, 2.909066460393046, 1.2779727998135653, -3.1799402189291244, -2.550038321848448, 2.1357731335097867, 3.529982528290556], [-0.06362559899483244, 3.485125128694161, -4.352772671435146, 2.904332162273164, -1.860818207244101, 1.4645155621080264, -0.8104483582566103, -4.777399656448155, 2.877703162508568, -3.046261478921959, -4.1885265086897485, 1.6744471236207803, -3.345220334545215, -1.771155045553269, 4.409586178079099, 0.19173432037153093], [0.11030636493678364, 1.7992400380409292, -1.1159752136468046, 4.563602909704512, -1.8270836842362868, -0.6850991382132399, -1.302164998903347, -0.5113039143006337, -0.4740886693369933, 0.720321171440641, -0.9817711996849041, 0.5013627529928931, 0.8833262003777901, -1.0155449182536826, -2.4237636783944105, -2.3167979573059094], [-0.7694730458133965, 4.8937184720438065, -2.924831125771867, 0.6646775668226823, -0.24515529204370312, -2.0343522009030535, -1.1491657163438105, 3.4753894515816346, 1.0863561536126138, -1.999104968833615, -2.966086148443863, -4.84719893191986, -3.731715529866203, 1.785838180941837, -1.0837426331515734, -4.098423051455429], [4.27190770967631, -3.1084375482282667, -0.12429182211707746, -3.7078039645778382, 1.0830213296143372, 6.766828422703875, 0.123797209009472, 2.1384407054519334, -1.0769821306480667, -0.9012048416659322, -1.9056494974688327, 0.5264341165614697, -5.267782701621471, 6.2780918162947845, -0.49979356938575165, 4.2797175051582945], [-0.8043076985178959, 6.260043412955898, 3.8539186403838697, -6.479360106299968, -1.5135179047190184, 0.5582996859611205, -2.4174840977792473, 2.0232399182699607, -0.6912794267731983, 2.751881131627063, -3.8752632193665835, 1.16157213205096, 1.8639378009660874, -0.6167057873648238, -0.9635035435607375, 3.1710630606589447], [2.7015032069578826, 3.7864598034125954, -0.615669654072037, -0.48927149288804805, -2.514505693362616, -0.30508720166240544, 1.20990115125614, 1.9987710783531498, 1.2089653053523335, 0.5128449490324826, -4.666338782304291, 0.15447929729982265, 1.3203229161475498, 0.9655868877296274, 4.595213130873602, -5.39297366685633], [-1.944730584470365, -1.060575913971898, -1.2002822142956728, 4.90931540574768, 0.9451305204178077, -3.3064158384445914, 1.8142100173284872, -1.6504619077009866, 0.1521106588580483, -0.45847031494297485, 0.6929531606995599, 0.029025478458124296, 5.035489667254195, -4.742928898156998, 3.2485419157637607, 0.4246033809592959], [-5.052617942287768, 3.298223805359565, -2.712745106739767, -1.848773534457269, -4.927941674696366, -0.27962320235848837, -0.3549967988837799, -5.042173611319728, 0.0825534189678088, -3.140999755164163, -2.599254230690065, -4.653577960434068, 1.9181144426360432, 3.579733125648791, 4.398624767447952, 3.4044475683659563], [0.2169448947844892, 3.6845477880610717, -0.6484937839959504, 2.969779872146586, -1.6117090676166748, -0.01627694624602216, -3.0303868075531666, -3.5097254191624563, 0.5911161734454774, 2.241313976754081, -1.4186626568926097, -2.2389158478168856, 1.115189986409203, -1.1783831882799862, 1.8803987920421208, -1.9419893185870158], [0.3432086433652132, 3.4226650324541863, -6.719332863962895, -1.48307914349672, -4.675794222598668, -0.4636884194687917, 2.8513228859626425, -1.0662679945143991, 2.919842286038296, 0.07265679013718118, 4.557334698381933, -2.4776638585784587, 0.2627163866926963, 0.08119199781958558, 1.1794902241191614, 3.726078460224694], [-1.7889097303436818, -1.1381301750868373, -0.595702189384518, -1.8260380163934413, -5.134792549934098, 7.726477658832832, -1.3272755740576079, 2.828429121374203, 3.5370538074910325, 0.2852984074205333, 1.3456381701896456, 2.1078345826469698, -3.497566961509815, -0.8272345107126184, -0.35562674630672975, 2.264404378569604], [-1.1714145747067013, 1.9859607321535693, 0.5863118400835061, -0.058307790979851684, 6.978459115567359, 2.382952089781384, 5.258252195451782, 4.640652682896403, 4.258908378300663, -7.636774722308823, -0.7274265186735565, 1.764603194359586, -6.279087892025129, -0.6067483128028381, -4.77887251811766, -4.338289685004285], [3.0097331192145127, -1.6195455008467599, 4.951264080446179, -5.0486945189292705, 1.1336397535267495, -1.5698166629578687, 2.6496797518022843, 0.5884410731315894, -0.1547003251216959, 4.89847518704843, 1.3727784347107361, 0.15075920122555742, 3.2840133531365003, -0.6421998421366236, -2.9769616902093405, 