{"generation": 390, "board_size": 10, "snake_size": 3, "input_direction_count": 4, "apple_return_type": "distance", "segment_return_type": "distance", "network": [{"layer": "dense", "input_size": 14, "output_size": 18, "weights": [[1.8336732292835265, -4.987688995925353, -0.8167808184307537, 5.1402068293417225, -5.078732669098825, 2.799763947150445, -4.786714250070295, 8.241336330477784, -1.0922289850808093, 6.398425932121849, 0.9634963579239382, -0.7347650931735057, 1.396561954546952, -3.061270202452216], [-4.088087742207226, -0.35475307177108867, -5.369216533041194, 0.08249911901965867, 1.3827345519589087, 4.238060610993654, -1.0711626742569873, 1.9390059745206774, -2.4909444367916898, -4.9601241966660945, -1.8665059041518284, 2.074779405627695, -2.026112749217222, 1.4915840033596366], [-3.120113660202172, 3.2296364624450007, 0.2364929736128309, -4.459801647491673, 7.6093400907404005, -5.169347147355417, 11.58437674129782, -4.368565188960252, 5.532263323485591, 3.0028515780623484, 4.817003667313888, -0.865959922839554, -0.21757254119280445, -0.5707085030624888], [3.731340814887715, -0.7888722672216458, -1.3649058797351583, 1.6367907347553796, -0.9372767829496369, -0.4627081459735538, -3.5211931060330683, 3.6158746396720676, 1.8523396062634299, 1.3102063256310437, -0.45963985926025663, -0.8089899647251582, -0.9707713741719953, -4.451190079142851], [2.8871544622352574, 1.9758755589033996, 2.349814219263477, 4.581295751144557, -1.4021729180795321, 2.8508554584203027, 1.5994487067502847, -5.066911922830166, 2.050844091625607, -10.764775612636614, 8.210082515907157, -3.782427264493277, 1.4040388385059246, 2.5286048423854552], [2.4470213997835435, -3.5274485337886587, 0.03975046502842905, -1.2842453710044113, -2.5524074080919457, 0.025798781222894696, -6.939017768740633, -4.878406766058336, -0.8410643385607043, -0.42284070861434175, 1.8738780880142163, 7.4554492012635425, 4.184423796081533, -1.814142577610864], [-5.204796102434109, 0.5337720746393058, -2.374438056126267, 5.0179401553567144, 1.676880515457203, 1.496156656650721, 0.44466735964814996, 2.825958614992296, 1.1790690970754174, -4.1456392024077635, -7.306583367287679, 1.9261773106574696, -1.6855641787316458, -1.012766108590559], [-2.44197220884085, 4.687805753574909, -3.549613117947476, -0.9834899542719202, 0.2684489516843458, 1.2003352333213002, 1.8448645997774566, 0.4570736990040454, -5.051792182840401, -2.9615769282419304, -2.5160247615530067, -4.341243971276099, 1.92286996097936, -0.6451415152844764], [3.252184019313154, 7.620981427084922, 2.7979451853351627, -1.7760768583442375, 6.765938773312194, -3.3364640679696222, 1.4443972803176313, -4.802990386042721, 5.4555886716536905, 1.927268311273869, 2.490323417837445, -4.936582043170987, -3.441244383660415, 5.622828918773516], [-1.8757094755319619, 1.434971665311853, -0.41658144312496304, 2.445241310627809, 1.750809267012236, 2.440040429672545, -6.809182586292836, 0.8500855589021994, -0.0849514116605754, 6.856190169843231, -6.576299251556794, 4.180766271819209, 0.4788168253897001, -2.67747453714969], [1.6047528351457307, 2.284849100124897, 3.5236330880101097, 8.271467771673793, -0.24547086669048732, 1.5730633638150766, -1.6986125478346779, 6.7805520036299125, -1.3524486122335322, 2.9755685415725877, -0.9048997676685626, -1.6304937861713589, -3.2817194104027063, -0.8371351800018044], [2.240800166651708, -0.1035153538132666, -2.170759718657571, -10.229018758406555, -0.7528211044706297, -1.5944276690359849, 3.4930140678843844, 1.8315776060069335, 3.6467260305707816, 0.6800401375445895, -2.7789806474353864, 2.3766505040822525, -2.0528507759029253, 1.9830518378273696], [-0.6028367774439249, 2.1696800453512, -1.048162613457468, 5.347795604209843, -1.4060708779550204, 3.4611686490987266, 0.640630853464628, 8.472414142059442, -0.6552683958780764, 4.148492717450564, -2.3677232845056935, 0.5772328750767093, -1.4841981756044245, -0.5292456081875588], [-2.1644993328149686, 0.3733597229646768, -8.691393000031828, 2.0931197876371512, -4.281748946211364, 1.8239344094458745, 7.305051251435593, 1.4805622018526403, 1.8810893244486362, -0.6479154831572369, 6.789546240151743, -2.8346444466155347, 3.056138414292773, -0.2773008453182748], [-1.5815696224298388, -2.597046165189706, -0.8991900232215785, 4.071992725410509, -0.3843835558131423, -3.0042032095444817, 2.562837718918716, 3.0427433368522694, 3.9118578425596984, -2.714144932189572, 0.6959454697571326, -3.5461656639272494, 0.28149381322804334, 0.8251943162318081], [-2.362598201156219, -1.4722104545221164, -2.9502201827559147, -2.2009335242475223, 3.476074781749877, -4.8250513148863305, 7.18158502339475, 5.605964281484149, 2.9034902206756144, 2.429808125065175, -8.549266608812118, 3.1772743791813753, -1.230139053595865, 2.74318503857737], [-9.690310589281793, 2.217360709323404, 2.1192854217601984, -3.5969338459760305, 2.8701082317909195, 5.643784040455493, 4.30760206227611, -3.324615076145391, 3.8121916535948266, -3.6660793493819797, 1.9661674100346491, -3.8636978251030776, -5.043939242940226, -1.539752405224632], [2.996839070784418, -1.3385787862498666, 1.2486348053942786, -5.210041957873814, 3.580311855140225, 3.299764102445431, 1.8153138218882456, -4.550435144509023, -0.911014850247276, -3.71695969134088, 7.509313934559443, -4.995825505270652, 4.102273805720838, 2.5318417729261986]], "bias": [[-2.122115171235869], [-0.5938408923534432], [0.7358580618184102], [3.553678730682545], [1.7214197502072326], [-0.45500036024700286], [1.973656308585459], [1.4254958921500254], [-2.905326036524698], [1.2835531796707207], [-0.9512217801291656], [-0.4773561276197317], [0.5050385989719633], [-0.05958346590958592], [-0.7302211274706802], [1.6523009939463005], [-4.464407530961615], [1.4356824909058437]]}, {"layer": "activation", "activation": "relu", "activation_prime": "relu"}, {"layer": "dense", "input_size": 18, "output_size": 4, "weights": [[-2.9776075186956685, 4.82057154377262, 3.824034784140605, -6.112781582310808, -5.233503178137839, -4.4562855025903625, -1.8087793595010009, -1.2172805541251401, -1.6694198023899287, -5.351653588790352, -3.056031447560673, -8.128228169556081, 0.6423362274360325, 7.067967470723736, 0.8037744926242135, 2.73759275619906, 9.650687243733094, -8.059915937484481], [-0.0032842162739472602, 1.3668116032157231, 2.693440510325029, -0.08448813390994322, -7.826984951238472, 0.8625411915104225, -3.23739069461166, 1.845955913211052, 1.6356078902799895, 3.658632989430094, 0.7615057150789912, 3.8915116304655335, -5.141049981024135, -0.7410293764273705, -2.722278673893594, -0.4649335744888534, -0.24691399926342505, -4.157798799592204], [6.726220488942311, 4.905692418417857, -5.927089511794593, -1.4717780293415612, -2.2317935241589106, 2.471559571691304, -2.770085425377235, 1.3277169373836608, -4.07943000905672, 2.715325395083244, 4.84627899648799, -1.304236887152882, 5.617092131976217, -0.547569553160063, 5.099942383869828, -11.331473794149005, -6.585993637761609, -2.5040248548072546], [-7.953366717565665, 2.0533619720872487, -0.8171985855679428, -0.12149362353890603, 4.9637393055455625, -1.492266945611181, -4.759073943817631, -2.5567459749254255, 2.2374273552654693, -4.5720478449421345, -0.08247718805129564, 1.0427751812050579, -6.2360395456385085, 1.5802205621524912, 1.7928157543034084, -1.2129435674943576, -0.7057136091703133, 4.1064312893203265]], "bias": [[-5.501997363641871], [1.2018289996483285], [-0.6629842257544096], [1.8239451682352739]]}, {"layer": "activation", "activation": "sigmoid", "activation_prime": "sigmoid"}]}