{"generation": 397, "board_size": 10, "snake_size": 3, "input_direction_count": 4, "apple_return_type": "distance", "segment_return_type": "distance", "network": [{"layer": "dense", "input_size": 14, "output_size": 18, "weights": [[0.6206949487143443, -3.900135096816929, 2.06468188302115, 2.6751955949974437, -5.078732669098825, 2.799763947150445, -6.278580927481522, 9.795700605744136, -1.554896947862556, 6.576557414410546, 0.6285838039703522, 1.3783013715020198, 2.693386762338722, -3.061270202452216], [-6.645063533119425, 0.069458615360809, -6.5380078455548585, 1.4360038882942894, 1.3827345519589087, 4.3031836049746826, 3.3449332343647082, 1.7391169187750801, -2.77744985300511, -4.661885454648362, -0.7764231383637077, 2.074779405627695, 1.336402834312751, 1.4915840033596366], [-3.120113660202172, 3.2483739401271046, 0.7158211134394563, -5.004916947312491, 7.783871721219555, -6.408947676053976, 11.58437674129782, -3.4410804496302427, 6.6829740022296855, 1.9891987030770937, 2.337894501496173, -0.865959922839554, -0.3868843672812152, -0.5707085030624888], [2.6604887695084107, -0.6191493553886879, -0.7761645313165139, 1.6367907347553796, -0.9372767829496369, -0.5689916352293106, -3.4599353481346395, 3.4841004326078893, 2.3243463355941327, 1.3102063256310437, -0.5677853521901474, -0.8089899647251582, -1.3525160172866832, -6.312158413435998], [4.546515610306356, 1.9758755589033996, 2.209265401414974, 3.568286983124538, 1.0849990163780614, 6.590402729944297, -0.9677288634536889, -4.8933092653454535, 1.0694557115733727, -9.722465689496227, 7.0242351362558475, -2.665726180979873, 3.554293199321132, 5.142494859164788], [2.5318651013685542, 1.6939542784060766, -2.121715264739596, -2.421867003743298, -3.0296485428345896, -4.2358629895874, 0.5105478650476787, -2.09671428487484, 0.8310478258827367, -3.2108455444612445, 2.971727244255872, 2.906985057302674, 3.3712579965991223, -1.2381550922266373], [-2.377812696125366, 0.4491379913625556, -2.471198487377604, 2.6802886371927093, 1.2030116980654313, 0.46228685959143695, 2.715611854323718, -0.19806581433966963, 0.21618075080953336, -0.3767719599846746, -9.987969733531488, 1.5760599704274534, -0.9851203782798535, -0.8969513063683854], [-4.84780634784413, 4.479047399008659, -4.887871046641072, -2.9202689292732935, 0.5172808336879502, -1.0858961165175127, 2.407538885148633, -2.7842145005056196, -3.1017385340758854, -3.1320023888585227, -3.5714102427630157, -4.003795158635464, 1.684444547220838, -1.0283732620382657], [3.6544269981786623, 4.763979060195758, 3.200879284657075, -2.9671870961044613, 6.202671969165407, 0.44952743961489217, 1.3606220133426103, -0.8738413987113076, 5.698359299960436, 3.138088370448397, -2.0968623921256695, -4.339369589333595, -6.587216128664773, 7.204304796680656], [-2.505144636488889, 0.6248211609454317, -0.22798101428633455, 1.21665824402891, 3.030692991874138, 3.0471753769267202, -5.928868147912459, -3.4380325348357363, 3.735475218255479, 6.246060938988064, -4.796545421698302, 2.5303945248597683, 0.9107269660730783, -3.4235682824663245], [-0.3446152559449749, 3.0483448649055798, 3.308458705319287, 7.681017831260495, -4.430479072275916, -0.4571968092101282, -3.2147589478014478, 7.530376470196626, -1.3524486122335322, 2.2089285877701044, 0.16617106954308747, -4.363282593549354, -1.7418123723761783, -1.9230220414089407], [4.566679639486302, -1.4991587954303887, -2.2527816756227335, -3.748186038217794, -0.7528211044706297, -1.1055292826776146, -0.872658333066339, -2.8598648791605967, 3.2485833544587273, -0.051356890450206194, -2.7789806474353864, 0.981033151447359, -0.1444028636560164, 1.7168355994322047], [-2.5992505092202034, 2.4719239039784773, -3.5591925023626767, 5.802141339940004, -2.6368005685222426, 5.259618233909406, 0.25391613677942293, 11.522885394672493, -2.2542411061100687, 4.405831691738114, -1.6528687640579105, -1.5016749344586389, -1.0859314535334328, -0.6634563659013226], [-5.469880377786334, 1.6721814072211731, -8.923746696001844, 2.5390888740312265, 0.15643428979201224, 3.404035358422147, 7.656275127764915, -5.817210200673554, 2.1828099826140024, -0.4632376290596807, 8.551913988871865, -2.179783638686132, -0.42488123368926145, -0.062084933751106464], [-1.978714225752908, 0.3904085116541627, -0.07557179773354461, 2.234565183895653, -3.295374448911408, -3.7343991294733287, 1.1521064462682493, 3.6360390238872546, -0.04612246372196854, -5.7386772159371064, 1.5092023027305528, -5.76780438472181, 0.45605391525839034, -0.43913669573627057], [-1.235688951873249, -0.5641955147568714, -2.0101071698663464, -1.118913280598215, 2.5563027192929995, -5.553720877324523, 8.629565097885965, 3.4883370213879656, 1.6615071442907947, 6.451860124736258, -5.50873670117523, 1.6636167255485534, -6.256817247335082, 2.065556005622501], [-9.14142457603682, 2.8238304220597197, 2.9391185818908627, -4.339640205078899, 1.833325185420675, 4.800022323573944, 4.440783753748265, -3.2864465158282656, 5.296252570648374, -1.1806704900412945, 1.961087556363681, -3.6085994057566837, -4.255952925569402, -1.1580500117761996], [2.996839070784418, 0.8569882325672457, 1.8725409852098411, -5.791296246908399, 3.5532794391265696, 4.642224613846574, -2.214227302134709, -5.531853732086647, -4.790220461440979, -1.868820107429758, 9.103715259457159, -2.8433805167786046, 5.113768632265626, 0.8784948512441384]], "bias": [[1.790160185297516], [-1.453685082526019], [2.63587610873655], [4.3523450725643364], [2.9192868567197383], [0.2432859652917801], [2.1120405096065094], [5.748505460008315], [-1.7885665689378647], [-0.3313107327952446], [0.7359218694044767], [-1.4827351080141264], [0.5050385989719633], [0.8722210375554422], [0.8692618275716676], [2.5185325550671935], [-7.522125263813503], [1.2705568336019923]]}, {"layer": "activation", "activation": "relu", "activation_prime": "relu"}, {"layer": "dense", "input_size": 18, "output_size": 4, "weights": [[-1.4204774113888747, 6.208425223073879, 2.8809524600541145, -6.112781582310808, -7.321765772279337, -4.294937309635644, 1.1987592384855055, 1.2140852438353156, -3.3622633464395286, -3.911495885721263, -0.9809379721830761, -7.023521964445271, 0.6423362274360325, 6.813321270601403, 0.8037744926242135, 1.0357532964656986, 8.415344960019658, -2.9915386326966624], [1.3116871165212516, 1.9353446894098247, 2.924472321852459, -1.617867782230605, -7.4626281518056885, 0.36878807630685284, -1.2977126231159257, -0.24454468214156944, 1.9029904430026614, 0.5895024367801571, 0.34684915551755635, 4.667909656818, -4.701990093227805, -3.0058117940223608, -0.7809747238968779, -0.2721743865812116, -1.7911345134632055, -2.747945002046378], [6.598152121002611, 1.3496063673468428, -7.654053709990397, 3.4554956723419963, -0.8566887700417063, 1.8006904860428126, -4.027637683834445, 1.6710099476861928, -3.502675484373024, 2.8077730458008814, 5.205847318045138, -2.775933417918541, 1.280893314489313, -1.1880794596917048, 1.5622405525838947, -13.154964146123122, -6.948105485639995, -4.847402507241411], [-5.888476228666996, 4.351506225076668, 0.40600080447570575, -1.6466537767607303, 5.853846545126945, -2.2817649373773783, -5.599190139467807, -2.304582808905708, 2.5022667659868523, -4.762679660780366, 0.5638297605256745, 0.8796449701725559, -5.235442416056959, 1.1098616254095524, -0.9287630667459909, -4.2077415067768005, 0.7857048211618238, 1.910636573770363]], "bias": [[5.338436952732875], [-0.05739065550735445], [0.548332621530629], [0.8730221599314637]]}, {"layer": "activation", "activation": "sigmoid", "activation_prime": "sigmoid"}]}