{"generation": 366, "board_size": 10, "snake_size": 3, "input_direction_count": 4, "apple_return_type": "distance", "segment_return_type": "distance", "network": [{"layer": "dense", "input_size": 14, "output_size": 18, "weights": [[-2.723807531834847, 0.3371898136633489, -0.8379747975400273, 3.3511415751572624, 0.250257549702282, -1.2673475543987187, -2.316679965082285, 10.84544602924884, -4.276395446823701, 8.483140476646014, 1.2974224834639125, 1.984957893758279, 1.1170436869314644, 0.30224347092521064], [-4.451612995485965, 3.0945825112635066, -2.9942459463699036, -9.319436966465966, -2.2336086777997974, 0.26789213780993587, -2.8933185326898307, 1.6965173404549565, -1.1101126229744862, -2.7740785262955114, -2.610527712458861, 2.3213416065942374, 0.2434815245645242, 0.8606176448633911], [-4.359311236065615, 3.57643247726135, 0.011962704515156478, 0.466037908764219, 6.300995563816763, -2.91951232605144, 10.583691927345223, -5.442735826235287, 3.7158324240678082, 1.5492445958115844, 5.763086498978203, -2.30401714000573, -0.0516591857496107, -1.7739469318703114], [5.434123940900841, -1.8512905396175086, -0.3200841337858154, 0.881548639038492, 3.980899700739002, 1.047053260599935, -3.9254439675055757, 4.576915585605475, -0.22765479508674985, 1.003880861524116, 3.4051490148530075, -1.5370289081403057, 2.0389760813795963, -4.942182472623058], [2.001942587597426, 4.13386546948357, 1.7433010970310683, 5.59489252169744, -4.002787991126441, 3.3222131450444756, -1.9597553030367711, -6.380277529115415, 1.0761366847308738, -10.248975961044707, 8.223122204148456, -4.5429066923429495, 1.0759651258105691, 3.5809256589097536], [3.9498467546605953, -0.4558690434966235, -0.570825542125247, -1.4748518254256011, -3.26624527947792, -1.24305976654031, -5.726503274416558, -6.106387006637929, 0.870499617105205, -0.42284070861434175, 1.9933781244324806, 6.171339387733984, 4.184423796081533, -0.5636924782115634], [-5.204796102434109, 2.3013441597044126, -0.9681272283306289, 3.455087760863168, 0.5942334929763704, 3.1382734223096707, -0.12494488504039669, 1.3835861949166608, -4.580978217400144, -0.16641131117221852, -10.2164274818228, 2.8080602396152816, -0.5110066202592487, 0.6739705425527462], [-4.469177451776297, 0.5577514350686079, -3.0530056882767083, 1.1836978932353084, 0.8559024759771715, 0.6517484690391548, 2.1321380876547167, -0.4371746945378272, -1.3211223521279023, -4.108913520312226, -2.509432334634198, -0.6062966044880485, 1.8544020254415066, -0.3392323573111763], [3.0706294776093204, 9.29566955806687, 2.7875550442429775, 1.5973983543083996, 4.291188303041182, -1.6058090057588048, -3.1891732562604487, -2.1233555535639272, 7.009146855109815, 1.5279862812640246, -2.0968623921256695, -4.729977425270504, -6.327539418477802, 1.6758691719443466], [-1.9448897204851678, 1.0525897324779179, -0.9819078306259346, 1.151307840261853, 2.7011677929010527, 3.2876810214074066, -7.6010734031580425, -1.9270064361827517, 1.596042274243544, 3.5615031418859395, -5.871601914597839, 2.892446322487972, -0.8472714645059719, -3.1721542165905694], [1.7430848460072186, 3.199241806523606, 4.607417387374534, 6.05059593791328, -0.4510494957588289, 1.6618838927414465, -6.627924511291439, 7.441547868916868, -0.4384611053107047, 1.5306177583461993, 0.24516520429468674, -1.9035619361310503, -0.7837198014339098, -0.8371351800018044], [4.340202916747072, -2.0433231377470857, -2.170759718657571, -1.8915484655285306, -0.7528211044706297, -6.124420459529134, 1.2630056441143096, -3.4219852555368426, 3.1481237625025966, 5.227579718134916, -5.586585757056759, -0.902886540799249, -3.1511387090707967, 1.8146996635306942], [-0.26755250758779164, 1.7989292960301637, -1.9732903889782092, 6.42032759464854, -2.709030222430689, 3.597485979002179, 0.3046177148560484, 6.061961809899458, -1.321650812458366, 3.9964440818396008, -1.6244320265427046, -2.818154258889175, -0.7787929983937314, -0.8567144290982677], [-2.780194163048557, 1.0354897228282722, -9.534431357598246, 2.5349861965292075, -2.361455889160126, 3.246600287430613, 6.375878029561418, -2.4314182514840335, 1.8810893244486362, -2.309551789336202, 8.795722945262348, -2.179899675636127, 0.9252277066041865, -1.099701981841858], [-3.109239863652985, -0.3712386454596868, -2.3741123388458645, 4.619798015258979, 0.47233431542231274, -4.682306055041994, 2.8164411852805045, 3.0427433368522694, 1.2904811719889069, -2.6236308616900734, 1.631605483130501, -4.422210233405761, 0.28149381322804334, 1.211805364720571], [-0.5645537568598303, 0.3602776069079968, -2.797384989214926, -1.9782405733638095, 1.8301598443391014, -5.058497061901768, 6.432193497367208, 3.2005531764607245, 2.0398716675974295, 3.140956781927703, -8.014597922119052, 2.164982510900393, -2.6174112841022663, 3.162699919920304], [-11.104247982014936, -0.5221104709878684, 2.8814395499200613, -4.1854290171499375, 0.7084495516101159, 6.569465279155896, 1.8966911660047274, -3.589811287639635, 5.056503410669367, -1.4141238123027318, 1.232566399075624, -3.130657620120487, -4.632960408453218, 0.6373955624912381], [3.991364887120298, -2.6889938701109855, 2.004898278476176, -5.87329822807591, 3.580311855140225, 2.9020850953661927, 2.2172184548907796, -3.770799351515021, -0.2812503122205301, -2.816605496359772, 6.154878995458257, -4.014288226345434, 4.102273805720838, -2.248379627880009]], "bias": [[-0.3301637761763344], [-0.2637160149039468], [-0.4969473087728875], [4.616165105324891], [1.636121006795988], [1.9963364941530077], [1.2233329962920172], [0.8106800875883267], [-3.426002582041282], [2.285621412592617], [-1.750828637910382], [-0.43680666732815426], [1.5148657119992441], [-0.12351577874094255], [-1.962937946555022], [0.9972422904696023], [-3.978941791519763], [1.8357904584031899]]}, {"layer": "activation", "activation": "relu", "activation_prime": "relu"}, {"layer": "dense", "input_size": 18, "output_size": 4, "weights": [[0.0035100990754954875, 5.557811093548158, 3.6058829350345385, -5.413120411063353, -7.169193221037568, -6.707432539073561, 0.011954886243847662, 1.6885796790152026, -2.5065625092675012, -3.1856597281647976, -4.409173456386291, -7.218906684086933, 1.0482261770535672, 6.305179745088886, 2.834188097670483, 3.8583125228324175, 7.646644971069827, -0.6505855472288027], [1.3116871165212516, 2.9716018822710346, 2.5821125920385746, -0.07108682308406566, -6.1084833659449895, 1.251786851158648, -1.737342598528148, -0.24454468214156944, 2.339149331053651, 1.6055319366464966, -1.6981896584332767, 3.7769889614733017, -7.035680554645797, -2.744078135655985, -2.2496761392348965, -0.062331085086098525, -2.6250582432665626, -2.867444254171735], [6.513493926318322, 4.905692418417857, -7.89672118568412, -0.8071308604370546, -2.109184612259292, 1.1352097761296482, -5.19575602872275, -0.11252928621969804, -5.160019374647017, 3.34701758054604, 6.385614342751029, 0.6198592418134852, 5.712784866894964, -1.953006818452455, 1.4734692247925625, -11.331473794149005, -6.066245381902142, -2.2282451154610814], [-6.474676535828726, 5.2393135916795615, -0.5152572235481931, 1.3577581793197373, 5.047239318118102, -1.3738156516301832, -5.9620353398878745, 0.5697689320032768, 1.8804843987211037, -4.256156417197819, -1.2228096718895203, 0.487242624151072, -4.990422318355616, 1.5802205621524912, -0.14575500946835862, -1.4919175509301688, -0.022216432695842614, 4.1064312893203265]], "bias": [[-1.2553986196275435], [0.4015383511680292], [2.27507433732113], [-0.4024927746853266]]}, {"layer": "activation", "activation": "sigmoid", "activation_prime": "sigmoid"}]}