{"generation": 403, "board_size": 10, "snake_size": 3, "input_direction_count": 4, "apple_return_type": "distance", "segment_return_type": "distance", "network": [{"layer": "dense", "input_size": 14, "output_size": 18, "weights": [[1.2528074796813284, -4.61182800308621, 1.0036366409992494, 3.467926507633239, -5.078732669098825, 2.799763947150445, -4.786714250070295, 9.795700605744136, -1.554896947862556, 5.362493547281762, 0.5702817088469246, -2.1691958763861017, 2.3435155824248866, -3.414244926982295], [-6.4725624920052125, 0.24799617746387437, -4.395138807189192, -2.5974557942638192, -0.845414297731564, 1.835122986838046, -0.3447606919509719, 0.417127923755383, -3.5066309468219097, -0.5852533696086555, -2.6638461901877584, 2.849771662406048, -2.7061983521418553, 1.4915840033596366], [-3.120113660202172, 3.4820651036776518, 0.2364929736128309, -4.506576403755911, 7.6874238599080575, -6.408947676053976, 11.58437674129782, -4.251734011679763, 3.25127169238073, 1.5492445958115844, 0.08948659970566064, -0.865959922839554, -0.6121541028806236, -0.430173696193241], [3.505735524058007, -0.1576739590536821, 2.6826114151420084, 2.1731549201764073, 1.3200901622765535, -0.7385866248905288, -5.594301732625058, 2.897433557959906, 1.770478959452659, 1.7558562625998173, 1.1310406878928188, -1.9717505121874608, -0.9707713741719953, -5.595226256004265], [4.546515610306356, 3.7761061471401622, 3.5828750811308434, 3.6785792972425506, -0.7045924740647274, 5.65015578409388, -0.16042896722992406, -6.816272864636498, 1.8593696126020167, -10.794580193623004, 9.467666261912893, -0.2670609870508721, 3.7506740570410884, 5.422294185251568], [1.0608601195549952, 4.907663581652315, 0.18148172070372537, -1.2946868865837127, -2.70453389926039, -2.6953486639067674, -6.00775386880092, -0.37120602385171697, 1.8215143943012637, -2.3688485869420326, -1.1769603754994271, 4.338882404163273, 2.7099382498568056, -0.5636924782115634], [-2.0041748990189543, 2.5135470567758125, -2.9339586890727007, 0.7064926195250993, 3.3317257741717015, 1.7520156938294646, -1.3888062237748635, 0.43856295726619665, 1.9779364462271807, 0.26161643615323127, -6.1958588565133725, 1.0768169297689862, 1.0290911664315852, 0.2794180051283677], [2.5554684488483654, 5.128889941525516, -3.7607776612953296, -1.7612041043276137, -1.8433539275612365, -0.8736999025993645, 1.4078135613759117, -1.1122025345182776, 1.9457751275010595, -1.009138263340911, -4.176780644412596, 1.6685958826487253, 3.113346812926302, 2.6126819344190246], [2.8988188704540034, 6.6935213297228, 4.175706612738253, 1.9476171557735174, 5.106343572109475, 2.209596725645416, -2.3187787787758274, -2.033330751537069, 5.51272740821283, 5.24259683772392, -1.272122826111422, -5.064792525298566, -4.438182435637635, 3.414639078914099], [-0.46776798698012323, 0.9733422923333186, -1.9723815127821864, 4.892206441654371, 3.375694223837895, -1.3263454188690693, -9.064134655347074, -1.6889886206571474, 0.909124118593079, 7.442898324264595, -7.165925524160795, 4.551056069590885, 1.3609300498544616, -3.1721542165905694], [3.803093441251253, 1.7201327112432214, 3.146249502693857, 5.477136999478296, -0.3846778596648821, 0.01855879452685183, -6.5786071422628005, 8.896368982663779, 0.4829950263803813, 3.2382328195589136, -3.6948953043889836, -3.5140936617825256, 0.21725457037607487, -0.9650044448314063], [5.459224769315378, -0.8397895166535293, -0.7142033965490203, -1.8947067906624253, -1.5418554820700447, -3.3972583430829513, -1.9115661708547498, 1.7016209694667404, 3.0601268875964003, 1.87133692603009, -11.29915621685398, -2.1162038447306983, -7.192457493512389, 0.8357246216962515], [-1.885070467165761, 2.7078881387501794, -1.7712501810433543, 6.01795321449058, -4.5427688580354895, 2.7669441123032046, 1.6759417769008769, 8.945336257057587, -0.8498252438282793, 3.543384390410487, -2.6704316972856024, -1.45250866261092, -0.7787929983937314, -0.23549825416342088], [-2.780194163048557, 1.0676902512330555, -10.065193737456676, 2.6134597568404856, -1.4445829866120006, 1.573044272542112, 9.149342204185928, -4.77346670757015, 1.1663855960041256, -2.2331887660358167, 9.551005230859513, -2.7932773927151837, 0.9252277066041865, 0.8826471774680977], [-1.3344558732982457, 2.8899246056235546, -0.8539075099450876, 4.802145486883492, -0.7122961160293513, -5.090820022123897, 3.0086426451436656, 3.855911843731092, 2.316881692007601, -3.4251804844379157, 1.2761121304658103, -5.76780438472181, -2.7300638689833345, 0.952331590525628], [0.5335790966872582, 0.3239388291583798, -2.0730458972079773, -2.2009335242475223, 3.3961269415781494, -8.454507985839054, 7.40730698541719, 3.063847372887955, 3.7432218150244863, 4.080426091570006, -8.661274790490218, 2.0876300195891027, -1.230139053595865, 1.5364331144330505], [-8.194698563471915, -2.4495822175323725, 0.4606694302865957, -4.4939167505855275, 4.7206797428670555, 5.632783597061749, 8.808557864591792, -3.053412939285842, 5.127050142643622, -1.1806704900412945, 1.5414892382238057, -3.5279372971342715, -4.255952925569402, -1.267828026406687], [2.996839070784418, 0.39716953878594213, 1.5270844995846005, -1.58582551477267, 3.900988227487101, 6.0642136271060005, -1.595259712676016, -5.78078499956444, -1.4836925060485169, -2.076259922299006, 7.443108661098951, -3.1688963258310108, 5.7057854475076555, 1.6238653675410177]], "bias": [[0.18215075852819163], [-2.233409613549363], [0.785233977280596], [3.2496065468411293], [1.7214197502072326], [1.1284219385453818], [3.624309473625104], [3.2731478378239007], [-4.718454988730233], [1.2835531796707207], [-0.07310591434975011], [-1.3954682315380578], [-0.2796292529402279], [-0.03965622107395206], [0.2516756991751767], [1.8173152542851616], [-3.978941791519763], [2.5153853151419465]]}, {"layer": "activation", "activation": "relu", "activation_prime": "relu"}, {"layer": "dense", "input_size": 18, "output_size": 4, "weights": [[1.6888216934674358, 3.6818238962837713, 2.4806178981438096, -7.56099795972318, -5.714388594293481, -2.8417616885168098, -0.9427673370815713, 1.681462433002578, -3.3528632402643592, -4.032892069712357, -1.0480106485400786, -7.751603165086564, 3.23134019954115, 6.958430980649285, 1.622578484113713, 0.8334773185735813, 6.889449160907388, -3.8881222346044106], [1.5701738902386888, 3.5039273511171727, 2.4321624476531585, -1.536737544738857, -4.83604837285044, 1.5833822624926088, -2.0016197677752037, 1.6146688760633392, 3.876968861471129, -0.050429997030159546, -1.6981896584332767, 4.349938177330286, -7.12217797608318, -0.6022886966718576, -1.817599470058381, -1.203964862721158, -0.24691399926342505, -3.419306294148103], [5.796363006639368, -0.013034392456047289, -6.968226149792327, 1.732962140693489, 0.44441604533886403, 0.3791929016414606, -5.341619887871831, 2.0214405393686334, -2.993887089110875, 2.715325395083244, 5.293378610270201, -3.105160703347205, 7.321591779126354, -1.464773436288026, 5.318682232434446, -10.827084889576362, -6.5617860623801585, -6.995242236575797], [-6.384576754577417, 1.0528606630297987, 0.48611085438933044, -2.8160931413358004, 4.950799477190986, 0.08701759113324425, -4.6071688804396205, 2.5739405622494984, 2.720514493923593, -4.5720478449421345, -3.323833339317156, -0.19381265108451395, -7.827427722668255, 2.1210505097179224, 0.9165624278951108, -2.0329987929236175, -0.5410714826197608, 2.0489453114691067]], "bias": [[-4.180374859424977], [1.5321803836513859], [-0.6494675339193989], [-0.085268824457293]]}, {"layer": "activation", "activation": "sigmoid", "activation_prime": "sigmoid"}]}