{"generation": 374, "board_size": 10, "snake_size": 3, "input_direction_count": 4, "apple_return_type": "distance", "segment_return_type": "distance", "network": [{"layer": "dense", "input_size": 14, "output_size": 18, "weights": [[1.4575190211940832, 0.8406128162174016, -1.7649213282598273, 1.7523313925216133, -6.15122574278654, 2.0392558585913325, -3.032338995225354, 10.944204356809458, -0.8472804174415479, 6.492076655773608, 1.3609649219685973, 0.2339356062651935, 2.0010396677801663, -2.8473768791686407], [-6.545383165439346, -0.6105199970284112, -7.116021039192956, 0.08249911901965867, -2.8364262626816923, 3.3559840425311083, -0.3447606919509719, 2.105587116165383, -3.1931737734813783, -2.7803930326238504, -0.3863923296629718, -0.07058037336235967, -2.89505177051704, 3.486377706543499], [-3.2102472047189865, 2.7181015742626347, 0.16900349281059346, -1.547733079558414, 7.26317990339688, -8.329639622336199, 10.707654253108254, -4.882203202231119, 5.192094454548254, 5.433377897585533, 4.997419575597949, -0.3937670995427742, -2.80156884103122, -2.446793614740172], [5.052125284652825, -1.4947667119008068, -1.2205789152074937, 0.5817112342664029, 3.8794444181315573, 2.951999773232619, -2.9281652696257474, 4.576915585605475, 1.8502348105035924, 1.4442553038522623, 0.317890511857851, -0.5599069630409359, -2.8060900599424032, -3.8782322701176457], [4.546515610306356, 0.11522420486781734, 2.8937192386736887, 2.1105534871264826, -4.699371530608319, 3.3222131450444756, -1.1858347603294606, -6.344726297152206, 3.130820278907395, -10.928193945503907, 7.748351976634364, -3.20591043816123, 5.277940141577867, 6.122562663962956], [2.406810933378197, 0.5963394945010968, -2.121715264739596, -2.219976815342822, -1.1800675626995314, -1.1274573521185112, -5.9738889459549505, -5.853866315629514, 2.2699200102883337, -0.42284070861434175, 1.8297894933855794, 4.329732055444661, 4.184423796081533, -0.3569087305247204], [-3.008156837068978, 5.112752616664298, -0.26007232983459194, 0.6934557425471719, 1.838485935987018, -0.45444857883570333, -3.8975468246586025, 2.5414708333473666, 1.168745519729406, 0.15823833477835847, -6.368260957922551, 1.4791017539756062, -1.8269746796387658, -0.02717320375540755], [-0.032287795513949336, 0.3007314278591593, -3.129439167072999, 1.0661690657696632, -2.565695660581245, 1.0040215401308978, -3.085084869843761, -0.279395398466441, 2.8157471396409344, -6.729944828396117, -3.086080905516338, -1.8315649752528305, 0.34993676673282925, -1.3762940542755004], [2.805710887192903, 6.401214821555131, 3.446987589861531, -1.6184654596019188, 3.948967106886484, -0.2863889998305331, 2.4160651412426217, -1.6371297860390528, 5.6133148122044005, 0.5556453101376563, -0.46584700647623944, -8.01612541811116, -0.5752322999546198, 7.272522234718432], [-3.0135908139561196, 1.1130937848575826, -0.9642602347946556, 1.21665824402891, 3.030692991874138, 2.341860513913558, -5.2129386526765185, -2.2692339962912174, 1.7571688726952708, 3.8914291326246833, -6.751915205510839, 2.1842161164166924, -2.1958874529788943, -2.6534452912873805], [-1.371140127172593, 6.461695239719889, 5.116980219967267, 7.2977033986669335, 1.334294391564872, 0.6235413202575395, -3.7424789280580835, 7.319472277266726, -1.282736781044262, 3.148378408139462, -0.3825396119504434, -0.5524301099632203, -0.7818945684878698, 1.0754032771779771], [4.340202916747072, -2.9800751800270806, -0.04773163280878956, -2.1274396159554296, 1.0923771598874334, -1.6626976942541105, -1.2143615341521772, -3.524122192982386, -0.7834353185598852, 2.3627672527089087, -5.586585757056759, -0.9393820780179694, -3.788661332996268, 2.7993387677491803], [-0.9462226565225471, 1.1142938435392025, -1.5836844849383007, 6.42032759464854, -3.813259177944206, 2.7669441123032046, 0.6722583607259626, 7.450392397658155, -1.0648005318947837, 4.148492717450564, -3.076470572458348, -1.3092422728483195, -0.7787929983937314, -1.4678365161157776], [-2.780194163048557, 0.7895317125042436, -9.692280574985114, 2.795955895651339, -0.8864385783113188, 4.140913991571806, 7.476767156099471, 1.8986946182605489, 1.8810893244486362, -2.309551789336202, 7.242344399199106, -3.7823960616622396, 2.4901498463346226, -1.8543537183566152], [0.07182099579824708, 0.5103371334765285, -1.3500604010997064, 2.650429255739337, -0.7122961160293513, -4.673553246906958, 0.9314416533278074, 2.710411861083274, 1.5135083234858013, -3.593957362865755, 0.8674639019285063, -4.73620361526044, -0.8349236995411808, 1.004613643894197], [-0.45657215865751977, -1.859326735450615, -4.559950618839337, -2.2009335242475223, 4.223379911900976, -5.058497061901768, 7.18158502339475, 3.2005531764607245, 1.146264029033703, 3.0929784482337137, -8.145315875652711, 3.789052264972085, -1.230139053595865, 2.3277362863729536], [-8.080322232831653, 1.2279718433331943, 3.317542758232041, -5.4044380868056585, 2.8701082317909195, 5.117151338340538, 7.807439250378949, -3.179485002765517, 5.296252570648374, -1.5281797045396692, 3.1145483774352023, -6.000842056359328, -4.617497763548719, 0.41317805984623845], [2.996839070784418, -3.1874676767538834, 1.3204402755583668, -4.686044336564118, 3.0832860255033157, 4.479812061980426, 0.26277762628623325, -6.653066832409133, -6.638828559211525, -2.6256749551860876, 5.794723489885461, -1.5701644751587407, 4.5063353999818885, 1.336418713083792]], "bias": [[0.8193888735339565], [-1.5704360720879107], [0.367614854149379], [3.00703736589868], [2.5405003707873477], [0.9249297526291965], [5.1900703005363225], [5.114851297735904], [-4.846041240608677], [2.381986344716218], [1.3501855070421303], [-0.025654716573071612], [-0.5379072768666094], [-0.7054732949199494], [-3.743993792777365], [1.6523009939463005], [-3.251929298196614], [2.3065350851659674]]}, {"layer": "activation", "activation": "relu", "activation_prime": "relu"}, {"layer": "dense", "input_size": 18, "output_size": 4, "weights": [[1.05493017408926, 4.628784125477626, 4.751647768616587, -7.468919838685612, -3.1980226040469466, -2.436609738196693, 0.4484252387196247, 1.4900896190103312, -4.108113718115501, -3.3974335407753506, -5.8802748834018175, -7.681620508456397, 1.0215693355747262, 6.813321270601403, 0.8037744926242135, 0.8334773185735813, 6.363934224353533, -4.344590164369388], [1.5701738902386888, 1.3212938132785554, 3.12261381942301, -2.1050999346002444, -4.83604837285044, 1.5833822624926088, -1.9354902348568754, -0.34715269694022277, 2.339149331053651, -0.050429997030159546, -1.6981896584332767, 3.7769889614733017, -7.035680554645797, -0.5136839169829737, -1.817599470058381, -0.4649335744888534, -0.24691399926342505, -3.419306294148103], [6.513493926318322, 4.905692418417857, -6.766011994049259, -0.9802479150113765, -1.3337539879078752, 1.642946683306604, -2.4225478303020926, 0.887413496097141, -6.970373740371548, 2.0749759822898337, 8.132433933563767, -2.8999588122003757, 6.320301941088575, 0.07109596084998888, 0.9033573321483273, -11.331473794149005, -6.911002698853774, -4.847402507241411], [-7.574330981669437, 1.8480643417761253, 0.40600080447570575, -1.493608841025652, 5.853846545126945, -1.9258237416630086, -5.599190139467807, -2.220480683537062, 1.2133993205395495, -4.5720478449421345, -0.08247718805129564, 0.487242624151072, -5.618602728511861, 1.313349480386765, -0.9287630667459909, -3.771063530975036, -0.5133047495409885, 4.457527945947863]], "bias": [[-5.352651591942822], [1.6985772411467526], [0.548332621530629], [0.7866481771908639]]}, {"layer": "activation", "activation": "sigmoid", "activation_prime": "sigmoid"}]}