{"generation": 380, "board_size": 10, "snake_size": 3, "input_direction_count": 4, "apple_return_type": "distance", "segment_return_type": "distance", "network": [{"layer": "dense", "input_size": 14, "output_size": 18, "weights": [[-0.8907665018852582, -0.6985294000467523, -1.6804347562128485, 3.3511415751572624, -2.5140833246571335, 1.196666869750798, -4.851537123866673, 11.019760349671184, -4.276395446823701, 8.601904173267773, 2.434909383696529, 1.1115337279912296, 1.1170436869314644, -0.24666553731965069], [-6.905985567587999, 3.0945825112635066, -3.3201242366803765, -8.688975452865261, -2.4728626871237283, 0.26789213780993587, -1.5694774883891118, 2.6591348385620868, -3.3894739521457162, -1.948459893149514, -2.610527712458861, 1.9077274360984664, 2.322226225533516, -0.4637966725969571], [-5.450529638494863, 4.026566738625974, 0.6088968489745854, -1.547733079558414, 6.957657806704949, -7.414767292652083, 11.289608677130477, -9.003142868591423, 4.264094624214568, 1.5492445958115844, 4.514596447090732, 1.1243946793293857, -0.7773796545959696, -1.5760840789975314], [3.069913113445506, -1.9395800339673366, -0.3200841337858154, 0.881548639038492, 3.980899700739002, 2.8128321439881425, -4.00169581541113, 2.223843534955905, -0.8601192727774085, -0.1754648290739863, 1.0254794538867313, -0.8130732395480877, -0.6074082943249467, -6.991595716721347], [4.680422818662713, 4.4817813796137775, 0.9549228460523125, 3.7865723134492906, -3.5048001261804256, 2.978632106257252, -1.659498943960222, -6.290987829522386, 0.9015628179491711, -10.096526253030799, 8.296323548013081, -3.089520342566731, 4.277103061493281, 5.922361230446058], [4.825828956194112, 2.7981430209237335, -2.968209579645613, -0.1115446404847093, -2.0396827225422913, -3.6033719881184423, -2.833482410601423, -3.5286736549020135, 1.8518920085421275, -1.3765036176751917, 1.8297894933855794, 4.428721487080177, 4.4397652800098095, 0.43059339253114026], [-5.204796102434109, 0.5337720746393058, -0.9681272283306289, 1.6979565463587185, 1.2647031633546773, 1.05545490214372, 0.44466735964814996, 2.1478875058204534, 1.168745519729406, -3.2444711071354426, -6.727976356119181, 0.1494975034941326, -0.16360437603446343, -2.54343327499181], [-0.032287795513949336, 2.9046282187321135, -2.857852326500862, -0.9081781918999968, 1.5466681540152196, -1.1216901889617832, -3.200455116430554, 0.24335721506274322, -1.3211223521279023, -3.2634767529664157, -4.104434052510062, -2.061214683172383, -1.8023109917079392, -1.063329120878336], [3.0706294776093204, 9.317800664976414, 2.7875550442429775, -2.897207818464608, 4.923181666058461, -0.5570389768595895, -3.1891732562604487, -2.1233555535639272, 6.036471641542661, 2.195817085340756, -2.0968623921256695, -4.729977425270504, -6.622259559207561, 4.021831602185653], [1.322111728744044, 1.6356840416679415, -1.977929187540225, 2.140446492008346, 3.5142385738661885, 2.2006068828923757, -7.501890752637456, 0.8500855589021994, 1.07818348462272, 5.973437829499811, -6.576299251556794, 4.180766271819209, 0.4788168253897001, -3.1027299862490194], [1.6047528351457307, 0.39138749721506194, 3.5236330880101097, 8.788561316606424, -0.24547086669048732, 2.354124884901462, -1.6986125478346779, 6.7805520036299125, -1.3524486122335322, 2.9755685415725877, -2.1680519286880595, -2.4027347994283255, -3.2817194104027063, -0.8371351800018044], [4.340202916747072, -1.0026852045644432, -2.170759718657571, -5.365106583135521, 0.6104425300789653, -1.5944276690359849, 3.881542402414445, 1.8315776060069335, 4.633964384529223, 0.629142395114914, -2.7789806474353864, 0.981033151447359, -2.0528507759029253, 1.9830518378273696], [-1.5097826602211153, 3.9378373823609745, -0.6783815360000679, 5.347795604209843, -3.2187331651740245, 4.396740281883571, 0.3730538052175007, 11.522885394672493, -2.2542411061100687, 2.126690881472771, 0.06544834799516319, -1.5016749344586389, -0.4496163821644773, -0.6634563659013226], [-4.180459043335722, 1.6721814072211731, -8.691393000031828, 2.5390888740312265, 0.4545800050004598, 3.7551315727583243, 7.220618533118255, -4.24133080929242, 1.8810893244486362, -2.309551789336202, 8.551913988871865, -2.179783638686132, -0.42488123368926145, -0.062084933751106464], [-0.10360636597821649, 0.3904085116541627, -0.40753053469250516, 4.171784357971232, -2.736999714281877, -1.4749561674530465, 2.176308013997488, 3.9950994378996096, 2.6136082963313325, -1.7225252423121433, 2.5315846581373247, -2.010024618563539, 0.8256182181185091, 0.18739332163682043], [-0.356692163453612, 0.13190645893428876, -1.8494585851915735, -2.2009335242475223, 2.376625834373917, -5.4988530596967795, 5.345644167019984, 3.397056103320249, 1.664767229990268, 4.877182114905415, -7.6050476556716715, 2.2178224560072013, -6.216148807399131, 2.065556005622501], [-8.080322232831653, 3.3595803762395744, 3.954180314381821, -5.4044380868056585, 2.8701082317909195, 5.786144261767322, -1.2910444875244844, -1.2200851867612812, 2.530022057524506, -3.717413699951735, 3.2114457314125593, -1.0215115845555167, -7.16526619329379, 1.3593438149585322], [5.637738169537211, -2.488475194034378, 4.115719636355207, -6.750147941535888, 3.2082203453640514, 4.198436383975711, 0.26277762628623325, -5.6026698526685745, -6.068924736980411, -4.4605183216028435, 5.234767672804623, -4.809077783409854, 7.5027827944283425, 2.876223697302418]], "bias": [[1.157275728642223], [0.014316992832287045], [0.8502465534743482], [3.2496065468411293], [1.7214197502072326], [0.5088808326026231], [1.355151747634621], [1.621289041152338], [-3.372486522823918], [1.4599055914958303], [-1.1871431183532082], [-1.7774967172258633], [0.5050385989719633], [-0.05958346590958592], [-2.797956412448948], [1.6523009939463005], [-5.202423648583953], [0.8479085307817865]]}, {"layer": "activation", "activation": "relu", "activation_prime": "relu"}, {"layer": "dense", "input_size": 18, "output_size": 4, "weights": [[0.0035100990754954875, 4.1591848899837744, 1.9563297174771255, -3.5902957035522425, -5.137771238460156, -4.269806498552458, -0.6775065794322241, 1.681462433002578, -3.6420175693606587, -5.298412079098074, -8.04919770653216, -6.318442992837506, -0.3115592933029886, 5.82965120936702, 2.981982178839993, 3.566788798467549, 4.875374212682824, -2.687982646865239], [0.6340710579404414, 0.689777862045263, 2.0424626937012103, -0.7330128785423174, -9.542630951683185, 0.6366332274088304, -2.431079289038614, 1.7930519430863496, 2.638990480114457, 1.6055319366464966, -0.7547315574665459, 3.7769889614733017, -7.461539471687538, -2.744078135655985, -2.3957629082214593, -0.062331085086098525, -2.6250582432665626, -1.8998714842544515], [6.513493926318322, 4.905692418417857, -5.930511495664712, 1.5672040452621192, 0.09608294112044938, -0.3607312562885898, -4.82406811273536, -1.686617459516834, -6.566268084734562, 2.928948089976389, 4.67903114331456, -2.598943103451732, 6.320301941088575, 0.07109596084998888, 0.9033573321483273, -11.331473794149005, -6.911002698853774, -4.597361021590838], [-8.61015381105191, 1.8480643417761253, 0.40600080447570575, -1.493608841025652, 5.853846545126945, -1.9258237416630086, -7.667626994721382, 2.411448395542971, -0.7877248043901462, -4.5720478449421345, -3.323464310137571, 0.45819407728055744, -6.011950293770237, 1.5802205621524912, -0.9456551480968273, -1.4919175509301688, -0.7150100457006523, 3.5008740390678326]], "bias": [[5.126836840366134], [4.595769681012898], [1.1596006958439813], [-0.46980863541852036]]}, {"layer": "activation", "activation": "sigmoid", "activation_prime": "sigmoid"}]}