{"generation": 409, "board_size": 10, "snake_size": 3, "input_direction_count": 4, "apple_return_type": "distance", "segment_return_type": "distance", "network": [{"layer": "dense", "input_size": 14, "output_size": 18, "weights": [[3.2506435350628866, 0.4400055668499956, -0.42016078708413107, 2.7684406961714365, -4.7563795678807175, 2.896154672514429, -4.716615775496542, 11.312182015748247, -2.008459297998091, 8.756377304575496, 1.343470388904339, -0.014471269552796207, 2.568764068958298, -3.061270202452216], [-6.645063533119425, 0.069458615360809, -5.867977445968331, 0.43184658364716194, 1.3827345519589087, 5.059643079767722, 5.7890085330673235, 2.0225101099459715, -2.77744985300511, -4.661885454648362, 1.6487617044696683, 1.9001568291053443, 1.945784127949071, 1.4915840033596366], [-4.413638137884635, 3.2483739401271046, 1.045868255598407, -5.13032097384442, 7.783871721219555, -6.408947676053976, 11.31130319824088, -5.7562141475045046, 6.389438106688964, 1.5492445958115844, 6.283497816786143, -0.17593360833190652, -1.0168557744741, -0.5336593508413892], [2.6604887695084107, -1.9764439928436337, -1.7264023269766615, 1.054934080236929, -0.9912815286295088, 1.1752532408526357, -3.309225604472493, 3.511616176863255, 4.500673899659773, 1.7660971381277444, -0.47165617382066155, -2.1385384390898863, -1.3252721882784368, -4.944617976734373], [4.091092560048677, 3.4620508356591397, 2.4485891528176063, 7.385164316858043, 0.5273599130684029, 2.273560947859418, -1.3474545698565485, -5.066911922830166, 1.5758244615844126, -10.764775612636614, 7.613063547347992, -3.879798552043066, 1.4040388385059246, 5.598787234473179], [1.677217639670709, -2.4863343138228395, -0.8040672523371797, -2.2642862427397854, -2.332302300587899, 0.23802138704068365, -3.935686795590359, -2.13483088226059, 2.3028514046193687, -1.4603970357494271, 1.9854231383780332, 4.126200014799251, 5.341746346344483, -2.922332632413937], [-4.407664508837773, 3.564903131253181, -1.5471412828061828, 2.575208028192376, 1.6900808539711858, 1.4361875621614677, 0.45609724645153593, 2.263314249364168, 1.1790690970754174, -2.28064104388491, -8.650886850541301, 1.0626024066418243, -3.650433323562247, -2.795911814955342], [-3.188932923625214, 4.5050616071097895, -2.585077632570456, 0.03419316441280122, 0.1408662576661704, -0.3135135454879708, 1.7769531514185615, -2.8411189802327255, -3.2759909993693914, -1.447159019400143, -2.0780168614825745, 0.9149542166133822, 2.6811267197953708, 0.4705605113898358], [4.415793728579458, 7.065247151933974, 2.7919368743404274, -2.323505512934955, 4.069263301655244, 0.35034043710545804, 1.7579248612604548, -2.0549400530553115, 6.22070494782527, 0.8656089582012325, 0.29156915267367534, -7.443046670819186, -0.47421424381416744, 6.328608478608455], [-1.7460272925977307, -1.6274357751132962, -0.13633451846850864, 2.0276147658558066, 0.9849975214427357, 2.8202851429211075, -5.908670062084156, 5.036069478918449, 1.4823037550295906, 8.768423364177927, -6.765429930019304, 4.732012899985563, -0.45410825470639415, -3.1027299862490194], [-0.6997493926058718, 1.9851586467311368, 0.5541221484704728, 4.731896022841734, 0.7812166044014882, 3.613397640188855, -5.732943868405884, 7.3231865394302735, -1.7656498666156886, 3.544744560016251, -2.577958274337889, -1.8561166936423064, 0.3873063652028256, -1.27806625463601], [4.4707717405896235, -0.9250937410945259, -2.5455583258175523, -4.809440848886402, -2.535847320119542, -3.9306998738032064, -1.8639638726239272, -1.4913008253980322, 1.3543144384502748, 2.805111304524041, -4.506634950582987, -0.9393820780179694, -5.247180837607174, 2.9952340232936714], [-0.26755250758779164, 3.9454249701478026, -0.9849482647379902, 7.219458298357247, -3.7515431449464276, 4.320660674567341, 0.6128531811637129, 10.419177702031645, -5.23064126115905, 3.0780304809693764, -1.6244320265427046, -1.3092422728483195, -1.7167854407591847, -0.4286435710497869], [-2.780194163048557, 0.7895317125042436, -9.112450953225744, 2.795955895651339, -2.24329457918246, 4.3826800544359195, 6.845923248824656, 3.2712488231833223, 4.99456631526089, -3.821891172443375, 7.447179833107189, -4.570815861998813, 2.4901498463346226, -1.7287718700484365], [0.07182099579824708, 3.1682993534452573, -2.7621253424184955, 4.887002391495846, -2.3863040326676335, -1.908894598485006, 3.071532768795546, 2.382771900840045, 3.24329244507467, -1.6989520605380832, 2.4595619821432617, -3.0346833313369985, -0.9510526805195243, 1.211805364720571], [0.6206911535221328, -0.8242764288712046, -1.8196391155809124, -2.0463548574965724, 1.1462351525521095, -5.892016285645045, 8.44082370593608, 3.1034342741502305, 2.3766382781678135, 2.246962517292988, -9.298252397499969, 0.9734335686450292, -2.561830701846721, 0.9532487962987833], [-8.080322232831653, 4.829370799952777, 2.802028224368209, -6.241021242192769, 1.842069889885798, 6.054401167753724, 7.807439250378949, -4.061045168148669, 4.280858647132206, -1.7595237835592403, 3.1145483774352023, -5.44692384056428, -3.5121431223522643, 0.41317805984623845], [0.5996622142256847, -2.055355932674126, 1.713958447897389, -4.686044336564118, 4.995233795627444, 3.602160864399883, 0.15201374615792806, -9.315494107726982, -3.5207516063271234, -2.9324531612775786, 6.715068303382566, -5.0614197894345, 1.8487190865702834, 1.5493600065207689]], "bias": [[-0.47780512261484154], [-1.453685082526019], [1.33458070934753], [-0.25059878162747173], [2.98518033350443], [2.4434258014163928], [2.3179398993068134], [2.737107669685921], [-4.365031647495021], [0.7491938390286946], [-1.3708929826311047], [-1.1203653045249633], [-2.024689716473797], [-0.9069162916247808], [-3.4198695635995984], [1.754226723485844], [-5.621819224711835], [0.9149433877781741]]}, {"layer": "activation", "activation": "relu", "activation_prime": "relu"}, {"layer": "dense", "input_size": 18, "output_size": 4, "weights": [[-2.9776075186956685, 5.551141409234796, 2.291079145397755, -7.943379460249248, -5.561964821848951, -4.117090816572964, 0.7149052884728084, 1.581421775024957, -1.6903780954735723, -3.572615651424841, -3.028070393248863, -3.449814935641485, 0.015980913427100285, 7.7281921379178655, 0.8037744926242135, 0.5089189831352268, 5.617815448849736, -4.396891848826351], [-0.3994266363410409, 1.3212938132785554, 3.7733333908104765, -1.617867782230605, -7.4626281518056885, 0.08708516577508274, -3.8424823679845317, 0.5901632268823616, 3.465249622438224, 1.6055319366464966, -1.6196592781911487, 5.789698520246069, -7.345933557217997, -1.382517894388368, -2.3957629082214593, 0.37281511652499666, -3.6395330838886832, -4.3057518014538605], [8.533967196315142, 3.2635584265945683, -6.8532567239159485, 2.9707882995881016, 0.28474785163515864, 2.3745411084187196, -2.3948402544684106, 1.3277169373836608, -4.824676455605514, 3.639229293394456, 3.6552455010861644, -0.9907645669871576, 8.285114086432635, -1.9325785583701376, 5.318682232434446, -7.780119771833824, -5.142498031295377, -7.802611513990725], [-8.32551009301499, 1.114456664767524, 1.2716122037611957, -1.6466537767607303, 5.853846545126945, -1.9258237416630086, -5.599190139467807, -2.220480683537062, 2.732802907004887, -4.5720478449421345, -3.1569577865980456, 0.28683633845923184, -4.243659826353071, 0.7105582352523424, -0.14969330426314534, -1.192023328062919, 1.3522707976767538, 4.38686372118693]], "bias": [[-5.352651591942822], [3.3346060009366294], [-2.9996401915539894], [0.3211466072424416]]}, {"layer": "activation", "activation": "sigmoid", "activation_prime": "sigmoid"}]}