{"generation": 422, "fitness": 979898.9898989899, "board_size": 10, "snake_size": 3, "input_direction_count": 4, "vision_return_type": "boolean", "network": [{"layer": "dense", "input_size": 16, "output_size": 24, "weights": [[-6.156054412757863, 2.5982231385407983, 0.10275336361701726, 0.4177969909620185, -0.3419201181679873, 2.1006916158923805, 0.49570226422995256, -2.1132973546027265, -3.1556206818566794, 2.1342569304802286, 3.863162060946573, 2.209102700096839, -3.927307689379578, -1.4072668832331814, -2.292594019528139, 0.383521115856331], [8.927010539216594, -2.746281057999326, 2.3033117977837088, -1.9068307878376936, 0.37004565138152923, 4.487585856766279, 0.9306933156369523, 1.281292704744346, 1.2473502586825405, -2.2783160333780965, 1.8648066454847287, 2.3063932088720347, 0.2995351344045431, 2.045626606617466, -1.956033396545485, -1.7860967152643252], [-3.3600829856485, 0.19060995590525553, -2.551135014578962, -0.05558137550084294, -2.1436052484085772, -1.792129924444519, 6.909358152872931, 4.4571601744605145, -4.216596641134458, 2.171235978179129, 0.31287267334060287, 0.11050741140727005, 5.891186590475911, -1.592473703320281, -2.233363482761325, 1.4712782102552684], [1.998757094134575, -6.315658939966222, 0.1470356995302915, -0.4645654629929204, -2.422656909742372, -5.348873514935309, 3.063157667120617, -2.2082352719948397, 1.4424868127959036, 6.2744379564461035, 2.2871205927812994, 2.509507232560617, 0.1322480785200042, -3.351704861314472, -0.8187726511816757, -4.564223580974572], [-2.465228942272434, -1.411649236734952, -2.5756590336836305, 4.9658154766048765, -1.8782178636774227, -6.558036064457222, -3.2899501096276795, 1.7223944931438102, -1.0526475643871525, 0.18739356476558655, -0.4838049777904007, -0.6557716344147067, 4.578304722051544, -1.4144481792451074, 1.3286914496905537, -1.879972153929], [-0.8904605868150606, -0.4377465751871129, -1.2144706388379245, -2.5085137688562997, -4.027943121764485, -1.111838176462042, 0.03733661549619943, -5.329727377972931, -2.753350639678189, -0.28191649477015657, -5.0851206287191815, -1.1357604872103693, 0.6000570871811517, -2.6310963082645316, 1.9379777350803462, -3.1732162899779164], [0.4010619274591417, -0.4993849670641153, -4.045813539260744, -2.8517287771041513, -1.43804437465487, 1.3288230241493382, 0.2954217177038123, 1.452394995070933, 1.6233418546918976, 2.0870961412326765, 2.6660141558366606, 4.389699051212765, -0.4465973529564029, -3.9278686876144935, 2.704629787531056, -0.2986178959577581], [6.812112265942937, 1.7714829552405293, -1.1109739378222376, 5.335956041887289, 0.4481474426666576, -2.8141794838049736, 4.451375867825022, 1.475062754727595, 8.020747159796063, -3.0742111603327666, -6.800610845209695, -0.23575171382480287, -3.6874641532161703, -2.380607919421343, -0.25668653861757523, 0.24920801663627346], [5.289049231774585, 0.4345947856334762, -3.217537853042184, 1.9197238734334556, 1.0217032257472978, 1.8881470305823795, 4.213347375043783, -4.8215387658629005, 0.12244603266715337, 1.6365775218181893, 0.516281966549119, -4.893861018020909, -1.0321493087449767, 1.8994261465431395, 1.0208473303412198, 2.3928139876065417], [2.3084651725615806, 0.040554393146438716, -2.0438431355375872, -2.1669385936608356, -5.621842791722891, 3.4483081640642945, -1.6936759164258177, -1.7130067304207137, -0.2628681260205898, -1.0549793685836546, -3.8456102056103565, -2.4962522166762744, 7.17928330815845, -4.54784571896065, -3.908340634993808, -1.2835614121238852], [1.4617964996544153, 3.326505934184822, 1.0042010529217706, 1.082045959348804, 0.035484718898326995, -1.0871142374460212, -0.8261699897399443, 7.949094026495138, -0.6710506965201881, -2.205572605863381, -5.5929771827614685, 1.195449465460827, -4.546821567236034, -5.238984538653568, -0.029656719943417564, -3.297342444661298], [-0.17638515915719322, -1.154724348437697, 7.2445459185652545, -1.7409290718879946, -1.4096075618080322, 0.600948978976052, -2.619921850508122, 0.0432000161812231, -4.990189695859133, 2.025629456305218, 3.3082660926056358, -0.8851125966608449, 3.1579690830926253, 0.4311887159710739, 2.0809620497526944, 0.6903717927685734], [1.9812339059352113, 0.3112761063114349, 1.3202260071684044, 1.5019378464716207, -0.39383590162132137, -1.0466798070604724, 0.046842890055134645, -0.30507770522243916, -9.197737373332178, -0.42430132520649255, -0.8936770372073777, -1.9234574363635086, -0.29008544515286055, 3.048495225466119, -4.280636283960305, -4.130427141969934], [-1.2713002810566025, -2.6124673416197495, -1.4889659505393362, 0.30182602013053117, -1.4413242066748158, -3.5309773053141384, -1.2083223738686302, 1.0118604640751763, 3.0587199542727532, 0.5194836220458501, -4.453320435717573, -4.035057979438005, -0.2342615117578338, 0.4563376195050406, 0.2782786848340232, -2.863034455201669], [0.9532964692390791, 2.953744178115942, 1.5976876473534383, -4.8328475180962736, 1.9112829145927228, 2.7898718683750716, -3.2364691853997787, 2.0622530399414107, -0.5036244697394401, 1.947399238516662, 1.8815269674421662, 2.2129594089136937, -3.813173391725237, 1.3463434155248655, -0.9298938109483523, 1.132035862501565], [-3.729807259034651, 2.7912705315643915, -5.189821827128611, 0.12625546921881975, -5.658748670470047, 3.0592173813165604, 5.140385303011739, 1.0794816532482638, 5.1023229516690725, -1.2863268479268113, -2.31216141917534, 3.2176994276976565, -1.1928687691047832, -2.6744935835228896, -4.5695742375351855, 1.6223187231967082], [0.4426165790702101, -1.1593484774251557, -3.7347085267887166, -3.5179586414810893, -6.33343996888601, 0.018836709470514468, 1.2994502126520082, -1.1513915962260275, 1.4531369668436984, -2.604779590928522, 2.0658892420246926, 0.765358802427797, 6.510461077730305, -8.53081339861811, 0.40788737381915674, -1.121681942309897], [-2.1212128973531197, -2.9951540107290398, -4.769547823159664, -2.0277165790122877, 1.1802290556550379, -1.2315670556468215, -3.960694713250365, 8.315731824181682, 0.0425837600904686, 1.3676297904268555, -0.06141322084450351, 0.7897195801846737, -1.9329129870692485, 0.46841713326789847, -6.3106411069791, 2.092426709121508], [-7.271180636480413, -3.526443028616775, -2.866656477183121, -1.7425367049478033, 0.36252755180683516, 0.2344613277434906, -3.007412138280071, 3.3932874056644597, -5.382874208345523, -5.052098984447277, -1.9149760782739986, -0.4591106230787264, 4.6830773190682855, 0.056893197424485065, 0.2569815521379933, 1.358057657582286], [-6.134093495395192, -1.9209186107039167, -0.9985586202880155, 11.793506499850935, -7.140387442477628, 1.7848602356776542, -6.024764828282286, 2.767566646299727, -2.47831066101224, -3.1981239905127103, 0.7319307658391481, 0.7923754784547, -0.29799978797527915, 0.4972944664661777, 3.039930374602208, 2.2863157063714126], [-2.7336186500063993, 5.497754966361262, -1.2268049991346839, 0.056620121986008076, 0.008777375594824222, 2.0384171212163, 0.5217814877175093, -7.179234071766075, 2.6232382848139455, -2.300923249876149, 2.5824360553034382, -0.760199916679365, 0.4830694361305049, -0.44682834451055364, 3.928536556000786, 1.196462555879287], [0.9078227272524513, -2.887891696400795, 0.8083843842916707, 2.112469007913414, 7.405917751843525, 2.144670450156857, -3.6719204616368937, -1.2608057398891115, 4.4912868793367675, -2.569852790471786, 2.435231767500777, 1.3574284484611345, -2.342935003384299, 0.0326141653198474, -4.703636168663154, 6.46042675625424], [-3.2511974229702103, 2.1331166428979595, -3.2559502498629103, 0.6404574921456014, 6.957102656069754, -4.244999113860088, -2.244875663057599, -1.1496771063234432, -2.769770587126245, 7.749667605321725, -6.992187588858623, -2.2371058237229176, 4.220859435659856, 5.5479058275105695, -2.553415700339421, 1.7129811406408106], [-3.248597108616899, -5.622795172134884, -0.38342829634084696, 2.807158999545603, -4.149000507132667, -0.07214557589765486, 1.7357835156877799, -0.9677709208127374, -2.8309972713596094, -3.081763626482024, -1.4874336078783954, 5.0703726244316645, -0.04525186164755979, -0.17675195393733423, 