{"generation": 628, "board_size": 10, "snake_size": 3, "input_direction_count": 4, "apple_return_type": "boolean", "segment_return_type": "distance", "network": [{"layer": "dense", "input_size": 14, "output_size": 18, "weights": [[9.716971567259774, -1.2027268024967397, -1.0606659932740705, 0.9245667278334566, -1.045121293347106, -1.6714954975134126, 1.9738360741812135, 2.0818639328934134, -0.842066340052805, -3.3106659571244776, 1.4426118845577816, -1.4451963962394394, -3.288693381282283, 3.19147679675265], [4.074482951696948, 0.8801985973552495, -2.5425987255473927, -7.031664959870722, 3.506920780353751, 4.1432975709922, -1.7009500004996334, 3.9476754141325117, 1.0693745575641258, 5.128710727079748, -9.283098954100408, 4.1900253910321315, 1.8214283715170798, 0.12653894915398967], [-0.7295871681645025, -5.053864905977001, 0.3146468416617204, -2.6755442007714154, -3.2396448647725866, -4.952912786581449, 1.2260561105451093, 4.00733852514025, 1.7184316396915424, 7.184980249703124, -2.6241152066622915, -1.4935526621444062, -2.648869353700788, -1.7101616277886382], [-0.8661769663269336, -4.307704642470693, 5.1061427024613035, -7.584851161675855, 1.2174054677570283, -0.8971168168742256, -1.2965506472534598, 0.881034897592473, 1.1166067132026922, -0.15049456123377963, 1.3982744518310297, 2.582711557140058, 3.8841783944755703, -1.7528650308689038], [-4.281696615740979, 7.53236911913757, -1.7438628911184808, 1.6203717377866114, -1.0050000008494069, 2.1360810335947056, 2.953750365560782, -6.154899466407335, 1.4450661239925986, -6.549121879408596, 5.520559995152594, 0.762327131205897, -1.9107457416581912, -0.8412637395689779], [5.439537677262823, 1.9652239269336034, -0.7286426211556789, -5.4620596853417664, 0.9415241281082183, 1.2312307556530975, 1.0876736594859011, 1.5512268047609088, -1.974228159445805, -6.813847643851071, 0.7195845260246363, -1.3298614186888538, 0.9336394603042313, 7.573973320322942], [-0.23238091286358975, 9.249441533904646, -1.5355480374841686, 4.634902068018319, -4.015435747489309, -0.756046839818349, -1.0406496092056023, -1.1424636220868682, 3.860376314093725, -1.4592715400719043, -6.035935737406891, -0.7055685055941942, -2.9936721425462784, -1.5493910204054613], [-1.2084716296946543, -3.797518424505224, -1.4163106226870688, -0.7678118563162186, 1.4854762560778003, -2.6683849129339006, 9.652515816281504, -7.815686564886959, -0.7956246780311285, 0.03257504763187047, -0.9459214949264779, -0.2536237355901645, -0.14482411839581197, -2.521076406113534], [-1.7360380732484846, 6.188973489753177, 4.838012469807346, -3.853325908978848, 0.8856103304753005, 4.320779930154863, -2.470020700391677, -1.6663263282291938, -3.074262764091953, 4.604412344361452, -1.5692499593124225, -4.536179820631588, -4.524314859564856, -0.05611534257713058], [-1.821816332001246, 3.2534667626305374, -0.7831883302268712, -3.206682968206129, -0.03049066778219678, -4.271422654461603, -1.8171008178488934, -2.353442682268369, 2.5090232555658663, -3.8105925136459984, 0.04615299045400456, 1.072598623910535, -0.6372553556516471, -3.9466641842226435], [-3.2770422017078236, 1.4645029510752587, -0.5816307698737666, -5.7765703188909185, 0.5906543384836367, 6.347867606059835, -1.1941579590847788, 4.785310615258275, -1.8150266364080858, -6.21772488306857, -1.8496773172463825, 2.696750655013605, 8.981608902030144, -3.950232627885497], [-1.1915836559989061, -4.06883722883239, -3.3058052720854687, -2.973193919946273, 0.4492880740782069, -4.718453823294517, -2.7550026313673404, -1.8109142609576447, 8.361017801964087, 3.440345100803837, 0.41154216753610995, 3.087187150786646, -4.792135612119021, 1.314111939709637], [-6.042053807322396, -0.6553348428546448, -2.6063314469221623, -2.353842821134642, -0.5470009110411393, -3.15187195912303, -1.0938076800031313, -4.684609732035823, 4.4115649860653745, -3.730329239281405, 1.8299734991190046, -3.294080785479424, 2.1664555739039137, -2.957222450160414], [-9.447380586398584, -3.1777143467872557, 5.980977405196213, -0.42478749876871236, -4.240378708541867, 4.696838544278534, -2.828653088857008, 2.5091418717799705, 4.1720326651999295, 4.1762554347627585, 0.9005984576813241, 0.9642723101485374, -4.178240252623031, -5.740876808770625], [-0.3142714052559352, -4.955643676866579, -1.5933372208942895, -3.8841577423804177, 0.3562372937677517, 4.773967633426233, 5.070784802167743, 4.62480939532766, 1.2228277564845953, -4.507289859631698, 2.699777211582163, 1.7802554754457467, -1.5720965566567862, 1.454226238157075], [-1.1972217671750003, -2.8053545140394793, -1.327116025810987, 8.746574998625327, -0.23681583080917346, 7.749112160611507, 1.4501450035813104, 9.827600566737617, -3.6752068742478445, -0.5731437339631176, 6.047009748712201, 4.4362971532053805, -0.022027654998749924, 7.681103397158018], [2.6093207145353516, 1.0455835558864974, 5.342190071655823, 2.6978851468805285, -7.337219146986657, 4.7804134701402194, 4.171187349619361, 0.2815136301094685, -1.913405518275089, -3.3376478345515683, 0.35536332751470745, 1.2694621754039912, 0.44959463164097996, 3.3192342215609143], [7.157256434141308, -5.7300793387798015, -2.9188574584906215, 1.5870890709074696, 1.212888164552938, 0.8382976755740565, -1.6202865364942836, 0.23807366662037072, -2.0080557141236257, 1.0897631518924682, -3.824822573698564, -1.9402523423356994, -1.4665185260638771, 1.7456975546852205]], "bias": [[-5.469339200165905], [0.365806396506255], [1.1092506047815878], [0.39971858641533276], [-0.20223274528684132], [-1.3321986161731612], [-0.7109903141405957], [-1.6243981460531915], [-1.2900366269114867], [4.5231661893126365], [2.291374169157317], [1.0508596507431394], [0.7868403493537613], [-4.238250776624402], [-2.680772221516092], [0.5731600774722658], [1.8734276152212328], [-1.5601421436087615]]}, {"layer": "activation", "activation": "relu", "activation_prime": "relu"}, {"layer": "dense", "input_size": 18, "output_size": 4, "weights": [[2.1246742094067192, 0.5480231700603144, 1.3321052813963088, -5.571056434178226, 0.16136677538830219, -1.2489836378158339, 6.117768329428853, 6.831917009752097, -3.039570685809895, -1.2609162346917864, 0.9803462488688044, -0.37485787677958143, 5.534010479179528, 3.9284172221173073, 2.0970485624428425, -2.0122714376637916, -1.2509383865389148, -1.2649896735020385], [0.5524014247915775, 1.9250013243276625, 2.3447906597186363, 1.538078943996919, -3.3106386647015347, 0.5929741534996233, -6.972815668307756, -0.13297388399873156, -1.9750648171150655, 4.067639773854164, 5.281690201199505, -0.516500069825468, 3.452655958844337, 1.0539479083495906, -1.1251837792785213, -2.9076904449696066, 0.3554861798227295, 0.518425392181948], [2.046323319315782, -0.4761092884594764, 2.3791260652193102, -4.8886097372753685, -2.235365667884599, -0.9425792208870909, -1.489367185228728, -7.5591206715319466, 0.3784126389993615, 0.48077162055170697, 1.9397599361130482, -4.580912948106717, -2.101478785277673, 1.2562751151447058, -0.646285219292055, -0.07882762966333934, 2.14320487576414, 0.16546837613885113], [5.377519472712221, -0.9139202715804724, -7.116627142775522, -5.301783933381601, -6.412228676069175, 4.597455128249342, 4.274713140191228, -0.6445131775984433, -2.235006094048521, 0.2665582557799713, 0.6895760617503762, -2.5476640193163216, -1.1331367721384988, -3.191614073025238, 2.7559735996160817, -2.1852623776384412, 1.0676128785565093, 3.5895871603099225]], "bias": [[2.48840514404335], [-0.4091786623546634], [-0.29290216786407075], [1.6462514880821593]]}, {"layer": "activation", "activation": "sigmoid", "activation_prime": "sigmoid"}]}