{"generation": 628, "board_size": 10, "snake_size": 3, "input_direction_count": 4, "apple_return_type": "boolean", "segment_return_type": "distance", "network": [{"layer": "dense", "input_size": 14, "output_size": 18, "weights": [[8.794177129713047, 2.5817097022002993, -1.4931706257455883, -1.8066258158290884, -1.0442145484805547, -1.6714954975134126, 1.5832671208286944, 3.1444381275795763, -0.7813243564309279, -2.4073435170938726, 1.2030836581356836, -2.3411793288814713, -3.288693381282283, 4.377583427829404], [3.501960922756354, 1.4042027983694743, 0.12234452889556202, -5.837740487920657, 1.8164946696864102, 5.835092063229464, 0.6361252440531273, 2.6362935032937322, 2.6253201733194986, 2.414200276617607, -10.884212295988641, 2.436729731420598, 2.3678901784192874, 0.905838868780412], [-0.5462725665472997, -4.393848663793875, 1.5792530247454466, -3.1634935960040926, -2.274952674289911, -4.459921575014026, 2.7817543521987615, 3.538390173008728, -0.7074457091429034, 5.3203736840316775, -2.2790979875354784, -0.5421448758877321, -3.996928615238077, 1.863293286599943], [-2.2439300324167784, -4.590437772030717, 3.948174145803524, -7.014335270467717, 1.288217586585227, 0.6684852264662636, -2.599332234686586, -0.34675236230833406, 1.1166067132026922, -0.30769908296729653, 1.3982744518310297, 2.1758221383709486, 3.8841783944755703, -1.7528650308689038], [-4.726454146791797, 7.53236911913757, -1.5923826186308239, 0.3566824529195631, -2.596027744373596, 4.966580480353653, 3.102536916922929, -3.0789569012373983, 1.635784386136724, -6.549121879408596, 3.8687720417947857, 0.762327131205897, -1.9107457416581912, -0.8412637395689779], [5.439537677262823, 1.9652239269336034, -0.7286426211556789, -5.4620596853417664, 0.9415241281082183, 1.2312307556530975, 1.0876736594859011, 1.5512268047609088, -1.974228159445805, -6.813847643851071, 0.7195845260246363, -0.03605107232941096, 0.9336394603042313, 7.573973320322942], [0.31598062708720864, 9.249441533904646, -1.5355480374841686, 4.400139802296635, -2.91418489912392, -0.756046839818349, -1.0406496092056023, -0.4247739582889086, 3.860376314093725, -1.4592715400719043, -4.366951589054189, -0.9706099971525142, -3.600267822936867, -1.5493910204054613], [-1.2084716296946543, -3.797518424505224, -3.7548266774032744, 0.16651494900090902, 1.4854762560778003, -2.6683849129339006, 9.652515816281504, -7.815686564886959, -0.7956246780311285, 0.03257504763187047, -0.9459214949264779, -0.2536237355901645, -0.14482411839581197, -2.753398323444536], [-2.561924338424155, 2.5880485587911637, 6.063136114270905, -3.9457184315035345, 0.8856103304753005, 4.401037505677213, -2.470020700391677, -0.724130497388134, -2.8221423092611357, 4.604412344361452, -1.5331486490522408, -4.536179820631588, -5.261362600824115, -0.05611534257713058], [-1.821816332001246, 3.499539878780406, 2.0279802862682326, -3.4186125174612183, -0.03049066778219678, -5.7298174515165385, -1.927531651074723, -2.353442682268369, 3.326451893254232, -3.8105925136459984, -1.4807088255971528, 1.072598623910535, -0.6372553556516471, -3.9466641842226435], [-3.2770422017078236, 1.202754757402358, -1.177254076326034, -5.7765703188909185, 0.5906543384836367, 6.347867606059835, -1.1941579590847788, 4.785310615258275, 0.267777049444371, -4.453803656106437, -2.508157175763769, 2.696750655013605, 8.981608902030144, -3.950232627885497], [-1.1915836559989061, -4.06883722883239, -3.3058052720854687, -3.3363553175061265, 0.4492880740782069, -5.511325084131419, -3.9587572986426296, -1.8109142609576447, 8.361017801964087, 3.558625922876912, 0.41154216753610995, 3.4190177137794024, -4.792135612119021, 2.3600078091454275], [-5.633349035084254, -5.195587024271003, -3.4749434146322473, -2.353842821134642, -0.5470009110411393, -2.8433764485652406, 2.36768492179381, -4.481179409323628, 4.832209311122217, -3.730329239281405, 1.1822260992174733, -4.109506392839688, 2.1664555739039137, -2.957222450160414], [-8.07428816138507, -3.1777143467872557, 5.980977405196213, -0.42478749876871236, -4.240378708541867, 4.902723595161676, -2.828653088857008, 0.7411103499662691, 4.1720326651999295, 4.1762554347627585, -0.3854825174993345, 0.9642723101485374, -4.178240252623031, -5.740876808770625], [-0.3142714052559352, -4.955643676866579, -1.5933372208942895, -5.644805648628242, 0.3562372937677517, 4.773967633426233, 5.086941255216225, 3.948015350815128, 1.6525784428368802, -4.507289859631698, 2.699777211582163, 0.3038878403584995, 0.06889469501562595, 1.454226238157075], [-1.1972217671750003, -2.8053545140394793, -1.327116025810987, 8.39418873964812, -0.23681583080917346, 7.749112160611507, 1.4501450035813104, 9.827600566737617, -3.6752068742478445, -0.4471227376265377, 6.047009748712201, 4.4362971532053805, -0.022027654998749924, 7.681103397158018], [3.45879448994879, 1.0455835558864974, 5.342190071655823, 2.6978851468805285, -7.337219146986657, 4.7804134701402194, 2.6208675862630817, 0.2815136301094685, -2.2510666262969994, -5.197194639573317, -0.16388680858249027, 2.9340751031725656, 1.831128048739792, 3.2290094732731074], [6.910682059783022, -5.22765695040626, -4.26229168312791, 2.3015415892602586, 0.6454401378492487, 0.8382976755740565, -1.6202865364942836, -4.824541514497943, -2.0080557141236257, 1.7814143665718811, -2.9954328787301665, -1.9723761334122372, -2.1204765119950686, 2.8182446101330685]], "bias": [[-5.348567294106527], [-3.2868781288896494], [1.3543430733872774], [1.2701486225412195], [1.2123425999305317], [-0.44879782036428484], [-0.9621010304727109], [-1.7918639949731316], [-0.7884909974339078], [3.0724594724932626], [2.6824017581902626], [1.855333787234976], [1.9032418962371935], [-5.173751097668804], [-1.525526429283694], [-0.33891276908063983], [2.546579746128699], [-1.2516672995455496]]}, {"layer": "activation", "activation": "relu", "activation_prime": "relu"}, {"layer": "dense", "input_size": 18, "output_size": 4, "weights": [[-0.29119444937144867, -0.7980273669501401, 1.6491344506533732, -5.998770305515155, -0.05390456690594114, 1.543622010054483, 6.232958733386757, 5.764819973151638, -2.661237749242446, 0.14386303228271557, -0.20623998147543626, -0.37485787677958143, 6.3808538714798235, 3.9284172221173073, 2.3237718245659336, -2.0122714376637916, -1.7565552173556576, -2.541303784146781], [2.5744057564387246, 0.7021183727374286, 2.493379249393696, 2.303757019824761, -0.6283367230444847, -0.13742791703749335, -6.164232282090447, 0.0016937523318363845, -2.1957738722380475, 1.552970264787343, 6.708647991938075, -0.08894418798906262, 3.327633393816164, 0.5041230345820784, -1.0678342370282843, -3.3180747800646286, 0.17446398134778895, 0.17187538150446235], [0.6131822259983803, -0.38317511014276995, 1.1395344053475143, -3.3488404409535453, -2.235365667884599, -1.584044893049388, -2.1536054453926394, -7.5591206715319466, 0.3784126389993615, 0.48077162055170697, 1.9397599361130482, -4.580912948106717, -2.101478785277673, 1.2562751151447058, -0.646285219292055, -0.07882762966333934, 2.14320487576414, 0.3425123442052132], [5.377519472712221, -1.8933108983445373, -5.879879088203111, -4.829718129365782, -4.3496334856869545, 4.597455128249342, 4.569955688684704, -1.215233853937231, -3.611300387720742, 0.8867951751990373, 0.6895760617503762, -2.5476640193163216, -2.0696073336512884, -3.191614073025238, 2.300242893423368, -1.9915996432347034, 1.0676128785565093, 3.5895871603099225]], "bias": [[3.2465726109780535], [-0.4091786623546634], [-2.087909482408861], [0.2352983919564493]]}, {"layer": "activation", "activation": "sigmoid", "activation_prime": "sigmoid"}]}