{"generation": 552, "board_size": 10, "snake_size": 3, "input_direction_count": 4, "apple_return_type": "boolean", "segment_return_type": "boolean", "network": [{"layer": "dense", "input_size": 14, "output_size": 18, "weights": [[-4.628435353839285, -3.3662526948818337, 14.491790504454922, 2.0578856998561674, 0.9397340908863427, -3.2117227975851694, -4.079765035927606, 2.6587379049111965, -0.1263044656211967, -0.4523423897718415, 6.392794782774775, -1.3175379365008997, 5.156195747387621, -1.8521895591021107], [4.5747968286578455, -3.2959162003103875, -9.707582833127473, 1.7515728447534518, -0.1835779320986023, -0.11813925726121566, 3.8201133919229915, -0.8662905295303999, 1.5005837838922174, -5.353199229676133, 4.280776926026543, -5.347200832817027, -6.018001679625714, 3.8648749446321418], [-9.186746785159757, 5.392129414096413, -4.025518325304746, 0.7950667963837837, -0.04217755132956408, -2.1866702699607785, -3.6232314849058773, 1.5056798903106237, 1.3740180837550129, 10.490648310626545, -5.9765900537404795, 4.252252980567137, -4.945673367514334, -1.2264045285543503], [1.1436052416571858, -2.1960353486367024, 2.3602114953504336, 0.7700533244391474, 1.7524400779822416, -0.26621000111221527, 1.116198065969635, 3.4682601200241407, -4.573173205979511, 3.4193908028255855, 1.5814094513968417, 2.5796477508369455, 5.282081907130712, 2.220670129179868], [-8.682626444677702, 8.133728972035708, -4.149096020915716, 0.9316102553294374, 3.930181948352934, -3.5532320290242443, -5.357765952501314, -5.925299396250539, 9.211495139489964, -0.006450421892120861, -3.053741952395339, 0.43829409830538746, -4.540476898451028, 2.965885982742659], [0.19188935801899598, 4.286465221479601, -6.241605857008562, -5.80708560537504, -3.1358887939663886, -0.8162874390827999, -4.299148997030053, -5.422345896221499, -4.179958315046339, 1.1650669853676872, 2.5131905697802273, -7.871851496589107, 1.301263180753414, 2.543371044025604], [4.906636967731554, -0.9485453404444322, 5.058973408566864, -8.21158150659884, 2.035252257545222, -7.164855242816894, 0.9032884598323012, -1.9471284297303901, 7.07978217445311, -0.6621570922132314, 0.41562093126662714, 0.2846242850692863, 3.82662423543944, 3.6304850062517526], [0.21000122346852712, -8.793847883074825, 0.0574021937446903, 1.5971568360973851, 1.8930610001702735, -0.15459687150168855, 6.717887449413982, -3.0514950341147298, 3.049707075297432, -0.9819038614223585, -7.085411300500058, 0.22670006926800845, -0.7663144220565017, -6.073517427807624], [-1.5899443326909295, -0.030429303500820515, -1.4474117204894947, -11.531048065694229, 8.458233550212485, 0.53760546749301, 9.172699483543294, -0.9255775117274607, -1.2312031816381752, -2.193870915061702, -1.4745566579471987, -3.918213048839065, 3.150067703541129, -1.6257061191595084], [9.751443779768778, -2.5769588108520898, -4.81546956188553, -6.237201918437113, 2.657213007458871, 3.609626926141746, 0.7701050383197172, 2.233782217981082, 3.818856212999961, -8.051718885362524, 6.457530522373847, 1.8282045955624169, 1.0329469929058512, 5.9284307464082575], [-7.4992926975967436, 4.252234605902771, 1.5855287274607943, -0.9689680849599092, 1.3972576501377971, -4.004014181712856, -2.7514865824207213, -1.7599006436700382, -7.217899266179693, 2.2081660171930912, 7.646831795142552, 5.3758409547046515, -4.06675593873764, -3.0040077232267786], [10.298783123961705, 1.0383276745988228, 3.7335743819821987, -0.05521199455506076, 1.1896325594027783, 4.55137255454291, -10.191149547022953, 0.8585288009420406, -3.4932155928525863, 1.0345758130166418, -2.534565062157056, 3.3255068603033515, -0.4636389937640152, -4.4022240875071805], [-6.379732770780691, 3.5075589348188894, -2.313628081001275, -3.4603489114939956, -2.0170642864008625, 3.8538882771617797, 10.703594263728636, -2.2421759162181365, -1.1571479064753567, 2.2705853429706444, 8.217037306835957, 0.22648786633723045, -1.614057983839274, -6.014006393925517], [-8.558758417931076, 5.561849110267403, -2.978996106383338, 2.641453626472193, 1.2600174492823435, -5.4909941720973094, 1.0818081173071228, 1.047910977331933, 4.378640258672478, 5.401533893282461, -3.6186532883875056, 5.449432917486174, -7.995421386315849, 3.857751896950962], [-9.100274080669893, -0.1700397999248915, 2.123721688541883, 13.800356873385539, 1.2016787417615606, 10.912860138803442, -1.525118441245864, 5.115234739955724, 0.7594507480950007, -5.924497532601727, 0.607256268011984, 1.3942418848704334, -2.2838245618065245, 6.700657216513771], [0.33798204176567337, 0.6352098324329593, 5.014878437574303, -11.726861335804799, 2.395502677068322, -2.1312058783726515, 5.380138449124922, -0.38448582108588747, 1.715070871900875, 0.5355611399387574, -2.1402835183938373, 4.431790324968005, 3.5416029848919006, 7.246850934414626], [-3.5171421822868894, -2.8101277635993016, -2.432696064008834, 3.5838451621844785, 8.861599417862632, -0.25926270153985975, -5.506163922791407, 0.143427235181947, -5.498290850793006, 6.05460108793383, 3.6970143386556598, -1.6274473218733108, -2.2746653036658997, 0.03519447944275278], [-6.874760665367475, 6.118456529445026, 3.1488909303131174, -4.337208396971693, -0.5681756605755279, -0.6336019810191932, 3.334540070421857, 1.201406575068401, -4.013984459089323, 3.967766117435753, 1.6525256511892412, 6.574382367056361, -7.698771474120803, 13.034480022629374]], "bias": [[-12.823910348293632], [0.8854961272916191], [2.0727310849359815], [-3.5651797463828503], [-3.99317571053266], [-5.693862456072173], [0.2856202120276279], [-6.542272881876222], [3.4089611308440864], [-1.5355763930968365], [-1.5976504203357127], [-0.2931517737094954], [0.9450749836033878], [-2.7145230819751984], [3.660068916287084], [0.6321477541105449], [-4.449531687402103], [0.5740764546376735]]}, {"layer": "activation", "activation": "relu", "activation_prime": "relu"}, {"layer": "dense", "input_size": 18, "output_size": 4, "weights": [[-8.46129223368236, -9.715663320952936, 12.245956076794638, -2.38213600799404, 0.04312095461024135, -3.349473779232732, -2.228271904064814, 1.822055420450406, -1.0445453869548786, -6.5608950667325034, 4.430127925735345, -9.716120741484415, 4.551702509986272, 4.9487994992313435, 2.1780709548447765, -3.2825608269282234, 1.9525479385353839, 7.958646080537227], [1.8424010320717203, 0.4633387950907235, -3.5252850050801956, -0.38642011577352453, 1.988792663616797, -4.232557516617289, 6.653881076751391, -1.6841764246898991, 4.599684944031252, 4.183778440555624, 1.9452008098972795, -6.852088490887565, 1.0292052217110061, -3.8550430813376924, -7.436550861671538, 8.002147702845917, -0.9709083102718041, -1.70696865759076], [-0.22106877809270187, 1.033090177318487, 2.8375540861881667, 0.592927311362724, -3.612922810701572, -6.144227311386952, -1.2166912146516697, -1.0849810109686464, -2.4003578709709417, 4.378422058675841, 0.7505066420461115, 5.568515824099549, -9.7182090672975, -7.947810084812534, -3.190376848510761, -3.6614147856482884, 5.583013075160647, -2.844567930942844], [-1.9204607250137542, -0.7330080420519689, 2.5185639867627065, -3.3435138121609955, -6.559431782366364, 0.857050267986951, 7.069183505839995, -3.7384000972893054, -4.577252859368166, 3.490217740663838, -0.3582041384142953, -11.17792361684723, -2.063168641492436, -3.3270291595037915, 11.689191202997037, 5.030481049880651, 2.8242619065712913, 2.338159470838247]], "bias": [[-7.8516262167520825], [2.0367105704048405], [-0.0478514657836584], [0.5363652742648712]]}, {"layer": "activation", "activation": "sigmoid", "activation_prime": "sigmoid"}]}