{"generation": 544, "board_size": 10, "snake_size": 3, "input_direction_count": 4, "apple_return_type": "boolean", "segment_return_type": "boolean", "network": [{"layer": "dense", "input_size": 14, "output_size": 18, "weights": [[-4.628435353839285, -3.317094970328942, 14.678093630155002, 1.363219180847053, 2.447117899558722, -1.3798315227511762, -2.0994866895862585, 5.206608211592734, -0.6414315503087142, -2.9240357485140738, 4.512472100028721, -1.6822149012709704, 7.928480225589399, -3.828192531813042], [2.0166894203541466, -4.5833530869595345, -10.989604187441888, 2.2680013330338613, -0.2439873918951052, 1.0257838053759178, 5.1228686633023015, -0.04150996267033169, 1.1856207503196856, -4.6029266138278215, 4.0448080747626705, -8.222791336884328, -3.671347615623401, 3.8648749446321418], [-9.5742536032442, 5.82870886404766, -2.9976905150308655, 1.3537587705689023, 0.7925967867419639, -3.131701069616229, -4.656621435324254, -0.44956617810081134, 1.773349892100669, 10.490648310626545, -10.093687624817543, 5.032034956446965, -5.316853552753059, -0.2856147364636777], [1.2743597516763905, 0.44696687429745285, 4.647961070663284, -4.335423507834525, 2.2914532388791735, -0.3786947041427484, 0.25145100122670616, 2.847646807120673, -4.642914552484868, -2.7882038236575046, 0.36257686776339637, 1.3774090588324355, 4.029655031013731, 2.717733712667203], [-6.369617864247766, 6.1457931895364695, -4.149096020915716, 1.5927489772325343, 4.8515153879956285, -4.2397751033927085, -0.866051807151716, -1.7310187544477236, 10.06038070773535, 3.3818749291487507, -0.2302758532116429, -1.4932207323001254, -5.027957110157072, 2.1916857634131026], [4.1504101121178545, 1.0554412319397146, -4.430075080737434, 0.12149898947261939, -4.15386587641145, -0.6614265151789771, -4.299148997030053, -3.9079866660986653, -2.512147663195302, -0.7892428198362382, 1.2493803276076134, -6.507917852272849, 1.3409319527409789, 2.543371044025604], [4.406829708671082, -0.9485453404444322, 5.286257208793095, -11.05689882370866, 0.034498945185772456, -10.126771241222, 3.3924641087849574, -3.5768320783144714, 7.07978217445311, -0.6621570922132314, 0.41562093126662714, 1.8273592622657153, 3.786257864193557, 3.1446792960303394], [0.21000122346852712, -8.172749131117284, -1.6696636898970056, 1.5971568360973851, 1.4470732236170711, -0.15459687150168855, 6.252757765890654, -3.803805848657708, 0.9863923267863353, -0.9819038614223585, -6.350041669093589, 1.2381929302663948, -0.18919069651411813, -4.347314962833705], [-4.027224842195983, 0.4829832704669863, -1.4474117204894947, -13.31163377760788, 9.153269856722943, 1.828874940761992, 10.175431438168077, -2.0726768974875474, -0.819045069514341, -2.193870915061702, -1.4745566579471987, -2.7570163274844175, 3.150067703541129, -1.6257061191595084], [8.240824462279228, -5.94548070368137, -3.3157025551230275, -6.209516706277019, 3.424513389039463, 1.64103799665669, 2.285707161537175, 4.58690779617657, 3.7570342497069866, -9.907832844601483, 8.187121103546303, 0.12666569863817814, 2.436434405635944, 6.559887081389667], [-6.581090847273704, 6.612762879711941, 1.3493456263676329, -1.0358859197840946, 4.664605553449782, -2.554665458208597, -1.4859697810323267, -2.963414248972698, -8.072834969228914, -1.483101522635512, 9.120769435829933, 2.3942278917068704, -1.278043385393146, 0.6230024286447101], [13.554796562358526, -0.20418566179418063, 0.7310954176560747, -0.050563106174969286, 2.1689391699485068, 2.9128179910445637, -14.612476018160816, 2.7501458131544254, -3.932903774286223, 1.6238774267443659, -0.8216020345586621, 3.3089741688212855, -1.879410054263395, -4.1347190534091265], [-7.581876592978705, 6.927890227302736, -3.584595622684581, -2.919075460809141, -1.3398220007840633, 5.037417713260131, 7.531303422157064, -1.5035588656843208, -1.1397791834484579, 1.6940203426787461, 8.326727050140077, 0.22648786633723045, -0.8083017368374299, -4.848821264518695], [-8.02434213077987, 1.4292040099266174, -3.741801516379985, 2.150206773556255, 0.68200937296516, -2.157434448214506, 2.5684972150484624, 4.073050884741405, 4.378640258672478, 5.401533893282461, -3.3468639994334266, 2.586006711665953, -9.215586126308478, 4.793501971451503], [-7.820779181669433, -0.5148451122251179, 2.736144009623637, 14.716552405175788, 0.42372339562136174, 10.912860138803442, -1.1340218016448451, 5.115234739955724, 0.7594507480950007, -5.924497532601727, 0.4298256520618572, 1.6837841897642676, -3.8813525448062176, 5.343648428116966], [1.4815528809754477, -0.6452571098149636, 3.7964166461994275, -11.611497725229246, 3.314144141321008, 0.6835350135685969, 4.3826942312492365, 1.2448426487162467, 0.7022127075413566, 0.3928391523867761, -1.734723122502047, 4.431790324968005, 2.9351813940707863, 7.246850934414626], [-3.5171421822868894, -3.2323323182882215, -0.9648246404851766, 0.4424633245115215, 11.212807261468457, -1.0306913542322917, -3.9441304663320276, 0.8323752346947574, -4.047950534539503, 6.9849189046877616, 5.365815777910088, 0.715150817377805, -2.2746653036658997, 0.03519447944275278], [-4.810866154447947, 6.118456529445026, 3.295073389856296, -3.6000628960096233, -2.1283939222378776, -0.6336019810191932, 3.334540070421857, 0.9577344146219198, -2.6271457822380473, 4.585538797133546, 2.979338799193739, 6.11812421469691, -7.06955191244009, 13.034480022629374]], "bias": [[-12.275920682520896], [-1.1760487513727909], [0.03773892731482431], [-1.5263420146271058], [-7.3326693552377735], [-10.138785377383472], [0.5175827148474496], [-7.449870337070097], [2.39340226969547], [0.8167945619060735], [-2.7537004343442772], [0.11983501706136701], [1.8428158604608207], [-4.011244875666797], [1.9006504520326513], [1.9406984190508558], [-4.01516079957368], [-1.7892708947012481]]}, {"layer": "activation", "activation": "relu", "activation_prime": "relu"}, {"layer": "dense", "input_size": 18, "output_size": 4, "weights": [[-10.39869749263057, -8.576906711179468, 12.245956076794638, -2.38213600799404, 1.6975175482624314, -4.168084243558179, -2.228271904064814, 0.6202008715094081, -2.0759213249380752, -6.5608950667325034, 4.071477364304484, -8.314389177211735, 3.898247154544313, 5.640620910979788, 0.3315344341723115, -4.361047513567912, 2.9869611765011195, 7.958646080537227], [2.027211874126198, -1.061709347496717, -5.768152249017188, 3.3991286685370508, 0.7372027650109234, -0.29075773204925026, 4.525494349421144, 2.6203520460200593, 3.9263133144275635, 5.829044081602447, 1.034543237753255, -6.711904418088557, 2.464594902239813, 0.5967200729157425, -8.182875915944102, 7.21332548569976, -3.592575638629913, 0.20791206289549446], [-7.232316779382001, -3.272033768424051, 0.7971789674255041, -2.045285025174804, -0.38418430515127877, -7.985562280731928, -2.3058668455795353, -4.131020897194249, -2.2606856230246173, 4.093309418882893, 3.4555594636054257, 7.8377692501379395, -10.55026556500258, -3.634127572558372, -3.7496417859599065, -4.451490806063311, 3.3043461757559305, -7.2188005829931505], [-1.9204607250137542, -0.8497997219861307, -1.626354436425399, -0.285873855885466, 1.8666640234690943, -0.18476469562886239, 7.8224166978083804, -4.332326595237381, -4.357626358160377, 2.0995542685224007, 0.5069786822506234, -6.500115537066449, -2.209221136875911, -8.48722916956775, 11.33879227682895, 0.3150834651535648, 1.309626905337471, 1.5402281211097175]], "bias": [[-5.957975428294041], [-1.100326636734259], [-0.9076452621791087], [-0.3797687710894675]]}, {"layer": "activation", "activation": "sigmoid", "activation_prime": "sigmoid"}]}