{"generation": 557, "board_size": 10, "snake_size": 3, "input_direction_count": 4, "apple_return_type": "boolean", "segment_return_type": "boolean", "network": [{"layer": "dense", "input_size": 14, "output_size": 18, "weights": [[-4.487761549629113, -3.0887875106608926, 14.72830882882316, -0.47159652571211097, 1.0285996463989777, -0.13029171155843688, 0.02182344938914836, 4.6579488758445, -4.144106302189519, -2.375928540960332, 6.0627394585027945, -2.270142217785231, 5.515020615297693, -4.191604772477026], [1.5646721683014797, -5.686525620960018, -11.325349505225056, 1.249864067942398, 0.4460546849372567, -1.4780710491041738, 5.1228686633023015, -0.9378526965943483, 2.595396275355637, -4.726497888009752, 5.207106553058356, -4.313062554120318, -5.160082985717436, 1.559318554166222], [-8.865837978431461, 4.423144007448601, -3.630563732308954, 2.125839155114319, 0.7925967867419639, -2.1866702699607785, -5.307607790436375, 0.4756598997977769, 1.773349892100669, 10.643271713969668, -8.300934576437346, 4.669153556436575, -5.316853552753059, 0.04667656658016772], [1.2743597516763905, -0.8421395998401715, 5.8449461675225125, -5.201189967096065, 3.0944578857970617, -1.7140620860304203, 0.43227923787502315, 2.847646807120673, -4.033680511699364, -2.9698697059133092, 0.2073865705173943, 1.4472058631484495, 1.7576427396934329, 3.704724804818693], [-6.883889266296569, 4.683705904017211, -0.43130243468464724, -3.6037226223717056, 4.318922539495109, -6.128119395949744, -1.9355397179688616, -2.162016831507195, 9.646305943298593, 1.3476141106360084, 0.33824568880660955, -1.3104419992671468, -3.6137662782302367, 2.0522880451061143], [1.0563444319620414, -0.7567136898438739, -4.021998447698676, 1.8612421835278954, -2.5833734782907896, -0.8048165091984337, -8.35498680040919, -11.911915966743598, 1.0715093285253374, 2.49295414932529, 1.4927327523159974, 2.4647630198627652, -4.310184732832011, -7.8850644691622485], [8.473843330480493, 3.8850999978421585, 8.483149063245275, -9.664485680442342, 0.6676593591750101, -7.45495752776677, -2.487137102614429, -1.6065745134033524, 6.207325247556871, -3.4804320279902106, -0.1985722473293901, 0.5292211164783689, 2.6189510862504375, 4.501093446715548], [7.668193553064212, -2.3050388691258, -1.7439538325868291, -1.1824940558342565, 0.8128652601886006, 2.0416081265402997, 8.599263060476549, -1.593666728810052, -1.7149571043524654, 0.31554664745223393, -10.065551431379783, 1.6653262951701122, -2.5606812971846997, 3.9076740304180486], [2.30012125260682, -1.6000877795932533, -0.3048810078790775, -14.94897570592091, 7.596460478010364, -4.774494456933832, 2.7401236314708974, -3.230065390368922, -1.173898688951264, 0.5881809268977032, -0.9557262361208751, -4.362767636599631, 4.118997901586547, -1.3998876704385699], [9.153265601801293, -4.457102340668299, -3.967203656282119, -5.965293676130888, -2.3497524642527283, 1.5835076589576937, 4.624340891456857, 1.6030123580774414, 2.60740689302346, -4.097689027982143, 2.336060592636631, -0.6827415536612621, 2.2176918062750026, 7.221566114500462], [-3.9415024134857948, 3.3506363899041682, -2.8539594343298513, -1.0257116665365826, 0.4755544588367804, -3.597567008239727, -2.527831836264367, -3.3232535241029426, -8.483048576209683, -2.8189271485239797, 7.004005313071515, 0.37712271716825496, -2.5995482793896336, 0.1038254040364448], [11.240175628123666, 1.5312452493359998, -0.8188249675556083, 1.5991426844880852, 0.6757031074069269, 3.1533378110154766, -13.551547724915338, -0.25079988684075527, -5.083106400277258, -0.12255368957187684, -2.9897191074487512, 7.518009228961541, -1.6290874570360478, -3.688812799777654], [-6.647816272644301, 4.924620966869662, -5.1896898701317, -5.1195666230874455, -2.2310259160977286, 5.002725932851023, 11.14291249721061, -3.9324814154615506, -1.1571479064753567, -0.5250602162327604, 5.304452974980992, -0.024053696203831354, 0.7703924969192253, -1.1204510655197721], [-14.72257326981776, 6.038478320997489, -4.326073423915301, 4.387886909204266, 0.6733176748595133, -2.966483528535765, 2.5684972150484624, 4.073050884741405, 4.793996913043833, 6.957100161794489, -5.1263338132501755, 3.1264471464325125, -6.502020373491603, 1.9440160058230687], [-7.529211078831192, -2.575713500645849, 1.2805124873048073, 16.780990139283816, -2.997151329865222, 9.741789678166384, 1.7761950601978151, 2.1804840996159114, -0.488570217156554, -6.004449672992199, -0.6610108461304781, 1.210080214455502, -4.8160033787377925, 5.450355029393009], [2.016757978245982, -2.905313477359364, 2.6210270934228608, -10.036478792119258, 2.558606087921194, 1.461884349341327, 3.4205876950678533, 1.7917036142036968, 1.9631785630821892, -2.559780475300247, -1.8517964838829288, 1.5552291894619352, 5.450644011922205, 5.399669428748954], [-5.850238837097688, 2.570726513891937, 0.37519593750046587, 5.358594719246406, 7.191116313665198, -0.2928121156661754, -2.5601109460013856, 1.9188943926461857, -4.70440185885227, 7.026383618133444, 4.291776487413857, -0.5256005872219344, -1.6735253945044057, -0.06563293837316805], [-5.072546270760714, 4.47433799078566, 1.0565861327431165, -2.751058061157318, -1.8923326119057022, 0.8827207270133692, 3.9101937466360193, 0.7420257340129983, -2.6271457822380473, 5.764280959272621, 1.6705547144267192, 7.707994230279166, -5.013234149440504, 13.575591254708524]], "bias": [[-12.275920682520896], [2.373026624961062], [-0.29713494783499755], [-3.2725105555106047], [-1.8275067844723536], [-5.693862456072173], [1.8367264450617287], [-10.658487445457398], [-0.2716897207138791], [-0.7470705475201248], [-5.327788381445389], [-0.02524231200150423], [1.0079171515747232], [0.08816717556432214], [0.7316748443850276], [1.228104376447752], [-7.160219336309488], [-1.7892708947012481]]}, {"layer": "activation", "activation": "relu", "activation_prime": "relu"}, {"layer": "dense", "input_size": 18, "output_size": 4, "weights": [[-3.916383122812924, -8.576906711179468, 12.470500941239784, -3.4868915729625454, 0.6887375768975228, -6.988693241214515, -2.228271904064814, 1.822055420450406, -3.272267754275732, -6.5608950667325034, 4.824700374673185, -7.3303024561874714, 3.3939635896778277, 5.257189225500245, 0.11822997179588335, -5.350367371350367, 2.9869611765011195, 7.958646080537227], [2.027211874126198, -3.496611097849536, -0.8535440997769823, 3.34562935625566, 2.660948957736758, -4.626248593750402, 6.493418356067745, 5.600985008692705, -0.4553018834154947, 4.078821149634148, 4.745607115472709, -6.891400049866297, 1.0346460580263042, 0.340393491789315, -8.28818084085112, 7.28746585746614, -0.9709083102718041, -1.3207945169657351], [0.35916733106667487, -1.6737490264770702, 2.8158974164175303, 0.29816159774149664, -3.5089723278456786, 1.7756231125550368, -1.2166912146516697, -0.7513505514397711, -0.967882417308785, 5.130913495582053, 3.863563853170047, 8.963037209471349, -15.409198660369388, -3.0795754059630407, -3.963102238900583, -12.663462468657201, 2.9205777077032558, -6.343759063341742], [-1.9204607250137542, -0.7330080420519689, -0.9076810845222911, -4.52739863559001, -6.559431782366364, 0.34238936426607247, 6.139163042662911, -7.257407608022802, -4.357626358160377, 2.1298089070650175, 0.5069786822506234, -9.117029320488056, -3.13891240598878, -10.603622921437566, 9.559224265317603, 0.7256561986586885, 0.7758343555939349, 2.175126891545846]], "bias": [[-6.433372671799488], [-0.6067837560682791], [-2.0244963699859864], [0.27975992357007207]]}, {"layer": "activation", "activation": "sigmoid", "activation_prime": "sigmoid"}]}