{"generation": 370, "board_size": 10, "snake_size": 3, "input_direction_count": 4, "apple_return_type": "boolean", "segment_return_type": "boolean", "network": [{"layer": "dense", "input_size": 14, "output_size": 18, "weights": [[-4.117967302721442, -5.208412905294984, -1.3336318283598194, 11.952078118614862, -1.934797894208188, 6.9798127428819585, -9.99392052893543, 5.049626691807024, -6.663926086467293, 1.150591947773921, -3.5593814921158606, 4.15810878654438, -0.9589459480231111, 0.4470012634152385], [-3.64729063287796, 5.920151826968602, -1.9073341589795898, 4.396957229712994, -2.067690968216415, -0.3157009676555539, 1.3230282769247137, -5.308662318498422, -1.620275863429356, 1.0852264140390468, 2.1505690389622414, -2.225645424830863, -1.0855982876582946, -1.8924528991965879], [-2.301055518136408, -0.39095372801894834, 2.006861529983878, -0.15474581499504517, 0.9358107300675117, -2.903517320760379, -4.011119286178982, -4.281616359955695, 5.276042806133151, -0.88568632196746, -2.862582215960739, 0.9314485396262935, -3.0884240876469877, 3.543158278374766], [-2.759134443959139, -7.995917333436688, -0.5104222365216136, -4.421502268020785, -2.915146328628546, -1.103245712749516, -2.012814149584071, 2.4235026651017355, -1.4269063791946954, 1.7335336639280619, -0.1037062450604142, 0.5096159781291076, -0.3458942999469519, 0.02915950248677618], [-1.6192242656170732, -5.433640505084876, 4.638032278527982, -9.123869981101143, -0.8598313686045309, -0.5081481160471348, -4.481891950187851, 2.2689581877227107, -0.5680458416459556, -0.4466464909079585, 2.6387933574108526, 2.042332451225878, 2.3588970879947153, -0.9595574271924592], [-8.495889769614507, 5.156204377166343, -1.507302940992654, 5.391909788084977, 0.14005650729367244, -0.20141584820342529, 4.960114012194307, -1.5311290139172078, 1.6281674828808592, 2.353079973571477, 1.785525207820554, 2.9222567733738605, -3.548871322776418, 0.627856683421902], [-5.776367755181349, 0.19704510582110074, 3.509294728773461, 3.3675963448755453, -0.41362822345937267, 0.1320661938611975, 3.0579459620053417, 4.61391523465964, 2.814041497408252, -3.441324552482177, 5.703526419256988, 2.792509836457171, -5.806059453576796, -2.0869145594627696], [2.6145081921075604, 1.0398481530352282, 1.8716003087210475, -1.1315178940632076, -3.717875705892606, -2.9609752638274873, 0.01255771056327748, 2.2845410019931034, -1.1532806665344404, -1.3164911195999547, 2.216552686829422, -4.472382210512475, -1.2155920009597871, -1.8719897236108092], [-2.7281652766908584, -2.6966251801661567, 2.4670995491938568, -7.057805800509674, -0.04451676037612212, 0.6960762669177682, 4.979603591373337, 0.21209275113697207, 0.285213479050332, -3.4017093673931216, -0.24213060667587338, -1.6710386694941837, -2.2294763889968934, -4.968049907596634], [-6.567424061476819, 0.7135168789394254, 2.216276583195364, 9.324709937676912, 0.6391430158339819, 2.8807049249349346, 2.343284741568639, -4.6203082053942115, 1.8209328873055624, 1.3311246327529742, -2.6832119595790203, -1.5941362610056744, -4.397048953798433, -0.7560118407661339], [-6.176727415210463, 3.9956735902219482, 0.32432421337015904, 0.1787215360433505, 0.7571909270295812, 1.4996511645075938, -4.301039547914598, -0.4019428903816076, 2.2391491788505493, -3.334406068943852, -1.0989094625058458, -0.47479595380644657, -0.5359104430479782, -4.386744124518285], [1.7506494519854678, 1.2255130964842287, 1.1518501557928094, -5.937144659726508, -0.8739718176117701, -2.3589870978530416, -4.718107345448121, -0.364175416127976, -0.9655979998000179, 6.169546536335609, -2.143286187156253, 3.437725278400207, 4.591213223039362, -0.8264951335276647], [-4.645510541008206, -0.18537564395666029, 3.7380562127776704, -1.617996794650951, -0.5953377561885878, 0.9570391555136062, -0.8070795082240378, 1.323724243966404, 3.5700292956378483, 5.189276415820564, -3.1796559602495433, 0.6047362047914961, -2.027201191067088, 0.38283030794471706], [3.521944963010642, -1.6336317662471571, 1.2874244179385665, -0.8192785597301482, -3.264169782593755, -0.0677930343463895, 2.7001067718332905, -10.667731150127313, 2.8322591182800503, 4.098269268066838, -3.538254472435902, 1.5564225085734522, 0.8904647560525053, 3.980611540782624], [3.4019227679085486, 6.262498817771709, 3.3640236625674085, -2.475582694760197, -8.138155230633378, -3.6937045838183127, -0.8285414650835847, 4.572653439110005, -0.3731473956113256, -2.581058980039016, -3.5901769065798685, -5.736953732041925, -0.7188066119578441, 0.23926555842976893], [-4.966623460151867, 3.3077033940074263, -2.4557621133978094, 1.825496456529546, -1.4916419728407375, 5.112670907271201, 1.5062629537545817, -2.6350038061015972, 1.903136142252237, 1.5162250602680076, -1.329857482969644, -2.0310381736878798, 1.5806969181012414, -6.768430989900205], [0.039984102020865275, -0.4726205560703579, 0.7160716351577756, -1.4744142339097637, -4.350919180691345, -1.304906768367183, -2.476961724261175, 0.9965803035284174, 7.957405602499135, -0.8846799629239344, -5.6455026590802095, -0.22414222267492695, 3.574374891010028, -1.0674162277438968], [9.562292077292302, -5.0101228958350665, -1.19170823857326, 6.776313955958075, 0.8735889618160918, 0.8123931352830404, -0.3283102372847592, -11.00567026299688, 4.932823862189858, -10.965552243039518, 4.118073595162912, 0.598328209497748, -1.180287499505374, -0.24524988106584816]], "bias": [[3.3950462361595486], [1.9009738778133158], [-5.775936525017592], [-3.026053496945425], [1.3546253001068802], [0.9483435290012814], [-0.7318268518241619], [-1.0270441175321732], [-2.935075949259831], [-2.404814830215078], [1.2665548648760405], [4.996427759424169], [-2.9186699807400345], [0.3093169211231124], [-2.1249750179661087], [-1.1731343369096885], [-6.784707644701922], [-2.51815969141748]]}, {"layer": "activation", "activation": "relu", "activation_prime": "relu"}, {"layer": "dense", "input_size": 18, "output_size": 4, "weights": [[-3.854160214090487, 0.5152669422688658, 4.038918732440097, -2.288143521257669, -2.1016567080648674, 7.815473145275332, 2.227472741997506, -3.661725141290458, 5.529099685289484, 2.025133238587381, 3.568876000235885, -2.7473832990079825, 2.110471804692791, -4.019456042488271, 1.0023405601177533, -0.2011446425455209, 0.5783252861748471, -2.14792689886602], [-2.2827888048019576, -6.754261095599669, -0.3926910944122402, 0.2025062340019226, 10.057550446897809, -2.9491467936550864, -0.33509446064726534, -3.4235738497249164, -0.04725327465121332, -5.662144980082213, 2.195590580406913, 5.485636440223169, 0.6845254905710316, -1.1380683478567666, 0.5899301373834431, 0.36997503851986235, -2.777654334602099, -1.9640961590600048], [8.208152545154471, 5.083185517114541, -1.3872969632095447, -1.5190053646898432, 2.0625579168676227, 3.2967824099877303, 2.587613023208127, 2.025068695800438, -0.3582544954342536, 4.525987711315651, 3.2992746643454973, -0.12500111620066962, 7.032909505146186, -7.7287155994439924, 1.8231910891762555, -5.011801322677558, 0.2550977835337099, -6.497723403699002], [-3.949528479284191, -4.822222823273694, -1.887039503289978, 1.6042755484818325, -2.701893039217165, -1.4271357547329706, -8.703554466887521, -0.03637839831379283, -1.6284335553581912, -0.8636471805285407, -0.5063539591263354, -2.1123563779313046, -8.02152962100915, -0.09884540819564495, -0.3500478034108142, -6.855609127512503, 4.190511478616041, 8.847043705929739]], "bias": [[-0.8115161024242923], [4.724378454590711], [1.3178139641953333], [-1.903281684809736]]}, {"layer": "activation", "activation": "sigmoid", "activation_prime": "sigmoid"}]}