{"generation": 375, "board_size": 10, "snake_size": 3, "input_direction_count": 4, "apple_return_type": "boolean", "segment_return_type": "boolean", "network": [{"layer": "dense", "input_size": 14, "output_size": 18, "weights": [[-0.8893208510417933, -5.208412905294984, -1.0853895691902888, 13.007599292293175, -1.3429298445350286, 7.670327044195923, -8.668612127263165, 3.275707713394102, -7.375308318372785, 0.6454635276565623, -2.8943765794510985, 5.138447546170868, 0.18327344146496544, 3.325639165699962], [-3.64729063287796, 8.40475036943259, -3.850315027123094, 3.9451786765042405, -2.115286402369073, -0.5284959527119223, 1.827347991563065, -7.08280213665968, -3.972157693139178, 1.1864052506059446, 0.6743038300278321, -1.3881423618033424, -1.5825876606752292, -2.0820009587272894], [-2.097822166407217, 1.1048951003598968, -1.6552144549435126, -2.336727243134506, -3.2537948248370148, -1.0400076646857723, -2.290604694002522, -4.281616359955695, 3.1099175323719064, -0.18361904046362354, -1.8513824461569246, 1.14107147315855, -3.338987129406245, 2.640387931750061], [-1.1627428514561022, -8.736384402897762, -1.336037585469993, -7.047802972502096, 0.7171690621547363, -1.103245712749516, -3.148885100716645, 2.4235026651017355, -1.4269063791946954, 0.8119540225036639, -2.702035888103188, -0.0805127530504611, 1.6304340894010008, 0.699071506803805], [-0.636752805805018, -4.976586956634369, 5.242000157803322, -9.618898644980847, -0.9581389905846993, -2.299749092337362, -5.777877799002461, -0.6874388980058033, -0.659744826960444, 1.4416900325896664, 1.417818621273865, 2.0381596802843767, 2.8637595008273, 1.0536310397692001], [-9.556623088070383, 3.7736488719635655, -0.7884187861534251, 5.534474955139595, 0.14005650729367244, -0.20141584820342529, 5.797089309545185, -1.0670809549943154, 1.9374525243878864, 2.982605648939555, 0.840316823407077, 2.6473091094225816, -3.548871322776418, 0.28819769717944954], [-5.776367755181349, 0.6609267038055413, 2.8310045338517225, 3.459180038918921, -0.41362822345937267, 0.41561762383295453, 0.35962534316276584, 1.8337357141116106, 2.814041497408252, -6.221174305493363, 5.703526419256988, 1.359729912640908, -5.806059453576796, -4.226546856010219], [1.5366219259273657, -1.4073961670638757, 4.30364518182618, -0.7488750947263173, -5.700552438188843, -2.9609752638274873, 1.58740140358341, 2.2845410019931034, -2.688726122464618, -1.3164911195999547, 2.216552686829422, -2.2052709814884848, -2.9537790679555798, -1.8719897236108092], [-2.9971387105266722, -4.529222826906297, 2.4670995491938568, -6.842983629730524, -0.5476303265689593, 1.4176565890388597, 6.090151633720178, 0.9231177786130309, -1.925009370010115, -4.193183445822335, 0.5444042095882949, -2.148955560463227, -0.4536734025538609, -5.524512433859721], [-7.029404611683897, 1.9361600769938576, 1.4158268401519036, 9.324709937676912, 0.2666934020831837, 3.400978078201182, 2.904272448086452, -6.527605598899194, 0.7437546137224492, 1.4226740851665802, -2.3125820466965954, -1.7860757871462967, -4.045060612914585, -0.41283790786243535], [-5.00368311754652, 3.9956735902219482, 0.32432421337015904, 0.1787215360433505, 0.7104265420813773, 1.4996511645075938, -4.1131553793316, -3.782907588155326, 1.8403667673162292, -2.8870418536918594, -2.4235791221758776, -1.3691014535564743, -0.7523626805299914, -4.617061078606195], [1.7506494519854678, 1.1928237548030574, 1.1518501557928094, -6.7392057047994545, 0.6399856597490603, -4.33489770016333, -4.0599221329445365, -1.746640563993613, -1.3556224392966794, 6.169546536335609, -3.851050085990705, 3.437725278400207, 5.6397986734477845, -1.0479523289222594], [-2.8066231442837433, -3.863655712592024, 3.7398775484245466, -1.617996794650951, -0.5953377561885878, 3.1872063727881574, -2.5717365765870577, -0.0901722615692957, 2.9286296822076023, 2.35107204620648, -5.187003883593151, 3.38750082611506, -0.9663260218788912, 0.2604097397227607], [2.387122850380484, -2.856273127075129, 1.435543815223664, -2.9347001331122815, -5.485121850735401, 1.1203409553194967, 1.0755515040449848, -9.642731113582071, 0.2529415675460859, 3.696293920187781, -2.4491890377288175, -0.5380592406943823, -1.396711677704712, 3.959854581096303], [4.8811287448920755, 5.963612797687597, -2.138502166815249, -3.7885475419241597, 1.9162513880486711, -6.708742708390305, -2.217217323376036, 5.353072331081694, 0.06922438884477589, -2.5100995540653233, -2.2036498891383696, -2.363412402092268, -1.4050052367875485, 0.7110473915666864], [-2.7147272703433925, 1.3180377895505608, -3.041507931275627, -0.9368390083135936, -1.6925447400178566, 5.112670907271201, 3.0643881309326533, 0.5474296806023431, 2.9585329958691995, 3.3901705809241767, -1.4490579569223112, -1.9788119065196943, 2.9149787699610723, -5.496297310365611], [-0.11092080545176619, -0.6502603038159981, -1.0661318095607681, -0.5789728627693336, -4.346605803858695, -0.6942056003083873, -1.5502685523579767, 2.3068349256335106, 7.957405602499135, -0.8846799629239344, -4.9292792967873575, -1.0922398263417148, 2.088816424201553, -0.08392965896723203], [11.100217415412425, -7.079008805748297, -1.4313317514043449, 5.220132921773791, -0.4084810759669561, 0.9682808807034824, -1.842195026012729, -9.807683248007084, 4.762828966165015, -12.148286255037956, -0.1698355523946934, -0.7646064568629249, -0.32336953752911557, -1.447912444619063]], "bias": [[2.8935041401924586], [-1.9744363362989412], [-6.58376673057295], [2.234810496988967], [1.307915009879864], [1.8149354931802792], [-2.0610173020414377], [0.14008333562033837], [-2.1914797553524803], [-1.7031849088825446], [-3.0441319901185393], [3.0341783918150176], [-6.301535635497125], [-0.23350535295984515], [-4.686740835583315], [-1.94166396505213], [-4.417555799458306], [-1.7611175468843525]]}, {"layer": "activation", "activation": "relu", "activation_prime": "relu"}, {"layer": "dense", "input_size": 18, "output_size": 4, "weights": [[-3.854160214090487, 0.5152669422688658, 2.516652294444124, -0.21038361658801485, -5.138380549416409, 7.960228652069697, 1.2566599448480675, -3.9616227264104715, 5.305428710315066, 2.025133238587381, 3.283925536860371, -2.5844052927093455, 3.3982326204936664, -4.319970947969364, 1.6863399109610775, -0.2011446425455209, 0.7629364646102067, -2.6815201456467284], [-2.8115234578924113, -8.436979304174212, -0.31698249723349026, 1.3330775631235414, 8.245030303248887, -4.055993399592446, 2.5788720635496, -1.1231069710059742, 1.8913667687862348, -6.065453367178605, -1.4012768902656063, 6.612337908474496, 0.6845254905710316, -2.73442909294205, 0.2958445281383556, 0.5787622904032586, -2.6180283949977703, -3.7772370958884705], [5.130902919623125, 6.412190597832355, 2.783376489488407, 0.1442260838908167, -0.8101463710131304, 2.955158216694536, 0.3090547867062373, 2.312282462449363, 1.5913841805075137, 2.184786840045401, 3.8101294430549517, -0.12500111620066962, 6.015796109481665, -6.7612196917477, 0.9113897966126627, -6.312489708528011, -1.0558863075034526, -4.586089503434813], [-5.306453573288819, -4.027807276098796, -1.887039503289978, 2.064404450775271, -2.201869105307066, 0.4986805075779741, -5.986900678838872, 4.3654513433075754, 3.1339970235630124, -0.8636471805285407, -0.42983541664686037, -2.1123563779313046, -9.611781463028414, -1.2828474408310757, 2.212034270112855, -4.910922405211272, 2.3538553237007793, 8.65116615463645]], "bias": [[-2.6466921744814265], [4.815958164371443], [-1.5720349833313645], [-1.3273974001617983]]}, {"layer": "activation", "activation": "sigmoid", "activation_prime": "sigmoid"}]}