{"generation": 519, "board_size": 10, "snake_size": 3, "input_direction_count": 4, "apple_return_type": "boolean", "segment_return_type": "boolean", "network": [{"layer": "dense", "input_size": 14, "output_size": 18, "weights": [[-5.987248121813296, 7.374904095144718, 2.4556684596874083, 1.2449758219275735, -3.4388915722729227, -1.3205891154913019, 3.53217379738308, 0.35611524865791266, 1.7589636873460313, 11.589737960794894, -8.40799197554161, -1.3908563041485507, -2.2088285017839198, 3.281648744028118], [-2.382790172153138, 4.105924608815827, 6.388628678843052, -15.094902028141432, 4.5897430263158565, -4.826787194255201, 1.6264920475729012, 0.24249690972934956, 2.3313073717545993, 0.17580483557249155, 0.3306059391366608, 6.058386704033016, 7.113393904930285, -0.7967533783757561], [5.949946531965191, -12.79046378844458, -2.7442953008172672, -1.4362290555252126, -4.418833382514652, -0.16159703569562514, 2.463348940832699, 0.5638780870232629, 2.970691313266541, -7.047027895758567, 2.1649262532539413, -4.347627560043803, -3.9730517168974586, 2.880157157773165], [3.3119950483353584, -0.9762420249078381, 3.044712164007539, 3.9763261377021335, 2.0060758072888, 3.6894754412932604, 11.190598547755169, 2.837820203366585, -1.5329918244536918, -0.3098250733597002, 6.757549983871396, -6.957803767750855, 13.225480737429027, -2.4159102468101445], [11.76780488697185, -11.91838548989792, -1.568731259334655, 4.383043386363305, 3.099363126753482, 0.2411002366179552, -7.3759964167747984, -0.7885955581675193, -7.66460207337075, 1.5428909074892223, 1.0816747786104357, 2.8863000105011576, 4.5038825133869915, 0.9533900145751153], [-2.8246923857452138, 0.8740238579687847, -1.350657049728941, 3.023164379967008, -2.192645486234018, -1.097189156513978, -7.6095355381480125, 0.12910087081322846, -2.4368192364140433, 4.629930554621371, 1.1676760717550088, 1.68470271181158, -0.22215429606713133, -3.7081798181994836], [14.695311299226484, -3.387932381521817, 0.8577063063943434, -0.3273588109483768, 1.8196998187770976, 0.04263001117594756, -6.709026484031218, -4.220925101972935, 0.4206823631767608, 3.106032478585623, -4.132852934354044, 2.4642655865647116, 1.6609435964700712, -4.813159651995719], [2.4139950608036207, -7.126753827838251, -3.4867821954123146, -2.7135603823417735, -3.519778990497229, 0.8795387868152738, 1.6736786747129961, 1.426610260030757, 1.36544070306505, -3.562701553017055, -3.797430901669995, -0.18267102768274224, 1.7166771782913917, -6.17612371793863], [-0.5727084322770599, -4.034613837028277, -5.44316801006013, 5.272823973086851, 0.5711275629417484, 0.6490035045043523, -4.811381269792886, 4.117565521195979, -0.07902953087100806, -4.545426736458886, -0.4647696098009162, -0.5488150269796769, 7.275696192442804, 3.9909282137076874], [14.32358614504745, -2.6174029611643044, -0.32949128628954205, -5.20727376166382, -0.8531919471537748, -2.368787259519463, 0.4813654290838188, -1.2700758537683883, 3.7289663109553386, -1.7289332835602558, -7.862951247460975, 2.0513286085178954, 2.725643465587738, 3.24186782426856], [8.694401567179284, 4.885253907062357, 0.9420920813164323, -1.8725341874600343, 5.29894438081227, 0.09407232471841875, -9.301324618442596, -3.3325912459275666, 1.2708586823762986, 2.783229223592802, -0.6351239673657592, -1.835418937516939, -1.8381548040591174, -3.6779179439666736], [4.210006611632492, 1.9471916116122996, 4.183029113285992, 10.580224723391405, -1.5660985750797614, 0.15269648059166507, -7.336283831413961, 0.6671032867296652, -1.4216690912602004, -2.1591474059068516, 3.008242327186399, -0.684679539937913, -3.019739424806614, -6.2551939052006205], [-3.586489597011815, -8.97785401603146, -2.991881156858497, -2.1493422073081043, 3.1861322753564365, 1.0010464038533802, 10.831381275728312, 1.1928895561381898, -0.43471021045498814, 3.7161073461997214, -0.5044979947133417, -6.067379764515062, 3.4288456866192356, -3.344794851468678], [2.6544183023169747, 9.078155309796717, -0.9557479546233068, -4.213177394389374, -0.9648497539520382, 0.5154678561694132, 0.404959600121671, 0.0316851981158416, -2.251842359800296, 1.4987123775458402, 3.663139231802697, 0.44120236506309074, 0.19143932766066407, -0.58075057520063], [-12.17830506075612, 15.873418727296915, 1.060806369529543, 5.60668405519499, 1.5171907264060789, 2.485366160892261, 2.855878534671353, -2.2015721769248815, -1.4089653993074567, 4.967515993014402, -5.162913148671239, 8.548965283562326, -4.5763953551804395, 3.6612452137518154], [5.048770563766614, 1.2436509966208782, -2.528867283703068, -5.445045427168258, 1.3821583678381364, -1.8784712142298887, 9.61041723232581, -0.6451745328505805, 3.2593021547890926, -0.17467938156060514, 8.667052574462517, -2.8187365800759485, 2.040218583195724, -4.295746462508515], [-2.90344167718058, -0.03614576457270713, 10.698223965091552, 3.1607433897069352, -5.856616973241535, -2.437283871527403, -8.003037327008967, 0.17257146730356454, -2.615220874629499, 6.273980140361658, 2.0467856403735087, -3.728657666070598, -0.8720130287685061, 5.818962038151947], [-0.17254011949705483, 0.4757499475930837, -9.884688972933423, -4.273103061622704, 5.421278484402104, -1.7786606438275947, -3.5318996671558813, 2.880855547602352, 2.0839963349758346, 7.508787158549237, -4.87037504309593, 1.3588845001883039, 1.5356043851248429, -2.092957106919227]], "bias": [[-4.775222692402288], [1.0722974387985338], [0.6824665086455286], [-1.6447228831504732], [-10.042380610072748], [-2.222333339970782], [-2.898995301431233], [-13.748467834464222], [-4.735579234497297], [0.8305897771073664], [-11.867162682821165], [0.9855435801407941], [-3.3909615501569466], [-7.051108083079321], [4.126729214447215], [-2.0995049782512583], [-2.049176584757844], [5.406947601135765]]}, {"layer": "activation", "activation": "relu", "activation_prime": "relu"}, {"layer": "dense", "input_size": 18, "output_size": 4, "weights": [[7.566935844542152, -3.3362295403015105, -6.13275123913451, -6.7083027454678925, -0.5482045153057613, 1.0290157308783223, -8.65258843145655, -3.2706658659701793, -1.0180704377904637, -6.019006773697031, 0.18886097212203456, -1.212416163365725, -2.9494027133578093, -4.327125601479249, 7.320758922661829, 0.5332107920965514, 2.751579282702887, 2.164557136213327], [-1.6811194024047307, 8.646192831022598, -0.9250256623911179, 1.4400213256860572, -2.2664323145465435, -4.133302334304048, -2.430516890192586, 0.6571170682163507, -2.7271931235081524, 5.682558735257215, 2.0397049493979478, -14.242043789197156, -0.4223464040040471, -2.849254770833139, -1.7355793570779476, 1.9839018339267263, -2.044855724270222, -3.869792269207629], [-3.3681765509572217, 3.0389217094796357, -3.4396955629453325, -6.09683672476522, 2.273978665445953, 0.8437017216813298, 6.244069470535756, 1.0823986887450756, 0.6863885222275821, -0.6903767075905854, 11.399610235234542, 2.2157509830598725, -3.1158216440625877, -0.5891795174772847, -12.908276352041883, -8.375404584451468, -1.9556455812301177, 0.9166701172188026], [-4.062938952712455, -4.852082069015637, 2.365252670779372, 1.8128123422067688, -2.5308591559447002, -2.193451114381317, -8.139609762155963, 3.259632689282856, 3.7640671665471586, -5.830746873659628, -7.555935384720033, 3.444579345821757, -2.8017707506488216, 1.5755216765854536, 7.813420279740782, -3.6935555197627723, -2.496109420768072, -4.503399795689287]], "bias": [[-7.516973799382154], [3.9717456683016983], [3.349567823656868], [2.7881289378815683]]}, {"layer": "activation", "activation": "sigmoid", "activation_prime": "sigmoid"}]}