{"generation": 513, "board_size": 10, "snake_size": 3, "input_direction_count": 4, "apple_return_type": "boolean", "segment_return_type": "boolean", "network": [{"layer": "dense", "input_size": 14, "output_size": 18, "weights": [[-2.9700257245493433, 4.084228246490893, 0.9844601623467695, 1.2449758219275735, -3.4624589027205994, -0.15408030032056663, 3.580954067809776, 0.35611524865791266, 2.540607906903708, 11.336260585260971, -6.016785621544688, -1.3908563041485507, -2.6157935121669316, 2.9621285145530725], [-2.3698702131853264, 2.9060448491957676, 6.388628678843052, -16.188818677358288, 3.6463478136599106, -6.103790566565807, 0.5916120398206808, 0.7190471736977667, 2.6462545284702528, 1.2646637856376566, 0.3306059391366608, 5.093163279325245, 7.113393904930285, -0.19830445062442265], [2.770425483158994, -9.60146815260231, -1.8425779265931763, -0.902781401335891, -5.676191049702832, 0.11015846344796412, 5.152955196750956, -1.2125722960520067, 2.970691313266541, -5.340535782532657, 2.1649262532539413, -4.006007739357396, -3.8890908788919285, 1.4494767534617568], [1.5977314892920398, -0.9762420249078381, 1.104439551411387, 4.206266576155878, 3.568427422807472, 1.2775994745346353, 9.46799161605839, 0.8830819194280948, 1.699318904454719, -1.8585002903602603, 5.328656971241312, -5.516436500490468, 10.49837506671155, -3.4065490052259655], [9.93936913681839, -11.065579349562409, -2.7165396154971813, 5.5756165399787845, 3.099363126753482, 0.2411002366179552, -6.2449325164082925, -2.5243183976140275, -7.928289699157099, 0.2462683645100323, 0.1786614037221167, 2.8610083415408636, 4.3193687091175095, 1.1849367051589184], [-1.635164846476605, -1.0509124403940495, -2.0157153506680645, 4.144556927820571, -1.474507222929539, -0.9217619523594948, -7.243454775672739, -1.0009233200606433, -3.2040226620902654, 4.1638388957011285, 1.9275884386608155, 2.827307234518196, 1.0232755982183233, -3.7081798181994836], [13.82849307949017, -4.52703665490529, -1.4967589814544173, 0.7334032087696897, 1.8196998187770976, -0.7673690833607041, -7.3419284998526795, -3.5525596178239462, 0.293824637451626, 1.3132968322006076, -2.879446530789992, 2.6979979174067834, 0.003558677077502681, -4.813159651995719], [3.151561044581123, -8.324705262714104, -4.684559796433659, -1.569807214951573, -1.0355121911918221, -0.19068131417753714, 1.852983145561578, -1.3758420971995797, 1.476672937812567, 0.8396853970473463, 0.6446268514996449, 1.501799346092913, -0.17458038072440885, -5.774085327876946], [-1.1465501709457293, -2.602007872649878, -4.909548219153669, 5.596232716937575, 0.5711275629417484, -1.7983431401426895, -5.531885791891621, 2.111222330266645, 1.4318777922950587, -5.615867652059814, -1.793178783590615, -0.8194881923868551, 4.228329737642446, 2.027151369643399], [9.871118635778604, -1.701285106451555, 2.7333418328714867, -6.971039982425733, -1.151469601387129, 0.1657114035014366, -3.209608789676085, 4.021589890153029, 1.5469779276633822, -4.597392282638261, -7.152363081792279, 1.4279393253693446, 3.925426403266864, 2.8448104685075704], [7.826080692164157, 3.8350301123876247, -5.144161236710489, 1.9715422280486328, -0.4295289161491931, -2.944171067591554, -5.406825657592658, 2.281479417908595, -0.39801039523998405, 4.0066462886942285, -1.999982171440681, -1.4206938720791547, -3.3465980392861923, -4.283842050228584], [4.119009461962746, 3.511630958924538, 4.43447994635643, 10.580224723391405, -1.5660985750797614, 1.6822614821875193, -7.236084284390776, -4.057900762693813, -3.7950983948371153, -2.1591474059068516, 2.78422039062568, -0.459612904598169, -4.053806260348636, -5.494769998748265], [-2.038821402347443, -8.241377235435914, -2.5954584767802475, -2.271043011292495, -0.17163115697782838, 2.3024157363840594, 10.405038097994343, 1.8988490176693764, -0.4081104998406466, 2.094392412658039, -2.866211201280936, -5.141844151443708, 2.51003009635384, -2.7523394144181164], [1.2246780934329144, 7.152365934083652, -0.4049989723919096, -5.801517254587713, 3.695717067215644, -2.1167372685262915, 4.0007124154238, -0.8228017044043008, -6.276956675695077, 0.7169551071712934, 8.917507902997707, -1.1308118481348384, 3.5130990575074894, -1.1515820688238105], [-10.755124533344311, 15.130375212528769, 0.7487883722017801, 6.060486936507676, 3.030728990720443, 2.485366160892261, 1.7908369980198628, 0.7449107652014522, -1.5404031362615842, 3.2043839472193136, -5.162913148671239, 7.621819429863226, -4.060553279216174, 2.737359443395021], [3.6034334099025367, 0.8617687140589902, -1.704253593332084, -5.371369433588178, -0.5387637892903718, -2.7568936261859225, 9.501776655301127, -3.146991744417914, 1.2034510707831811, -1.5235501058951537, 8.667052574462517, -1.9635300622700547, 2.810709418792949, -4.856749124633356], [-1.5756893604825093, -0.03614576457270713, 10.698223965091552, 2.2862453937622265, -7.461051341442737, -1.5335599108872886, -6.341980604289513, 0.37098385365247144, -2.615220874629499, 6.273980140361658, 2.755033689110145, -2.7368739175414145, -0.8720130287685061, 6.177200467851184], [-0.6340370290946101, 1.7974067100644384, -10.138996965180857, -4.090378392121761, 5.442406969283313, -1.300931633251734, -5.188834638998516, 3.6629397388419656, 2.0839963349758346, 5.175164300509115, -2.273944159776468, -1.5056471012832513, 2.572575205726565, -2.828676155220879]], "bias": [[-7.0155121186261775], [1.0722974387985338], [-0.10741310938724982], [-1.0441400198511654], [-7.6806176080866955], [-1.5326981554028174], [-2.8204083477326503], [-15.121037266079416], [-8.038131575385453], [1.355330713243013], [-3.6760528340833036], [2.713343125401853], [-5.092044697835559], [-5.594535530058766], [4.126729214447215], [-1.8983315993909176], [-2.526110675295762], [6.361208355140517]]}, {"layer": "activation", "activation": "relu", "activation_prime": "relu"}, {"layer": "dense", "input_size": 18, "output_size": 4, "weights": [[7.566935844542152, -3.754273072154218, -8.293327618057607, -6.991509938013649, -0.3188851202192673, 2.5478653718100395, -8.851536553159637, -1.4416789543108715, -0.13499944916285667, -4.4908171620086295, 0.30172979833856994, 1.7162273900441396, -2.097264844499871, -1.3942736381476433, 6.492620561018134, 1.2414443462511369, 1.7913561872657204, 2.164557136213327], [-1.2514594345713288, 7.553271319906573, 0.5860405174247356, 1.4400213256860572, -2.5024635822876986, -6.089957614999277, -0.3945044384473672, -0.9646926221907789, 0.3097625322821076, 2.7305703675707456, -4.274400455696844, -14.83930559091284, 2.1105627080457063, -3.804940536995762, -1.7355793570779476, 1.9839018339267263, -0.3450298147393498, -1.8305561397128758], [-1.7911083671809027, 5.4125568046227714, -4.231365382545227, -4.3793741021208445, 5.304207912336746, -3.1497815773439255, 4.070758203319079, -0.3420553881442506, -3.14538075663694, -0.6903767075905854, 12.589334305299364, 1.2651701151809702, -3.1158216440625877, -1.7076246908559412, -12.662114352072953, -8.690677956080568, -1.9556455812301177, 3.379515934939113], [-3.1766938502975886, -7.023468885509118, 3.3069058252942196, 3.1662215006695322, 7.383812280670508, 1.0677919741351425, -8.09259388481573, 1.3483294826355845, 5.801767751389955, -5.06967642445767, -11.613547769944168, 4.798599174482487, -6.157937661781803, -3.2604487644084847, 6.116643303459994, -3.0585682719682628, -3.304325201746517, -2.9238933142579673]], "bias": [[-7.71137900354301], [-2.118030655126172], [3.554426932270384], [-0.36310146297932566]]}, {"layer": "activation", "activation": "sigmoid", "activation_prime": "sigmoid"}]}