{"generation": 377, "board_size": 10, "snake_size": 3, "input_direction_count": 4, "apple_return_type": "boolean", "segment_return_type": "boolean", "network": [{"layer": "dense", "input_size": 14, "output_size": 18, "weights": [[-2.2599070947105737, -5.208412905294984, -1.0853895691902888, 11.793611793576169, -2.2048176362279257, 7.670327044195923, -8.638953943988994, 6.702203213437701, -4.283813159489555, 0.9927103763098626, -2.9384075620674714, 1.3894429189716972, 0.5792786398980397, 0.4470012634152385], [-1.4457944313560265, 6.850626277504787, -2.52746312239662, 3.8360803906950847, -3.6671251146422184, -0.9492385834548847, 1.3230282769247137, -6.416910351914522, -3.211451862340568, 0.5945456639675945, 0.9865031451694666, -3.588165568302655, -2.2466348513985404, -3.6997899309409585], [-2.301055518136408, 3.2335818606721443, 1.3348463352116386, -1.1121334504765479, 1.1185835078958588, -4.909420128374376, -2.446063634673262, -3.9080702281108857, 5.276042806133151, -0.88568632196746, -1.8513824461569246, 0.4049196756193371, -2.473387216561914, 2.560990206928124], [-1.79970636366046, -10.157715610530316, -1.336037585469993, -4.699989675559431, -4.978757676961296, -1.7255575937378376, -2.012814149584071, 2.952763512167862, 0.8254008104799937, 2.28832876113358, -1.5379093996245254, -0.0805127530504611, 1.6304340894010008, 0.699071506803805], [-0.636752805805018, -5.143667193983085, 5.242000157803322, -9.618898644980847, -0.9581389905846993, -3.142157434889162, -4.974436000588956, 0.33249020156169556, -0.659744826960444, -0.4466464909079585, 3.096723293296762, 2.042332451225878, 1.1745668661591404, -1.452124290692328], [-10.159902422631657, 5.156204377166343, -0.7884187861534251, 5.534474955139595, 0.14005650729367244, -0.20141584820342529, 3.7726594486001446, -1.0670809549943154, 2.1127958053657974, 2.353079973571477, 0.840316823407077, 3.0664329599225533, -3.38906096402292, 1.175383032904394], [-5.776367755181349, 1.2049121808214538, 1.258594504384115, 4.381616788044494, -0.42871625759518306, 0.41561762383295453, 2.606073597710649, 1.8337357141116106, 4.8578334645053625, -6.221174305493363, 5.703526419256988, 0.6945099168592576, -3.9802863524467105, -4.226546856010219], [1.5366219259273657, -1.4073961670638757, 2.675706958423157, -0.7488750947263173, -5.144760272726155, -2.9609752638274873, 1.58740140358341, 2.4236910694071696, -1.7715120928234331, -1.3164911195999547, 2.216552686829422, -2.8112226588367397, -2.7173967866667503, -1.8719897236108092], [-2.7281652766908584, -4.529222826906297, 2.4670995491938568, -7.533866379577264, -0.23907979743906235, 0.5258909098979017, 6.090151633720178, -0.7120891588722185, -0.4002912333298818, -4.144028529723001, 0.5087263736528741, -2.148955560463227, -1.9485810413006999, -5.524512433859721], [-5.400754127110463, 1.9361600769938576, 2.4618497066015705, 7.702632961616563, -0.7101824070580226, 3.400978078201182, 2.904272448086452, -4.3384682767303735, 0.5546053598486944, 0.5512455349793622, -2.3744210123693983, -1.5941362610056744, -4.397048953798433, 0.5703738854398436], [-4.8750528088016285, 3.9956735902219482, 0.33532115161951664, 0.1787215360433505, -0.41991294608461893, 2.640807332523182, -2.241893217732512, -5.261343653868919, 0.9680557630808846, -2.8870418536918594, -1.2612178342178302, -1.5120497639168846, -0.7523626805299914, -4.617061078606195], [1.7506494519854678, 1.2255130964842287, 1.1518501557928094, -6.7392057047994545, -0.8739718176117701, -0.8961696959695131, -6.245064001613723, -1.7573112213303284, -1.891232498825285, 6.169546536335609, -3.851050085990705, 2.8795931449636196, 5.6397986734477845, -1.0479523289222594], [-2.8066231442837433, -1.350934210072206, 4.694453882240154, -0.3934901867277738, -1.8255520323757526, 0.9570391555136062, -0.8070795082240378, 1.372695312824495, 4.367157916581955, 2.35107204620648, -3.851712280302669, 2.940862834288109, -2.357050842399561, -1.810840533242947], [1.881249402080434, -5.33104206341369, 1.5231255842351805, -0.277550872741668, -3.264169782593755, -0.0677930343463895, 2.7001067718332905, -10.667731150127313, 0.575295351209056, 2.651475879100167, -3.401686995678038, -0.5380592406943823, -1.396711677704712, 3.959854581096303], [3.3361176005353377, 5.963612797687597, 1.8475660446950175, -5.4940468745252, 1.3525081022274394, -7.350833942948553, -1.6168134056642127, 5.65259432927603, 0.8285994338041129, -2.581058980039016, -2.6441076228400604, -5.736953732041925, -1.2472387913075087, 0.06410947387329324], [-2.7222762128203395, 1.4669645739418098, -2.288855529053002, -0.255172848199094, -0.6296023996850777, 5.112670907271201, 2.0615482171913353, 1.6021861274833482, 1.1484359143841512, 2.2583597607830264, -0.10180832582821475, -3.32476502262285, 0.7502210103207929, -6.557951260500248], [-1.5640362534631091, -0.4726205560703579, -1.0661318095607681, -3.3091710830745846, -4.346605803858695, -0.7980910959540815, -2.476961724261175, -0.24465727363011436, 9.03634432428815, -0.8846799629239344, -5.507749937791367, 1.2996330948729613, 3.574374891010028, -2.352808442407514], [10.13098578801479, -7.0554533340294405, 0.2529067307551607, 0.7450930441835846, 0.8262033191284213, 0.6918408902574685, 0.000612821731366231, -11.945893320102813, 4.890158722380268, -12.730931308190376, 3.1818513702728635, 0.46213728556767775, 0.7379156941032329, 0.4780077388571233]], "bias": [[2.7174176503562673], [-0.12007818538698212], [-4.54701667551306], [0.0017607295160866343], [1.922507058937364], [0.32645162802201444], [-0.7803543259608106], [-0.3638452373079457], [-2.7353994430283053], [-2.589578409364977], [-4.403263572312471], [5.042893183027169], [-3.3963581156270433], [1.9516766010515665], [-5.176627852642724], [2.1407735772360996], [-6.170358575170772], [-2.3290143133011463]]}, {"layer": "activation", "activation": "relu", "activation_prime": "relu"}, {"layer": "dense", "input_size": 18, "output_size": 4, "weights": [[-3.340452815516009, 0.5152669422688658, 2.8743893979721586, -2.0986952033047697, -2.743991617774435, 8.606766731836041, 2.227472741997506, -4.311787869966999, 5.327423816459584, 2.4880680191940177, 4.055107489668023, -3.115199984853357, 1.307049174463203, -4.019456042488271, 0.8200232340402469, -0.2011446425455209, 0.7644413798820547, -2.6815201456467284], [-2.8115234578924113, -8.848591318576476, 1.8581369802171115, 0.6319449056135676, 10.075149886877078, -3.90965763929238, -0.33509446064726534, -1.1729381101989114, 1.8913667687862348, -5.139433327843172, -1.163949041911163, 5.1345084242247045, 3.395296200571372, -0.6880240892539342, 0.2958445281383556, 2.244002051744358, -3.0785831791837954, -0.957131847602473], [6.314560798823694, 5.970544710702126, 3.120642319032269, 0.23706586456872125, 3.5834133153692305, 1.6294524251093387, 1.602094902724747, 2.5837919620741836, -5.66920846245253, 2.645309115113627, 3.070037483638628, -0.349300028258667, 8.427565589039466, -6.123991113588977, 0.6641881817689252, -2.7841289621999206, 2.1019619713703737, -5.4832472607900975], [-5.306453573288819, -4.027807276098796, -1.887039503289978, 4.558560710061195, -3.1425108679912466, -0.40225597156446513, -7.8114678143715714, 4.014138982850009, 2.0453747770602178, -2.7746737413947633, -1.9217482122588856, -3.0484704754529353, -5.313398947613992, 2.1089970867784134, -0.13184272036515932, -5.5305961296935475, 2.3538553237007793, 8.401476621579503]], "bias": [[-1.1439530240964837], [4.815958164371443], [0.4918809999749414], [-1.0262257259283236]]}, {"layer": "activation", "activation": "sigmoid", "activation_prime": "sigmoid"}]}