{"generation": 368, "board_size": 10, "snake_size": 3, "input_direction_count": 4, "apple_return_type": "boolean", "segment_return_type": "boolean", "network": [{"layer": "dense", "input_size": 14, "output_size": 18, "weights": [[-2.4453021538346427, -6.839209841766694, -0.2613581024619359, 10.711380087835252, -2.31876693589846, 7.670327044195923, -8.235057684334027, 5.049626691807024, -7.897219954340052, -0.36019190161486403, -1.605363888385653, 4.118051801924078, 0.5393952968553564, 1.0759935112052794], [-3.093895711544551, 7.742142851380221, -3.850315027123094, 2.68654666050112, -3.439315074511426, -0.3157009676555539, 1.3230282769247137, -2.441972937445372, -3.972157693139178, 1.0852264140390468, 0.6743038300278321, -1.3881423618033424, -0.12232481313742194, -0.9853849653005629], [-2.868725759144944, 1.1048951003598968, -0.6303434130010962, -1.2092595457866862, 0.3195394317682756, -3.5559899817641742, -5.159118910645267, -4.281616359955695, 4.023339345020239, -1.7577425227260837, -3.6262275266464266, 0.4049196756193371, -5.043302245666784, 3.326945414343687], [-2.759134443959139, -8.226878639615242, -0.5104222365216136, -4.953078753313642, -0.9521362235953955, -1.103245712749516, -1.7170777925200762, 2.4235026651017355, -0.7723393066274225, 0.9223653255445438, -0.35883797913087895, 0.28530701936395486, -0.2545381322649568, -0.6881076775863059], [-2.818640744369646, -3.8191495918992517, 4.925038955797206, -8.698167997136094, 0.09296653049555054, -1.8651564794134359, -4.840456702171625, 0.3692705029559601, -0.659744826960444, -0.4466464909079585, 3.096723293296762, 2.042332451225878, 2.6997549811877377, -0.7126541116219864], [-8.495889769614507, 5.156204377166343, -1.507302940992654, 5.391909788084977, 0.41737743997850396, -0.20141584820342529, 2.8769149214565553, -1.0670809549943154, 0.6394700015909297, 2.353079973571477, -2.0987153310914106, 3.1040133464546034, -3.548871322776418, 0.627856683421902], [-5.776367755181349, 0.5153790827312743, 2.7948431960330065, 4.868413038140374, 0.42702963013381673, 0.768611078124009, 1.4702485314261693, 2.032001683106212, 4.209999994346608, -4.142119445268547, 4.658199270268923, -0.30810117359779954, -6.217886407603504, -1.7476259990894747], [2.586184578997638, 1.6309341121761178, 1.731023118031076, -0.05123463748496748, -6.279193638788425, -1.3291530186479554, -0.6370606968910688, 5.92662522282064, 1.13888416310996, -1.5018160436383887, 2.117968666748868, -5.604540661426852, -1.358062641678352, 0.4136619589468533], [-0.39863650218433166, -4.095974025278644, 3.0947488070316505, -7.057805800509674, -0.23907979743906235, 0.18464439749621198, 7.875029972392473, 0.21209275113697207, -0.7344535422375071, -3.716704788413483, -0.7831616731145713, -1.5424606778646797, -1.606355978465458, -3.6479432242186136], [-5.400754127110463, 0.17086975280254887, 1.4640763744872067, 10.117169036389354, -0.01329522199161412, 3.400978078201182, 2.904272448086452, -4.6203082053942115, 0.9698453504848155, 0.5512455349793622, -2.149198945990813, -1.9395678360384259, -4.397048953798433, -0.6231614843027625], [-6.495791493092224, 3.9956735902219482, 0.32432421337015904, -1.4607924190889212, -1.8950618312497787, -0.15951672668906625, -5.426752755289011, -3.782907588155326, 2.4922706038512894, -0.6966965072338757, -1.2612178342178302, -0.47479595380644657, -2.1532443867047064, -4.617061078606195], [1.9232069349337584, 0.5677828719630121, -0.3279457854504961, -5.817349100881663, -0.23149038935297162, -3.1556937052773124, -5.220888027088813, -1.7573112213303284, -0.9655979998000179, 6.169546536335609, -2.1549828545417866, 2.6277582227471568, 4.591213223039362, -0.3790965907283306], [-4.052770697840101, -1.6514363195078539, 3.6584979275841, -1.701107456983296, -1.1145438927317588, 0.9570391555136062, -0.8070795082240378, 1.372695312824495, 5.511770455037692, 2.35107204620648, -3.2914757229895426, -0.4513601418823916, -2.5235177805964013, -1.2864439995572394], [2.5008936379760462, -2.6506465852180434, 1.435543815223664, -3.538719111768332, -3.794003068090215, -0.0677930343463895, 2.1342583063643237, -9.11439790023982, -1.6241808728689535, 2.1163935801713727, 1.8728775423625361, 1.5564225085734522, 0.8904647560525053, 3.980611540782624], [3.4019227679085486, 6.616854324495939, 3.3640236625674085, -2.4271195739661953, -8.138155230633378, -3.0404962919518104, -0.8285414650835847, 3.8702616527595604, 1.9425525859249415, -2.9493283303699718, -2.9605898119288456, -5.736953732041925, -1.2472387913075087, 2.4568837629442575], [-3.514300502511577, 0.8137995870896809, -2.958723289707353, -0.3804307500445343, -1.3186321420852107, 5.112670907271201, 1.0407626229927662, 1.4320453554052452, 2.7826428867676816, 3.2352225245677673, -1.329857482969644, -1.3618839577197117, 2.3240743860401425, -6.768430989900205], [-0.36765192280851244, -1.4577185767400134, -0.2995804627331682, -1.4744142339097637, -5.320631838008839, -0.6942056003083873, -1.5502685523579767, 0.28531773614853384, 7.957405602499135, 0.05901575405294385, -5.235853523305868, 1.8897414076942598, 2.088816424201553, -0.08392965896723203], [11.034590971198563, -8.509634679968178, -1.2604496709024953, 3.7850465380978036, -0.4084810759669561, 0.9062888086895102, -1.842195026012729, -9.807683248007084, 3.72674305676422, -10.713864116346555, 2.176973512666361, -0.7646064568629249, -1.3310983658081144, -1.456116373866973]], "bias": [[2.0102607968785433], [1.6898101383399273], [-4.082183705776731], [-8.37722729311016], [1.3546253001068802], [1.315888513867856], [-1.1469959110544914], [-3.1381958942783097], [-4.099100995599277], [-1.9738662792340351], [-1.8897996164759643], [3.464651246324639], [-4.517623250423213], [1.717195269754353], [-2.959997559447326], [-0.6813137484524527], [-4.833017719330328], [-1.7611175468843525]]}, {"layer": "activation", "activation": "relu", "activation_prime": "relu"}, {"layer": "dense", "input_size": 18, "output_size": 4, "weights": [[-5.065140783687422, 0.5152669422688658, 2.1882434996511844, -3.7403266711182384, -3.0402363819108382, 7.960228652069697, 2.0692139177008064, -4.713544739760625, 5.775494397221864, 1.9819915988290784, 2.9004253777141953, -2.724619663182978, 1.4884896227402238, -3.985413831728862, 1.0023405601177533, -1.1696082918136714, 0.7644413798820547, -2.14792689886602], [-2.2827888048019576, -9.200761503834416, -0.31698249723349026, 2.701443613325406, 9.295628176193016, -3.90965763929238, -0.33509446064726534, -2.7875054087544253, 1.8913667687862348, -6.680274333506581, -0.4527810566683139, 5.485636440223169, 1.9813943689334492, -1.9003058346024853, -0.567777732078687, 0.881048084664332, 0.3011858426083207, -1.0470876855443336], [4.786296769548246, 6.430342054382641, 2.8268873902212706, 0.04360748167461431, 0.181935730721847, 1.6294524251093387, 1.602094902724747, 2.623132671740575, 2.7633050507458568, 3.0154599234302832, 3.4425093695509026, -0.7277706548966165, 8.469866408423876, -6.0906275898913504, 0.6641881817689252, -2.7841289621999206, 1.731147739252751, -5.4832472607900975], [-4.127123263594122, -2.9075961472054557, -2.058910485787687, 6.251428760233403, -2.9632026142407204, -1.4108854565179876, -5.693386784720904, 3.9220686118911177, 2.152301141100705, -2.465431439620694, -1.7837405000102682, -2.8878151464593818, -7.89459754155466, -0.8653622202637055, 1.1876841757724481, -6.509607893342601, 1.7520043761405193, 8.401476621579503]], "bias": [[-0.7896657353694121], [4.120775327907932], [1.4925422693440045], [-1.3005954239413922]]}, {"layer": "activation", "activation": "sigmoid", "activation_prime": "sigmoid"}]}