{"generation": 369, "board_size": 10, "snake_size": 3, "input_direction_count": 4, "apple_return_type": "boolean", "segment_return_type": "boolean", "network": [{"layer": "dense", "input_size": 14, "output_size": 18, "weights": [[-2.4453021538346427, -4.119400723607712, -1.0853895691902888, 10.591578520397448, -1.934797894208188, 7.670327044195923, -8.638953943988994, 4.6970569311521695, -6.663926086467293, 0.6454635276565623, -2.8943765794510985, 5.100021914818706, 1.0741380030375554, -0.3558950404370558], [-3.5399919263826067, 6.247298134234756, -3.337117017415788, 4.396957229712994, -1.4715966905201172, -0.3157009676555539, 0.7568299667962657, -5.481560771816272, -3.6496133694611057, 1.0852264140390468, 1.8278072558719791, -2.225645424830863, -0.8126655353782108, -2.7404913146731396], [-2.301055518136408, 1.7742925544819206, -0.04572688356166904, -2.1150912076948445, -1.881939354221603, -1.143893188258752, -2.290604694002522, -4.281616359955695, 5.276042806133151, -1.0896187634634018, -2.8638128492168065, 0.4049196756193371, -3.1339374656631835, 3.326945414343687], [-1.688377926910405, -7.388776767483063, -1.336037585469993, -4.421502268020785, -1.8353234301718269, -1.103245712749516, -1.8661201580573725, 3.2125026853207, -0.5350560705532945, 1.7335336639280619, -1.2648044495799937, -1.391248054264083, -0.3458942999469519, -0.13824975104568332], [-0.2894302706972448, -6.0427037528964185, 6.2378154960844805, -9.123869981101143, -0.8527451964275485, -1.6171992968978652, -4.840456702171625, 0.33249020156169556, -0.659744826960444, 0.8442224378670783, 3.1123076003967425, 2.488432903550281, 2.8637595008273, 0.721988410941859], [-8.944214212079906, 5.948170578704565, -0.7884187861534251, 5.534474955139595, 0.14005650729367244, -0.20141584820342529, 4.970846485527337, -1.0670809549943154, 1.3934760681076455, 2.353079973571477, 0.840316823407077, 2.6473091094225816, -3.1145495489892876, 1.175383032904394], [-5.776367755181349, 0.6609267038055413, 1.9177025086417054, 4.474450192595462, -0.42871625759518306, 0.41561762383295453, 2.606073597710649, 1.8337357141116106, 3.4836981561930074, -6.221174305493363, 5.703526419256988, 0.6945099168592576, -4.840541394087232, -4.226546856010219], [1.5366219259273657, -1.4073961670638757, 2.675706958423157, -0.7488750947263173, -5.144760272726155, -2.9609752638274873, 1.58740140358341, 2.2845410019931034, -1.702538044258516, -1.3164911195999547, 1.473649162012002, -4.44991206019914, -3.0710985378258475, -1.8719897236108092], [-2.9971387105266722, -4.529222826906297, 3.12550564573096, -7.057805800509674, -0.5476303265689593, 0.18464439749621198, 6.474662490426389, -0.42387696110757817, -0.4002912333298818, -4.193183445822335, 0.5444042095882949, -2.148955560463227, -1.9485810413006999, -5.524512433859721], [-5.962976997759732, 1.9361600769938576, 1.4158268401519036, 9.324709937676912, 0.5104261789295563, 3.400978078201182, 3.1516632005670964, -5.188673348014174, 2.4974516438223544, 0.5512455349793622, -0.6751829219042222, -3.6809451756477345, -4.409686185001716, 0.03603320988943437], [-5.056813345838202, 5.273729961473853, 0.32432421337015904, -2.1320503577676586, 0.24286362640602832, 1.4474649980789163, -3.668811771310687, -3.7785205608659824, 1.8403667673162292, -2.8870418536918594, -1.2612178342178302, 1.1003720548026883, -0.7523626805299914, -4.151959648023484], [1.7506494519854678, 0.8162317219548402, 1.1518501557928094, -6.7392057047994545, -2.1064254470543395, -3.1556937052773124, -4.556142819536333, -1.7573112213303284, -0.7168536319349098, 6.169546536335609, -2.143286187156253, 3.437725278400207, 5.81409177424947, -0.8264951335276647], [-2.8066231442837433, -1.350934210072206, 4.6184187768139155, -1.617996794650951, 0.2907396298188456, 1.145534578040752, -0.8070795082240378, 1.372695312824495, 3.5700292956378483, 3.6085960649345523, -3.1796559602495433, 0.6047362047914961, -2.027201191067088, 0.38283030794471706], [3.313664853006996, -1.6336317662471571, 0.11414909658585581, -2.9347001331122815, -2.443199974939476, -0.0677930343463895, 2.7001067718332905, -9.642731113582071, 0.2529415675460859, 2.441866410719706, -3.670801651002233, 0.6829326134550916, -1.1539605330770846, 3.959854581096303], [5.396894550443683, 5.963612797687597, 0.7818663436403284, -3.7885475419241597, 2.9029835603888507, -6.331328073697081, -1.5881117539794087, 3.9656849823807336, 0.06922438884477589, -2.581058980039016, -3.64725976150959, -5.736953732041925, -2.416094335518338, 0.28356438375722626], [-2.638653102378471, 1.3180377895505608, -2.288855529053002, -0.3804307500445343, 0.7937604522348887, 4.785769557705527, 2.0615482171913353, 2.3937244113317133, 2.54394624409456, 1.5162250602680076, -1.329857482969644, -1.765722856414083, 2.9149787699610723, -8.201191071568585], [1.6607044075960606, 1.831517704538256, -1.0661318095607681, -0.06966932181608287, -5.012562294298642, 0.2544825397572761, -3.1852394296394753, -0.4502315126684958, 8.71705891263396, -1.7443438122956598, -6.192428512486967, 0.8112178173509799, 1.3384104534078851, 1.1232099611189206], [11.100217415412425, -6.6984021559253115, -2.272922096544935, 4.2137159927091705, 0.4396123520030251, 0.9062888086895102, -2.4139852169971014, -9.841631583118023, 5.113731037055139, -10.713864116346555, 0.9606522058818996, -0.7646064568629249, -1.323024737744928, -1.456116373866973]], "bias": [[3.154636307076723], [1.6898101383399273], [-5.003554434893619], [1.9924217997717224], [0.7018304534219078], [1.315888513867856], [-4.27133684482599], [-2.0754323206437246], [-3.6236098481307306], [-1.7031849088825446], [-2.368089839501723], [3.464651246324639], [-1.1987699663593876], [0.3093169211231124], [-6.002996479744277], [-1.1731343369096885], [-6.476691072933274], [-1.7611175468843525]]}, {"layer": "activation", "activation": "relu", "activation_prime": "relu"}, {"layer": "dense", "input_size": 18, "output_size": 4, "weights": [[-3.9439796079720533, 3.418229264375933, 2.557926273966976, -3.3538734043413023, -2.5725239840654766, 7.960228652069697, 2.227472741997506, -4.713544739760625, 6.707207425454247, 2.025133238587381, 3.568876000235885, -2.724619663182978, 2.473314869662587, -4.019456042488271, 1.4598229852845899, -0.2011446425455209, 0.7644413798820547, -3.494675860428491], [-2.2827888048019576, -7.101362836821153, -0.31698249723349026, 2.268467362816228, 9.984152875350775, -3.90965763929238, -0.05160236653468264, -1.122308146354799, 2.4492976574093723, -5.415165186363281, -0.5361575907246816, 5.1345084242247045, 2.5328555635934262, -0.6880240892539342, 0.2958445281383556, 1.1818936327452811, -2.6180283949977703, -1.4247761337867315], [3.538296337767429, 6.382126074032766, 2.785673174997826, -0.34411178497485384, 0.3498001166960958, 2.955158216694536, 0.7252345676896402, 2.587996257709544, -4.307296457352917, 3.3447213431070146, 4.002857413706485, -0.12500111620066962, 5.286648004069448, -6.498118408818935, 0.8314368555120704, -3.5553056368888214, -2.3105762571555855, -5.7035701000869645], [-7.804305108510905, -5.196747677428614, -0.27231137689817, 4.541119328195325, -4.742183016974561, -0.7923846759677073, -1.813495157175972, 0.3908553509314766, 0.5857084324782474, -2.0508364735338707, -2.040894980220979, -3.018993592403694, -6.005729462343579, -0.8653622202637055, 0.8419439278807493, -5.008714030511143, 2.032100043895392, 9.128166504268977]], "bias": [[-2.6466921744814265], [3.167857863919272], [1.033851590992542], [-0.5545228359004684]]}, {"layer": "activation", "activation": "sigmoid", "activation_prime": "sigmoid"}]}