{"generation": 374, "board_size": 10, "snake_size": 3, "input_direction_count": 4, "apple_return_type": "boolean", "segment_return_type": "boolean", "network": [{"layer": "dense", "input_size": 14, "output_size": 18, "weights": [[-1.8640427289932904, -5.208412905294984, -1.0853895691902888, 10.564434246269883, -1.934797894208188, 8.506827244801531, -8.520708367003332, 4.340601242637781, -5.7183699662570895, 0.6454635276565623, -1.2802422583467972, 4.15810878654438, 2.995918998544378, 2.351282714198631], [-3.1441910828562483, 7.574592110431396, -1.383381995470555, 4.520503433498224, -1.6049666873719368, 0.014888603142054091, 1.3631819878334674, -5.819894959083909, -4.332693243432351, -0.017669447781577086, 1.8278072558719791, -3.5611834931333375, -1.1384509512198218, -1.0396566950422872], [-2.301055518136408, 0.3390182998726661, -0.32299252155486413, 0.11479111120582011, -1.278794765178705, -2.14719854370912, -1.9786906064830145, -4.281616359955695, 5.276042806133151, 0.513757789555777, -1.8513824461569246, 0.4049196756193371, -3.1947454860945212, 4.373337853251875], [-1.5999462406744214, -8.102437990141624, -1.391192207603107, -3.4090755271036395, -0.9521362235953955, -1.103245712749516, -2.300481177793344, 2.4235026651017355, 0.10235382396221324, 2.8870134257905335, -0.4715168958019642, -0.0805127530504611, -1.7051455670294156, 0.02915950248677618], [-0.12993294668347222, -3.903448698025504, 5.259253445903731, -9.123869981101143, 0.09296653049555054, -2.4117044646575447, -4.762700546863103, -1.713794842300921, 1.1394761072760804, -1.0735483266685588, 2.7104602936799163, 2.1813143554056746, 3.14509230433479, -1.5897989115234865], [-8.774083836856123, 4.991628427121067, -0.14361972856656335, 4.027318704148583, 0.14005650729367244, -0.20141584820342529, 2.67246498034881, -1.2301455491806528, 1.3934760681076455, 2.353079973571477, -0.5073904956980071, 3.3312191606511545, -3.548871322776418, 0.627856683421902], [-5.776367755181349, 0.6609267038055413, 2.8310045338517225, 3.01650123216067, -0.41362822345937267, -1.2808682361248769, 1.7911614609395843, 1.792844017718067, 3.2346718969957275, -8.893367207626532, 5.703526419256988, -0.30810117359779954, -5.806059453576796, -6.3313410811196205], [1.5366219259273657, -0.9433197932546953, 3.0861902536577426, -0.7488750947263173, -5.308003631970322, -2.9609752638274873, 1.58740140358341, 2.2845410019931034, -2.0664758320984316, -1.3164911195999547, 2.216552686829422, -4.44991206019914, -2.9537790679555798, -3.081720974392864], [-2.9971387105266722, -5.566972478094299, 2.6242324909183115, -6.842983629730524, -0.5476303265689593, 1.4176565890388597, 6.090151633720178, 0.21209275113697207, 0.21193991337857, -4.193183445822335, 0.5444042095882949, -2.148955560463227, -0.7605248920872552, -5.524512433859721], [-5.642095692674474, 1.9361600769938576, 1.9637513847912227, 9.324709937676912, 0.2666934020831837, 3.400978078201182, 2.904272448086452, -6.527605598899194, 1.8209328873055624, 0.797454176356879, -2.8964695721783347, -1.5941362610056744, -4.045060612914585, -0.41283790786243535], [-5.00368311754652, 3.9956735902219482, 0.32432421337015904, 0.1787215360433505, 0.7104265420813773, 1.4996511645075938, -3.668811771310687, -3.038018052739587, 1.8403667673162292, -2.8870418536918594, -1.2612178342178302, -1.3691014535564743, -0.7523626805299914, -4.617061078606195], [1.7506494519854678, 1.1928237548030574, 1.1518501557928094, -6.7392057047994545, 0.6399856597490603, -3.400694240472095, -5.220888027088813, -1.746640563993613, -1.3556224392966794, 6.169546536335609, -3.851050085990705, 3.437725278400207, 5.6397986734477845, -1.0479523289222594], [-2.8066231442837433, -3.863655712592024, 3.7398775484245466, -1.617996794650951, -0.5953377561885878, 3.1872063727881574, -2.5717365765870577, 1.372695312824495, 3.5451454193348892, 2.35107204620648, -4.758891578809299, 3.38750082611506, -0.9663260218788912, 0.2604097397227607], [2.387122850380484, -2.856273127075129, 1.435543815223664, -2.9347001331122815, -5.485121850735401, 1.1203409553194967, 1.240495269126307, -9.642731113582071, 0.2529415675460859, 3.560985019646277, -2.4491890377288175, -0.5380592406943823, -1.396711677704712, 3.959854581096303], [4.8811287448920755, 5.963612797687597, -2.138502166815249, -3.881805684258777, 1.9162513880486711, -6.708742708390305, -2.217217323376036, 5.353072331081694, 0.06922438884477589, -0.42244464769174694, -2.941362436035562, -3.956455556608954, -1.4050052367875485, 0.3234703714274217], [-2.7147272703433925, 1.3464689380613715, -3.041507931275627, -0.9368390083135936, -2.4664073762710417, 5.112670907271201, 3.0643881309326533, 0.5474296806023431, 2.9585329958691995, 3.3901705809241767, -1.4490579569223112, -1.9788119065196943, 2.9149787699610723, -5.496297310365611], [-0.11092080545176619, -0.6502603038159981, -1.0661318095607681, -0.17415712557261664, -4.346605803858695, -0.6942056003083873, -1.5502685523579767, 2.3068349256335106, 7.957405602499135, -0.8846799629239344, -4.9292792967873575, -1.0922398263417148, 2.088816424201553, -0.08392965896723203], [11.100217415412425, -7.079008805748297, -1.4313317514043449, 5.220132921773791, -0.4084810759669561, 0.9062888086895102, -2.4648249883841395, -9.807683248007084, 4.762828966165015, -12.148286255037956, -0.1698355523946934, -0.7646064568629249, -0.32336953752911557, -1.447912444619063]], "bias": [[2.430037017494092], [1.5774235187779215], [-4.585527933268839], [-0.9445071714050891], [2.4313698994299693], [1.331557850500003], [-1.2889482833908525], [-2.2993935181444343], [-3.097926383025087], [-3.0325137031140095], [-3.3559419032866065], [3.0341783918150176], [-4.9721270317818265], [-0.23350535295984515], [-4.686740835583315], [0.041838781551919335], [-4.417555799458306], [-1.7611175468843525]]}, {"layer": "activation", "activation": "relu", "activation_prime": "relu"}, {"layer": "dense", "input_size": 18, "output_size": 4, "weights": [[-3.6913903784158455, 1.3346133946578367, 4.038918732440097, -2.0986952033047697, -0.7402314603927094, 7.960228652069697, 2.227472741997506, -4.373711883019271, 5.327423816459584, 2.4880680191940177, 4.477447634059488, -2.724619663182978, 1.0731008236895379, -4.019456042488271, 0.662937258515756, -0.06701770540561064, 0.7644413798820547, -2.14792689886602], [-2.3956268948729336, -6.754261095599669, -0.31698249723349026, 1.3330775631235414, 8.245030303248887, -4.055993399592446, 2.5377150200101557, -0.4752620357642482, 1.9472442970399282, -6.5795359047752, -0.020136142654219813, 7.453768591638249, 2.6233955699004703, 1.0285345036134697, 0.2958445281383556, 0.881048084664332, -2.6180283949977703, -2.879320569338833], [3.6341739093969903, 6.076659796000845, 2.783376489488407, -0.2618016149730117, 1.0579556552073421, 3.402089301702329, 0.7252345676896402, 2.0208536335072522, 1.0087946459196662, 3.3447213431070146, 4.118492568154769, -0.4267680398975906, 9.972614549895304, -6.000756937626717, 1.3435720195073035, -2.7841289621999206, 1.6800830531056423, -5.4832472607900975], [-3.7045042586631376, -4.906638453430099, -1.2536904037635404, 4.580859090042398, -2.201869105307066, 0.4986805075779741, -5.86420593715166, 4.3654513433075754, 3.1339970235630124, -0.8636471805285407, -0.42983541664686037, -2.1123563779313046, -9.611781463028414, -1.2828474408310757, 2.212034270112855, -4.910922405211272, 2.3538553237007793, 8.885672832438884]], "bias": [[-3.7079517365759065], [3.7378025145759146], [-2.231249851327349], [-1.3273974001617983]]}, {"layer": "activation", "activation": "sigmoid", "activation_prime": "sigmoid"}]}