{"generation": 371, "board_size": 10, "snake_size": 3, "input_direction_count": 4, "apple_return_type": "boolean", "segment_return_type": "boolean", "network": [{"layer": "dense", "input_size": 14, "output_size": 18, "weights": [[-1.7410244599010523, -5.473915833674195, -1.0853895691902888, 11.928151329460656, -1.934797894208188, 6.731966846464588, -7.391970036986627, 4.7034022895961165, -6.416665287581699, 0.2482727135362608, -3.1944948355874065, 3.9829922285018173, 0.5792786398980397, 0.4470012634152385], [-3.64729063287796, 6.850626277504787, -3.337117017415788, 4.396957229712994, -2.0470142482857394, 0.3314129897647058, 1.1757000339521955, -5.511996451838613, -6.10398785219337, 1.0852264140390468, 1.2014167118807968, -2.8122370994321857, -1.3666064139603684, -2.7404913146731396], [-1.8128309504824647, 1.7742925544819206, -0.32299252155486413, -0.724745378260971, -1.4558408670316214, -1.9771993872776847, -2.290604694002522, -4.281616359955695, 3.258571263136106, -0.2867614836564324, -3.7424342373633555, -1.1794968255342153, -1.6377342692764032, 0.8317208824831277], [-0.37113989184059193, -7.36319512577573, -1.336037585469993, -6.295102638841676, -2.0801797814219176, -1.4256606984082332, -1.1253111752006415, 4.596828533990649, 0.8254008104799937, 1.7335336639280619, 0.09900442374760532, -0.0805127530504611, 0.8514409759341526, 0.10202137601886963], [-0.5550065184912581, -5.433640505084876, 5.242000157803322, -9.618898644980847, -0.5866376613087205, -2.76310422515798, -5.757649117222374, 0.33249020156169556, -0.659744826960444, -0.8533069056995345, 1.417818621273865, 2.462153173019014, 2.8637595008273, -0.045386196006831137], [-9.299969848771623, 4.8388806311766, -1.0742937471645226, 5.534474955139595, 0.2771355096661249, -0.7969063652428179, 5.021072524829454, -1.0670809549943154, 1.3934760681076455, 2.353079973571477, 0.840316823407077, 2.6473091094225816, -3.548871322776418, -0.06421283657145305], [-5.776367755181349, -0.17332464141275605, 2.8310045338517225, 5.153911925221374, -0.0716389409566453, 0.41561762383295453, 2.606073597710649, 1.8337357141116106, 2.814041497408252, -7.099421083408885, 5.703526419256988, -0.30810117359779954, -6.625843350320473, -0.02934843734723447], [1.0334079015430113, -1.4073961670638757, 1.6998913775732467, -0.7488750947263173, -5.144760272726155, -2.9609752638274873, 1.58740140358341, 2.2845410019931034, -2.0664758320984316, -1.6587412469690235, 0.7953972107117844, -3.2785263965240903, -1.2155920009597871, -1.8719897236108092], [-2.201265955844305, -2.8088234400116407, 3.884826698957379, -6.48044434486364, -0.23907979743906235, 0.18464439749621198, 6.040374622823576, 0.21209275113697207, -0.8368024891071827, -5.370230846282503, 0.3413486779557752, -2.148955560463227, -1.606355978465458, -2.966663358052167], [-5.400754127110463, 0.17086975280254887, 1.7283502370238013, 9.324709937676912, 1.6438109424008402, 1.3842497667706182, 2.904272448086452, -4.6203082053942115, 4.602886208810736, 0.4015754760851564, -3.7410832401594516, -0.35433134228391516, -4.397048953798433, -0.6231614843027625], [-5.056813345838202, 4.7795854414000996, 0.32432421337015904, 0.1787215360433505, 0.7571909270295812, 1.4996511645075938, -3.6004493826577133, -4.655401286991873, -0.6600384594485194, -3.1267625103183168, -1.6883137342220709, -0.3308784076016802, -0.7523626805299914, -4.521696748373389], [1.4506382318811362, 1.2255130964842287, 1.1518501557928094, -5.408187195520918, -0.8739718176117701, -3.1556937052773124, -5.220888027088813, -0.15024961385932012, -0.9655979998000179, 6.169546536335609, -2.466163715120457, 3.437725278400207, 4.591213223039362, -0.7240299932209159], [0.7523472488971261, -0.3950538282090237, 3.7380562127776704, -1.617996794650951, -0.5953377561885878, 0.9570391555136062, -1.39102591489658, 1.372695312824495, 3.5700292956378483, 2.35107204620648, -3.789465839709462, 0.6047362047914961, -2.357050842399561, -1.1498472732054075], [2.387122850380484, -1.8799315598380366, -0.5058656476641286, -1.1496502992215636, -3.5236467224962924, -0.0677930343463895, 1.3453075816804643, -11.56725848079915, 1.2882066811840467, 2.651475879100167, -3.427803538600636, -0.3504067006622863, -2.6295328445175397, 2.730486341919348], [3.3361176005353377, 5.963612797687597, 0.5155565602074033, -3.7885475419241597, 2.93664281017893, -6.708742708390305, -2.180687303652523, 3.8702616527595604, -1.630883350575338, -2.581058980039016, -3.883826510720388, -6.532697816685994, -0.8743909913280071, 1.1877764788133192], [-0.6021809488572905, 1.1250030704082354, -1.8347507365241018, -0.28010394626112334, 1.1668408059601059, 5.931250243018631, 1.996758995453875, 2.3761123712419576, 2.7606704920099596, 1.5162250602680076, -1.2184391024115295, -2.0175377576645315, 3.7887042452492805, -6.058471204266939], [-3.149129088929482, -0.016857308207188615, 4.807125637628135, 0.43408483279938237, -4.346605803858695, -1.132506557730279, -3.2535389031746016, 0.5698934811311553, 8.6926645533484, 0.4813931453111031, -4.266982193541873, 0.6569371843464423, 2.70639624082587, -1.143387553508408], [13.10448209705174, -5.13909586026126, -1.35690571046051, 5.4308387951284445, -1.5611081600098038, 1.227714556043233, 1.0612123991626359, -8.551767807555818, 4.779895220626418, -12.46988633936951, 3.1850170503139537, -1.8121158395886139, -2.080905195173219, 0.024700410151862418]], "bias": [[3.7649371980774315], [2.084649295598175], [-4.54701667551306], [-1.544516120495322], [2.176673490781444], [1.315888513867856], [-4.4583942402559655], [-2.0754323206437246], [-3.6236098481307306], [-2.1455796106758553], [-2.7055512559135], [1.9939051681009876], [-4.9721270317818265], [-2.440698727089418], [-4.454074809572336], [0.36605445782607116], [-7.179010031609026], [-3.4097806747387387]]}, {"layer": "activation", "activation": "relu", "activation_prime": "relu"}, {"layer": "dense", "input_size": 18, "output_size": 4, "weights": [[-3.854160214090487, 1.078775412878638, 3.2161120920486232, -3.6333463952011735, -4.1236316403727855, 8.808362637831264, 2.227472741997506, -3.9616227264104715, 3.4119980343880787, 1.8825150655415293, 0.7436572788828393, -1.5486441087195488, 1.0731008236895379, -4.019456042488271, 2.1062827462322655, -0.2011446425455209, 0.598913134302241, -2.292082175495599], [-1.8343523962646597, -6.754261095599669, -0.31698249723349026, 2.8904348767851076, 9.295628176193016, -3.90965763929238, -0.09655686773154024, -2.7875054087544253, 1.8913667687862348, -6.680274333506581, -0.4527810566683139, 5.485636440223169, 1.9813943689334492, -1.4605558992189027, -0.567777732078687, 2.2245786119406223, -1.8356041686428872, -1.0470876855443336], [4.786296769548246, 6.430342054382641, 2.8268873902212706, -0.2618016149730117, 0.181935730721847, 1.6294524251093387, 1.602094902724747, 2.623132671740575, -3.4449745235776246, 1.7247861887006288, 5.764158969966458, 1.0671416891706873, 6.444990927035484, -7.480635367335454, 1.1169441480646176, -3.0447719341815462, 0.4158010489728676, -4.586089503434813], [-2.8523792903832943, -4.027807276098796, -1.887039503289978, 4.558560710061195, -3.5708081709705835, -1.4108854565179876, -4.610316375718524, 4.014138982850009, 1.6773947924927675, -1.9833229139110906, -1.7837405000102682, -2.8878151464593818, -5.665951012173769, 0.769532426132082, 1.0151308388350775, -5.5305961296935475, 3.7331207736979546, 8.11485022206172]], "bias": [[0.04187582775244503], [5.0591004635905], [-1.298032129781681], [0.38192383370332955]]}, {"layer": "activation", "activation": "sigmoid", "activation_prime": "sigmoid"}]}