{"generation": 516, "board_size": 10, "snake_size": 3, "input_direction_count": 4, "apple_return_type": "boolean", "segment_return_type": "boolean", "network": [{"layer": "dense", "input_size": 14, "output_size": 18, "weights": [[-7.0540825109744665, 6.128442669943273, 3.4429222813781384, 1.2449758219275735, -3.4624589027205994, -0.06017328548400658, 3.1211855921339584, 1.178111654468422, 2.8956966300982208, 12.210177795817664, -9.68841901108886, -1.8734154816941582, -2.585174821012667, 2.9621285145530725], [-2.3698702131853264, 4.105924608815827, 6.388628678843052, -16.966929061376813, 2.6887619627601604, -3.985537107496315, 2.2855842915693434, 0.7190471736977667, 3.0255961646442056, -0.6903946499889875, -0.358523855872086, 4.624175117118454, 7.383534011214458, 0.029733867061820463], [6.234343165934976, -11.164291489610237, -3.959884369205928, -1.4362290555252126, -4.418833382514652, -0.3356831180313654, 4.6459590662765775, 0.4239174664701965, 4.620215150267446, -5.565359331984823, 2.1649262532539413, -4.617207429277584, -4.5222542514108675, 0.7856333796500234], [2.057432780094014, -0.9762420249078381, 1.104439551411387, 4.732048690235903, 2.6073108382459322, 1.6048216513770301, 9.56163031592227, 2.2674214265281427, 1.699318904454719, -0.5062096536027185, 2.9465702339506743, -6.111210727215677, 10.49837506671155, -2.381987108164109], [9.801430516165535, -8.78684562936802, -1.4642287890878671, 5.5756165399787845, 3.099363126753482, 0.09230971519649597, -6.2449325164082925, -2.1902392534452506, -8.779842656064236, 1.4623167258984844, 0.1786614037221167, 0.8785152785366701, 5.038156181437791, 1.1849367051589184], [-1.635164846476605, -2.042604331437648, -1.350657049728941, 3.359760192869612, -1.474507222929539, -0.07988442898970183, -5.7788462620461765, 0.032211736588652506, -3.2040226620902654, 4.629930554621371, 0.4145925714733212, -1.5376555346893923, 0.269161677572339, -3.6623456250978847], [14.9158295624187, -4.52703665490529, -1.1182584597549374, -0.3273588109483768, 1.8196998187770976, -0.7673690833607041, -8.738041513964507, -2.3344165635201275, -0.3850428476259242, 2.7968888813588926, -2.879446530789992, 1.2863583830982146, 1.4896545829721373, -4.813159651995719], [2.770245405859837, -6.1383637684581345, -6.7809531205799445, -1.569807214951573, -2.783969977778005, -1.4366131945889584, 1.852983145561578, 0.15877606521459697, 2.0801929251655022, -0.5720837662536518, -1.9212568811228317, -0.18267102768274224, -1.0304590181013995, -5.99682639245469], [-1.58777356433274, -4.515057025487417, -5.165894144729606, 2.845111708604079, -1.5456408782754893, -1.6916531093018832, -4.811381269792886, 2.2881315558691084, -0.4582727854800743, -4.545426736458886, -2.288199433095169, -0.30086121494471385, 8.107382674707873, 1.9014715048799826], [14.32358614504745, -4.241737901417753, 1.2810489183788658, -5.20727376166382, 0.07766880386809083, -2.5144204878021297, 0.8951051509055943, 0.519678966742416, 1.8649772445387964, -2.4611093715635715, -6.21145062948149, 1.9368059240561442, 2.1901703740624847, 4.68167845432938], [6.5874787800207795, 5.164333830298422, 1.1425708492402953, -1.0725444344408488, 0.650471692519594, -2.30977686936259, -5.645303064668801, 1.445213505204051, 0.0666564353135014, 2.783229223592802, -1.0634019631363336, -1.6468760244169152, -3.3648035021796874, -2.5254376223489765], [4.903820313202506, 2.0542813501465615, 4.192649933542992, 9.27545316717484, -0.2924446128164162, 0.15269648059166507, -8.183026383670535, 0.05607054655392807, -3.7950983948371153, -0.8638973904582767, 3.008242327186399, -0.684679539937913, -3.019739424806614, -6.36625009482692], [-5.3469286005398775, -8.764018433058613, -3.053506877134568, -2.271043011292495, 1.18796412436906, 2.3024157363840594, 9.83497170031572, 1.0952726718411365, 0.3663363494314389, 1.8763403297720684, -2.5653450418637576, -4.399354246097991, 4.927319042767364, -3.8299319715842515], [2.461180209375267, 6.23452913725845, -0.4049989723919096, -5.43811484009281, 2.7618422008309316, -2.1167372685262915, 4.0007124154238, -0.7114776108742531, -4.811628641547769, 0.7169551071712934, 8.95937761645452, -1.4020477472584176, 1.6135557897922088, -0.6929418723580433], [-9.600527490673562, 17.440127977540794, 1.5009304219884148, 5.594884597732462, 5.157420600680746, 2.2753525718691225, 1.92350509348264, -1.9569123175211345, -1.5404031362615842, 3.2043839472193136, -5.162913148671239, 7.621819429863226, -4.060553279216174, 3.3716134806533082], [4.344343193469962, 0.3662436945568281, -1.892748935173971, -5.676756379656268, -0.5004049078589126, -3.7805282842047743, 10.170904291888418, -2.591136972461168, 2.228786953391489, -1.5235501058951537, 7.5230637848236235, -3.1862905309859437, 0.4870746677286002, -4.180590440248767], [-1.1811095346691953, -0.03614576457270713, 10.390638973095125, 2.2862453937622265, -6.258949455334667, -2.437283871527403, -6.341980604289513, 3.3491851217212427, -2.615220874629499, 6.273980140361658, 2.755033689110145, -2.7368739175414145, -0.8720130287685061, 6.503404982086116], [-0.6340370290946101, -0.691523378350708, -9.813797298707135, -3.9778992531911372, 6.046153221718041, -1.8163665081625437, -5.696297817331925, 4.493798899395041, 0.2196783010333575, 4.687462225008749, -0.25181581467620395, 0.7379357000606639, 2.178715317769086, -2.092957106919227]], "bias": [[-7.0155121186261775], [0.7600764263692851], [0.6824665086455286], [-0.981112444730556], [-7.6806176080866955], [-2.9748997099797148], [-2.8204083477326503], [-13.012125128021678], [-9.514528166038208], [0.8353011883821679], [-10.245542132135222], [0.9855435801407941], [-3.3909615501569466], [-6.139284896029514], [2.439133885803596], [-2.47810652214617], [-5.76835165056992], [7.1805707892777475]]}, {"layer": "activation", "activation": "relu", "activation_prime": "relu"}, {"layer": "dense", "input_size": 18, "output_size": 4, "weights": [[7.566935844542152, -3.3362295403015105, -5.6946211456458675, -6.7083027454678925, 0.9241134001600229, 1.9152406820737795, -7.56505083030908, -4.578712569906761, -1.0180704377904637, -4.286250900241697, -1.095508445221922, 0.08642499920507118, -2.9494027133578093, -1.3942736381476433, 6.412273726474035, 1.7909887717364654, 1.7913561872657204, 2.164557136213327], [-2.8702432980234454, 5.937667561350137, -0.6088542907817334, 1.4400213256860572, -2.2664323145465435, -8.750115570299357, -2.0714596195522725, 0.6571170682163507, 0.46140564498241, 2.5812383840719355, -4.320680616581126, -16.431545442596295, 2.157043989609458, -0.8952619591763722, -1.7355793570779476, 2.3481076960640577, -1.0622589617093305, -1.8305561397128758], [-2.0644917408308103, 5.4125568046227714, -2.7980893951486956, -5.844152038791522, 5.033684907102976, -2.0959992603319084, 6.755127146375604, -0.3420553881442506, -1.3357322511914678, -0.6903767075905854, 9.12933422754413, 1.2651701151809702, -4.410814547207022, -1.7076246908559412, -12.662114352072953, -8.375404584451468, -1.9556455812301177, 0.6615340534811504], [-2.892601358818321, -7.149948682137903, 3.4338595904417692, 3.5312848319318904, 8.149535272995802, 1.0677919741351425, -9.448039466210089, 1.505948433948622, 4.659801695924382, -3.2036735298670247, -12.235805110470382, 3.444579345821757, -2.5444301507849088, 1.9234583066328117, 7.811336584269882, -6.8587953357429825, -2.7450553768124113, -2.836448240549805]], "bias": [[-7.8266314954968115], [-2.243069467506107], [3.554426932270384], [4.771649883791748]]}, {"layer": "activation", "activation": "sigmoid", "activation_prime": "sigmoid"}]}