{"generation": 296, "fitness": 329705.88235294115, "board_size": 10, "snake_size": 3, "input_direction_count": 4, "vision_return_type": "boolean", "network": [{"layer": "dense", "input_size": 16, "output_size": 24, "weights": [[1.6711457415161926, -1.12651912452855, 4.74088095109964, -2.5410097582748477, 0.5817323640878613, -4.135937413298793, 2.4995980215097546, -2.0687887854426323, 2.1958436564291706, 0.4005309992031804, 4.72291552580834, 2.1527417561467264, -2.466703176028326, -1.9711600059385401, 1.4294684501198596, -1.0582632452475245], [3.4156554384892384, 0.13518807651411296, 1.3452469217578704, -5.535086291486469, 2.812661658792342, 4.672581983345676, -1.6050469090358954, 7.209045568344639, -1.2928675503392009, 4.8719201158146666, -2.559266313540727, -3.0333390179581103, 1.951570589876274, 8.186237196442281, -1.4425634482182002, 2.0838312176787808], [1.6975473508072256, -2.889702641776136, -2.877510289182611, -3.613197752567, -0.4190999550095742, 5.503603102041582, -9.499953736101116, 4.248498688251209, 1.4122294243909685, -0.3394715230942252, -1.2138526288520883, 2.672287073885137, 3.458657876970644, -0.7402056960629058, 2.879786315190213, -1.9298885186925532], [-4.205165078756925, -0.7073330123725918, -5.94565728812833, 0.04445827566370694, -2.3245954690439348, 3.1903154493562105, 0.23305443750283483, -3.610571686558945, 0.27810748927070866, 4.674036037538182, 3.0647948425403886, 1.5988648571600454, 1.1103624511736156, 1.43766431404585, -0.27508348184630216, -0.8789052156064356], [-1.2037908084097464, -0.6683996830945024, -4.073975929402543, -1.9982233727388166, 1.1896809413938245, 0.7735014238590914, 0.09069453286268525, -1.5019391709241041, 1.299942230702354, -2.0165325896851467, 0.13581940201982134, -1.0503118748779503, -4.670586812280761, -2.2975237824105132, -6.2831805202272335, 0.739209014253428], [-7.170095651834865, -0.6055094728414686, 3.1863533416558165, 3.171256067480897, -2.8611983989541168, -1.1941809873445643, -0.7727991622106273, 5.50038889451303, 1.9874413070509092, -6.078864028201245, 2.7582821655322105, -0.6528885525947199, -0.9191858245530533, -2.1994884264018775, -2.9314388975805215, 0.45402526006603133], [2.6652860459781076, 0.46602713248612004, 0.578755960133502, 2.034550652386951, -2.9919628595921086, 0.5916665557675733, 1.0923031337991982, 3.4871153850523724, -4.191088073413227, -5.672025309220477, 3.305046269355005, -0.6343286799470967, -1.2207962713413512, 3.161621972634523, 3.540572474762736, -3.711694898706771], [-3.1338088602014498, -0.9792086672409068, -5.7146354147008696, -2.894856268836113, -1.7938788949235989, -0.4937558945778956, 4.945340197895837, 0.9873996243807992, 2.6712040490779643, -0.057586119777677164, 0.7821429129063056, 1.2771731702511953, -4.2493576790045875, 4.061445868880676, -1.1758637769009794, -4.99496045823715], [-3.309254918117572, 5.1669329798063055, -0.8420750410104255, 1.3894889268164226, -2.2526821057353237, -4.109558443426849, -6.5049183147217775, 3.6684704263992507, -2.384147360288462, 2.8941424239520597, 0.8257990026627077, 1.7087858017480926, 0.48078203811461495, -2.361744626090573, 3.751159009624087, 1.7223734997985973], [-1.7182175714758754, 1.1337412175604982, -5.727577637891969, -2.7538370159834913, -1.3506217963238867, -0.09008843976316483, -2.273479475538223, -2.448794860293105, 3.591740511432833, -2.1554738544458574, -2.998115347311685, -0.38616085138763734, -2.377809766494469, -3.97300379627829, -2.8868247457103484, -4.111895039848121], [-5.39347246654913, 3.8976760312082446, 3.0356066028257516, 0.474729358621068, 2.1409183199290096, 1.289978770391896, -2.762561881282176, 1.3412292046259606, 1.0825825927653807, 1.060219370046302, -1.0063144215510804, -2.8814428250327557, 0.6264588814520606, 1.1737009350299692, -4.879242773834345, 3.5207078186621827], [-0.46520592533121263, -0.36109966186767295, -0.48873171705193086, -5.478877994127857, 0.8671428026984953, 0.7223525400083868, -3.469539860698044, -0.9513014293650328, -3.9621210313298265, 1.7142587981251116, 0.6757526165938835, -2.8956971908784155, 2.4517564645321688, -0.5867084218475511, -3.096378088056464, -1.051706851446133], [-2.656344332252589, -2.8696815580885464, 2.8148785813554915, 2.0261746479688654, 0.37633404860834774, 4.235426399183553, 1.8163081726280248, 1.5301833815184307, 2.725582948562703, -5.383105139792488, 1.680159030117561, 2.9400405334989745, 3.2370878207960514, -0.16839448571759252, -2.0634687428800125, -0.43606013652159753], [-4.361061671577131, -0.8706387952869454, -1.101463258671565, -3.456834741181742, 1.153288927378155, 0.3707809519310161, -3.077461011385595, 0.8313299445237607, -1.5484978035803145, -0.8232317465684393, -2.3952767821460457, 0.553437795776698, -4.359644947389071, 0.7522156438367062, -2.6273241731653725, 6.129447079437195], [-0.5526161345722392, 4.076396065563149, 1.2603812343123868, 2.0828396119918704, -0.26274225505847737, 0.5947603263211738, 3.079231691167973, 0.10115988786806396, 4.19023188125452, 3.1848894720225776, 1.4742839534064134, 4.443366683652756, -1.5288475113144613, -2.5380630055986746, -4.543298601060638, 1.2581488188728625], [-4.370934667018448, 0.695888830374023, 2.271557454670906, -3.5018339641167593, -1.588333532792435, 1.842991195933328, 0.2905549711286226, 0.42339268880440334, 1.600081791250651, 2.1511184841743582, -1.6962904565959467, 10.246072089802368, 0.7774847765085494, 3.172060903156562, 1.808134699928676, -1.5590026197182252], [-2.1341395300010353, 4.739637365683738, -1.0101862108649844, -0.5660303052809573, 2.0210692697198502, 2.484040650480334, 2.3110455844126907, 0.06759384036199267, -3.07747887602274, 1.579089601917993, 2.2290928909881957, 4.340982384602517, 1.1754386139138395, 2.526820322737141, 4.167889325351136, -4.314960893297189], [7.888082832486776, 1.4560254979606868, -3.0139910896561046, 2.4281589616665533, -4.074957267835217, -0.6794431120928659, 2.0333893051556378, 1.7648262576978633, -0.04143894153635275, 0.18263440759294847, 3.4875218215736576, -2.0640833445433318, -0.3006874740239849, 1.4172474143581153, -1.7768715050562598, 0.41591229809030317], [0.06770445499261446, 2.602407183737994, -8.567412313346436, 0.22236066609412097, 0.6344119645696014, 2.6785794376097205, -2.906728363351781, 0.508395471100057, 1.939986375903864, -1.079255458369737, -0.547189264699826, 7.536670753337061, -0.8403373001367767, -0.2260490969160035, 2.129213265300932, -3.611163539120743], [-2.7739000709909725, 1.5254340630399366, 0.6804071967007175, 3.5106016668414166, -0.4726452150622742, 0.5697081299452202, -2.4383636848102843, 1.180304120686574, 3.6520396417108394, -2.581987295701747, -2.809179845226631, -2.818408641352088, -2.440169413231348, -0.28409999863393065, 0.5627571353029617, -2.842586315142939], [-3.8635647036162366, 3.6924345021148355, -0.48273857130541376, 3.3534835783198167, -0.8982189965933467, -0.07919364671219253, -0.7808175156331942, -0.78133139305213, 1.3123156566405476, 0.6979977892459646, -0.960309617235956, 0.020237066880568727, -5.150882981326854, 4.725200449567395, -1.203146901931498, -0.9661571513625548], [-2.478837999251452, -2.0866176123763545, 2.047401166003611, 2.0314947758338713, -3.3275990007601015, 1.669197808895687, -1.945233912382395, -3.434470398468668, -2.1369720168413195, 3.921593210967374, -2.8533927950994733, -0.2793921606631189, 2.779702085613886, -0.7316604418684418, -1.7600306730000637, -2.4025233020427725], [4.203713403836596, 1.7778165989985277, -2.424804862090524, 0.6324997629066814, -6.392175081830517, -3.412148734684351, -0.9873361728073873, -1.1929383001480494, -4.74981834110031, -0.8844124033234314, -2.576532308192288, -2.5869941553313405, -0.08504915764978613, 2.868426659560018, 1.4134904509009876, 0.4244265446302915], [0.6437822760546963, 1.7207068205389682, -0.6421039531620449, 1.4462587644762133, -1.6238725582694804, 1.8179044226585066, -2.8386793816046305, -1.891723706341167, -0.8138097719024638, -5.222994285434504, -0.04158729913436793, -0.8734728001218645, 0.47987452101270045, -0.15908709138778582, 