{"generation": 296, "board_size": 10, "snake_size": 3, "input_direction_count": 4, "apple_return_type": "distance", "segment_return_type": "distance", "network": [{"layer": "dense", "input_size": 14, "output_size": 18, "weights": [[-0.7033359024521384, 4.306827689433395, 0.09724649939316793, 0.9086094603611101, 1.3841984791802555, 4.211036687947505, 0.5073113976364351, -1.711891842964832, -2.85203010847966, 0.27132321971966866, 0.2522950620900497, -2.3232270003313955, 0.4281879930495715, 3.768020693684626], [-0.48061199814696853, -1.6464382216157096, -1.9041759305918706, 3.139698186947483, -4.520615064473475, -1.762199566380319, -2.9961847363471756, 0.9385754922063478, 1.2393498721468892, -0.4782857265538306, 3.950854798550532, 1.0679264991799486, 4.043649279563367, -0.9904839248036424], [0.16976228953863912, 3.02773829562521, 0.4267591296429206, -4.297482103198308, -2.122886613391171, -0.564499636323182, 0.8876988250095631, 2.844019939080411, 2.304697333309713, 4.040199816696622, -0.46461531811402307, 0.04966432309842106, -0.8232059778738743, 0.730893869633324], [0.9202294036971628, -1.4858192369111516, 1.6611020141756871, 1.5407211503414755, 3.9873035927871143, -1.2706765691203312, -5.207762574290562, 2.2823394282294895, -0.8539719519703771, 0.09069658723098883, 3.1515776421500075, 0.6032125881191767, -1.6775171011772485, -0.31938619864808276], [2.6621767079247745, 0.06485834445500471, 0.03349980961120769, -3.599649963143417, -0.5180144322562287, -1.8588065142006955, 0.9126982488911088, 4.0382339234396, -4.094696084623717, 0.6798890616447645, -1.3838400889620246, -1.1028470313771228, 0.6757439156100093, 0.21000414823889113], [-0.4226886737101392, 1.362860553887978, 2.2715676063185026, -3.9581137562113184, 1.4668322235068063, -3.8064757311018154, -1.681512457624509, -6.163652785219827, -1.1861275052430582, -0.23573689924991803, 2.551111912236181, -2.5370979307374943, 2.565213908494825, 1.654813688208966], [1.6366794390612105, 3.1129214901281315, 1.5755458259680988, -3.3375244876176833, 1.7348737204621785, 2.6793871533218576, -1.818135696371408, 2.1244441234614344, -1.2424239548269607, -0.9607509086712333, 2.8981218932884314, -0.9499943092385824, 0.05861879697419603, 0.008099711436607315], [1.8152546109986192, -0.2687683495045732, -0.7709282436754181, 2.500721029532981, 0.7138889602892919, 2.942929482035472, -3.0182155130861448, -2.172879974259092, 6.34314864097405, -4.359429911846553, 1.8104423153934728, 2.0180971733158124, -5.733273876400179, -3.9487109462457326], [-3.3917495385525176, 3.7261233859399487, 1.9825549730649743, -2.9435532172207846, 1.9124272304148817, -2.754764116331697, 6.362819351817575, 2.14156906390141, -0.11183322958128797, 1.3284124612319215, -2.032831856169596, -1.2783541890054537, 3.093732974615242, -1.3334962101152368], [-0.7872336089086547, 0.20161034734399555, 0.5897877395026031, -3.149324701850946, 0.1044978445365316, 2.5034007701896543, 1.836371016861065, 0.5258090272020042, 0.8314849701761626, -5.3779964039829915, 6.133770122998068, -3.2004350161951542, 2.666686179602018, 4.248222351491982], [-0.11792428837235658, 1.1592354129880191, 3.925017074719248, -3.5853276146226296, 2.860085756675885, 0.57961788137964, -0.3202462134816367, -0.6423651030927009, -1.1568498284615016, -0.025101982493308583, -1.550856308739716, 4.601628338267815, -4.2724037426065475, 0.6464579138336732], [0.18379713010949372, 1.5049692714718186, 1.0614812811098306, 0.5015942400972871, -0.6842280880145131, -0.4897677578667242, 5.56018936229184, 1.1453476126685387, -0.38393415620279026, -2.780998639081178, 3.942625561995703, -0.36666676560066014, -0.5505066763133295, 2.44353136036395], [-4.077560305586976, 4.343266066470129, -1.5713260238179474, -2.216934784574293, -2.8538757388148444, -0.44128484331739476, 1.5712008943069191, 3.161846916053723, 4.883433087955661, 1.5280080919587613, 3.800174390681627, -1.6442689292503023, -3.006822804141283, 1.044981418498951], [1.673224969103471, 3.372027761810341, -0.13082945648217503, -1.204784898526602, -1.2512377498669458, 1.577041023781742, -1.4733265540857534, 0.17917753733355646, -0.3181209042689561, -3.2670274146909404, 2.1063829336691584, 4.935920782673836, 2.357830726690349, -0.7555643737919713], [1.1096417759240838, 4.234684984499043, -2.009791238530219, -2.3563080038388025, 2.8673436935767964, -5.311714244745032, 3.0588197294635715, -2.785267169058476, -1.0410852202389, -3.359285050591784, -2.4829271219733204, -2.3427744614579944, -1.2232339016637506, 2.1024320601510613], [-0.6981559772068164, 5.133245218731149, 0.9974532368222435, -3.4404264731836918, -0.3706291641741839, 1.551436890299425, 0.153934073354327, -0.8045233074280329, 0.7547751829531676, 0.5028145824013851, -4.054105279167592, 2.58365274976045, 4.2074469629047995, 0.4058641451756968], [-4.2063382782644485, 1.2306003057555923, 1.7651441422876681, 1.0086419471375057, -3.4415854975438775, 2.3736072716083543, 0.06044980024877189, -2.5357731856381305, -2.4609039657911493, -1.5429802739384453, -2.759021901606456, 4.616048510026113, -0.4561463391296532, -2.0342335187807947], [2.7260367253538482, -1.4623616879274361, -0.5741151235166096, -0.6523906281263667, 5.760236774761466, -2.6441768078058416, 1.6165172159307073, 2.4612049264883322, 2.6519987591322614, -0.3987107718071785, -1.0714587492862242, 1.1723112800644122, 2.38260911111479, 1.3571318326144222]], "bias": [[-2.064936888597516], [0.10895349103542218], [2.9913623056158647], [2.0757357582291047], [0.7767587946799203], [-0.8298998607576721], [-0.20950725667878006], [-2.939109820822843], [-3.9240919081281707], [1.9467342271393446], [-8.402454259020047], [0.8476881039050302], [1.427251875349848], [-1.6856190051701314], [-0.4029912977411651], [0.6254482452041739], [-0.6133037186320222], [1.5580048476046877]]}, {"layer": "activation", "activation": "relu", "activation_prime": "relu"}, {"layer": "dense", "input_size": 18, "output_size": 4, "weights": [[-0.7791776110453894, 0.669442551414217, 0.8852179161248153, -2.2033779986730324, -2.267736361509427, -1.4111216616207591, 1.399825437296216, -1.3885337608991357, -4.854807876192682, -6.442056047745008, 2.37499836508136, 0.2084572141898796, 1.7289474086127778, 0.6909073443071874, -1.5156381819804943, -1.8126634651264824, 1.7894260632023031, -0.5870497751283548], [-2.822111593020102, -1.0786212216549935, -0.9406255405573601, -0.648587647010649, -4.052564123108713, -0.8678677922354497, -0.6101047206056992, -1.7518972773234833, 1.0121251443036243, -1.62546546117114, 0.9794365433979959, 0.4755442793547698, -0.44196598336947823, 0.28658127197341116, 0.25092941343320063, 1.6772587677122304, 1.6928624991207395, 1.978392239725897], [-7.645104671458267, -0.5232503857211512, 0.18644449260563112, 4.349983096317786, 1.0775221812492697, -1.3695477946109809, 1.8310641201347555, -0.04298186070117638, 1.1659343026570452, -1.0283083197012162, 1.5223299203774903, -4.739931574513334, -1.8971381229110036, -0.1971785072589688, -0.5212121188202712, 1.7889998013213682, 3.150504727952944, -0.5341233919483287], [1.6886666352230753, 2.492106467819871, -1.3952447835035615, 0.6658311241226569, -2.73702859885723, -5.8079279019529215, 1.8534327304532203, -2.170249535033859, 0.7811235128658773, 1.0795308833022679, -0.1531776966073135, 2.985945213489052, -1.3690976714839695, -4.132414371750663, -4.173017113000085, 0.8433074502936075, -1.099215277953246, -1.3920725268301755]], "bias": [[-1.8755988447486298], [-2.511170082940097], [-1.5503406005520133], [2.548141145561621]]}, {"layer": "activation", "activation": "sigmoid", "activation_prime": "sigmoid"}]}