{"generation": 261, "board_size": 10, "snake_size": 3, "input_direction_count": 4, "apple_return_type": "distance", "segment_return_type": "distance", "network": [{"layer": "dense", "input_size": 14, "output_size": 18, "weights": [[-0.4814610980200082, 2.958998874728125, -0.23141460455648827, 1.0140288559321184, 1.3643706620151996, 2.7860013773451273, 0.5671886824624399, -0.6442868800090917, -2.9240179922270455, -0.3611921888974392, 0.3483542877172866, -2.3377467067647912, -1.3260985644757814, 4.200385476788101], [-0.7109678965146189, -2.6667671632438004, -1.4932141524678677, 5.152774646756949, -3.8081719062301653, -3.0669868975991808, -1.3426440750056328, 0.999281049776363, 1.2393498721468892, -2.5331771843578297, 6.461340737920767, 1.192877723902576, 4.01728079814122, -0.5877896773312977], [0.35625038768658734, 3.02773829562521, 1.3425825445834527, -3.102919196454387, -2.4931236136584443, 1.807535303996886, 2.150850056034434, 0.5266012390104646, 2.008145171266539, 2.1397508856489256, 0.688645877461771, -0.47109944209787097, 0.24769852346291366, 0.730893869633324], [2.2132153813950945, -1.4858192369111516, 1.6611020141756871, 1.5407211503414755, 4.832611062134434, -1.2706765691203312, -3.514293242919395, 1.7351115782206035, -0.8539719519703771, -0.7217175067673512, 3.1515776421500075, 1.9183796524600432, -1.8209397875085762, -0.31938619864808276], [0.5221202919011098, 0.8478190138245825, 1.2950006040536952, -4.3206458933237055, 0.3073446998470952, -0.5420211458107187, 0.45363428515489623, 5.0020811982650875, -2.3330979726863874, -0.47463204906922485, -1.6925703406791532, -1.4470584998670493, -0.03428525392400883, 1.1250419986887046], [-0.4226886737101392, 1.8145168669252612, 2.2376626368233072, -3.9581137562113184, 1.1082364192256458, -4.949352278975698, -1.681512457624509, -6.163652785219827, -1.012736630148574, -0.23573689924991803, 2.414699454243366, -2.5370979307374943, 2.565213908494825, 1.927991481657736], [-0.31049952107703277, 2.0536451332458467, 2.4279004478272768, -6.697880556410356, -0.23817831939060297, 3.552555793996818, -1.2041447005763148, 0.21962044123716518, 0.10350205554526994, -1.6055379273314574, 2.109421498307428, -1.5617071330982468, 0.05861879697419603, 0.008099711436607315], [1.8152546109986192, -0.46208620485653273, -1.854141208159179, 2.2714122053181813, 0.7138889602892919, 2.1226556786413435, -3.0182155130861448, -2.172879974259092, 4.489642321007434, -4.359429911846553, 2.8342930977076444, 2.0180971733158124, -5.520533748131321, -4.277752385361625], [-0.8120870472111559, 3.7261233859399487, 1.9825549730649743, -2.9435532172207846, 2.752108882417408, -2.754764116331697, 5.4186102062882755, 2.14156906390141, -0.11183322958128797, 1.3700791113989395, -2.032831856169596, -1.6186042143190496, 1.0155095251125636, -0.9302277545082677], [-0.9004628395287676, 1.5810598623490126, 0.5897877395026031, -3.149324701850946, -0.992047648468021, 2.5034007701896543, 1.836371016861065, 0.5258090272020042, 1.4053967846806108, -4.769944427109045, 6.133770122998068, -1.7655651668813035, 2.3160519943568065, 2.904234099928416], [-1.8385454540537416, 1.1592354129880191, 3.925017074719248, -1.762549059485336, 3.4769930999418293, 0.5804248997623236, -0.3202462134816367, -0.7801197439874177, -1.5317642974119636, -0.025101982493308583, -0.23746363935041243, 3.7902157427731393, -4.875682096424309, 0.6464579138336732], [0.18379713010949372, 0.4844101768369604, 0.626167833771879, 1.2023594436740423, -0.3989060692112555, -0.4897677578667242, 5.56018936229184, 1.1453476126685387, 0.7889242960211602, -1.6656307936780135, 3.942625561995703, -0.36666676560066014, -0.5505066763133295, 2.3433938615973133], [-4.044674900379595, 4.10123973248599, -1.5713260238179474, -2.216934784574293, -2.8538757388148444, -0.44128484331739476, 0.6305300986024872, 3.9101544234863077, 4.550619994054734, 1.5280080919587613, 3.800174390681627, -2.024318369919982, -2.9711970858806516, 0.029777033252247898], [1.1545130560357642, 3.372027761810341, -1.3376741651430555, -1.204784898526602, -1.281409193299595, -1.0208633369194917, -1.4733265540857534, 0.17917753733355646, 0.007899905577813948, -1.7944753709703443, 2.043069511604189, 3.8037113226160897, 2.357830726690349, -0.7555643737919713], [1.1096417759240838, 3.0890513746775095, -0.9847131538428945, -2.3563080038388025, 4.564727630896581, -4.611237396539781, 3.3433950793669625, -2.785267169058476, -1.3721347634086738, -3.6527520687490354, -1.2916023535642227, -2.5609795854518023, -1.2232339016637506, 3.4115759872760787], [-2.3893302455186687, 5.133245218731149, 2.293266726211677, -2.7973247051795376, -0.3706291641741839, -0.019743165279219765, -0.1998055938641431, -2.6139543950691824, 0.7648717648121106, -0.7505456097085156, -2.471087920984282, 2.58365274976045, 4.033300388220919, -0.49262948365236364], [-3.8585829589995733, 2.936612795525968, 2.392064015986935, 0.5152643021932489, -3.1772090552579337, 1.2648102052795056, -0.6852912287318582, -0.3911112117776743, -1.4712924286830968, -1.176517152861247, -2.759021901606456, 2.289932029629814, -2.537352547068882, -2.0342335187807947], [2.563305626892018, -1.1216742826242454, -0.5741151235166096, -0.6734196524607678, 5.760236774761466, -1.2957491586942322, 3.2228609357267235, 1.1316235100731458, 1.5613867175355145, 0.513137731107211, -1.7220433676301299, 1.5009526874301513, 0.23272125366548546, 1.3571318326144222]], "bias": [[-1.7526098148992553], [-0.9111409140993387], [2.9014232958721045], [3.304159049061657], [0.17059883558285538], [-0.10023315792065124], [0.5950277304671902], [-2.2680064703942433], [-3.9240919081281707], [1.9467342271393446], [-7.0486815685220074], [1.2067687263334763], [1.427251875349848], [-0.43313337009089325], [-0.4029912977411651], [1.0357846158457806], [-1.293518515356813], [1.5580048476046877]]}, {"layer": "activation", "activation": "relu", "activation_prime": "relu"}, {"layer": "dense", "input_size": 18, "output_size": 4, "weights": [[0.15532151954323814, 1.9252183870079709, 0.6873337785333689, -2.247335622624288, -2.267736361509427, -0.46419132730552437, 1.399825437296216, -2.144966043121623, -2.7950470313882114, -4.743646674382496, 4.522088709882731, 0.2084572141898796, 1.7289474086127778, 0.6909073443071874, -2.31851710433534, -1.8126634651264824, 1.7894260632023031, 0.6000244277434817], [-2.3932100798954656, -0.5842694923360898, -0.803636777992683, -0.3944726749255124, -5.670707456225959, -2.890855392508517, 0.47220528400177475, -1.225202655427676, 2.05522113344845, -0.4697569544254392, 1.6950796396446686, 0.6625641738544676, -0.2743748021356281, -1.0066286773654665, 1.1607692989269223, 1.6772587677122304, 1.8444095684419364, 1.7520638505616617], [-5.88974847043763, -2.2137691632968926, 0.18644449260563112, 3.1110778479269596, 3.885850180382808, -2.20705733592323, 1.8624626884977398, -0.03147267063952175, 1.064020146398834, -1.0283083197012162, 1.292435352699499, -4.340757033080456, -2.428440384820126, -0.1971785072589688, -1.7253793177653074, 1.7824521417729822, 2.667934903862803, -0.5341233919483287], [2.513511447599744, 1.0969271358687982, -1.4281822563204816, 0.7064480003387348, -2.73702859885723, -5.8079279019529215, 2.2231173038440253, -2.170249535033859, -0.30697647896532, 1.58963436055839, 0.18844890367993428, 3.1812929608819775, -1.5596256526640748, -3.5563681793444895, -3.502799916206762, 0.5717278967009521, -1.7517546823654775, -1.0040418941865514]], "bias": [[-2.006567942083178], [-1.5601759400388837], [0.17729074101412168], [0.219684060386529]]}, {"layer": "activation", "activation": "sigmoid", "activation_prime": "sigmoid"}]}