{"generation": 298, "board_size": 10, "snake_size": 3, "input_direction_count": 4, "apple_return_type": "distance", "segment_return_type": "distance", "network": [{"layer": "dense", "input_size": 14, "output_size": 18, "weights": [[-0.7033359024521384, 4.306827689433395, -0.23245680329289264, -0.6971846877004031, 1.8317774554187356, 5.705628803869048, 1.264188700166374, -1.5678127117569685, -1.9639745926065741, 0.27132321971966866, 0.2522950620900497, -2.8095215507184363, 0.4281879930495715, 3.768020693684626], [-1.5347491342536292, -1.3391530364357636, -1.6104397179726384, 3.139698186947483, -5.979806945339233, -1.7270701582022694, -1.3426440750056328, 0.9385754922063478, 1.2393498721468892, -0.4782857265538306, 5.761368702403794, 1.0679264991799486, 4.475350967416461, -0.9904839248036424], [0.35625038768658734, 1.8332282456863163, 0.4267591296429206, -3.4137001431787057, -2.478298990531138, 1.6817271554336937, 0.0530964043567862, 4.20700454840731, 2.9704199865086838, 4.337340200768239, -0.46461531811402307, 0.04966432309842106, -1.1348426069086222, 0.730893869633324], [1.4355642710705654, -3.127281272621642, 0.8881175524277555, 1.5407211503414755, 3.8919277224097915, -1.2706765691203312, -4.710245772463622, 1.7322747324759395, -0.8539719519703771, 0.09069658723098883, 3.1724156921155275, 1.0948222672297034, -1.2459529291766285, -0.7007198621387138], [3.1509054138471506, 0.8478190138245825, 1.2950006040536952, -3.820815067044268, 0.4605071077544002, -0.5420211458107187, 0.45363428515489623, 6.782199460972231, -3.552087951820402, 0.19995949148376524, -1.11363661235418, -1.6146740191301792, 1.193918784680367, 0.21000414823889113], [-0.4226886737101392, 0.15438461798481407, 1.288757032426555, -2.886858001561807, 0.8595497115066774, -4.949352278975698, -1.9105400442545826, -6.163652785219827, -1.012736630148574, -0.23573689924991803, 0.8177384007423949, -2.5370979307374943, 2.565213908494825, 1.8152784864661848], [1.8871599233395013, 1.6738742811582, 2.0215108276350535, -4.759969885459499, -0.23817831939060297, 2.5203541775272207, -0.1847341057901175, 1.5556323436709436, 0.10350205554526994, -1.6055379273314574, 2.8981218932884314, -1.5617071330982468, 0.05861879697419603, 0.008099711436607315], [1.8152546109986192, -1.042571320218919, -0.6094164648413741, 0.04107008848039295, 0.8663951602893935, 3.195299182950862, -3.0182155130861448, -2.172879974259092, 2.7789143845878828, -4.473275027906793, 1.5316796189391608, 2.389916413806518, -5.911947407012232, -3.9487109462457326], [-2.209788449514902, 3.0767000017955146, 4.609330958746657, -4.3277014317392775, 2.3262998051772517, -3.9528604510967966, 3.957942905754157, 3.1275006114634416, -1.94875626499847, 1.3005446659666293, -4.460038893614904, 0.008935778232390168, 0.9520768520588179, -3.229192069154063e-05], [-0.7872336089086547, 0.0449090365931025, 0.5897877395026031, -3.149324701850946, 0.1044978445365316, 2.5034007701896543, 1.1957996013968455, 0.5258090272020042, 1.4053967846806108, -5.3779964039829915, 6.133770122998068, -3.2004350161951542, 2.3160519943568065, 3.562194673328499], [-1.8385454540537416, 1.58115685471509, 3.925017074719248, -3.5853276146226296, 2.860085756675885, 1.0413553511168092, -2.046812270096184, -0.6423651030927009, -1.1568498284615016, -0.025101982493308583, -1.7488277149930556, 4.601628338267815, -4.2724037426065475, 0.6464579138336732], [1.123836285695525, 1.4964470499969904, 1.0614812811098306, 0.5015942400972871, -0.3989060692112555, -0.4897677578667242, 5.56018936229184, 1.1453476126685387, 0.6893830836168207, -2.780998639081178, 4.410817640160397, -0.36666676560066014, -0.5505066763133295, 2.543708351207188], [-4.077560305586976, 4.343266066470129, -1.5713260238179474, -2.2912530770476893, -2.8538757388148444, -0.44128484331739476, 0.6305300986024872, 3.161846916053723, 4.550619994054734, 1.7195260083641564, 3.800174390681627, -1.912142080763209, -2.9711970858806516, -0.6965409261450425], [1.1545130560357642, 3.9224561148756965, -0.8007162674362353, -1.204784898526602, -2.2985833598139154, 1.577041023781742, -1.4733265540857534, 0.17917753733355646, 0.007899905577813948, -2.2730849401529563, 2.1063829336691584, 4.935920782673836, 2.357830726690349, -0.7555643737919713], [1.1096417759240838, 3.0819199351518365, -0.9847131538428945, -2.3563080038388025, 2.350118491993686, -4.611237396539781, 3.0588197294635715, -2.785267169058476, -1.3721347634086738, -2.7295019304835533, -1.2506152624303752, -2.3427744614579944, -1.2232339016637506, 3.218502549813485], [-1.8666047243750477, 3.541192464041825, 1.603252180678355, -2.7973247051795376, -0.3706291641741839, 0.5398336646772599, -0.8706388938857239, -0.8045233074280329, 0.7648717648121106, 0.5028145824013851, -5.6532319210016455, 2.58365274976045, 3.6186698695845934, -0.8673812716852913], [-3.8585829589995733, 2.7824186352949383, 2.274064640051989, 1.5469727296703069, -3.474420044723184, 1.4898838752814483, 0.06044980024877189, -0.741279315602494, -2.4609039657911493, -1.5429802739384453, -4.366084158051752, 4.616048510026113, 0.39985841120969257, -2.0342335187807947], [2.7260367253538482, -0.8243488740122438, -0.5741151235166096, -0.528985062680262, 5.760236774761466, -1.2957491586942322, 1.678890241727313, 3.156017843699648, 2.6519987591322614, 0.42213586949628357, -1.1388793660932268, 0.7186090732805466, 0.23272125366548546, 1.3571318326144222]], "bias": [[-2.2650607196149126], [0.10895349103542218], [2.9913623056158647], [2.6334217585679673], [0.8149281039681732], [-0.10023315792065124], [0.2006073578225146], [-2.881971308650483], [-0.8925078782967832], [1.9585957475597762], [-6.575784889591372], [0.8476881039050302], [1.6084917382088524], [-1.6856190051701314], [-0.4029912977411651], [0.49796745485009697], [-1.293518515356813], [1.977310181645728]]}, {"layer": "activation", "activation": "relu", "activation_prime": "relu"}, {"layer": "dense", "input_size": 18, "output_size": 4, "weights": [[-0.821356127535888, 0.41564370297736813, 1.171923438408791, -2.247335622624288, -2.267736361509427, -0.3283070464577432, 1.399825437296216, -1.3631403795505788, -3.1452017437681787, -4.861028700707493, 3.1482265129188343, -0.2693708147693582, 1.7289474086127778, 0.42292701833495994, -0.8581227329507666, -1.8126634651264824, 1.069392619082529, -0.5870497751283548], [-2.339818504785802, -0.48220714847402, -0.9406255405573601, -0.648587647010649, -4.349519077903821, -1.735813577890199, -0.6101047206056992, -1.0858781542532125, 2.5102297842102725, -1.62546546117114, 1.6950796396446686, 1.265451213504504, -0.2743748021356281, 0.28658127197341116, -0.17304425220575326, 1.6772587677122304, 1.764838982787173, 1.3058889351507417], [-5.88974847043763, -0.13467495663723733, 0.21353693905524018, 2.496767636498406, 2.140933552521879, -1.3695477946109809, 1.8310641201347555, -0.04298186070117638, 1.0395932485171646, 1.000668277517371, 0.42557231502347004, -6.6584226597836835, -2.428440384820126, -0.1971785072589688, -2.504864671286189, 1.7889998013213682, 3.150504727952944, -0.5341233919483287], [1.6886666352230753, 2.492106467819871, -1.3952447835035615, 0.6658311241226569, -2.73702859885723, -5.8079279019529215, 2.082883339896987, -2.6041818072446987, 1.496144135204329, 1.58963436055839, -1.145946654063874, 2.985945213489052, -1.3690976714839695, -2.9102845756954014, -3.334228935637424, 0.8433074502936075, -1.099215277953246, -1.3920725268301755]], "bias": [[-1.8755988447486298], [-0.05431424223083203], [1.1546193572865227], [1.0788646242799689]]}, {"layer": "activation", "activation": "sigmoid", "activation_prime": "sigmoid"}]}