{"generation": 291, "board_size": 10, "snake_size": 3, "input_direction_count": 4, "apple_return_type": "distance", "segment_return_type": "distance", "network": [{"layer": "dense", "input_size": 14, "output_size": 18, "weights": [[-0.7033359024521384, 4.306827689433395, -0.23245680329289264, -0.6971846877004031, 1.8317774554187356, 4.211036687947505, 1.264188700166374, -1.5678127117569685, -1.9639745926065741, 0.27132321971966866, 0.2522950620900497, -2.3232270003313955, 0.4281879930495715, 3.768020693684626], [-1.5347491342536292, -1.3391530364357636, -1.595903997540208, 3.139698186947483, -5.979806945339233, -1.7270701582022694, -1.3426440750056328, 0.9385754922063478, 1.2393498721468892, -0.4782857265538306, 5.761368702403794, 1.0679264991799486, 4.475350967416461, -0.9904839248036424], [0.35625038768658734, 1.8332282456863163, 0.4267591296429206, -4.275649627834942, -2.478298990531138, 1.6817271554336937, 0.8876988250095631, 2.844019939080411, 2.304697333309713, 4.337340200768239, -0.46461531811402307, 0.04966432309842106, -0.8232059778738743, 0.730893869633324], [1.4355642710705654, -3.127281272621642, 0.8881175524277555, 1.5407211503414755, 3.8919277224097915, -1.2706765691203312, -4.710245772463622, 1.7322747324759395, -0.8539719519703771, 0.09069658723098883, 3.1515776421500075, 1.0948222672297034, -1.6775171011772485, -0.7007198621387138], [3.1509054138471506, 0.8478190138245825, 1.2950006040536952, -3.820815067044268, 0.4605071077544002, -0.5420211458107187, 0.45363428515489623, 6.782199460972231, -3.552087951820402, 0.19995949148376524, -1.11363661235418, -1.6146740191301792, 0.6757439156100093, 0.21000414823889113], [-0.4226886737101392, 1.362860553887978, 2.2376626368233072, -2.886858001561807, 0.8595497115066774, -3.2452088174380536, -1.681512457624509, -5.67992995327622, -1.012736630148574, -1.549217835979612, 1.0307463220681086, -1.9221605990383996, 3.5602399552594783, 2.0666744918778512], [-0.110415281706162, 2.0536451332458467, 2.3739240406059325, -4.856072286720272, 0.36475894014019383, 1.9749244988630736, -1.4840260651514587, 3.0827571992305565, 0.16294206641457898, -3.5714491545203373, 2.8981218932884314, -1.5617071330982468, -1.7865257421977485, 1.5409287604839723], [1.8152546109986192, -0.8706060616769136, -1.741450160033649, 2.2829020941483296, 1.372747344255921, 2.1226556786413435, -3.0182155130861448, -2.172879974259092, 5.478086539901659, -5.654453972773005, 2.8342930977076444, 1.5167885769392657, -5.733273876400179, -4.560343114396634], [-2.431937451832191, 3.7261233859399487, 1.9825549730649743, -2.4518686683137494, 3.308874305090764, -2.754764116331697, 5.644284757230386, 3.1275006114634416, -0.5618410590202572, 1.3284124612319215, -2.032831856169596, 0.37704145013957313, 0.37585602707174465, -0.9302277545082677], [-0.9004628395287676, 0.7861937193831461, -0.6751282949019529, -3.149324701850946, 0.7764864228737325, 2.5034007701896543, 1.836371016861065, 2.825232991824094, 1.4053967846806108, -5.057899405729023, 4.557743035522849, -0.9821932485542766, 2.3160519943568065, 3.562194673328499], [-0.32562227548643885, 0.324775661128322, 5.5329298291936615, -1.762549059485336, 0.5451234601888273, 1.4412864080354497, -0.3202462134816367, -0.6423651030927009, -2.1534048095389733, -0.6648662323979212, 0.48818702220580695, 3.7902157427731393, -4.921312550771354, 0.45705087480803475], [0.18379713010949372, 1.231729630862519, 0.626167833771879, 1.2295755039213865, -0.3989060692112555, -1.0142963736231556, 4.534057807866049, -0.8571057801702664, 0.726940649844707, -2.5669431562427536, 4.564692128912101, -0.36666676560066014, -1.45679673178437, 1.1366439916464175], [-4.085503564974488, 0.9573568688668972, -1.1929201991705425, -1.6152886799500588, -2.8538757388148444, -0.1605046257483112, -0.1240096732801651, 4.841225927234981, 4.550619994054734, 1.9758772817314432, 4.368734992734155, 0.9391295474121323, -3.9549550860565144, 0.6961894384542446], [0.7288905016604252, 1.5893943140804896, -1.2564612042166419, 0.4777367318855218, -1.281409193299595, -0.39744709744058543, -2.8949313837049453, -1.822949925980918, 0.8177833118370798, -1.9606682089880183, 1.0036549518595823, 4.173107201734925, 2.5620847404198117, -0.5857646766048032], [1.1096417759240838, 3.2648489113596, -0.9847131538428945, -2.3563080038388025, 4.336457056507935, -4.463471381133605, 3.3433950793669625, -3.2199356649670543, -1.3721347634086738, -0.051871969105909965, -0.7208801540359187, -2.7704649364920515, -0.3388386010581339, 1.6083803147414808], [-3.0455032182920694, 5.133245218731149, 1.603252180678355, -2.7973247051795376, -2.6849639517297765, 0.5398336646772599, -0.5171055964383335, -0.8045233074280329, 0.30819864449470175, 0.5028145824013851, -4.520221141430016, 2.462752432604914, 3.853809895899815, -0.49262948365236364], [-3.8585829589995733, 2.4461231778641794, 1.7651441422876681, 0.7679941636927493, 0.6558900133701271, 1.4898838752814483, 0.06044980024877189, -0.3911112117776743, -3.2289033190528644, -1.922263603929526, -2.869479511594857, 2.355458351725199, -2.537352547068882, -2.752076379069342], [2.4530687017120796, -1.4623616879274361, -0.8783131232966518, -1.3162987008007097, 5.760236774761466, -1.7969138565075804, 1.678890241727313, 1.8953134176699074, 1.7705854760342763, 0.42213586949628357, -2.1587805318660003, 1.7777137364902338, 1.7125601836004738, 1.3571318326144222]], "bias": [[-2.064936888597516], [0.10895349103542218], [2.9913623056158647], [2.6334217585679673], [0.8149281039681732], [-0.10023315792065124], [0.46448502517176726], [-1.242887288513967], [-3.9240919081281707], [2.5850208491053177], [-7.767036394295079], [0.9003047222903707], [1.427251875349848], [-0.8392386989575649], [-1.0416637237128321], [1.0357846158457806], [-0.6133037186320222], [1.5580048476046877]]}, {"layer": "activation", "activation": "relu", "activation_prime": "relu"}, {"layer": "dense", "input_size": 18, "output_size": 4, "weights": [[-0.821356127535888, 0.41564370297736813, 1.171923438408791, -2.247335622624288, -2.267736361509427, -0.3283070464577432, 1.399825437296216, -0.8705471102986052, -3.1452017437681787, -4.861028700707493, 3.1482265129188343, -0.2693708147693582, 1.7289474086127778, 0.42292701833495994, -2.3180365942856724, -1.8126634651264824, 1.069392619082529, -0.5870497751283548], [-2.339818504785802, -0.48220714847402, -0.9406255405573601, -0.648587647010649, -4.349519077903821, -1.735813577890199, -0.6101047206056992, -1.0858781542532125, 1.133880539650355, -1.62546546117114, 1.6950796396446686, 0.9040222918636005, -0.5606445792252338, 0.28658127197341116, -0.16238578220946903, 1.6772587677122304, 0.6500453581171108, 1.978392239725897], [-7.187245656146571, -0.5232503857211512, 0.18644449260563112, 2.4792556026921533, 2.279677587638715, -0.9160459770066429, 1.2956272939705302, 0.24871796666100965, 1.064020146398834, -0.663145741195029, 0.42557231502347004, -6.6584226597836835, -2.428440384820126, -0.1971785072589688, -2.504864671286189, 1.7889998013213682, 2.1753709535956673, -0.5341233919483287], [2.513511447599744, 2.492106467819871, -1.4281822563204816, 0.6658311241226569, -0.7513118267779133, -5.8079279019529215, 3.277947380934446, -2.478109226962946, 0.9580489537762589, 1.58963436055839, -0.1531776966073135, 2.8572727576262755, -1.9477076906308597, -2.7745405119870696, -4.173017113000085, 0.6197353997325324, -1.3352331128223884, -1.3941349610766984]], "bias": [[-1.8755988447486298], [-1.4028311434383123], [-0.44607741333670803], [1.0788646242799689]]}, {"layer": "activation", "activation": "sigmoid", "activation_prime": "sigmoid"}]}