{"generation": 280, "board_size": 10, "snake_size": 3, "input_direction_count": 4, "apple_return_type": "distance", "segment_return_type": "distance", "network": [{"layer": "dense", "input_size": 14, "output_size": 18, "weights": [[-0.7033359024521384, 4.306827689433395, -0.23245680329289264, -0.6971846877004031, 1.3841984791802555, 4.211036687947505, 1.264188700166374, -1.5678127117569685, -1.9639745926065741, 0.27132321971966866, 0.2522950620900497, -2.3232270003313955, 0.4281879930495715, 3.768020693684626], [-1.5347491342536292, -1.3391530364357636, -1.595903997540208, 3.139698186947483, -5.979806945339233, -1.7270701582022694, -1.3426440750056328, 0.9385754922063478, 1.2393498721468892, -0.4782857265538306, 5.761368702403794, 1.0679264991799486, 4.043649279563367, -0.9904839248036424], [-2.162320431984723, 4.789120009846532, 0.22341272294188172, -4.297482103198308, -2.478298990531138, 1.6817271554336937, 0.8876988250095631, 2.844019939080411, 2.304697333309713, 4.040199816696622, -0.15493115505806015, 0.04966432309842106, 0.3166863127528099, 0.730893869633324], [2.6191689206450652, -1.4994615057556915, 1.6611020141756871, 1.5407211503414755, 6.104746611693885, -1.2706765691203312, -5.269271783793441, 1.7322747324759395, -0.8539719519703771, -0.31928627243571156, 3.1515776421500075, 0.6032125881191767, -1.6775171011772485, -0.31938619864808276], [1.2291587633941663, 0.8478190138245825, 0.03349980961120769, -3.599649963143417, 0.21036952243344292, -0.07117550900969816, 0.7380553356160007, 4.527726376596816, -6.2658282742519, -0.18979916200641533, -1.496337565407221, -1.9898684756624774, 0.6757439156100093, 1.718842369554559], [-0.4226886737101392, 1.8145168669252612, 2.2376626368233072, -3.9581137562113184, 0.8595497115066774, -4.949352278975698, -1.681512457624509, -6.163652785219827, -1.012736630148574, -0.23573689924991803, 2.551111912236181, -2.2557454740204492, 4.132737568305296, 1.8152784864661848], [0.023548005721463455, 2.0536451332458467, 2.0215108276350535, -3.3375244876176833, -0.23817831939060297, 3.552555793996818, -0.1847341057901175, 3.4895070406196425, 0.10350205554526994, -2.8033855734414246, 2.8981218932884314, -1.5617071330982468, 0.05861879697419603, 0.008099711436607315], [3.116962196169903, -1.039065833549898, -0.6094164648413741, 0.6935659525230996, 0.8663951602893935, 2.1226556786413435, -3.0182155130861448, -2.172879974259092, 4.23289819658547, -4.473275027906793, 1.5316796189391608, 4.614546384576922, -5.733273876400179, -3.9487109462457326], [-2.431937451832191, 1.8244479759319598, 1.9825549730649743, -2.9435532172207846, 3.308874305090764, -3.006007878185367, 3.957942905754157, 3.1275006114634416, -0.11183322958128797, 3.168055027101579, -4.277960569813867, 0.37704145013957313, 0.37585602707174465, -0.720425060581434], [-1.193856101931357, 0.6017877843710977, 1.0473340301517542, -2.3078445117499893, 0.1044978445365316, 2.5034007701896543, 1.836371016861065, 0.5258090272020042, 1.4053967846806108, -4.307107087218234, 6.133770122998068, -1.7655651668813035, 2.3160519943568065, 3.562194673328499], [-1.8385454540537416, 1.1592354129880191, 4.802729817236469, -1.762549059485336, 2.4169964446953713, 0.57961788137964, -0.3202462134816367, -0.6423651030927009, -1.5317642974119636, -0.5234995243738674, 0.48818702220580695, 3.7902157427731393, -4.2724037426065475, 0.9719122262335451], [0.18379713010949372, 1.5049692714718186, 0.626167833771879, 1.2295755039213865, -0.3989060692112555, -0.4897677578667242, 4.11674219794268, -0.6482621007193621, 0.726940649844707, -2.780998639081178, 3.942625561995703, -0.36666676560066014, -0.5505066763133295, 1.4327601976985007], [-4.085503564974488, 3.784212797896141, -1.5713260238179474, -2.292166027235915, -2.624988152189034, -0.5643499288858282, -1.189598458052406, 3.9101544234863077, 4.550619994054734, 2.4407363151469634, 3.873699103719071, -2.498415418371904, -2.9711970858806516, 0.5881891305912664], [0.7288905016604252, 1.3127024519441353, -1.3376741651430555, -2.06845165285192, -1.281409193299595, -1.0208633369194917, -2.4117810266152238, -1.6061553064665886, -0.43334940880352935, -0.7479291880399008, 2.043069511604189, 5.777969126305045, 1.2164053372486117, -0.7555643737919713], [1.105859871856213, 3.9430657075577504, -0.9847131538428945, -2.3563080038388025, 4.465931834419356, -4.611237396539781, 3.3433950793669625, -2.785267169058476, -1.3721347634086738, -3.6527520687490354, -0.3262391068241004, -2.11265231477653, -1.2232339016637506, 3.218502549813485], [-1.8666047243750477, 7.048670218089164, 1.073377175606689, -2.7973247051795376, 0.07775408120414812, -0.019743165279219765, 0.33830043642573027, -2.6139543950691824, 0.7648717648121106, -0.7505456097085156, -2.471087920984282, 2.58365274976045, 5.176782519337977, -0.49262948365236364], [-3.8585829589995733, 2.936612795525968, 2.5420475416936794, 0.7679941636927493, -2.1515557152134943, 1.4022844419835938, 0.06044980024877189, -0.3911112117776743, -2.8726742267031504, -0.38796461608076194, -2.759021901606456, 4.458922391189681, -2.537352547068882, -1.5241744625551408], [1.8441712508692243, -1.4623616879274361, -0.5104815732584949, -0.6734196524607678, 4.294668219420479, -2.13918802248308, 1.678890241727313, 1.8953134176699074, 1.7705854760342763, 0.42213586949628357, -2.1587805318660003, 1.7777137364902338, 1.7125601836004738, 1.3571318326144222]], "bias": [[-2.064936888597516], [0.10895349103542218], [2.9913623056158647], [2.6334217585679673], [0.8149281039681732], [-0.10023315792065124], [0.2006073578225146], [-3.308337812611107], [-3.9240919081281707], [1.9467342271393446], [-4.875695973702491], [0.35973066512658425], [1.427251875349848], [-2.026781900491534], [-0.4029912977411651], [1.0357846158457806], [-0.6133037186320222], [1.5580048476046877]]}, {"layer": "activation", "activation": "relu", "activation_prime": "relu"}, {"layer": "dense", "input_size": 18, "output_size": 4, "weights": [[-0.821356127535888, 0.41564370297736813, 1.171923438408791, -2.247335622624288, -2.267736361509427, -0.3283070464577432, 1.399825437296216, -0.8705471102986052, -3.1452017437681787, -4.861028700707493, 3.1482265129188343, -0.2693708147693582, 1.7289474086127778, 0.42292701833495994, -2.3180365942856724, -1.8126634651264824, 1.069392619082529, -0.5870497751283548], [-2.339818504785802, -0.48220714847402, -0.9406255405573601, -0.648587647010649, -4.349519077903821, -1.735813577890199, -0.6101047206056992, -1.0858781542532125, 1.133880539650355, -1.62546546117114, 1.6950796396446686, 0.9040222918636005, -0.5606445792252338, 0.28658127197341116, -0.16238578220946903, 1.6772587677122304, 0.6500453581171108, 1.978392239725897], [-7.187245656146571, -0.5232503857211512, 0.18644449260563112, 2.4792556026921533, 2.279677587638715, -0.9160459770066429, 1.2956272939705302, 0.24871796666100965, 1.064020146398834, -0.663145741195029, 0.42557231502347004, -6.6584226597836835, -2.428440384820126, -0.1971785072589688, -2.504864671286189, 1.7889998013213682, 2.441769612048335, -0.5341233919483287], [2.513511447599744, 3.1189402889709754, -1.4281822563204816, 0.6658311241226569, -0.7513118267779133, -5.8079279019529215, 2.9193922933428738, -2.478109226962946, 0.9580489537762589, 1.58963436055839, 0.6943866485433063, 2.184427487959714, -1.5596256526640748, -3.886759061289717, -4.173017113000085, 0.6197353997325324, -1.3352331128223884, -1.3941349610766984]], "bias": [[-1.8755988447486298], [-1.5601759400388837], [-0.7366237863851266], [1.0788646242799689]]}, {"layer": "activation", "activation": "sigmoid", "activation_prime": "sigmoid"}]}