{"generation": 272, "board_size": 10, "snake_size": 3, "input_direction_count": 4, "apple_return_type": "distance", "segment_return_type": "distance", "network": [{"layer": "dense", "input_size": 14, "output_size": 18, "weights": [[-0.7033359024521384, 4.306827689433395, 0.09724649939316793, 0.9086094603611101, 1.3841984791802555, 4.211036687947505, 0.5073113976364351, -1.5678127117569685, -2.054748190587635, 0.27132321971966866, 0.2522950620900497, -2.3232270003313955, 0.4281879930495715, 3.768020693684626], [-0.7109678965146189, -1.6464382216157096, -1.9041759305918706, 3.139698186947483, -5.979806945339233, -1.7694128238798252, -0.7283042943882644, 0.9385754922063478, 1.2393498721468892, -0.4782857265538306, 5.515384906892993, 1.0679264991799486, 4.043649279563367, -0.8353935466261124], [0.35625038768658734, 3.02773829562521, 0.4267591296429206, -4.297482103198308, -2.478298990531138, 1.6817271554336937, 0.8876988250095631, 2.844019939080411, 2.304697333309713, 4.040199816696622, -0.15493115505806015, 0.04966432309842106, 0.3166863127528099, 0.730893869633324], [2.6191689206450652, -1.4994615057556915, 1.6611020141756871, 1.5407211503414755, 4.193119660250972, -1.2706765691203312, -5.269271783793441, 1.7322747324759395, -0.8539719519703771, -0.31928627243571156, 3.1515776421500075, 0.6032125881191767, -1.6775171011772485, -0.31938619864808276], [1.2291587633941663, 0.8478190138245825, 0.03349980961120769, -3.599649963143417, 0.21036952243344292, -0.5420211458107187, 0.7380553356160007, 4.527726376596816, -5.4573079898442005, -0.18979916200641533, -1.496337565407221, -1.9898684756624774, 0.6757439156100093, 1.718842369554559], [-0.4226886737101392, 1.8145168669252612, 2.2376626368233072, -3.9581137562113184, 0.8595497115066774, -4.949352278975698, -1.681512457624509, -6.163652785219827, -1.012736630148574, -0.23573689924991803, 2.551111912236181, -2.5370979307374943, 2.565213908494825, 1.8152784864661848], [0.26235306508433504, 2.0536451332458467, 2.0215108276350535, -3.3375244876176833, -0.23817831939060297, 3.552555793996818, -0.1847341057901175, 3.4895070406196425, 0.10350205554526994, -2.8033855734414246, 2.8981218932884314, -1.5617071330982468, 0.05861879697419603, 0.008099711436607315], [1.8769162741656433, -1.039065833549898, -0.6094164648413741, 0.6935659525230996, 0.8663951602893935, 2.1226556786413435, -3.0182155130861448, -2.172879974259092, 4.23289819658547, -4.473275027906793, 1.5316796189391608, 4.614546384576922, -5.733273876400179, -3.9487109462457326], [-2.431937451832191, 1.8244479759319598, 1.9825549730649743, -2.9435532172207846, 3.308874305090764, -3.006007878185367, 3.957942905754157, 3.1275006114634416, -0.11183322958128797, 3.168055027101579, -4.277960569813867, 0.37704145013957313, 0.37585602707174465, -0.9302277545082677], [-1.193856101931357, 0.6017877843710977, 1.88915888434653, -3.149324701850946, 0.1044978445365316, 2.5034007701896543, 1.836371016861065, 0.5258090272020042, 1.4053967846806108, -4.307107087218234, 6.133770122998068, -1.7655651668813035, 2.3160519943568065, 3.562194673328499], [-1.8385454540537416, 1.1592354129880191, 4.802729817236469, -1.762549059485336, 2.4169964446953713, 0.57961788137964, -0.3202462134816367, -0.6423651030927009, -1.5317642974119636, -0.5234995243738674, 0.48818702220580695, 3.7902157427731393, -4.2724037426065475, 0.6464579138336732], [0.18379713010949372, 1.5049692714718186, 0.626167833771879, 1.2295755039213865, -0.3989060692112555, -0.4897677578667242, 4.534057807866049, -0.6482621007193621, 0.726940649844707, -2.780998639081178, 3.942625561995703, -0.36666676560066014, -0.5505066763133295, 1.4327601976985007], [-4.085503564974488, 3.784212797896141, -1.5713260238179474, -2.292166027235915, -2.8538757388148444, -0.5643499288858282, 0.6305300986024872, 3.9101544234863077, 4.550619994054734, 2.4407363151469634, 3.873699103719071, -2.498415418371904, -2.9711970858806516, 0.5881891305912664], [0.7288905016604252, 1.3127024519441353, -1.3376741651430555, -2.06845165285192, -1.281409193299595, -1.0208633369194917, -2.4117810266152238, -1.6061553064665886, -1.3984999111471688, -0.7479291880399008, 2.043069511604189, 5.37925938774348, 1.2164053372486117, -0.7555643737919713], [1.105859871856213, 3.9430657075577504, -0.9847131538428945, -2.3563080038388025, 4.465931834419356, -4.611237396539781, 3.3433950793669625, -2.785267169058476, -1.3721347634086738, -3.6527520687490354, -0.3262391068241004, -2.3427744614579944, -1.2232339016637506, 3.218502549813485], [-1.8666047243750477, 7.048670218089164, 1.073377175606689, -2.7973247051795376, 0.07775408120414812, -0.019743165279219765, 0.33830043642573027, -2.6139543950691824, 0.7648717648121106, -0.7505456097085156, -2.471087920984282, 2.58365274976045, 5.176782519337977, -0.49262948365236364], [-3.8585829589995733, 2.936612795525968, 2.5420475416936794, 0.7679941636927493, -2.722326805181334, 1.4022844419835938, 0.06044980024877189, -0.3911112117776743, -1.9426167796318718, -0.38796461608076194, -2.759021901606456, 4.458922391189681, -2.537352547068882, -1.5241744625551408], [1.8441712508692243, -1.4623616879274361, -0.5104815732584949, -0.6734196524607678, 5.397331210466874, -1.2957491586942322, 1.678890241727313, 1.6740229287282162, 2.6519987591322614, 0.7490512743206887, -1.7220433676301299, 1.5162955707082286, 0.6741689505226658, 1.3571318326144222]], "bias": [[-2.064936888597516], [0.10895349103542218], [2.9913623056158647], [2.894862218410729], [0.7618059343185524], [-0.10023315792065124], [0.2006073578225146], [-2.2680064703942433], [-3.9240919081281707], [1.9467342271393446], [-7.968969281971579], [0.8239057563655445], [1.427251875349848], [-1.6856190051701314], [-2.2734170914050282], [1.0357846158457806], [-0.9674475548591487], [1.5580048476046877]]}, {"layer": "activation", "activation": "relu", "activation_prime": "relu"}, {"layer": "dense", "input_size": 18, "output_size": 4, "weights": [[-0.821356127535888, 0.41564370297736813, 0.8852179161248153, -2.247335622624288, -2.267736361509427, -0.3283070464577432, 1.399825437296216, -0.8705471102986052, -3.1452017437681787, -4.861028700707493, 3.1482265129188343, -0.2693708147693582, 1.7289474086127778, 0.3122823743284504, -2.3180365942856724, -1.8126634651264824, 1.069392619082529, -0.5870497751283548], [-2.339818504785802, -1.0786212216549935, -0.9406255405573601, -0.648587647010649, -4.349519077903821, -1.735813577890199, -0.6101047206056992, -1.0858781542532125, 1.1542521217656672, -1.62546546117114, 1.6950796396446686, 0.9040222918636005, -0.5606445792252338, 0.28658127197341116, -0.16238578220946903, 1.6772587677122304, 0.6500453581171108, 1.978392239725897], [-6.619676599373644, -0.9550908336002457, 0.329235545646907, 1.5297994622396671, 2.279677587638715, 0.3689287921559316, -0.860975545683445, 1.213857827648924, 1.064020146398834, -0.663145741195029, 0.42557231502347004, -6.039856289426265, -2.428440384820126, -0.1971785072589688, -0.20290110898573221, 1.7889998013213682, 2.667934903862803, -0.8767646181783777], [2.513511447599744, 1.8660037809067576, -1.4281822563204816, 0.6658311241226569, -2.73702859885723, -5.111436756432262, 2.2231173038440253, -2.8780076863296538, 0.9580489537762589, 1.58963436055839, -0.1531776966073135, 2.3606680231968755, -1.3690976714839695, -3.886759061289717, -4.173017113000085, -0.2323104487487232, -1.3352331128223884, -1.3920725268301755]], "bias": [[-1.8755988447486298], [-1.4028311434383123], [0.17729074101412168], [1.6210392414504113]]}, {"layer": "activation", "activation": "sigmoid", "activation_prime": "sigmoid"}]}