{"generation": 285, "board_size": 10, "snake_size": 3, "input_direction_count": 4, "apple_return_type": "distance", "segment_return_type": "distance", "network": [{"layer": "dense", "input_size": 14, "output_size": 18, "weights": [[-0.24549054782915858, 3.1248293994690473, 0.09724649939316793, 1.0140288559321184, 1.9740144402199873, 3.0934516966530503, 0.5671886824624399, -0.6442868800090917, -2.9240179922270455, 0.8174970960912175, -1.5737367062182996, -2.3377467067647912, 0.4281879930495715, 3.768020693684626], [-0.7109678965146189, -1.12260237648417, -1.9041759305918706, 3.139698186947483, -5.979806945339233, -1.7694128238798252, -0.6627667959456547, 0.9385754922063478, 1.2393498721468892, -0.4782857265538306, 5.515384906892993, 1.5547309519947499, 3.2162873266184353, -0.8353935466261124], [-0.07126719071444965, 3.02773829562521, 0.4267591296429206, -5.144591868730109, -2.478298990531138, 1.6817271554336937, 1.8468003045253787, 2.844019939080411, 2.304697333309713, 4.040199816696622, -0.15493115505806015, 0.04966432309842106, -0.8232059778738743, 0.3714371135734034], [1.8546735227408226, -2.829647895047964, 1.6611020141756871, 1.5407211503414755, 3.532982154087667, -1.2706765691203312, -4.710245772463622, 1.7322747324759395, -0.4144241851200386, 0.9893286169629396, 3.1515776421500075, 0.3463907003239405, -1.6775171011772485, -0.3708387088326893], [1.2291587633941663, 0.8478190138245825, 0.03349980961120769, -1.8147089148730273, 0.508452871718995, -1.0707244291753795, 0.9126982488911088, 4.527726376596816, -5.4573079898442005, 0.6798890616447645, -1.6925703406791532, -0.33512789669260534, 0.6757439156100093, 1.718842369554559], [0.8595266787524798, 1.8337786212103009, 2.2376626368233072, -3.9581137562113184, 2.0151963561443456, -4.949352278975698, -1.681512457624509, -4.8786872014284075, -1.5044582331111622, -0.23573689924991803, 3.195463940430546, -2.5370979307374943, 2.565213908494825, 1.8152784864661848], [0.26235306508433504, 2.0536451332458467, 2.0215108276350535, -3.3375244876176833, -0.23817831939060297, 3.552555793996818, -1.0096226633702123, 0.487573346347298, 0.10350205554526994, -1.6055379273314574, 3.354727306018278, -1.5617071330982468, 0.05861879697419603, 0.008099711436607315], [1.8152546109986192, -1.039065833549898, -0.059067339557823964, 0.7969866994924326, 0.08671333790682367, 1.5697914592190099, -3.0182155130861448, -2.172879974259092, 2.7789143845878828, -5.901858104930847, 2.8258812970047265, 2.389916413806518, -5.733273876400179, -3.3141582895414112], [-2.209788449514902, 3.0767000017955146, -0.8382159046195423, -3.9833895445045933, 3.308874305090764, -2.7797211452743964, 3.957942905754157, 3.156191054922671, -1.4347583044711936, 3.168055027101579, -4.460038893614904, 0.37704145013957313, 0.0862477272495768, -0.9302277545082677], [-0.7872336089086547, 0.20161034734399555, 0.5897877395026031, -3.149324701850946, 0.1044978445365316, 2.5034007701896543, 1.836371016861065, 0.5258090272020042, 1.4053967846806108, -5.470458453759888, 6.133770122998068, -3.2004350161951542, 2.3160519943568065, 3.562194673328499], [-1.8385454540537416, 1.1592354129880191, 3.925017074719248, -3.5853276146226296, 2.860085756675885, 0.57961788137964, -1.3186776188319203, -0.6423651030927009, -1.1568498284615016, -0.025101982493308583, -0.2616451966697953, 4.601628338267815, -4.2724037426065475, 0.6464579138336732], [0.18379713010949372, 1.5049692714718186, 1.0614812811098306, 0.5015942400972871, -1.4044805513416891, -0.4897677578667242, 5.56018936229184, 1.1453476126685387, 0.7889242960211602, -1.7372031136566188, 3.6401851188376546, -0.36666676560066014, -0.5505066763133295, 2.44353136036395], [-4.077560305586976, 4.343266066470129, -1.5713260238179474, -2.216934784574293, -1.920042987170725, -0.44128484331739476, 0.6305300986024872, 3.161846916053723, 4.550619994054734, 1.7195260083641564, 2.9201814824862335, -1.912142080763209, -2.9711970858806516, 0.7501635734040766], [1.1545130560357642, 3.372027761810341, -0.8007162674362353, -1.204784898526602, -1.2512377498669458, 1.577041023781742, -1.4733265540857534, 0.6643351517510314, 0.007899905577813948, -2.2730849401529563, 1.4004745039702617, 4.935920782673836, 2.357830726690349, -0.4501841084433822], [1.1096417759240838, 3.0819199351518365, -0.9847131538428945, -2.3563080038388025, 2.8673436935767964, -4.611237396539781, 3.0588197294635715, -3.5645427799453553, -1.3721347634086738, -3.359285050591784, -1.2506152624303752, -2.3427744614579944, -1.2232339016637506, 3.218502549813485], [-1.8666047243750477, 5.133245218731149, 1.603252180678355, -2.7973247051795376, -0.3706291641741839, -0.5852861772417948, 0.153934073354327, -0.8045233074280329, 0.7648717648121106, 0.5028145824013851, -4.2226154996782865, 2.58365274976045, 2.6785419330671894, -0.8673812716852913], [-3.8585829589995733, 1.2306003057555923, 2.2014161137296684, 1.6350510480013383, -3.1772090552579337, 1.4898838752814483, 0.06044980024877189, -0.3911112117776743, -0.4927624700226556, -1.176517152861247, -2.759021901606456, 4.616048510026113, 0.6388122924151092, -2.0342335187807947], [2.277846332063001, -0.9419630650744656, -0.5741151235166096, -0.6734196524607678, 5.760236774761466, -1.2957491586942322, 1.678890241727313, 1.8953134176699074, 2.6519987591322614, 0.42213586949628357, -1.1388793660932268, 0.5373348560352311, 0.23272125366548546, 1.3571318326144222]], "bias": [[-1.7526098148992553], [0.10895349103542218], [2.9913623056158647], [2.894862218410729], [0.7618059343185524], [-0.10023315792065124], [0.2006073578225146], [-2.6866785116562424], [-3.280064787218401], [2.4456010174410827], [-10.190300213852028], [0.8476881039050302], [1.427251875349848], [-1.6856190051701314], [-0.4029912977411651], [1.2039489033260355], [-0.6133037186320222], [1.5580048476046877]]}, {"layer": "activation", "activation": "relu", "activation_prime": "relu"}, {"layer": "dense", "input_size": 18, "output_size": 4, "weights": [[-0.25793594216953153, 0.41564370297736813, 0.6873337785333689, -1.0554097405667069, -2.267736361509427, -1.0860021750325803, 1.0921667083400652, -0.8705471102986052, -3.1452017437681787, -5.254240408323558, 2.37499836508136, 0.2084572141898796, 1.7289474086127778, 0.6909073443071874, -0.06210182552781318, -1.8126634651264824, 3.182657747236621, -0.5870497751283548], [-2.3932100798954656, -1.0786212216549935, -0.9406255405573601, -0.648587647010649, -6.0356777127562475, 0.4259229368147973, -1.554791398637908, -1.7518972773234833, 1.0121251443036243, -1.62546546117114, 1.6950796396446686, 0.4755442793547698, -0.2743748021356281, 0.28658127197341116, 0.25092941343320063, 1.6772587677122304, 1.6928624991207395, 1.978392239725897], [-7.645104671458267, -0.5232503857211512, 0.18644449260563112, 2.465661040957168, 1.0775221812492697, -1.3695477946109809, 1.8310641201347555, -0.04298186070117638, 1.1659343026570452, -1.0283083197012162, 0.6922824647497836, -4.739931574513334, -0.5242620231293338, -0.1971785072589688, -1.9624736696231515, 1.846693374574043, 3.150504727952944, -0.5341233919483287], [1.6886666352230753, 2.492106467819871, -1.9651166815208643, 0.9888500513838481, -2.73702859885723, -5.8079279019529215, 2.2231173038440253, -2.170249535033859, 0.7811235128658773, 1.58963436055839, -0.1531776966073135, 2.985945213489052, -1.3690976714839695, -3.466621811280921, -4.173017113000085, 0.8433074502936075, -1.099215277953246, -1.3920725268301755]], "bias": [[-1.8755988447486298], [0.02209451932304049], [0.568890965795888], [1.0788646242799689]]}, {"layer": "activation", "activation": "sigmoid", "activation_prime": "sigmoid"}]}